#pragma ipa file
#include "ov001/fld/FieldData.hpp"
#include "main/cmn/CommonEffectData.hpp"
#include "main/cmn/ExtraMapLink.hpp"
#include "main/dss/Camera.hpp"
#include "main/dss/UnkVramTransfer.hpp"
#include "main/fld/FldStage.hpp"
#include "main/global/Global.hpp"
#include "main/object/DSSAObject.hpp"
#include "main/script/sys/ScriptParam.hpp"
#include "main/status/StageStatus.hpp"
#include "nitro/g3.hpp"

// TextureObject files of the field maps (worldmap/gotmap, yamimap)
static const unsigned char s_texture_02138e34[0x15270] = {
    0x54, 0x65, 0x78, 0x74, 0x75, 0x72, 0x65, 0x4f, 0x62, 0x6a, 0x65, 0x63, 0x74, 0x00, 0x00, 0x00,
    0x00, 0x00, 0x01, 0x00, 0x00, 0x00, 0x00, 0x00, 0x00, 0x00, 0x00, 0x00, 0x00, 0x00, 0x00, 0x00,
    0x04, 0x00, 0x00, 0x00, 0x05, 0x00, 0x00, 0x00, 0x06, 0x00, 0x00, 0x00, 0x00, 0x00, 0x00, 0x00,
    0x00, 0x50, 0x01, 0x00, 0x70, 0x00, 0x00, 0x00, 0x00, 0x02, 0x00, 0x00, 0x70, 0x50, 0x01, 0x00,
    0x00, 0x00, 0x00, 0x00, 0x00, 0x00, 0x00, 0x00, 0x00, 0x00, 0x00, 0x00, 0x00, 0x00, 0x00, 0x00,
    0x00, 0x00, 0x00, 0x00, 0x00, 0x00, 0x00, 0x00, 0x00, 0x00, 0x00, 0x00, 0x00, 0x00, 0x00, 0x00,
    0x00, 0x00, 0x00, 0x00, 0x00, 0x00, 0x00, 0x00, 0x00, 0x00, 0x00, 0x00, 0x00, 0x00, 0x00, 0x00,
    0x0c, 0x11, 0x11, 0x11, 0x10, 0x07, 0x10, 0x10, 0x10, 0x07, 0x10, 0x10, 0x10, 0x07, 0x10, 0x07,
    0x10, 0x11, 0x11, 0x10, 0x10, 0x07, 0x10, 0x07, 0x10, 0x07, 0x10, 0x10, 0x10, 0x07, 0x10, 0x0b,
    0x10, 0x11, 0x11, 0x10, 0x10, 0x07, 0x10, 0x10, 0x10, 0x07, 0x10, 0x10, 0x10, 0x07, 0x10, 0x07,
    0x46, 0x6f, 0x6f, 0x6f, 0x76, 0x90, 0x90, 0x76, 0x6f, 0x3e, 0x58, 0x51, 0x4b, 0x4b, 0x4b, 0x6f,
    0x58, 0x4b, 0x5c, 0x4b, 0x6f, 0x6f, 0x5c, 0x65, 0x65, 0x5a, 0x5a, 0x5c, 0x6f, 0x90, 0x4b, 0x6f,
    0x6c, 0x5c, 0x5c, 0x4b, 0x6f, 0x5c, 0x69, 0x5c, 0x69, 0x82, 0x8b, 0x70, 0x6b, 0x65, 0x70, 0x67,
    0x42, 0x2c, 0x1d, 0x0a, 0x1d, 0x0c, 0x2e, 0x10, 0x07, 0x07, 0x07, 0x07, 0x10, 0x10, 0x10, 0x10,
    0x07, 0x07, 0x07, 0x07, 0x07, 0x10, 0x07, 0x0b, 0x0b, 0x0b, 0x12, 0x1e, 0x2e, 0x50, 0x69, 0x46,
    0x5a, 0x5c, 0x1d, 0x1d, 0x12, 0x07, 0x07, 0x0b, 0x07, 0x10, 0x10, 0x10, 0x10, 0x10, 0x10, 0x07,
    0x07, 0x07, 0x10, 0x10, 0x07, 0x10, 0x07, 0x07, 0x10, 0x11, 0x10, 0x10, 0x10, 0x10, 0x07, 0x07,
    0x10, 0x10, 0x07, 0x10, 0x10, 0x07, 0x10, 0x07, 0x0b, 0x0b, 0x12, 0x24, 0x49, 0x61, 0x61, 0x6f,
    0x10, 0x11, 0x11, 0x10, 0x10, 0x07, 0x10, 0x10, 0x10, 0x07, 0x10, 0x07, 0x10, 0x10, 0x07, 0x0b,
    0x10, 0x11, 0x11, 0x10, 0x10, 0x10, 0x10, 0x10, 0x10, 0x07, 0x10, 0x10, 0x10, 0x07, 0x07, 0x0b,
    0x10, 0x11, 0x11, 0x10, 0x10, 0x07, 0x10, 0x10, 0x10, 0x07, 0x10, 0x11, 0x1e, 0x2e, 0x4b, 0x6f,
    0x4b, 0x4b, 0x1d, 0x2e, 0x10, 0x07, 0x10, 0x10, 0x10, 0x07, 0x10, 0x07, 0x10, 0x10, 0x07, 0x0b,
    0x46, 0x6f, 0x6f, 0x6f, 0x76, 0x90, 0x90, 0x76, 0x6f, 0x3e, 0x58, 0x69, 0x4b, 0x51, 0x4b, 0x6f,
    0x10, 0x10, 0x10, 0x10, 0x10, 0x10, 0x10, 0x07, 0x07, 0x07, 0x07, 0x07, 0x10, 0x10, 0x07, 0x0b,
    0x10, 0x10, 0x10, 0x10, 0x10, 0x10, 0x10, 0x07, 0x10, 0x07, 0x07, 0x07, 0x10, 0x10, 0x07, 0x07,
    0x10, 0x10, 0x10, 0x10, 0x10, 0x10, 0x10, 0x07, 0x07, 0x07, 0x07, 0x07, 0x10, 0x10, 0x07, 0x0b,
    0x3e, 0x4b, 0x58, 0x50, 0x6b, 0x90, 0x82, 0x90, 0x2c, 0x61, 0x90, 0x50, 0x25, 0x2c, 0x50, 0x49,
    0x69, 0x51, 0x82, 0x82, 0x82, 0x69, 0x82, 0x5c, 0x58, 0x5c, 0x50, 0x69, 0x82, 0x50, 0x61, 0x61,
    0x4a, 0x82, 0x61, 0x5c, 0x5c, 0x50, 0x49, 0x49, 0x61, 0x50, 0x5c, 0x82, 0x5c, 0x65, 0x40, 0x67,
    0x58, 0x5c, 0x2c, 0x1d, 0x0c, 0x2e, 0x0c, 0x10, 0x07, 0x07, 0x07, 0x07, 0x10, 0x07, 0x10, 0x10,
    0x10, 0x07, 0x10, 0x07, 0x10, 0x07, 0x0b, 0x0b, 0x0b, 0x1e, 0x1e, 0x37, 0x61, 0x50, 0x5c, 0x3e,
    0x58, 0x5c, 0x1d, 0x1d, 0x0c, 0x07, 0x07, 0x07, 0x0b, 0x07, 0x10, 0x07, 0x10, 0x10, 0x10, 0x10,
    0x07, 0x10, 0x07, 0x10, 0x10, 0x10, 0x07, 0x10, 0x10, 0x10, 0x10, 0x07, 0x10, 0x10, 0x10, 0x07,
    0x07, 0x10, 0x10, 0x10, 0x07, 0x10, 0x0b, 0x0b, 0x0b, 0x0b, 0x12, 0x2e, 0x49, 0x37, 0x61, 0x6f,
    0x10, 0x10, 0x10, 0x10, 0x10, 0x10, 0x07, 0x07, 0x07, 0x07, 0x07, 0x07, 0x10, 0x07, 0x10, 0x07,
    0x10, 0x10, 0x11, 0x10, 0x10, 0x07, 0x10, 0x07, 0x07, 0x07, 0x07, 0x07, 0x10, 0x10, 0x10, 0x07,
    0x10, 0x10, 0x10, 0x10, 0x10, 0x10, 0x10, 0x07, 0x07, 0x07, 0x07, 0x11, 0x2e, 0x49, 0x49, 0x69,
    0x6f, 0x69, 0x4b, 0x0b, 0x07, 0x10, 0x10, 0x07, 0x07, 0x07, 0x07, 0x07, 0x10, 0x07, 0x10, 0x07,
    0x3e, 0x4b, 0x58, 0x50, 0x69, 0x90, 0x82, 0x90, 0x2c, 0x61, 0x90, 0x5c, 0x50, 0x50, 0x50, 0x49,
    0x11, 0x11, 0x10, 0x07, 0x07, 0x07, 0x07, 0x10, 0x07, 0x10, 0x07, 0x10, 0x10, 0x10, 0x10, 0x07,
    0x11, 0x11, 0x10, 0x07, 0x07, 0x07, 0x07, 0x10, 0x07, 0x07, 0x10, 0x07, 0x10, 0x10, 0x10, 0x10,
    0x11, 0x11, 0x10, 0x07, 0x07, 0x07, 0x07, 0x10, 0x07, 0x10, 0x07, 0x10, 0x10, 0x10, 0x10, 0x07,
    0x6f, 0x50, 0x5c, 0x90, 0x69, 0x46, 0x50, 0x5c, 0x50, 0x2c, 0x1d, 0x2c, 0x0a, 0x0c, 0x0b, 0x0c,
    0x61, 0x61, 0x2c, 0x61, 0x69, 0x69, 0x69, 0x69, 0x5c, 0x50, 0x49, 0x61, 0x50, 0x2c, 0x49, 0x49,
    0x49, 0x49, 0x37, 0x61, 0x82, 0x61, 0x61, 0x37, 0x49, 0x4a, 0x82, 0x5c, 0x4a, 0x50, 0x6f, 0x71,
    0x58, 0x50, 0x1d, 0x0a, 0x1d, 0x0c, 0x07, 0x07, 0x07, 0x10, 0x10, 0x07, 0x07, 0x07, 0x10, 0x07,
    0x10, 0x07, 0x07, 0x07, 0x07, 0x07, 0x07, 0x1e, 0x0b, 0x1e, 0x1e, 0x2e, 0x4a, 0x50, 0x5c, 0x4b,
    0x42, 0x3b, 0x2c, 0x0c, 0x0c, 0x07, 0x0b, 0x0b, 0x07, 0x0b, 0x07, 0x10, 0x10, 0x10, 0x10, 0x10,
    0x07, 0x07, 0x10, 0x10, 0x11, 0x10, 0x10, 0x11, 0x11, 0x11, 0x11, 0x10, 0x10, 0x10, 0x10, 0x10,
    0x10, 0x07, 0x07, 0x07, 0x10, 0x0b, 0x10, 0x1e, 0x1e, 0x1e, 0x0b, 0x1e, 0x2e, 0x37, 0x49, 0x4b,
    0x11, 0x11, 0x10, 0x07, 0x07, 0x07, 0x10, 0x10, 0x07, 0x10, 0x10, 0x10, 0x10, 0x10, 0x10, 0x07,
    0x11, 0x11, 0x10, 0x07, 0x10, 0x07, 0x07, 0x10, 0x07, 0x10, 0x07, 0x10, 0x10, 0x07, 0x10, 0x10,
    0x11, 0x11, 0x10, 0x07, 0x07, 0x07, 0x07, 0x10, 0x07, 0x10, 0x07, 0x0b, 0x1e, 0x2e, 0x1d, 0x5c,
    0x0c, 0x61, 0x2e, 0x0c, 0x11, 0x07, 0x07, 0x10, 0x07, 0x10, 0x10, 0x10, 0x10, 0x10, 0x10, 0x07,
    0x6f, 0x50, 0x5c, 0x90, 0x65, 0x4b, 0x50, 0x5c, 0x5c, 0x2c, 0x2c, 0x5c, 0x3e, 0x2e, 0x2c, 0x2c,
    0x11, 0x10, 0x10, 0x10, 0x07, 0x10, 0x07, 0x07, 0x07, 0x10, 0x10, 0x07, 0x10, 0x07, 0x10, 0x10,
    0x11, 0x10, 0x10, 0x10, 0x07, 0x10, 0x07, 0x07, 0x07, 0x10, 0x10, 0x10, 0x10, 0x07, 0x10, 0x10,
    0x11, 0x10, 0x10, 0x10, 0x07, 0x10, 0x07, 0x07, 0x07, 0x10, 0x10, 0x07, 0x10, 0x07, 0x10, 0x10,
    0x4b, 0x6f, 0x50, 0x5c, 0x50, 0x2c, 0x2c, 0x50, 0x2c, 0x2c, 0x1d, 0x0c, 0x0b, 0x0b, 0x0c, 0x0c,
    0x1e, 0x1d, 0x1d, 0x1d, 0x61, 0x61, 0x4a, 0x50, 0x4a, 0x61, 0x49, 0x49, 0x2c, 0x0a, 0x1e, 0x1e,
    0x1e, 0x2e, 0x49, 0x2e, 0x49, 0x61, 0x49, 0x2e, 0x37, 0x61, 0x61, 0x82, 0x2e, 0x61, 0x69, 0x7d,
    0x6f, 0x5c, 0x1d, 0x2e, 0x0c, 0x07, 0x0b, 0x07, 0x07, 0x07, 0x07, 0x10, 0x10, 0x10, 0x10, 0x10,
    0x10, 0x10, 0x10, 0x10, 0x07, 0x07, 0x0b, 0x0b, 0x1e, 0x37, 0x49, 0x4a, 0x50, 0x6b, 0x50, 0x4b,
    0x3e, 0x42, 0x50, 0x13, 0x07, 0x0b, 0x07, 0x0b, 0x07, 0x0b, 0x07, 0x10, 0x07, 0x10, 0x10, 0x10,
    0x07, 0x07, 0x10, 0x07, 0x10, 0x10, 0x10, 0x07, 0x10, 0x10, 0x11, 0x10, 0x10, 0x10, 0x11, 0x11,
    0x10, 0x10, 0x07, 0x10, 0x07, 0x10, 0x1d, 0x2e, 0x24, 0x2e, 0x1d, 0x0b, 0x1e, 0x49, 0x49, 0x5c,
    0x11, 0x10, 0x10, 0x10, 0x07, 0x07, 0x07, 0x07, 0x07, 0x10, 0x10, 0x07, 0x10, 0x07, 0x10, 0x10,
    0x11, 0x10, 0x11, 0x07, 0x07, 0x10, 0x07, 0x07, 0x07, 0x10, 0x10, 0x10, 0x07, 0x10, 0x10, 0x10,
    0x11, 0x10, 0x10, 0x10, 0x07, 0x10, 0x07, 0x07, 0x07, 0x10, 0x10, 0x10, 0x07, 0x0b, 0x2e, 0x2e,
    0x12, 0x2e, 0x0b, 0x07, 0x07, 0x07, 0x07, 0x07, 0x10, 0x07, 0x10, 0x07, 0x10, 0x07, 0x10, 0x10,
    0x4b, 0x6f, 0x50, 0x5c, 0x58, 0x5c, 0x2c, 0x50, 0x50, 0x5c, 0x50, 0x50, 0x2c, 0x2e, 0x2e, 0x0c,
    0x10, 0x10, 0x07, 0x07, 0x10, 0x07, 0x10, 0x10, 0x10, 0x10, 0x07, 0x07, 0x07, 0x10, 0x07, 0x10,
    0x10, 0x10, 0x07, 0x07, 0x10, 0x07, 0x10, 0x10, 0x10, 0x10, 0x07, 0x07, 0x07, 0x07, 0x10, 0x07,
    0x10, 0x10, 0x07, 0x07, 0x10, 0x07, 0x10, 0x10, 0x10, 0x10, 0x07, 0x07, 0x07, 0x10, 0x07, 0x10,
    0x69, 0x58, 0x5c, 0x50, 0x46, 0x1d, 0x1d, 0x2c, 0x1d, 0x1d, 0x1d, 0x0c, 0x0c, 0x07, 0x07, 0x0b,
    0x0b, 0x0b, 0x0c, 0x1d, 0x1d, 0x49, 0x49, 0x61, 0x61, 0x49, 0x49, 0x2c, 0x0c, 0x0b, 0x0b, 0x0b,
    0x0b, 0x1e, 0x2e, 0x1e, 0x2e, 0x49, 0x2e, 0x1e, 0x37, 0x37, 0x4a, 0x50, 0x50, 0x52, 0x65, 0x6f,
    0x3e, 0x42, 0x50, 0x0a, 0x0a, 0x0c, 0x0b, 0x0b, 0x0b, 0x07, 0x10, 0x07, 0x10, 0x07, 0x10, 0x10,
    0x10, 0x07, 0x10, 0x07, 0x07, 0x07, 0x11, 0x12, 0x2e, 0x61, 0x49, 0x61, 0x50, 0x69, 0x61, 0x4b,
    0x58, 0x50, 0x50, 0x50, 0x0c, 0x07, 0x0c, 0x0b, 0x0b, 0x0b, 0x07, 0x10, 0x10, 0x10, 0x07, 0x10,
    0x10, 0x10, 0x07, 0x10, 0x10, 0x07, 0x07, 0x10, 0x10, 0x10, 0x07, 0x10, 0x07, 0x10, 0x07, 0x10,
    0x10, 0x10, 0x07, 0x10, 0x07, 0x07, 0x07, 0x0b, 0x2e, 0x2e, 0x1d, 0x0b, 0x1e, 0x61, 0x82, 0x5c,
    0x10, 0x10, 0x07, 0x10, 0x07, 0x10, 0x10, 0x10, 0x10, 0x07, 0x07, 0x07, 0x07, 0x10, 0x07, 0x10,
    0x10, 0x10, 0x07, 0x10, 0x10, 0x07, 0x10, 0x10, 0x10, 0x07, 0x07, 0x07, 0x07, 0x10, 0x07, 0x10,
    0x10, 0x10, 0x07, 0x07, 0x10, 0x07, 0x10, 0x10, 0x10, 0x10, 0x07, 0x07, 0x07, 0x07, 0x10, 0x2e,
    0x10, 0x0b, 0x07, 0x10, 0x07, 0x10, 0x10, 0x10, 0x10, 0x10, 0x07, 0x07, 0x07, 0x10, 0x07, 0x10,
    0x69, 0x58, 0x5c, 0x3e, 0x5c, 0x50, 0x50, 0x0c, 0x2c, 0x2c, 0x2e, 0x0c, 0x0c, 0x0c, 0x2e, 0x0b,
    0x07, 0x10, 0x10, 0x10, 0x10, 0x10, 0x07, 0x10, 0x10, 0x11, 0x07, 0x07, 0x07, 0x10, 0x10, 0x10,
    0x07, 0x10, 0x10, 0x10, 0x10, 0x10, 0x07, 0x10, 0x10, 0x11, 0x07, 0x07, 0x07, 0x10, 0x10, 0x10,
    0x07, 0x10, 0x10, 0x10, 0x10, 0x10, 0x07, 0x10, 0x10, 0x11, 0x07, 0x07, 0x07, 0x10, 0x10, 0x10,
    0x4b, 0x5a, 0x5c, 0x2c, 0x25, 0x0c, 0x0c, 0x0c, 0x0c, 0x1d, 0x0c, 0x0c, 0x0c, 0x07, 0x07, 0x0b,
    0x07, 0x0b, 0x0b, 0x0c, 0x0c, 0x1d, 0x49, 0x1d, 0x49, 0x1d, 0x12, 0x12, 0x0b, 0x07, 0x0b, 0x07,
    0x07, 0x0b, 0x1e, 0x0b, 0x0b, 0x12, 0x1e, 0x2e, 0x49, 0x49, 0x61, 0x61, 0x82, 0x6b, 0x67, 0x67,
    0x67, 0x5c, 0x2c, 0x50, 0x1d, 0x1d, 0x0a, 0x0b, 0x07, 0x10, 0x10, 0x10, 0x07, 0x07, 0x07, 0x10,
    0x07, 0x10, 0x07, 0x10, 0x07, 0x10, 0x07, 0x12, 0x2e, 0x2e, 0x1e, 0x2e, 0x4a, 0x51, 0x61, 0x3e,
    0x5c, 0x4b, 0x50, 0x2c, 0x0c, 0x1d, 0x0c, 0x0b, 0x0b, 0x07, 0x07, 0x07, 0x07, 0x10, 0x10, 0x10,
    0x10, 0x07, 0x10, 0x07, 0x10, 0x10, 0x07, 0x07, 0x07, 0x10, 0x10, 0x10, 0x10, 0x10, 0x10, 0x10,
    0x10, 0x07, 0x10, 0x11, 0x10, 0x07, 0x07, 0x0b, 0x1d, 0x0b, 0x0b, 0x12, 0x37, 0x61, 0x46, 0x3e,
    0x07, 0x10, 0x10, 0x07, 0x10, 0x10, 0x07, 0x07, 0x10, 0x10, 0x10, 0x07, 0x07, 0x10, 0x10, 0x10,
    0x07, 0x10, 0x10, 0x07, 0x10, 0x10, 0x07, 0x07, 0x10, 0x10, 0x10, 0x07, 0x07, 0x10, 0x10, 0x10,
    0x07, 0x10, 0x10, 0x10, 0x10, 0x10, 0x07, 0x10, 0x10, 0x11, 0x07, 0x07, 0x07, 0x10, 0x10, 0x10,
    0x07, 0x10, 0x10, 0x10, 0x10, 0x10, 0x07, 0x10, 0x10, 0x11, 0x07, 0x07, 0x07, 0x10, 0x10, 0x10,
    0x4b, 0x5a, 0x5c, 0x50, 0x5c, 0x2c, 0x2c, 0x0c, 0x0c, 0x0c, 0x0c, 0x1d, 0x2e, 0x2e, 0x1d, 0x12,
    0x10, 0x07, 0x10, 0x07, 0x10, 0x07, 0x07, 0x07, 0x10, 0x10, 0x10, 0x10, 0x11, 0x10, 0x07, 0x07,
    0x10, 0x07, 0x10, 0x07, 0x10, 0x07, 0x07, 0x07, 0x10, 0x10, 0x10, 0x10, 0x11, 0x10, 0x07, 0x07,
    0x10, 0x07, 0x10, 0x07, 0x10, 0x07, 0x07, 0x07, 0x10, 0x10, 0x10, 0x10, 0x11, 0x10, 0x07, 0x07,
    0x67, 0x5c, 0x69, 0x50, 0x2c, 0x2c, 0x0c, 0x1d, 0x2e, 0x0c, 0x0b, 0x07, 0x10, 0x07, 0x07, 0x07,
    0x0b, 0x07, 0x07, 0x0b, 0x12, 0x12, 0x1e, 0x1d, 0x1e, 0x0b, 0x07, 0x07, 0x10, 0x10, 0x07, 0x10,
    0x07, 0x07, 0x0b, 0x0b, 0x0b, 0x07, 0x0b, 0x1e, 0x24, 0x49, 0x49, 0x61, 0x61, 0x5c, 0x7d, 0x5c,
    0x6f, 0x50, 0x2c, 0x2c, 0x1d, 0x0a, 0x0a, 0x0b, 0x11, 0x10, 0x07, 0x07, 0x07, 0x10, 0x10, 0x10,
    0x10, 0x07, 0x07, 0x10, 0x07, 0x10, 0x0b, 0x0b, 0x12, 0x12, 0x2e, 0x49, 0x61, 0x69, 0x61, 0x3e,
    0x42, 0x5c, 0x5c, 0x2c, 0x1b, 0x0c, 0x0c, 0x0b, 0x07, 0x07, 0x07, 0x07, 0x07, 0x07, 0x07, 0x07,
    0x07, 0x0b, 0x10, 0x10, 0x07, 0x10, 0x07, 0x07, 0x10, 0x10, 0x10, 0x10, 0x07, 0x10, 0x07, 0x07,
    0x07, 0x07, 0x07, 0x07, 0x10, 0x07, 0x07, 0x07, 0x0b, 0x0b, 0x0b, 0x1e, 0x49, 0x4a, 0x4b, 0x3e,
    0x10, 0x07, 0x10, 0x10, 0x10, 0x07, 0x07, 0x10, 0x10, 0x10, 0x10, 0x10, 0x10, 0x07, 0x07, 0x0b,
    0x10, 0x07, 0x10, 0x10, 0x07, 0x07, 0x07, 0x10, 0x10, 0x10, 0x10, 0x11, 0x10, 0x07, 0x07, 0x07,
    0x10, 0x07, 0x10, 0x07, 0x10, 0x07, 0x07, 0x07, 0x10, 0x10, 0x10, 0x10, 0x11, 0x10, 0x07, 0x07,
    0x10, 0x07, 0x10, 0x07, 0x10, 0x07, 0x07, 0x07, 0x10, 0x10, 0x10, 0x10, 0x11, 0x10, 0x07, 0x07,
    0x67, 0x5c, 0x69, 0x50, 0x50, 0x0c, 0x0c, 0x12, 0x1d, 0x0c, 0x0c, 0x0c, 0x2e, 0x12, 0x0c, 0x10,
    0x10, 0x10, 0x10, 0x10, 0x10, 0x10, 0x07, 0x10, 0x07, 0x10, 0x10, 0x07, 0x11, 0x07, 0x07, 0x07,
    0x10, 0x10, 0x10, 0x10, 0x10, 0x10, 0x07, 0x10, 0x07, 0x10, 0x10, 0x07, 0x11, 0x07, 0x07, 0x07,
    0x10, 0x10, 0x10, 0x10, 0x10, 0x10, 0x07, 0x10, 0x07, 0x10, 0x10, 0x07, 0x11, 0x07, 0x07, 0x07,
    0x58, 0x82, 0x50, 0x25, 0x2c, 0x1d, 0x0c, 0x0c, 0x0b, 0x07, 0x07, 0x07, 0x07, 0x07, 0x07, 0x10,
    0x10, 0x07, 0x07, 0x07, 0x07, 0x07, 0x07, 0x07, 0x07, 0x10, 0x10, 0x07, 0x07, 0x10, 0x10, 0x10,
    0x07, 0x1e, 0x2e, 0x0b, 0x0b, 0x0b, 0x0b, 0x1e, 0x24, 0x2e, 0x4a, 0x61, 0x82, 0x69, 0x69, 0x6f,
    0x52, 0x5c, 0x50, 0x2c, 0x2c, 0x1d, 0x0c, 0x0a, 0x11, 0x10, 0x07, 0x07, 0x10, 0x10, 0x07, 0x07,
    0x10, 0x11, 0x10, 0x10, 0x10, 0x07, 0x07, 0x0b, 0x12, 0x1e, 0x2e, 0x50, 0x69, 0x82, 0x5a, 0x58,
    0x42, 0x50, 0x2c, 0x2c, 0x1d, 0x2c, 0x07, 0x07, 0x0b, 0x07, 0x07, 0x07, 0x10, 0x07, 0x07, 0x07,
    0x07, 0x07, 0x07, 0x07, 0x0b, 0x07, 0x07, 0x07, 0x10, 0x07, 0x10, 0x07, 0x10, 0x0b, 0x07, 0x07,
    0x07, 0x07, 0x07, 0x0b, 0x07, 0x0b, 0x10, 0x0b, 0x0b, 0x0b, 0x0b, 0x2e, 0x2e, 0x50, 0x76, 0x4b,
    0x10, 0x10, 0x10, 0x10, 0x07, 0x10, 0x07, 0x07, 0x10, 0x07, 0x10, 0x07, 0x10, 0x10, 0x07, 0x07,
    0x10, 0x10, 0x10, 0x10, 0x10, 0x10, 0x07, 0x07, 0x10, 0x07, 0x10, 0x07, 0x10, 0x10, 0x07, 0x07,
    0x10, 0x10, 0x10, 0x10, 0x10, 0x10, 0x07, 0x10, 0x07, 0x10, 0x10, 0x07, 0x11, 0x07, 0x07, 0x07,
    0x10, 0x10, 0x10, 0x10, 0x10, 0x10, 0x07, 0x10, 0x07, 0x10, 0x10, 0x07, 0x11, 0x07, 0x07, 0x07,
    0x58, 0x82, 0x50, 0x2c, 0x0c, 0x0c, 0x12, 0x12, 0x1d, 0x1d, 0x0c, 0x0c, 0x12, 0x10, 0x2e, 0x10,
    0x07, 0x10, 0x10, 0x10, 0x07, 0x10, 0x07, 0x07, 0x10, 0x11, 0x10, 0x10, 0x10, 0x10, 0x10, 0x10,
    0x07, 0x10, 0x10, 0x10, 0x07, 0x10, 0x07, 0x07, 0x10, 0x11, 0x10, 0x10, 0x10, 0x10, 0x10, 0x10,
    0x07, 0x10, 0x10, 0x10, 0x07, 0x10, 0x07, 0x07, 0x10, 0x11, 0x10, 0x10, 0x10, 0x10, 0x10, 0x10,
    0x3e, 0x5c, 0x2c, 0x0a, 0x0a, 0x07, 0x07, 0x2e, 0x0b, 0x07, 0x10, 0x07, 0x07, 0x10, 0x07, 0x10,
    0x10, 0x10, 0x11, 0x10, 0x07, 0x07, 0x07, 0x10, 0x10, 0x10, 0x07, 0x10, 0x07, 0x10, 0x10, 0x07,
    0x0b, 0x1e, 0x1e, 0x0b, 0x07, 0x0b, 0x1e, 0x2e, 0x2e, 0x2e, 0x61, 0x82, 0x61, 0x4a, 0x5c, 0x6f,
    0x42, 0x5c, 0x2c, 0x1d, 0x1d, 0x0a, 0x1d, 0x0c, 0x11, 0x10, 0x10, 0x10, 0x10, 0x07, 0x07, 0x07,
    0x10, 0x10, 0x11, 0x10, 0x07, 0x07, 0x07, 0x0b, 0x1e, 0x2f, 0x61, 0x50, 0x8b, 0x67, 0x58, 0x4b,
    0x5a, 0x5c, 0x42, 0x2c, 0x1d, 0x13, 0x0c, 0x0b, 0x0b, 0x0b, 0x07, 0x0b, 0x07, 0x10, 0x07, 0x07,
    0x0b, 0x07, 0x0b, 0x07, 0x07, 0x07, 0x07, 0x07, 0x07, 0x0b, 0x07, 0x07, 0x0b, 0x07, 0x0b, 0x0b,
    0x07, 0x07, 0x07, 0x10, 0x0b, 0x0b, 0x0b, 0x1d, 0x1d, 0x0b, 0x12, 0x24, 0x1e, 0x49, 0x70, 0x6f,
    0x07, 0x10, 0x10, 0x10, 0x10, 0x07, 0x10, 0x07, 0x10, 0x10, 0x10, 0x10, 0x10, 0x10, 0x07, 0x10,
    0x07, 0x10, 0x10, 0x10, 0x07, 0x10, 0x10, 0x07, 0x10, 0x11, 0x10, 0x10, 0x10, 0x10, 0x10, 0x10,
    0x07, 0x10, 0x10, 0x10, 0x07, 0x10, 0x07, 0x07, 0x10, 0x11, 0x10, 0x10, 0x10, 0x10, 0x10, 0x10,
    0x07, 0x10, 0x10, 0x10, 0x07, 0x10, 0x07, 0x07, 0x10, 0x11, 0x10, 0x10, 0x10, 0x10, 0x10, 0x10,
    0x3e, 0x5c, 0x50, 0x2c, 0x50, 0x1d, 0x0c, 0x2e, 0x0b, 0x10, 0x12, 0x10, 0x12, 0x12, 0x11, 0x10,
    0x07, 0x10, 0x10, 0x10, 0x10, 0x07, 0x10, 0x10, 0x11, 0x10, 0x10, 0x10, 0x10, 0x10, 0x10, 0x07,
    0x07, 0x07, 0x10, 0x10, 0x10, 0x07, 0x10, 0x10, 0x11, 0x10, 0x10, 0x10, 0x10, 0x10, 0x10, 0x07,
    0x07, 0x07, 0x10, 0x10, 0x10, 0x07, 0x10, 0x10, 0x11, 0x10, 0x10, 0x10, 0x10, 0x10, 0x10, 0x07,
    0x67, 0x5c, 0x2c, 0x0a, 0x0a, 0x0c, 0x0b, 0x07, 0x07, 0x07, 0x10, 0x07, 0x10, 0x10, 0x07, 0x10,
    0x10, 0x11, 0x11, 0x11, 0x10, 0x07, 0x10, 0x10, 0x10, 0x10, 0x10, 0x07, 0x07, 0x07, 0x07, 0x10,
    0x07, 0x07, 0x10, 0x10, 0x0b, 0x0b, 0x1e, 0x1e, 0x0b, 0x12, 0x2e, 0x61, 0x49, 0x61, 0x50, 0x5c,
    0x42, 0x50, 0x1d, 0x1d, 0x1d, 0x1d, 0x0c, 0x07, 0x07, 0x07, 0x10, 0x10, 0x10, 0x10, 0x07, 0x07,
    0x10, 0x10, 0x10, 0x10, 0x10, 0x07, 0x0b, 0x0b, 0x1e, 0x2e, 0x61, 0x50, 0x65, 0x65, 0x5a, 0x4b,
    0x5c, 0x5a, 0x50, 0x50, 0x25, 0x13, 0x0a, 0x0b, 0x0b, 0x07, 0x0b, 0x07, 0x0b, 0x10, 0x07, 0x07,
    0x0b, 0x0b, 0x0b, 0x0b, 0x07, 0x07, 0x07, 0x0b, 0x07, 0x07, 0x0b, 0x0b, 0x0b, 0x0b, 0x07, 0x0b,
    0x0b, 0x0b, 0x0b, 0x0b, 0x1e, 0x0b, 0x1d, 0x2e, 0x2e, 0x0b, 0x2e, 0x49, 0x49, 0x60, 0x6b, 0x58,
    0x07, 0x07, 0x10, 0x10, 0x07, 0x10, 0x10, 0x11, 0x10, 0x10, 0x10, 0x10, 0x10, 0x10, 0x10, 0x07,
    0x07, 0x10, 0x07, 0x10, 0x10, 0x07, 0x10, 0x11, 0x11, 0x10, 0x10, 0x10, 0x10, 0x10, 0x10, 0x07,
    0x07, 0x07, 0x10, 0x10, 0x10, 0x07, 0x10, 0x10, 0x11, 0x10, 0x10, 0x10, 0x10, 0x10, 0x10, 0x07,
    0x07, 0x10, 0x10, 0x10, 0x10, 0x07, 0x10, 0x10, 0x11, 0x10, 0x10, 0x10, 0x10, 0x10, 0x10, 0x07,
    0x6b, 0x58, 0x4b, 0x50, 0x50, 0x50, 0x1d, 0x0c, 0x0b, 0x07, 0x07, 0x07, 0x10, 0x2e, 0x07, 0x10,
    0x10, 0x07, 0x10, 0x07, 0x07, 0x07, 0x10, 0x10, 0x10, 0x10, 0x07, 0x10, 0x10, 0x10, 0x07, 0x07,
    0x10, 0x07, 0x10, 0x10, 0x07, 0x07, 0x10, 0x10, 0x10, 0x10, 0x07, 0x10, 0x10, 0x10, 0x07, 0x07,
    0x10, 0x07, 0x10, 0x10, 0x07, 0x07, 0x10, 0x10, 0x10, 0x10, 0x07, 0x10, 0x10, 0x10, 0x07, 0x07,
    0x6f, 0x69, 0x50, 0x2c, 0x0c, 0x0a, 0x0c, 0x07, 0x0c, 0x0c, 0x07, 0x07, 0x10, 0x11, 0x11, 0x11,
    0x10, 0x10, 0x11, 0x11, 0x10, 0x11, 0x10, 0x11, 0x11, 0x11, 0x10, 0x10, 0x07, 0x07, 0x07, 0x10,
    0x07, 0x07, 0x11, 0x10, 0x07, 0x0b, 0x0b, 0x07, 0x0b, 0x12, 0x2e, 0x2e, 0x1e, 0x49, 0x4a, 0x50,
    0x5c, 0x2c, 0x2c, 0x2c, 0x1d, 0x0c, 0x0c, 0x07, 0x07, 0x07, 0x10, 0x07, 0x07, 0x07, 0x07, 0x07,
    0x10, 0x07, 0x10, 0x10, 0x07, 0x07, 0x11, 0x2e, 0x1d, 0x1e, 0x1e, 0x61, 0x82, 0x65, 0x5c, 0x4b,
    0xb0, 0x5c, 0x42, 0x2c, 0x1d, 0x1d, 0x07, 0x07, 0x07, 0x0b, 0x0b, 0x07, 0x0b, 0x07, 0x0b, 0x07,
    0x0b, 0x0b, 0x0b, 0x0b, 0x0b, 0x0b, 0x0b, 0x07, 0x0b, 0x0b, 0x07, 0x0b, 0x0b, 0x0b, 0x0b, 0x0b,
    0x0b, 0x07, 0x0b, 0x0b, 0x0b, 0x0b, 0x1d, 0x24, 0x49, 0x2e, 0x49, 0x61, 0x61, 0x69, 0x65, 0x4b,
    0x10, 0x10, 0x10, 0x10, 0x07, 0x07, 0x07, 0x11, 0x10, 0x10, 0x10, 0x10, 0x07, 0x10, 0x11, 0x07,
    0x10, 0x10, 0x10, 0x10, 0x07, 0x07, 0x07, 0x11, 0x10, 0x10, 0x10, 0x07, 0x10, 0x10, 0x07, 0x07,
    0x10, 0x07, 0x10, 0x10, 0x07, 0x07, 0x10, 0x10, 0x10, 0x10, 0x07, 0x10, 0x10, 0x10, 0x07, 0x07,
    0x10, 0x07, 0x10, 0x07, 0x07, 0x07, 0x10, 0x10, 0x10, 0x10, 0x07, 0x10, 0x10, 0x10, 0x07, 0x07,
    0x6f, 0x58, 0x50, 0x58, 0x5c, 0x50, 0x0c, 0x0c, 0x12, 0x0b, 0x07, 0x07, 0x10, 0x10, 0x11, 0x11,
    0x07, 0x10, 0x10, 0x10, 0x10, 0x10, 0x07, 0x10, 0x10, 0x07, 0x10, 0x11, 0x07, 0x10, 0x10, 0x10,
    0x07, 0x10, 0x10, 0x10, 0x07, 0x10, 0x07, 0x10, 0x10, 0x07, 0x10, 0x11, 0x07, 0x10, 0x10, 0x10,
    0x07, 0x10, 0x10, 0x10, 0x07, 0x10, 0x07, 0x10, 0x10, 0x07, 0x10, 0x11, 0x07, 0x10, 0x10, 0x10,
    0x4b, 0x50, 0x1d, 0x0a, 0x0c, 0x1d, 0x0b, 0x07, 0x0c, 0x1d, 0x0c, 0x11, 0x10, 0x10, 0x11, 0x11,
    0x10, 0x10, 0x10, 0x10, 0x10, 0x07, 0x10, 0x11, 0x11, 0x11, 0x11, 0x07, 0x10, 0x07, 0x10, 0x10,
    0x07, 0x07, 0x10, 0x07, 0x07, 0x10, 0x07, 0x0b, 0x07, 0x0b, 0x12, 0x12, 0x24, 0x49, 0x61, 0x4b,
    0x58, 0x4b, 0x50, 0x2c, 0x0a, 0x13, 0x07, 0x07, 0x07, 0x07, 0x10, 0x10, 0x07, 0x10, 0x07, 0x07,
    0x10, 0x10, 0x10, 0x11, 0x10, 0x10, 0x07, 0x07, 0x0b, 0x1e, 0x37, 0x61, 0x46, 0x76, 0x5c, 0x6f,
    0x4b, 0x5c, 0x50, 0x50, 0x2c, 0x0c, 0x07, 0x07, 0x07, 0x0b, 0x0b, 0x0b, 0x0b, 0x0b, 0x0b, 0x0b,
    0x1d, 0x1d, 0x1d, 0x0b, 0x0b, 0x0b, 0x0b, 0x0b, 0x0b, 0x0b, 0x0b, 0x0b, 0x1d, 0x1d, 0x0c, 0x0b,
    0x0b, 0x0b, 0x0b, 0x0b, 0x0b, 0x0b, 0x1d, 0x1d, 0x2e, 0x2c, 0x50, 0x82, 0x82, 0x5c, 0x67, 0x90,
    0x07, 0x10, 0x10, 0x07, 0x10, 0x07, 0x10, 0x07, 0x10, 0x10, 0x07, 0x07, 0x0b, 0x10, 0x10, 0x10,
    0x10, 0x10, 0x11, 0x07, 0x10, 0x07, 0x10, 0x07, 0x10, 0x07, 0x10, 0x11, 0x07, 0x10, 0x10, 0x10,
    0x07, 0x10, 0x10, 0x10, 0x07, 0x10, 0x07, 0x10, 0x10, 0x07, 0x10, 0x11, 0x07, 0x10, 0x10, 0x10,
    0x07, 0x10, 0x10, 0x10, 0x10, 0x10, 0x07, 0x10, 0x10, 0x07, 0x10, 0x11, 0x07, 0x10, 0x10, 0x10,
    0x4b, 0x4b, 0x5c, 0x4b, 0x5c, 0x50, 0x5c, 0x2c, 0x1d, 0x0c, 0x0c, 0x11, 0x10, 0x10, 0x11, 0x11,
    0x07, 0x07, 0x07, 0x10, 0x10, 0x07, 0x07, 0x07, 0x07, 0x10, 0x07, 0x07, 0x10, 0x07, 0x07, 0x10,
    0x07, 0x07, 0x07, 0x10, 0x10, 0x07, 0x07, 0x07, 0x07, 0x10, 0x07, 0x07, 0x10, 0x07, 0x07, 0x10,
    0x07, 0x07, 0x07, 0x10, 0x10, 0x07, 0x07, 0x07, 0x07, 0x10, 0x07, 0x07, 0x10, 0x07, 0x07, 0x10,
    0x5c, 0x2c, 0x1d, 0x0a, 0x1d, 0x0c, 0x2e, 0x10, 0x07, 0x07, 0x07, 0x07, 0x10, 0x10, 0x10, 0x10,
    0x11, 0x11, 0x11, 0x07, 0x07, 0x10, 0x10, 0x10, 0x11, 0x10, 0x07, 0x07, 0x07, 0x10, 0x10, 0x07,
    0x07, 0x07, 0x07, 0x07, 0x07, 0x10, 0x07, 0x0b, 0x0b, 0x0b, 0x12, 0x1e, 0x2e, 0x50, 0x69, 0x4b,
    0x5a, 0x5c, 0x50, 0x0a, 0x07, 0x0a, 0x07, 0x07, 0x0b, 0x10, 0x07, 0x10, 0x10, 0x11, 0x10, 0x10,
    0x10, 0x10, 0x10, 0x11, 0x11, 0x10, 0x07, 0x0b, 0x0b, 0x1e, 0x49, 0x61, 0x51, 0x9f, 0x51, 0xb0,
    0x6f, 0x58, 0x50, 0x5c, 0x2c, 0x2c, 0x0a, 0x2c, 0x2c, 0x1d, 0x1d, 0x0b, 0x2c, 0x0b, 0x2c, 0x2c,
    0x1d, 0x2c, 0x1d, 0x1d, 0x0b, 0x0b, 0x1d, 0x0b, 0x0b, 0x0b, 0x1d, 0x1d, 0x1d, 0x1d, 0x25, 0x0c,
    0x0b, 0x0b, 0x1d, 0x1d, 0x1d, 0x2c, 0x2c, 0x2c, 0x2c, 0x2c, 0x2e, 0x50, 0x82, 0x5c, 0x5c, 0x67,
    0x07, 0x07, 0x07, 0x10, 0x10, 0x07, 0x07, 0x07, 0x10, 0x07, 0x07, 0x07, 0x0b, 0x12, 0x1d, 0x1d,
    0x2c, 0x1d, 0x12, 0x07, 0x10, 0x07, 0x07, 0x07, 0x10, 0x07, 0x07, 0x07, 0x10, 0x07, 0x07, 0x10,
    0x07, 0x07, 0x07, 0x10, 0x10, 0x07, 0x07, 0x07, 0x07, 0x10, 0x07, 0x07, 0x10, 0x07, 0x07, 0x10,
    0x07, 0x07, 0x07, 0x10, 0x10, 0x07, 0x07, 0x07, 0x07, 0x10, 0x07, 0x07, 0x10, 0x07, 0x07, 0x10,
    0x5c, 0x50, 0x25, 0x2c, 0x50, 0x50, 0x2c, 0x1d, 0x0c, 0x0c, 0x12, 0x07, 0x10, 0x10, 0x10, 0x10,
    0x10, 0x07, 0x07, 0x07, 0x10, 0x10, 0x07, 0x07, 0x10, 0x07, 0x10, 0x07, 0x07, 0x07, 0x07, 0x10,
    0x10, 0x07, 0x07, 0x07, 0x10, 0x10, 0x07, 0x07, 0x10, 0x07, 0x10, 0x07, 0x07, 0x07, 0x07, 0x10,
    0x10, 0x07, 0x07, 0x07, 0x10, 0x10, 0x07, 0x07, 0x10, 0x07, 0x10, 0x07, 0x07, 0x07, 0x07, 0x10,
    0x58, 0x5c, 0x50, 0x1d, 0x0c, 0x2e, 0x0c, 0x10, 0x07, 0x07, 0x07, 0x10, 0x07, 0x07, 0x10, 0x10,
    0x10, 0x10, 0x10, 0x10, 0x10, 0x10, 0x11, 0x11, 0x10, 0x07, 0x07, 0x10, 0x07, 0x07, 0x07, 0x10,
    0x07, 0x10, 0x10, 0x10, 0x07, 0x07, 0x0b, 0x0b, 0x0b, 0x0b, 0x1e, 0x2e, 0x61, 0x50, 0x58, 0x6f,
    0x4b, 0x5c, 0x50, 0x1d, 0x0c, 0x07, 0x07, 0x0b, 0x07, 0x10, 0x07, 0x10, 0x10, 0x10, 0x07, 0x10,
    0x07, 0x10, 0x10, 0x10, 0x07, 0x10, 0x10, 0x0b, 0x12, 0x2e, 0x49, 0x49, 0x61, 0x82, 0x61, 0x6f,
    0x67, 0x52, 0x69, 0x2c, 0x5c, 0x0c, 0x1d, 0x0c, 0x1d, 0x2c, 0x5c, 0x1d, 0x1d, 0x2c, 0x5c, 0x2e,
    0x2c, 0x50, 0x2c, 0x2c, 0x1d, 0x1d, 0x1d, 0x2c, 0x1d, 0x1d, 0x1d, 0x2c, 0x2c, 0x2c, 0x5c, 0x2c,
    0x0a, 0x1d, 0x1d, 0x2c, 0x2c, 0x2e, 0x2e, 0x2e, 0x2c, 0x2e, 0x49, 0x50, 0x8b, 0x5c, 0x5c, 0x6f,
    0x10, 0x07, 0x07, 0x07, 0x10, 0x10, 0x07, 0x07, 0x07, 0x10, 0x07, 0x0b, 0x0b, 0x12, 0x2e, 0x2e,
    0x45, 0x2e, 0x0c, 0x12, 0x11, 0x10, 0x07, 0x07, 0x07, 0x10, 0x10, 0x07, 0x07, 0x07, 0x07, 0x10,
    0x10, 0x07, 0x07, 0x07, 0x10, 0x10, 0x07, 0x07, 0x10, 0x07, 0x10, 0x07, 0x07, 0x07, 0x07, 0x10,
    0x10, 0x07, 0x07, 0x07, 0x10, 0x10, 0x07, 0x07, 0x10, 0x07, 0x10, 0x07, 0x07, 0x07, 0x07, 0x10,
    0x4b, 0x2c, 0x0c, 0x1d, 0x2c, 0x1d, 0x1d, 0x0c, 0x1d, 0x12, 0x12, 0x0b, 0x07, 0x07, 0x10, 0x10,
    0x10, 0x10, 0x10, 0x10, 0x10, 0x10, 0x07, 0x10, 0x07, 0x10, 0x10, 0x07, 0x07, 0x10, 0x10, 0x10,
    0x10, 0x10, 0x10, 0x10, 0x10, 0x10, 0x07, 0x10, 0x07, 0x10, 0x10, 0x07, 0x07, 0x10, 0x10, 0x10,
    0x10, 0x10, 0x10, 0x10, 0x10, 0x10, 0x07, 0x10, 0x07, 0x10, 0x10, 0x07, 0x07, 0x10, 0x10, 0x10,
    0x42, 0x5c, 0x1d, 0x0a, 0x1d, 0x0c, 0x07, 0x07, 0x07, 0x07, 0x10, 0x07, 0x07, 0x10, 0x07, 0x10,
    0x07, 0x10, 0x07, 0x10, 0x10, 0x07, 0x10, 0x11, 0x10, 0x07, 0x10, 0x07, 0x07, 0x07, 0x10, 0x10,
    0x10, 0x07, 0x10, 0x07, 0x07, 0x07, 0x07, 0x1e, 0x0b, 0x0b, 0x1e, 0x2e, 0x61, 0x5c, 0x65, 0x4b,
    0x42, 0x50, 0x0a, 0x0c, 0x0c, 0x07, 0x07, 0x0b, 0x07, 0x0b, 0x10, 0x07, 0x10, 0x10, 0x10, 0x10,
    0x10, 0x07, 0x10, 0x07, 0x10, 0x10, 0x10, 0x11, 0x0b, 0x1e, 0x12, 0x1e, 0x2e, 0x37, 0x49, 0xa7,
    0x67, 0x5c, 0x69, 0x82, 0x82, 0x5c, 0x5c, 0x58, 0x2c, 0x50, 0x6b, 0x58, 0x2c, 0x58, 0x5c, 0x49,
    0x50, 0x58, 0x2d, 0x5a, 0x5c, 0x2c, 0x2c, 0x1d, 0x2c, 0x2c, 0x50, 0x50, 0x50, 0x6b, 0x58, 0x2d,
    0x2c, 0x5c, 0x49, 0x61, 0x5c, 0x2e, 0x1e, 0x49, 0x45, 0x2c, 0x2c, 0x50, 0x6b, 0x69, 0x5c, 0xa7,
    0x10, 0x10, 0x10, 0x10, 0x10, 0x10, 0x07, 0x10, 0x07, 0x10, 0x10, 0x0b, 0x12, 0x49, 0x2e, 0x69,
    0x5c, 0x2c, 0x2c, 0x0a, 0x11, 0x0b, 0x07, 0x10, 0x07, 0x10, 0x10, 0x07, 0x07, 0x10, 0x10, 0x10,
    0x10, 0x10, 0x10, 0x10, 0x10, 0x10, 0x07, 0x10, 0x07, 0x10, 0x10, 0x07, 0x07, 0x10, 0x10, 0x10,
    0x10, 0x10, 0x10, 0x10, 0x10, 0x10, 0x07, 0x10, 0x07, 0x10, 0x10, 0x07, 0x07, 0x10, 0x10, 0x10,
    0x4b, 0x50, 0x0c, 0x1d, 0x0c, 0x1d, 0x0c, 0x0b, 0x12, 0x0b, 0x10, 0x07, 0x07, 0x10, 0x07, 0x10,
    0x10, 0x10, 0x10, 0x10, 0x10, 0x10, 0x10, 0x10, 0x10, 0x10, 0x10, 0x10, 0x07, 0x07, 0x07, 0x10,
    0x10, 0x10, 0x10, 0x10, 0x10, 0x10, 0x10, 0x10, 0x10, 0x10, 0x10, 0x10, 0x07, 0x07, 0x07, 0x10,
    0x10, 0x10, 0x10, 0x10, 0x10, 0x10, 0x10, 0x10, 0x10, 0x10, 0x10, 0x10, 0x07, 0x07, 0x07, 0x10,
    0x4b, 0x1d, 0x24, 0x2e, 0x0c, 0x07, 0x07, 0x07, 0x07, 0x07, 0x10, 0x10, 0x11, 0x10, 0x10, 0x10,
    0x10, 0x10, 0x10, 0x10, 0x07, 0x10, 0x10, 0x10, 0x11, 0x11, 0x11, 0x10, 0x10, 0x07, 0x07, 0x10,
    0x10, 0x07, 0x10, 0x10, 0x10, 0x07, 0x07, 0x07, 0x0b, 0x0b, 0x0b, 0x2e, 0x49, 0x4a, 0x50, 0x6f,
    0x4b, 0x2d, 0x13, 0x13, 0x07, 0x07, 0x0b, 0x0b, 0x0b, 0x07, 0x10, 0x10, 0x10, 0x10, 0x10, 0x10,
    0x11, 0x10, 0x07, 0x07, 0x10, 0x10, 0x10, 0x11, 0x10, 0x0b, 0x1d, 0x0b, 0x1e, 0x49, 0x49, 0x6f,
    0x67, 0x4b, 0x5c, 0x67, 0x6f, 0x6f, 0xa7, 0x5c, 0x67, 0x67, 0x79, 0x90, 0x79, 0x79, 0x90, 0x79,
    0x6f, 0x6f, 0x6f, 0x6f, 0x67, 0x67, 0x5c, 0x5c, 0x5a, 0x4b, 0x6f, 0x4b, 0x90, 0x79, 0x5c, 0x58,
    0x3e, 0x4b, 0x5c, 0x67, 0x6f, 0x6f, 0xa7, 0x5c, 0x67, 0x67, 0x79, 0x90, 0x79, 0x79, 0x90, 0x79,
    0x10, 0x10, 0x10, 0x10, 0x10, 0x10, 0x10, 0x10, 0x10, 0x10, 0x10, 0x10, 0x0b, 0x2e, 0x69, 0x58,
    0x67, 0x5c, 0x0c, 0x1d, 0x12, 0x0b, 0x07, 0x10, 0x10, 0x10, 0x10, 0x10, 0x07, 0x07, 0x07, 0x10,
    0x10, 0x10, 0x10, 0x10, 0x10, 0x10, 0x10, 0x10, 0x10, 0x10, 0x10, 0x10, 0x07, 0x07, 0x07, 0x10,
    0x10, 0x10, 0x10, 0x10, 0x10, 0x10, 0x10, 0x10, 0x10, 0x10, 0x10, 0x10, 0x07, 0x07, 0x07, 0x10,
    0x4b, 0x1d, 0x0c, 0x2e, 0x0c, 0x07, 0x07, 0x1d, 0x07, 0x07, 0x10, 0x10, 0x11, 0x10, 0x10, 0x10,
    0x49, 0x6f, 0x1d, 0x61, 0x0c, 0x12, 0x12, 0x0b, 0x10, 0x10, 0x07, 0x07, 0x10, 0x10, 0x10, 0x10,
    0x58, 0x4b, 0x5c, 0x4b, 0x6f, 0x6f, 0x5c, 0x6b, 0x6b, 0x6f, 0x6b, 0x5c, 0x6b, 0x90, 0x4b, 0x6f,
    0x07, 0x07, 0x10, 0x10, 0x10, 0x07, 0x10, 0x10, 0x10, 0x10, 0x10, 0x07, 0x10, 0x10, 0x07, 0x07,
    0x42, 0x2c, 0x1d, 0x1e, 0x1d, 0x0c, 0x2e, 0x10, 0x07, 0x07, 0x07, 0x07, 0x10, 0x10, 0x10, 0x10,
    0x07, 0x07, 0x07, 0x07, 0x10, 0x12, 0x10, 0x11, 0x0b, 0x0b, 0x12, 0x1e, 0x2e, 0x4a, 0x69, 0x46,
    0x4f, 0x6e, 0x30, 0x0e, 0x0e, 0x0e, 0x0e, 0x30, 0x4f, 0x4f, 0x4f, 0x4f, 0x4f, 0x4f, 0x4f, 0x4f,
    0x29, 0x29, 0x29, 0x17, 0x03, 0x0f, 0x03, 0x0f, 0x0f, 0x6c, 0x52, 0x8b, 0x52, 0x5d, 0x8b, 0x4c,
    0x46, 0x29, 0x32, 0x29, 0x26, 0x29, 0x29, 0x26, 0x29, 0x29, 0x52, 0x52, 0x29, 0x4c, 0x8b, 0x52,
    0x29, 0x29, 0x0f, 0x03, 0x21, 0x29, 0x0f, 0x03, 0x21, 0x8b, 0x52, 0x29, 0x8b, 0xd0, 0xd0, 0x90,
    0xd0, 0x29, 0x0f, 0x29, 0x29, 0x03, 0x03, 0x52, 0x52, 0x29, 0x0f, 0x0f, 0x29, 0x29, 0x29, 0x52,
    0x3e, 0x67, 0x76, 0x79, 0x6f, 0x90, 0x90, 0x79, 0x67, 0x65, 0x58, 0x52, 0x4b, 0x4b, 0x5a, 0x67,
    0x58, 0x4b, 0x5c, 0x46, 0x3e, 0x4b, 0x5c, 0x6b, 0x5c, 0x5a, 0x65, 0x67, 0x76, 0x90, 0x4b, 0x67,
    0x3e, 0x67, 0x76, 0x79, 0x6f, 0x90, 0x90, 0x79, 0x67, 0x65, 0x5a, 0x52, 0x4b, 0x52, 0x58, 0x67,
    0x58, 0x4b, 0x5c, 0x46, 0x3e, 0x4b, 0x5c, 0x6b, 0x5c, 0x5a, 0x65, 0x67, 0x76, 0x90, 0x4b, 0x67,
    0x5a, 0x4b, 0x65, 0x67, 0x5c, 0x21, 0x05, 0x09, 0x21, 0x52, 0x52, 0x21, 0x8b, 0xd0, 0x52, 0x8b,
    0x21, 0x09, 0x21, 0x21, 0x01, 0x05, 0x17, 0x0f, 0x17, 0x09, 0x09, 0x17, 0x21, 0xa7, 0xa7, 0x3e,
    0x3e, 0xa9, 0x61, 0x49, 0x49, 0x2c, 0x12, 0x12, 0x13, 0x07, 0x07, 0x07, 0x07, 0x10, 0x10, 0x10,
    0x69, 0x6f, 0x82, 0x82, 0x82, 0x69, 0x82, 0x69, 0x5a, 0x65, 0x69, 0x6b, 0x82, 0x50, 0x61, 0x61,
    0x07, 0x07, 0x10, 0x10, 0x10, 0x07, 0x07, 0x07, 0x07, 0x10, 0x0b, 0x10, 0x0b, 0x10, 0x10, 0x07,
    0x5a, 0x5c, 0x49, 0x1d, 0x24, 0x1e, 0x0c, 0x10, 0x07, 0x07, 0x07, 0x07, 0x10, 0x07, 0x10, 0x10,
    0x07, 0x10, 0x07, 0x10, 0x12, 0x10, 0x10, 0x1e, 0x0b, 0x1e, 0x1e, 0x2e, 0x50, 0x49, 0x5c, 0x3e,
    0x4f, 0x6e, 0x4f, 0x0e, 0x4f, 0x0e, 0x30, 0x0e, 0x30, 0x0e, 0x4f, 0x30, 0x30, 0x0e, 0x0e, 0x4f,
    0x32, 0x32, 0x0f, 0x21, 0x17, 0x03, 0x03, 0x03, 0x0f, 0xd0, 0x8b, 0xd0, 0x29, 0x52, 0x52, 0x21,
    0x52, 0x52, 0x52, 0x0f, 0x29, 0x29, 0x38, 0x21, 0x0f, 0x0f, 0x29, 0x32, 0x29, 0x5d, 0x6c, 0x52,
    0x58, 0xd2, 0x29, 0x0f, 0x9f, 0x03, 0x03, 0x05, 0x17, 0x52, 0x8b, 0x52, 0x52, 0xd0, 0x8b, 0x4c,
    0x8b, 0x29, 0x0f, 0x03, 0x0f, 0x01, 0x03, 0x05, 0x05, 0x09, 0x29, 0x0f, 0x29, 0x29, 0x52, 0x32,
    0x3e, 0xa9, 0x6f, 0x6f, 0xb0, 0x6f, 0x90, 0x6f, 0x5c, 0x5a, 0x52, 0x4b, 0x46, 0x46, 0x58, 0x67,
    0x58, 0x3e, 0x46, 0x3e, 0x4b, 0xa7, 0xa7, 0x5c, 0x4b, 0x58, 0x6f, 0x67, 0x6f, 0x6f, 0x79, 0x6f,
    0x3e, 0xa9, 0x6f, 0x6f, 0xb0, 0x6f, 0x90, 0x6f, 0x67, 0x5c, 0x52, 0x4b, 0x46, 0x46, 0x52, 0x67,
    0x58, 0x3e, 0x46, 0x3e, 0x4b, 0xa7, 0xa7, 0x5c, 0x4b, 0x52, 0x6f, 0x67, 0x6f, 0x6f, 0x79, 0x6f,
    0x5a, 0x65, 0x67, 0x6f, 0x5c, 0x09, 0x01, 0x01, 0x0f, 0x52, 0x8b, 0x52, 0x52, 0xd0, 0x8b, 0x4c,
    0x4b, 0x09, 0x01, 0x09, 0x01, 0x05, 0x09, 0x09, 0x0f, 0x21, 0x0f, 0x21, 0x1a, 0x38, 0xa7, 0x3e,
    0x6f, 0xa9, 0x50, 0x61, 0x2c, 0x2c, 0x1d, 0x0a, 0x0b, 0x07, 0x07, 0x07, 0x10, 0x10, 0x07, 0x10,
    0x61, 0x49, 0x5c, 0x6b, 0x69, 0x6b, 0x65, 0x65, 0x5c, 0x6b, 0x5c, 0x5a, 0x5c, 0x5c, 0x82, 0x61,
    0x07, 0x07, 0x07, 0x10, 0x10, 0x10, 0x10, 0x10, 0x10, 0x11, 0x12, 0x12, 0x12, 0x11, 0x10, 0x10,
    0x4b, 0x5c, 0x49, 0x37, 0x1e, 0x1d, 0x0b, 0x0b, 0x0b, 0x07, 0x10, 0x07, 0x07, 0x07, 0x10, 0x07,
    0x10, 0x10, 0x07, 0x12, 0x49, 0x49, 0x1e, 0x1e, 0x0b, 0x1e, 0x1e, 0x2e, 0x49, 0x61, 0x5c, 0x4b,
    0x6e, 0x6e, 0x6e, 0x6e, 0x6e, 0x0e, 0x0e, 0x0e, 0x0e, 0x0e, 0x0e, 0x0e, 0x4f, 0x4f, 0x18, 0x18,
    0x29, 0x52, 0x6c, 0x29, 0x29, 0x03, 0x03, 0x52, 0x8b, 0x8b, 0xd0, 0x52, 0x6c, 0x29, 0x0f, 0x0f,
    0x21, 0x52, 0x29, 0x29, 0x58, 0x9f, 0x29, 0x0f, 0x52, 0x0f, 0x0f, 0x52, 0x52, 0x8b, 0x52, 0x52,
    0xbd, 0xd2, 0x58, 0x9f, 0xd2, 0x4b, 0x03, 0x03, 0x03, 0x29, 0x8b, 0x52, 0x29, 0x52, 0x52, 0x29,
    0x4b, 0x03, 0x0f, 0x8b, 0x0f, 0x0f, 0x29, 0x03, 0x03, 0x03, 0x0f, 0x29, 0x29, 0x0f, 0x29, 0x29,
    0x6f, 0xa9, 0x6f, 0x6f, 0xa9, 0x6f, 0x65, 0x52, 0x6f, 0x4b, 0x46, 0x46, 0x4b, 0x3e, 0x46, 0x6f,
    0x4b, 0x4b, 0x5a, 0x5a, 0x5a, 0x4b, 0xa7, 0x3e, 0x58, 0x46, 0x4b, 0x6f, 0x6f, 0x79, 0x6f, 0xa9,
    0x6f, 0xa9, 0x6f, 0x6f, 0xa9, 0x6f, 0x76, 0x67, 0x6f, 0x5a, 0x4b, 0x46, 0x4b, 0x32, 0x46, 0x6f,
    0x4b, 0x4b, 0x5a, 0x5c, 0x5c, 0x4b, 0xa7, 0x3e, 0x46, 0x3e, 0x58, 0x6f, 0x6f, 0x79, 0x6f, 0xa9,
    0x4b, 0x6f, 0x6f, 0x4b, 0x4b, 0x4b, 0x03, 0x05, 0x01, 0x21, 0x8b, 0x52, 0x21, 0x52, 0x52, 0x21,
    0x09, 0x09, 0x8b, 0x09, 0x05, 0x0f, 0x09, 0x0f, 0x0f, 0x17, 0x35, 0x1a, 0x4b, 0x40, 0x46, 0x46,
    0x6f, 0x6f, 0x4a, 0x49, 0x2c, 0x2e, 0x12, 0x12, 0x11, 0x07, 0x07, 0x0b, 0x07, 0x07, 0x10, 0x10,
    0x1e, 0x61, 0x82, 0x5c, 0x58, 0x6f, 0x6b, 0x6b, 0x6b, 0x82, 0x82, 0x5c, 0x50, 0x4a, 0x82, 0x5c,
    0x07, 0x07, 0x10, 0x11, 0x10, 0x07, 0x0b, 0x07, 0x0b, 0x0b, 0x12, 0x49, 0x12, 0x0b, 0x11, 0x10,
    0x6f, 0x5c, 0x61, 0x4a, 0x49, 0x0a, 0x0a, 0x0b, 0x0a, 0x10, 0x10, 0x10, 0x10, 0x10, 0x10, 0x10,
    0x11, 0x1e, 0x1e, 0x50, 0x4a, 0x61, 0x12, 0x0b, 0x1e, 0x37, 0x49, 0x61, 0x49, 0x5c, 0x50, 0x4b,
    0x4f, 0x0e, 0x4f, 0x0e, 0x18, 0x0e, 0x6e, 0x0e, 0x18, 0x0e, 0x0e, 0x4f, 0x6e, 0x4f, 0x18, 0x18,
    0x8b, 0x8b, 0x52, 0x8b, 0x29, 0x52, 0x29, 0x5d, 0xd0, 0xd0, 0x29, 0x29, 0x90, 0x8b, 0x03, 0x0f,
    0x0f, 0x0f, 0x38, 0xd2, 0x9f, 0xd2, 0x58, 0xd2, 0x9f, 0x58, 0x38, 0x29, 0x8b, 0x5d, 0x52, 0x52,
    0xd2, 0x9f, 0xd2, 0xd2, 0x58, 0x58, 0x0f, 0x03, 0x9f, 0x52, 0x29, 0x29, 0x4c, 0x29, 0x21, 0x17,
    0x29, 0x03, 0x52, 0x29, 0x09, 0x03, 0x0f, 0x01, 0x03, 0x03, 0x03, 0x05, 0x0f, 0x29, 0x58, 0x9f,
    0x79, 0x79, 0x83, 0xb0, 0x6f, 0xa7, 0x5a, 0x32, 0x21, 0x4b, 0x4b, 0x38, 0x3e, 0x38, 0x3e, 0x38,
    0xa7, 0x58, 0x5c, 0x6f, 0x5a, 0x52, 0x46, 0xd2, 0x3e, 0x38, 0x38, 0x6f, 0x4b, 0xa9, 0x6f, 0xa9,
    0x21, 0x6f, 0x90, 0xb0, 0x6f, 0xa7, 0x6f, 0x5c, 0x5c, 0x52, 0x46, 0x3e, 0x3e, 0x21, 0x46, 0x3e,
    0xa7, 0x4b, 0x5c, 0x6f, 0x5c, 0x5c, 0x46, 0x38, 0x5c, 0x5c, 0x3e, 0x6f, 0x4b, 0xa9, 0x6f, 0xa9,
    0x38, 0x4b, 0x46, 0x3e, 0x3e, 0x21, 0x0f, 0x03, 0x9f, 0x52, 0x21, 0x21, 0x4c, 0x21, 0x21, 0x58,
    0x52, 0x52, 0x21, 0x09, 0x01, 0x03, 0x09, 0x17, 0x09, 0x09, 0x1a, 0x1a, 0x4b, 0x32, 0x46, 0x4b,
    0x79, 0x6b, 0x61, 0x49, 0x49, 0x2c, 0x2c, 0x2c, 0x12, 0x0b, 0x0b, 0x07, 0x0b, 0x10, 0x10, 0x10,
    0x0b, 0x61, 0x82, 0x49, 0x4b, 0x58, 0x6b, 0x5c, 0x82, 0x6b, 0x5c, 0x61, 0x61, 0x2e, 0x61, 0x0b,
    0x07, 0x10, 0x07, 0x0b, 0x10, 0x12, 0x10, 0x10, 0x0b, 0x12, 0x61, 0x49, 0x49, 0x12, 0x12, 0x11,
    0x3e, 0x46, 0x82, 0x5c, 0x2c, 0x25, 0x0a, 0x1d, 0x0b, 0x11, 0x0b, 0x0b, 0x07, 0x10, 0x10, 0x10,
    0x0b, 0x10, 0x49, 0x50, 0x61, 0x2e, 0x1e, 0x12, 0x24, 0x49, 0x4a, 0x50, 0x61, 0x60, 0x61, 0x4b,
    0x30, 0x18, 0x0e, 0x0e, 0x0e, 0x18, 0x18, 0x18, 0x18, 0x0e, 0x0e, 0x6e, 0x0e, 0x6e, 0x0e, 0x0e,
    0x8b, 0x6c, 0x8b, 0x52, 0x5d, 0x52, 0x29, 0x29, 0x52, 0x26, 0x21, 0x29, 0xd0, 0xd0, 0x52, 0x03,
    0x03, 0x0f, 0x0f, 0x0f, 0xd2, 0x9f, 0x9f, 0xd2, 0x58, 0x46, 0x0f, 0x29, 0x52, 0x52, 0x29, 0x26,
    0x58, 0x9f, 0x9f, 0x58, 0x46, 0x46, 0x29, 0x58, 0x58, 0x29, 0x0f, 0x21, 0x8b, 0x8b, 0x0f, 0x0f,
    0x0f, 0x29, 0x0f, 0x0f, 0x03, 0x05, 0x0f, 0x01, 0x01, 0x03, 0x01, 0x03, 0x0f, 0x29, 0xd2, 0xd2,
    0x79, 0x6f, 0x90, 0x67, 0x52, 0x9f, 0x38, 0x17, 0x09, 0x21, 0x38, 0x29, 0x21, 0x17, 0x52, 0x01,
    0x58, 0x29, 0x21, 0x46, 0x52, 0x5c, 0x6b, 0x09, 0x17, 0x17, 0x09, 0x6f, 0x3e, 0x6f, 0x6f, 0x6f,
    0x8b, 0x21, 0x8b, 0x5d, 0x52, 0xa7, 0xa7, 0x6f, 0x5a, 0x5c, 0x4b, 0x46, 0x0f, 0x17, 0x0f, 0x5c,
    0x38, 0x52, 0x38, 0x38, 0x21, 0x09, 0x05, 0x05, 0x05, 0x38, 0x6f, 0x6f, 0x3e, 0x65, 0x67, 0x6f,
    0x32, 0x38, 0x4b, 0x4b, 0x29, 0x0f, 0x52, 0x38, 0x32, 0x21, 0x09, 0x21, 0x8b, 0x8b, 0x58, 0x21,
    0x21, 0x09, 0x09, 0x21, 0x01, 0x03, 0x05, 0x21, 0x38, 0x1a, 0x1a, 0x28, 0x35, 0x4b, 0x40, 0x4b,
    0x6f, 0xa9, 0x50, 0x50, 0x49, 0x2e, 0x2e, 0x2e, 0x2c, 0x0a, 0x0b, 0x0b, 0x0b, 0x10, 0x2e, 0x11,
    0x0b, 0x2e, 0x61, 0x61, 0x4b, 0x82, 0x6b, 0x5c, 0x67, 0x6f, 0x5c, 0x4a, 0x2e, 0x2e, 0x0b, 0x0b,
    0x10, 0x10, 0x10, 0x12, 0x12, 0x12, 0x0b, 0x12, 0x0b, 0x12, 0x49, 0x61, 0x2c, 0x0c, 0x0b, 0x07,
    0x67, 0x5c, 0x82, 0x5c, 0x50, 0x2c, 0x2c, 0x1d, 0x1e, 0x0a, 0x1e, 0x0b, 0x11, 0x07, 0x07, 0x10,
    0x10, 0x1e, 0x2e, 0x49, 0x50, 0x49, 0x0b, 0x12, 0x2e, 0x49, 0x65, 0x49, 0x5c, 0x5c, 0x61, 0x3e,
    0x18, 0x0e, 0x0e, 0x0e, 0x0e, 0x18, 0x18, 0x18, 0x18, 0x18, 0x6e, 0x0e, 0x4f, 0x0e, 0x18, 0x18,
    0x52, 0x21, 0x26, 0x52, 0x8b, 0x4c, 0x52, 0x52, 0x29, 0x0f, 0x0f, 0x52, 0x52, 0x52, 0x29, 0x0f,
    0x58, 0x9f, 0x0f, 0x6b, 0x9f, 0xd2, 0xd2, 0x58, 0x9f, 0x58, 0x46, 0x0f, 0x03, 0x0f, 0x0f, 0x29,
    0x9f, 0x58, 0x58, 0xd2, 0x9f, 0xd2, 0x58, 0xd2, 0x9f, 0x58, 0x03, 0x03, 0x52, 0x29, 0x0f, 0x03,
    0x05, 0x0f, 0x03, 0x17, 0x03, 0x03, 0x03, 0x01, 0x01, 0x03, 0x58, 0x29, 0x9f, 0xd2, 0xd2, 0x9f,
    0x79, 0xa9, 0x79, 0x6f, 0x21, 0x09, 0x52, 0x09, 0x4c, 0x17, 0x0f, 0x21, 0x17, 0x17, 0x52, 0x09,
    0x5c, 0x0f, 0x09, 0x0f, 0x4c, 0x21, 0x09, 0x09, 0x0f, 0x21, 0x21, 0x21, 0x03, 0x09, 0x09, 0x6f,
    0x21, 0x0f, 0x21, 0x4c, 0x8b, 0x52, 0xb0, 0x6f, 0x38, 0x52, 0x0f, 0x0f, 0x17, 0x21, 0x21, 0x0f,
    0x17, 0x03, 0x03, 0x03, 0x03, 0x0f, 0x03, 0x09, 0x0f, 0x05, 0x52, 0x46, 0x6f, 0x6f, 0x67, 0x65,
    0x29, 0x29, 0x40, 0x38, 0x0f, 0x58, 0x52, 0x8b, 0x3e, 0x52, 0x01, 0x01, 0x52, 0x21, 0x09, 0x58,
    0x4c, 0x01, 0x09, 0x01, 0x01, 0x03, 0x17, 0x21, 0x05, 0x05, 0x35, 0x28, 0x1a, 0x1a, 0x29, 0x38,
    0x67, 0x67, 0x5c, 0x82, 0x50, 0x61, 0x61, 0x2e, 0x12, 0x12, 0x07, 0x0c, 0x0c, 0x2e, 0x1e, 0x10,
    0x0b, 0x0b, 0x2e, 0x82, 0x5c, 0x4b, 0x6f, 0x5c, 0x5c, 0x5c, 0x61, 0x50, 0x61, 0x1d, 0x1d, 0x10,
    0x07, 0x07, 0x10, 0x2c, 0x12, 0x49, 0x61, 0x12, 0x12, 0x12, 0x61, 0x2c, 0x2c, 0x0b, 0x07, 0x0b,
    0x6f, 0x50, 0x5c, 0x61, 0x61, 0x50, 0x50, 0x49, 0x2c, 0x1e, 0x1d, 0x0b, 0x10, 0x07, 0x10, 0x10,
    0x0b, 0x1e, 0x12, 0x2e, 0x2e, 0x1e, 0x0b, 0x10, 0x49, 0x4a, 0x61, 0x61, 0x61, 0x69, 0x61, 0x3e,
    0x18, 0x0e, 0x4f, 0x30, 0x30, 0x0e, 0x0e, 0x18, 0x18, 0x30, 0x0e, 0x0e, 0x4f, 0x0e, 0x18, 0x0e,
    0x29, 0x0f, 0x0f, 0x32, 0x52, 0x29, 0x21, 0x52, 0x29, 0x0f, 0x0f, 0x52, 0x0f, 0x0f, 0x0f, 0xd2,
    0xd2, 0x9f, 0x58, 0x9f, 0x58, 0xd2, 0x58, 0x46, 0x58, 0x29, 0x46, 0x58, 0x03, 0x03, 0x09, 0x0f,
    0x6b, 0x58, 0xd2, 0xbd, 0xd2, 0xa7, 0x58, 0x46, 0x58, 0x58, 0x9f, 0x01, 0x03, 0x0f, 0x0f, 0x0f,
    0x03, 0x0f, 0x0f, 0x4c, 0x29, 0x6c, 0x4c, 0x0f, 0x03, 0x03, 0x0f, 0x58, 0xd2, 0xd2, 0x9f, 0xd2,
    0x67, 0x70, 0x8b, 0x29, 0x29, 0x29, 0x52, 0x90, 0x8b, 0x90, 0x4c, 0x17, 0x17, 0xd2, 0x09, 0x8b,
    0x21, 0x0f, 0x21, 0x58, 0x0f, 0x21, 0x09, 0x29, 0x58, 0x9f, 0x58, 0x21, 0x21, 0x09, 0x0f, 0x09,
    0x09, 0x09, 0x09, 0x21, 0x21, 0x32, 0x6f, 0x29, 0x65, 0x05, 0x21, 0x4c, 0x21, 0x29, 0x0f, 0x6b,
    0x38, 0x09, 0x09, 0x22, 0x46, 0x22, 0x05, 0x0f, 0x03, 0x03, 0x03, 0x4c, 0x65, 0x6f, 0x67, 0x67,
    0x3e, 0xa7, 0x3e, 0x17, 0x29, 0x52, 0x3e, 0x8b, 0xd0, 0x52, 0x9f, 0x01, 0x01, 0x09, 0x09, 0x58,
    0x09, 0x4c, 0x52, 0x21, 0x0f, 0x17, 0x05, 0x01, 0x01, 0x03, 0x21, 0x35, 0x29, 0x1a, 0x3e, 0x46,
    0x67, 0x67, 0x6f, 0x58, 0x82, 0x5c, 0x61, 0x49, 0x49, 0x12, 0x12, 0x0c, 0x2e, 0x1e, 0x1e, 0x07,
    0x10, 0x1d, 0x1d, 0x61, 0x49, 0x5c, 0x49, 0x49, 0x61, 0x82, 0x61, 0x82, 0x2e, 0x1d, 0x0b, 0x0b,
    0x07, 0x07, 0x0b, 0x10, 0x12, 0x49, 0x61, 0x4a, 0x61, 0x12, 0x11, 0x12, 0x12, 0x10, 0x10, 0x0b,
    0x5c, 0x58, 0x82, 0x5c, 0x3e, 0x61, 0x4a, 0x50, 0x61, 0x1e, 0x2c, 0x1e, 0x0b, 0x0b, 0x07, 0x07,
    0x10, 0x10, 0x12, 0x12, 0x1e, 0x12, 0x1e, 0x49, 0x49, 0x61, 0x5c, 0x82, 0x6b, 0x5c, 0x82, 0x58,
    0x18, 0x31, 0x6e, 0x0e, 0x0e, 0x6e, 0x18, 0x18, 0x18, 0x6e, 0x0e, 0x0e, 0x4f, 0x0e, 0x0e, 0x4f,
    0x8b, 0x8b, 0x4c, 0x32, 0x29, 0x0f, 0x29, 0x03, 0x0f, 0x29, 0x29, 0x0f, 0x0f, 0x0f, 0x0f, 0x29,
    0xd2, 0xd2, 0x58, 0x58, 0x4b, 0x6b, 0x58, 0x9f, 0xd2, 0x58, 0x46, 0x40, 0x46, 0x01, 0x03, 0x52,
    0x6b, 0x9f, 0xd2, 0xd2, 0x9f, 0x9f, 0xd2, 0xd2, 0x9f, 0x58, 0x3e, 0x03, 0x01, 0x01, 0x01, 0x03,
    0x8b, 0x0f, 0x52, 0x90, 0x90, 0x52, 0x8b, 0x52, 0x0f, 0xd2, 0xd2, 0x9f, 0x58, 0xd2, 0xd2, 0x46,
    0x67, 0x67, 0x76, 0x0f, 0x29, 0x52, 0x5d, 0x8b, 0xd0, 0xd0, 0x21, 0x17, 0x09, 0x3e, 0x8b, 0x21,
    0x21, 0x58, 0xd2, 0x58, 0x9f, 0x3e, 0x3e, 0x09, 0x65, 0x9f, 0x9f, 0x9f, 0x5a, 0x2a, 0x01, 0x4c,
    0x6c, 0x29, 0x09, 0x52, 0x09, 0x0f, 0x17, 0x03, 0x0f, 0x21, 0x6c, 0x8b, 0x52, 0x21, 0x52, 0x21,
    0x21, 0x58, 0x09, 0x38, 0x52, 0x3e, 0x9f, 0x05, 0x0f, 0x03, 0x03, 0x1a, 0x35, 0x5c, 0x6f, 0x6f,
    0x46, 0x4b, 0x58, 0x21, 0x21, 0x21, 0x8b, 0x90, 0xd0, 0xd0, 0x38, 0x01, 0x01, 0x01, 0x21, 0x21,
    0x4c, 0x4c, 0x4c, 0x17, 0x40, 0x17, 0x21, 0x03, 0x09, 0x03, 0x09, 0x17, 0x35, 0x38, 0x46, 0x4b,
    0x6f, 0x6f, 0x3e, 0x4b, 0x58, 0x58, 0x5c, 0x61, 0x2e, 0x49, 0x12, 0x10, 0x10, 0x07, 0x07, 0x07,
    0x10, 0x10, 0x1d, 0x2e, 0x2e, 0x61, 0x49, 0x61, 0x61, 0x61, 0x2e, 0x61, 0x2e, 0x0b, 0x1d, 0x10,
    0x0b, 0x0b, 0x10, 0x12, 0x0b, 0x12, 0x2c, 0x6f, 0x49, 0x49, 0x12, 0x12, 0x12, 0x12, 0x12, 0x0b,
    0x46, 0x46, 0x5c, 0x50, 0x5c, 0x50, 0x5c, 0x61, 0x50, 0x4a, 0x50, 0x0b, 0x11, 0x07, 0x07, 0x07,
    0x10, 0x10, 0x10, 0x10, 0x10, 0x1e, 0x49, 0x65, 0x5a, 0x65, 0x65, 0x6b, 0x82, 0x69, 0x58, 0x4b,
    0x18, 0x6e, 0x4f, 0x0e, 0x0e, 0x18, 0x18, 0x31, 0x31, 0x6e, 0x0e, 0x0e, 0x0e, 0x18, 0x0e, 0x0e,
    0x8b, 0x52, 0x52, 0x0f, 0x29, 0x01, 0x01, 0x03, 0x29, 0x03, 0x29, 0x0f, 0x0f, 0x03, 0x03, 0x9f,
    0x4b, 0x58, 0x29, 0x46, 0x29, 0x9f, 0x9f, 0x58, 0x46, 0x58, 0x40, 0x29, 0x46, 0x03, 0x52, 0x4c,
    0x46, 0x58, 0xd2, 0xd2, 0x9f, 0xd2, 0x58, 0x4b, 0x5a, 0x9f, 0x5a, 0x29, 0x01, 0x01, 0x03, 0x01,
    0x0f, 0x29, 0x8b, 0xd0, 0x8b, 0x5d, 0x52, 0x52, 0x29, 0x52, 0xd2, 0x9f, 0x52, 0x52, 0x9f, 0x6b,
    0x6f, 0x6f, 0x32, 0x38, 0x38, 0x17, 0x52, 0x8b, 0x52, 0xd0, 0x5d, 0x17, 0x52, 0x8b, 0x8b, 0x4c,
    0x21, 0xd2, 0x58, 0x3e, 0x58, 0x21, 0x2a, 0x58, 0x3e, 0xd2, 0x21, 0x9f, 0x58, 0x21, 0x3e, 0x3e,
    0x29, 0x17, 0x52, 0x8b, 0x21, 0x09, 0x05, 0x05, 0x03, 0x52, 0x52, 0x8b, 0x8b, 0x52, 0x21, 0x38,
    0x3e, 0x21, 0x3e, 0x21, 0x70, 0x9f, 0x58, 0x38, 0x17, 0x17, 0x03, 0x17, 0x35, 0x1a, 0x5c, 0x6f,
    0x5a, 0x3e, 0x4b, 0x38, 0x17, 0x32, 0x5a, 0x70, 0x8b, 0x9f, 0x32, 0x29, 0x01, 0x09, 0x29, 0x21,
    0x21, 0x7d, 0xbd, 0x8b, 0x38, 0x0f, 0x40, 0x0f, 0x21, 0x05, 0x0f, 0x09, 0x32, 0x40, 0x46, 0x4b,
    0x6f, 0x5a, 0x58, 0x58, 0x50, 0x5c, 0x61, 0x49, 0x37, 0x2e, 0x2c, 0x2c, 0x12, 0x0c, 0x07, 0x07,
    0x10, 0x11, 0x0b, 0x0b, 0x61, 0x82, 0x2e, 0x2e, 0x0b, 0x0b, 0x61, 0x2e, 0x2e, 0x0b, 0x1d, 0x10,
    0x0b, 0x0b, 0x12, 0x49, 0x12, 0x12, 0x49, 0x61, 0x2c, 0x2c, 0x61, 0x2c, 0x0b, 0x0b, 0x12, 0x0b,
    0x3e, 0x5c, 0x3e, 0x5c, 0x50, 0x5c, 0x58, 0x5c, 0x3f, 0x49, 0x49, 0x49, 0x0b, 0x0b, 0x10, 0x07,
    0x10, 0x10, 0x11, 0x11, 0x12, 0x1e, 0x1e, 0x61, 0x65, 0x5c, 0x5a, 0x65, 0x65, 0x58, 0x58, 0x4b,
    0x18, 0x6e, 0x4f, 0x0e, 0x18, 0x18, 0x0e, 0x31, 0x0e, 0x18, 0x18, 0x0e, 0x4f, 0x0e, 0x4f, 0x0e,
    0x32, 0x52, 0x32, 0x0f, 0x0f, 0x01, 0x01, 0x09, 0x0f, 0x03, 0x0f, 0x0f, 0x03, 0x0f, 0x03, 0x58,
    0x58, 0x29, 0x3e, 0x58, 0x29, 0x38, 0x9f, 0x9f, 0x46, 0x29, 0x46, 0x46, 0x29, 0x0f, 0x29, 0x52,
    0x9f, 0x58, 0x65, 0x9f, 0x9f, 0x9f, 0x46, 0x46, 0x29, 0x58, 0x58, 0x58, 0x46, 0x01, 0x29, 0x8b,
    0x8b, 0x52, 0xd0, 0xd0, 0x52, 0x29, 0x8b, 0x90, 0x52, 0x0f, 0x46, 0x58, 0x29, 0x29, 0x52, 0x58,
    0x5c, 0x6f, 0x65, 0x17, 0x17, 0x17, 0x4c, 0x52, 0x17, 0x52, 0x4c, 0x21, 0x17, 0x52, 0x52, 0x21,
    0x58, 0x6b, 0x58, 0x9f, 0xd2, 0x58, 0x09, 0x09, 0x9f, 0xd2, 0x58, 0x9f, 0x21, 0x17, 0x21, 0x52,
    0x21, 0x52, 0x52, 0x52, 0x8b, 0x21, 0x09, 0x0f, 0x52, 0x03, 0x21, 0x52, 0x8b, 0x8b, 0x52, 0x21,
    0x17, 0x38, 0x58, 0x17, 0x03, 0x4b, 0x58, 0x09, 0x09, 0x09, 0x03, 0x05, 0x35, 0x35, 0x52, 0x5a,
    0x76, 0x4b, 0x4b, 0x17, 0x52, 0x21, 0x9f, 0x46, 0x40, 0x46, 0x46, 0x46, 0x38, 0x21, 0x21, 0x8b,
    0x5a, 0xd0, 0x6c, 0x40, 0x21, 0x38, 0x40, 0x17, 0x05, 0x09, 0x05, 0x05, 0x32, 0x38, 0x4b, 0x52,
    0x58, 0x5c, 0x4b, 0x58, 0x6f, 0x3e, 0x52, 0x49, 0x2e, 0x2e, 0x2e, 0x2e, 0x2e, 0x2c, 0x0a, 0x10,
    0x10, 0x11, 0x1d, 0x1d, 0x24, 0x2e, 0x2e, 0x1d, 0x0b, 0x61, 0x1d, 0x2e, 0x1d, 0x0b, 0x07, 0x10,
    0x0b, 0x12, 0x12, 0x49, 0x49, 0x12, 0x10, 0x49, 0x4a, 0x3e, 0x6f, 0x2c, 0x49, 0x0b, 0x12, 0x0c,
    0x58, 0x58, 0x5c, 0x2c, 0x5c, 0x82, 0x5c, 0x50, 0x2c, 0x50, 0x49, 0x0a, 0x0a, 0x07, 0x07, 0x07,
    0x10, 0x11, 0x12, 0x12, 0x1e, 0x49, 0x61, 0x49, 0x5c, 0x5c, 0x5c, 0x50, 0x5c, 0x61, 0x5c, 0x4b,
    0x31, 0x4f, 0x4f, 0x0e, 0x0e, 0x18, 0x18, 0x31, 0x18, 0x18, 0x18, 0x0e, 0x0e, 0x6e, 0x4f, 0x18,
    0x29, 0x29, 0x52, 0x29, 0x03, 0x0f, 0x01, 0x03, 0x8b, 0x52, 0x0f, 0x0f, 0x8b, 0x0f, 0x29, 0x58,
    0x46, 0x58, 0x58, 0x0f, 0x29, 0x0f, 0x0f, 0x21, 0x46, 0x29, 0x29, 0x0f, 0x0f, 0x0f, 0x29, 0x29,
    0x58, 0x9f, 0x29, 0x29, 0x58, 0x9f, 0x9f, 0x58, 0x29, 0x40, 0x46, 0x58, 0x0f, 0x8b, 0x29, 0x29,
    0x52, 0x32, 0x29, 0x52, 0x5d, 0x8b, 0x90, 0xd0, 0x52, 0x52, 0x0f, 0x0f, 0x29, 0x9f, 0x46, 0x46,
    0x52, 0x5c, 0x46, 0x17, 0x17, 0x8b, 0x8b, 0x21, 0x17, 0x17, 0x8b, 0x52, 0x8b, 0x03, 0x52, 0x52,
    0x46, 0x9f, 0x5a, 0x9f, 0x9f, 0x9f, 0x9f, 0x21, 0x3e, 0x21, 0x9f, 0x58, 0x09, 0x09, 0x21, 0x21,
    0x32, 0x21, 0x8b, 0x52, 0x21, 0x52, 0x03, 0x03, 0x52, 0x17, 0x03, 0x21, 0x03, 0x52, 0x21, 0x3e,
    0x4b, 0x58, 0x09, 0x05, 0x03, 0x05, 0x17, 0x0f, 0x03, 0x17, 0x0f, 0x03, 0x35, 0x35, 0x4c, 0x52,
    0xb0, 0x5c, 0x46, 0x17, 0x0f, 0x52, 0x40, 0x65, 0x46, 0x0f, 0x65, 0x17, 0x09, 0x8b, 0x21, 0x29,
    0x26, 0x21, 0x32, 0x32, 0x52, 0x52, 0x09, 0x21, 0x03, 0x05, 0x03, 0x0f, 0x1a, 0x46, 0x52, 0x5a,
    0x4b, 0x3e, 0x4b, 0x4b, 0x4b, 0x3e, 0x61, 0x4a, 0x49, 0x49, 0x4a, 0x61, 0x2e, 0x2c, 0x2e, 0x0b,
    0x10, 0x11, 0x11, 0x1d, 0x1d, 0x2e, 0x1d, 0x1d, 0x0b, 0x2e, 0x1d, 0x1d, 0x1d, 0x11, 0x10, 0x10,
    0x24, 0x49, 0x2c, 0x2c, 0x12, 0x12, 0x12, 0x49, 0x4a, 0x6f, 0x67, 0x6f, 0x2c, 0x61, 0x0c, 0x0b,
    0x4b, 0x4b, 0x50, 0x5c, 0x2c, 0x2c, 0x50, 0x2c, 0x50, 0x61, 0x1d, 0x1d, 0x07, 0x07, 0x07, 0x07,
    0x10, 0x11, 0x12, 0x1e, 0x61, 0x49, 0x50, 0x5c, 0x50, 0x49, 0x49, 0x49, 0x4a, 0x76, 0x61, 0x6f,
    0x0e, 0x0e, 0x7e, 0x4f, 0x6e, 0x31, 0x31, 0x18, 0x0e, 0x31, 0x18, 0x0e, 0x0e, 0x0e, 0x6e, 0x30,
    0x29, 0x29, 0x5d, 0x8b, 0x0f, 0x03, 0x8b, 0x52, 0x8b, 0x32, 0x03, 0x21, 0x03, 0x05, 0x0f, 0x29,
    0x46, 0x29, 0x0f, 0x0f, 0x09, 0x0f, 0x29, 0x29, 0x0f, 0x0f, 0xd0, 0x8b, 0x0f, 0x8b, 0x52, 0x5d,
    0x9f, 0x46, 0x0f, 0x21, 0x29, 0x9f, 0x58, 0x29, 0x46, 0x46, 0x46, 0x46, 0x03, 0x0f, 0x58, 0x58,
    0x29, 0x29, 0x29, 0x4c, 0x52, 0x52, 0x8b, 0x29, 0x29, 0x52, 0x03, 0x0f, 0x9f, 0x5a, 0x46, 0x46,
    0x4b, 0x3e, 0x38, 0x0f, 0x21, 0x21, 0x52, 0x17, 0x52, 0x17, 0x8b, 0x4c, 0x21, 0x21, 0x0f, 0x21,
    0x38, 0x09, 0x21, 0x58, 0x9f, 0x21, 0x9f, 0x0f, 0x0f, 0x09, 0xd0, 0x8b, 0x09, 0x8b, 0x52, 0x5d,
    0x21, 0x8b, 0x8b, 0xd0, 0x21, 0x21, 0x52, 0x21, 0x4c, 0x8b, 0x4c, 0x21, 0x01, 0x03, 0x05, 0x17,
    0x21, 0x0f, 0x09, 0x05, 0x03, 0x0f, 0x32, 0x03, 0x21, 0x0f, 0x0f, 0x0f, 0x1a, 0x52, 0x4b, 0x4b,
    0x4b, 0x5c, 0x6f, 0x40, 0x17, 0x0f, 0x65, 0x17, 0x09, 0x46, 0x65, 0x17, 0x03, 0x09, 0x58, 0x21,
    0x21, 0x21, 0x09, 0x32, 0x29, 0x8b, 0x21, 0x09, 0x09, 0x05, 0x09, 0x0f, 0x1a, 0x32, 0x52, 0x6f,
    0x58, 0x58, 0x58, 0x5c, 0x50, 0x58, 0x6f, 0x58, 0x61, 0x61, 0x4b, 0x49, 0x37, 0x2c, 0x49, 0x2c,
    0x11, 0x11, 0x11, 0x10, 0x07, 0x0b, 0x0b, 0x1d, 0x11, 0x0b, 0x1d, 0x10, 0x07, 0x10, 0x10, 0x07,
    0x12, 0x61, 0x61, 0x45, 0x2c, 0x49, 0x2c, 0x49, 0x61, 0x6f, 0x3e, 0x6f, 0x49, 0x49, 0x49, 0x0c,
    0x5c, 0x2c, 0x1d, 0x1d, 0x2c, 0x50, 0x61, 0x2c, 0x1d, 0x1d, 0x1d, 0x0b, 0x0b, 0x10, 0x10, 0x10,
    0x10, 0x11, 0x49, 0x49, 0x50, 0x4a, 0x50, 0x5c, 0x5c, 0x50, 0x61, 0x49, 0x49, 0x50, 0x61, 0xb0,
    0x0e, 0x6e, 0x6e, 0x30, 0x18, 0x18, 0x18, 0x0e, 0x31, 0x0e, 0x18, 0x18, 0x4f, 0x6e, 0x0e, 0x0e,
    0x4c, 0x52, 0x6c, 0x5d, 0x29, 0x8b, 0x8b, 0x52, 0x29, 0x29, 0x52, 0x8b, 0x0f, 0x03, 0x03, 0x29,
    0x29, 0x0f, 0x21, 0x0f, 0x09, 0x03, 0x0f, 0x52, 0x52, 0x29, 0x52, 0x8b, 0x8b, 0x52, 0x8b, 0x4c,
    0x46, 0x40, 0x46, 0x29, 0x0f, 0x58, 0x29, 0x0f, 0x0f, 0x9f, 0x29, 0x29, 0x0f, 0x0f, 0x58, 0x58,
    0x26, 0x0f, 0x8b, 0x52, 0x32, 0x0f, 0x0f, 0x29, 0x29, 0x52, 0x03, 0x0f, 0x29, 0x46, 0x46, 0x46,
    0x52, 0x58, 0x5c, 0x21, 0x09, 0x21, 0x52, 0x52, 0x17, 0x17, 0x4c, 0x52, 0x01, 0x01, 0x01, 0x21,
    0x21, 0x09, 0x09, 0x21, 0x21, 0x09, 0x09, 0x17, 0x6c, 0x21, 0x52, 0x8b, 0x8b, 0x52, 0x8b, 0x4c,
    0x52, 0x8b, 0xd0, 0x8b, 0x4c, 0x21, 0x52, 0x8b, 0x52, 0x21, 0x4c, 0x8b, 0x09, 0x01, 0x01, 0x21,
    0x09, 0x21, 0x05, 0x05, 0x05, 0x05, 0x0f, 0x0f, 0x09, 0x05, 0x1a, 0x29, 0x1a, 0x5c, 0x4b, 0x46,
    0x65, 0x65, 0x5c, 0x17, 0x17, 0x46, 0x0f, 0x52, 0x52, 0x46, 0x29, 0x46, 0x09, 0x09, 0x8b, 0x58,
    0x09, 0x29, 0x4c, 0x21, 0x05, 0x03, 0x09, 0x05, 0x05, 0x0f, 0x05, 0x1a, 0x1a, 0x1a, 0x79, 0xb0,
    0x4b, 0x58, 0x58, 0x50, 0x5c, 0x58, 0x3e, 0x4b, 0x5c, 0x3e, 0x6f, 0x61, 0x49, 0x49, 0x61, 0x2e,
    0x10, 0x10, 0x10, 0x10, 0x10, 0x10, 0x0b, 0x11, 0x10, 0x07, 0x07, 0x10, 0x07, 0x07, 0x07, 0x10,
    0x49, 0x61, 0x2c, 0x6f, 0x6f, 0x2c, 0x42, 0x3e, 0x6f, 0x67, 0x6b, 0x6f, 0x6f, 0x49, 0x49, 0x2c,
    0x4b, 0x1b, 0x1d, 0x1d, 0x1d, 0x2c, 0x2c, 0x1d, 0x0a, 0x0a, 0x10, 0x07, 0x07, 0x10, 0x07, 0x10,
    0x0b, 0x1e, 0x12, 0x61, 0x49, 0x61, 0x61, 0x49, 0x61, 0x49, 0x49, 0x49, 0x61, 0x50, 0x49, 0x49,
    0x4f, 0x0e, 0x4f, 0x0e, 0x18, 0x18, 0x18, 0x18, 0x31, 0x18, 0x18, 0x0e, 0x30, 0x0e, 0x30, 0x4f,
    0x52, 0x29, 0x8b, 0x6c, 0x52, 0x0f, 0x0f, 0x52, 0x29, 0x52, 0x29, 0x29, 0x29, 0x03, 0x03, 0x52,
    0x8b, 0x52, 0x29, 0x29, 0x03, 0x17, 0x29, 0xd0, 0x90, 0x52, 0x52, 0x52, 0x8b, 0x6c, 0x29, 0x29,
    0x46, 0x46, 0x29, 0x29, 0x29, 0x46, 0x0f, 0x03, 0x05, 0x0f, 0x17, 0x0f, 0x29, 0x0f, 0x29, 0x29,
    0x0f, 0x8b, 0x29, 0x29, 0x29, 0x52, 0x0f, 0x0f, 0x29, 0x29, 0x29, 0x4c, 0x29, 0x0f, 0x29, 0x29,
    0x58, 0x5a, 0x52, 0x29, 0x17, 0x09, 0x0f, 0x21, 0x21, 0x4c, 0x17, 0x01, 0x21, 0x8b, 0x21, 0x52,
    0x8b, 0x52, 0x09, 0x09, 0x21, 0x09, 0x21, 0xd0, 0x90, 0x52, 0x52, 0x52, 0x8b, 0x52, 0x21, 0x26,
    0x52, 0x21, 0x52, 0x52, 0x21, 0x8b, 0x6c, 0x8b, 0x8b, 0x52, 0x21, 0x52, 0x52, 0x01, 0x01, 0x4c,
    0x6c, 0x21, 0x21, 0x05, 0x03, 0x09, 0x03, 0x05, 0x09, 0x0f, 0x26, 0x28, 0x1a, 0x1a, 0x32, 0x3e,
    0x67, 0x67, 0x5c, 0x17, 0x0f, 0x29, 0x21, 0x21, 0x0f, 0x21, 0x21, 0x09, 0x58, 0x09, 0x21, 0x29,
    0x8b, 0x09, 0x0f, 0x03, 0x4c, 0x09, 0x03, 0x05, 0x09, 0x0f, 0x1a, 0x32, 0x35, 0x4c, 0xa9, 0x6f,
    0x58, 0x5c, 0x6b, 0x82, 0x82, 0x5c, 0x65, 0x5c, 0x3e, 0x4b, 0x5a, 0x5a, 0x58, 0x61, 0x5c, 0x50,
    0x07, 0x10, 0x07, 0x10, 0x10, 0x07, 0x10, 0x11, 0x10, 0x07, 0x10, 0x07, 0x07, 0x07, 0x10, 0x10,
    0x50, 0x3e, 0x6f, 0x6f, 0x67, 0x6f, 0x3e, 0x6f, 0x3e, 0x6f, 0x6f, 0x50, 0x50, 0x5c, 0x6f, 0x2d,
    0x2c, 0x0a, 0x0a, 0x0a, 0x1d, 0x0a, 0x0a, 0x1e, 0x0a, 0x1e, 0x0b, 0x10, 0x10, 0x10, 0x10, 0x10,
    0x10, 0x07, 0x10, 0x10, 0x1e, 0x49, 0x49, 0x12, 0x49, 0x1e, 0x12, 0x1e, 0x2e, 0x61, 0x49, 0x50,
    0x4f, 0x4f, 0x6e, 0x18, 0x18, 0x18, 0x0e, 0x30, 0x31, 0x31, 0x0e, 0x31, 0x18, 0x7e, 0x4f, 0x0e,
    0x29, 0x29, 0x29, 0x29, 0x8b, 0x29, 0x0f, 0x0f, 0x29, 0x29, 0x03, 0x03, 0xd0, 0x29, 0x8b, 0x8b,
    0xd0, 0x99, 0x52, 0x52, 0x03, 0x0f, 0x6c, 0x8b, 0x8b, 0x52, 0x8b, 0xd0, 0x8b, 0x52, 0x29, 0x29,
    0x29, 0x29, 0x29, 0x0f, 0x03, 0x17, 0x17, 0x0f, 0x03, 0x03, 0x0f, 0x52, 0x52, 0x8b, 0x52, 0x52,
    0x0f, 0x52, 0x29, 0x0f, 0x52, 0x03, 0x0f, 0x0f, 0x29, 0x0f, 0x52, 0x52, 0x8b, 0x8b, 0x29, 0x29,
    0x5a, 0x65, 0x67, 0x6f, 0x46, 0x29, 0x0f, 0x29, 0x21, 0x52, 0x01, 0x21, 0x8b, 0x52, 0x52, 0x29,
    0xd0, 0x90, 0x6c, 0x52, 0x01, 0x09, 0x6c, 0x8b, 0x8b, 0x52, 0x8b, 0xd0, 0x8b, 0x52, 0x21, 0x21,
    0x26, 0x21, 0x09, 0x09, 0x29, 0x52, 0x29, 0x21, 0x52, 0x21, 0x01, 0x01, 0xd0, 0x21, 0x99, 0x8b,
    0x90, 0x52, 0x52, 0x03, 0x05, 0x17, 0x17, 0x05, 0x03, 0x17, 0x35, 0x1a, 0x57, 0x38, 0x3e, 0x29,
    0x67, 0x5c, 0x6f, 0x09, 0x01, 0x21, 0x0f, 0x38, 0x21, 0x29, 0x09, 0x58, 0x8b, 0x99, 0x58, 0x52,
    0x52, 0x21, 0x05, 0x40, 0x01, 0x03, 0x05, 0x05, 0x09, 0x09, 0x26, 0x35, 0x4c, 0x67, 0x6f, 0xa7,
    0x58, 0x6f, 0x5c, 0x5a, 0x4b, 0xa7, 0x4b, 0x4b, 0x4b, 0x5a, 0x5c, 0x5c, 0x67, 0x5c, 0x67, 0x5c,
    0x10, 0x10, 0x10, 0x10, 0x07, 0x10, 0x10, 0x10, 0x11, 0x11, 0x11, 0x10, 0x10, 0x07, 0x07, 0x10,
    0x6f, 0x6f, 0x6f, 0x6f, 0x67, 0x67, 0x5c, 0x5c, 0x5a, 0x4b, 0x6f, 0x4b, 0x90, 0x79, 0x5c, 0x58,
    0x4b, 0x2d, 0x13, 0x13, 0x07, 0x07, 0x0b, 0x11, 0x10, 0x07, 0x10, 0x10, 0x10, 0x10, 0x10, 0x10,
    0x11, 0x10, 0x07, 0x10, 0x1e, 0x1e, 0x11, 0x1e, 0x11, 0x0b, 0x1d, 0x0b, 0x1e, 0x49, 0x49, 0x6f,
    0x4f, 0x4f, 0x6e, 0x18, 0x18, 0x0e, 0x18, 0x6e, 0x18, 0x18, 0x0e, 0x18, 0x0e, 0x18, 0x0e, 0x0e,
    0x29, 0x29, 0x29, 0x29, 0x52, 0x29, 0x29, 0x29, 0x03, 0x0f, 0x05, 0x03, 0x5c, 0xd0, 0xd0, 0x8b,
    0x8b, 0xd0, 0x29, 0x52, 0x29, 0x5d, 0x8b, 0x52, 0x52, 0x52, 0x29, 0x29, 0x52, 0xd0, 0x8b, 0x52,
    0x0f, 0x29, 0x29, 0x52, 0x52, 0x0f, 0x0f, 0x46, 0x46, 0x29, 0x5d, 0x8b, 0x8b, 0x52, 0x52, 0x52,
    0x52, 0x29, 0x29, 0x29, 0x0f, 0x0f, 0x0f, 0x03, 0x0f, 0x0f, 0x29, 0x8b, 0x8b, 0x52, 0x52, 0x8b,
    0x5a, 0x6f, 0x65, 0x52, 0x6f, 0x0f, 0x17, 0x29, 0x52, 0x21, 0x52, 0x0f, 0x52, 0x52, 0x0f, 0x29,
    0x8b, 0xd0, 0x21, 0x09, 0x29, 0x52, 0x8b, 0x09, 0x4c, 0x52, 0x21, 0x21, 0x52, 0xd0, 0x8b, 0x52,
    0x21, 0x21, 0x21, 0x21, 0x52, 0x09, 0x21, 0x21, 0x52, 0x52, 0x21, 0x21, 0x52, 0xd0, 0xd0, 0x8b,
    0xd0, 0x21, 0x52, 0x29, 0x40, 0x38, 0x09, 0x0f, 0x17, 0x09, 0x17, 0x1a, 0x38, 0x46, 0x4b, 0x3e,
    0x6f, 0x67, 0x6f, 0x6f, 0x21, 0x09, 0x0f, 0x38, 0x38, 0x21, 0x6c, 0x21, 0x8b, 0xd0, 0x8b, 0x7d,
    0x21, 0x21, 0x0f, 0x05, 0x03, 0x09, 0x01, 0x09, 0x05, 0x17, 0x35, 0x35, 0x4c, 0x71, 0x90, 0x79,
    0x3e, 0x67, 0x6f, 0x5c, 0x5c, 0x09, 0x09, 0x09, 0x09, 0x4c, 0x52, 0x8b, 0x52, 0x52, 0x8b, 0x4c,
    0x21, 0x29, 0x09, 0x03, 0x21, 0x17, 0x03, 0x17, 0x0f, 0x52, 0x35, 0x1a, 0x35, 0x76, 0x4b, 0x65,
    0x5a, 0x4b, 0x5a, 0x6f, 0x09, 0x21, 0x09, 0x21, 0x21, 0x21, 0x6c, 0x52, 0x52, 0xd0, 0x8b, 0x4c,
    0x8b, 0x21, 0x05, 0x17, 0x05, 0x05, 0x46, 0x21, 0x21, 0x21, 0x21, 0x05, 0x21, 0x21, 0x46, 0x29,
    0x8b, 0x21, 0x05, 0x17, 0x05, 0x05, 0x46, 0x21, 0x21, 0x21, 0x21, 0x05, 0x21, 0x21, 0x46, 0x29,
    0x21, 0x09, 0x09, 0x09, 0x0f, 0x09, 0x05, 0x17, 0x03, 0x1a, 0x1a, 0x26, 0x21, 0xa7, 0xa7, 0x3e,
    0x21, 0x21, 0x21, 0x0f, 0x03, 0x21, 0x03, 0x21, 0x05, 0x52, 0x46, 0x8b, 0x46, 0x52, 0x8b, 0x40,
    0x40, 0x21, 0x21, 0x21, 0x21, 0x26, 0x21, 0x21, 0x21, 0x21, 0x46, 0x46, 0x21, 0x4c, 0x8b, 0x46,
    0x21, 0x21, 0x21, 0x38, 0x38, 0x0f, 0x09, 0x05, 0x09, 0x35, 0x28, 0x28, 0x35, 0x35, 0x52, 0xb0,
    0x6b, 0x6b, 0xa9, 0x5c, 0x6b, 0x2a, 0x21, 0x09, 0x46, 0x21, 0x21, 0x05, 0x21, 0x29, 0x21, 0x46,
    0x3e, 0x6f, 0x79, 0x79, 0x6f, 0x90, 0x90, 0x79, 0x67, 0x65, 0x58, 0x52, 0x4b, 0x4b, 0x5a, 0x67,
    0x4b, 0x4b, 0x5c, 0x46, 0x3e, 0x4b, 0x5c, 0x6b, 0x5a, 0x5a, 0x67, 0x67, 0x6f, 0x90, 0x4b, 0x67,
    0x58, 0x4b, 0x5c, 0x46, 0x3e, 0x4b, 0x5c, 0x6b, 0x5c, 0x6f, 0x67, 0x5c, 0x6f, 0x90, 0x4b, 0x67,
    0x3e, 0x67, 0x79, 0x6f, 0x6f, 0x0f, 0x0f, 0x09, 0x21, 0x21, 0x6c, 0x52, 0x52, 0x4c, 0x52, 0x52,
    0x21, 0x21, 0x21, 0x21, 0x21, 0x21, 0x21, 0x09, 0x17, 0x52, 0x32, 0x1a, 0x35, 0x76, 0x4b, 0x65,
    0x8b, 0x21, 0x09, 0x29, 0x29, 0x29, 0x52, 0x29, 0x0f, 0x05, 0x21, 0x09, 0x21, 0x21, 0x52, 0x29,
    0x3e, 0xa9, 0x79, 0x6f, 0x09, 0x05, 0x21, 0x52, 0x21, 0x21, 0x52, 0xd0, 0x21, 0x52, 0x52, 0x29,
    0x52, 0x52, 0x09, 0x21, 0x21, 0x03, 0x21, 0x0f, 0x09, 0x21, 0x6f, 0x35, 0x65, 0x5d, 0x71, 0x6f,
    0x5a, 0x67, 0x65, 0x4b, 0x09, 0x03, 0x21, 0x09, 0x52, 0x52, 0x8b, 0x8b, 0x21, 0x52, 0x52, 0x29,
    0x4b, 0x05, 0x05, 0x8b, 0x05, 0x09, 0x21, 0x46, 0x01, 0x21, 0x09, 0x21, 0x21, 0x05, 0x21, 0x21,
    0x4b, 0x05, 0x05, 0x8b, 0x05, 0x09, 0x21, 0x46, 0x01, 0x21, 0x05, 0x21, 0x21, 0x05, 0x21, 0x21,
    0x01, 0x09, 0x09, 0x09, 0x09, 0x21, 0x01, 0x21, 0x03, 0x09, 0x35, 0x1a, 0x29, 0x3e, 0xa7, 0x3e,
    0x21, 0x29, 0x05, 0x21, 0x05, 0x05, 0x03, 0x03, 0x05, 0xd0, 0x8b, 0xd0, 0x21, 0x46, 0x46, 0x21,
    0x46, 0x58, 0x46, 0x05, 0x21, 0x40, 0x21, 0x21, 0x05, 0x05, 0x21, 0x29, 0x21, 0x4c, 0x52, 0x46,
    0x58, 0xd2, 0x21, 0x05, 0x21, 0x05, 0x09, 0x05, 0x05, 0x46, 0x1a, 0x28, 0x35, 0x9f, 0x6b, 0xa9,
    0x6b, 0x90, 0x6b, 0x6b, 0x4b, 0x01, 0x21, 0x29, 0x09, 0x09, 0x8b, 0x05, 0x09, 0x52, 0x46, 0x29,
    0x3e, 0xa9, 0x6f, 0x6f, 0xb0, 0x6f, 0x90, 0x6f, 0x67, 0x5c, 0x52, 0x4b, 0x46, 0x46, 0x58, 0x67,
    0x4b, 0x3e, 0x46, 0x3e, 0x4b, 0xa7, 0xa7, 0x5c, 0x4b, 0x4b, 0x6f, 0x67, 0x6f, 0x6f, 0x79, 0x6f,
    0x58, 0x3e, 0x46, 0x3e, 0x4b, 0xa7, 0xa7, 0x5c, 0x4b, 0x58, 0x6f, 0x6f, 0x6f, 0x6f, 0x79, 0x6f,
    0x3e, 0xa9, 0x6f, 0x6f, 0x0f, 0x52, 0x8b, 0x4c, 0x4c, 0x52, 0x8b, 0x90, 0x8b, 0x21, 0x52, 0x29,
    0x4c, 0x52, 0x09, 0x29, 0x21, 0x21, 0x22, 0x09, 0x05, 0x21, 0x35, 0x35, 0x4c, 0x4c, 0x5d, 0x6f,
    0x4b, 0x01, 0x09, 0x8b, 0x21, 0x09, 0x21, 0x52, 0x01, 0x01, 0x0f, 0x21, 0x21, 0x09, 0x21, 0x21,
    0x6f, 0xa9, 0x67, 0x21, 0x52, 0x03, 0x52, 0x21, 0x32, 0x8b, 0x8b, 0x4c, 0x52, 0x21, 0x09, 0x21,
    0x21, 0x21, 0x21, 0x38, 0x05, 0x0f, 0x09, 0x09, 0x03, 0x05, 0x4b, 0x32, 0x35, 0x65, 0x4c, 0xa9,
    0x4b, 0x6f, 0x6f, 0x4b, 0x03, 0x09, 0x09, 0x09, 0x21, 0x52, 0x8b, 0x52, 0x4c, 0x21, 0x21, 0x21,
    0x21, 0x01, 0x46, 0x21, 0x05, 0x01, 0x05, 0x01, 0x01, 0x01, 0x01, 0x03, 0x09, 0x21, 0x65, 0x9f,
    0x21, 0x01, 0x46, 0x21, 0x05, 0x01, 0x05, 0x21, 0x01, 0x09, 0x01, 0x03, 0x09, 0x21, 0x65, 0x9f,
    0x01, 0x52, 0x21, 0x05, 0x01, 0x09, 0x05, 0x05, 0x03, 0x05, 0x09, 0x35, 0x35, 0x32, 0x4b, 0x4b,
    0x21, 0x70, 0x46, 0x21, 0x29, 0x03, 0x03, 0x4c, 0x7d, 0x90, 0xd0, 0x70, 0x40, 0x0f, 0x09, 0x21,
    0x21, 0x9f, 0xd2, 0xd2, 0x58, 0x9f, 0x21, 0x05, 0x58, 0x05, 0x05, 0x46, 0x46, 0x8b, 0x46, 0x46,
    0xa7, 0x9f, 0x58, 0x05, 0xd2, 0x58, 0x03, 0x05, 0x05, 0x17, 0x1a, 0x35, 0x35, 0x52, 0x65, 0x4b,
    0x6b, 0x90, 0x90, 0x8b, 0x05, 0x05, 0x21, 0x52, 0x4c, 0x21, 0x52, 0x8b, 0x8b, 0x4c, 0x21, 0x21,
    0x6f, 0xa9, 0x6f, 0x6f, 0xa9, 0x6f, 0x76, 0x67, 0x6f, 0x58, 0x46, 0x46, 0x4b, 0x3e, 0x46, 0x6f,
    0x4b, 0x4b, 0x58, 0x5c, 0x5c, 0x4b, 0xa7, 0x3e, 0x46, 0x3e, 0x58, 0x6f, 0x6f, 0x79, 0x6f, 0xa9,
    0x4b, 0x4b, 0x5a, 0x5c, 0x5c, 0x4b, 0xa7, 0x3e, 0x46, 0x3e, 0x4b, 0x6f, 0x6f, 0x79, 0x6f, 0xa9,
    0x6f, 0xa9, 0x65, 0x4b, 0x17, 0x52, 0x52, 0x09, 0x52, 0x8b, 0x52, 0x52, 0xd0, 0x67, 0x09, 0x21,
    0x52, 0x21, 0x21, 0x58, 0x19, 0x0f, 0x09, 0x22, 0x0f, 0x0f, 0x35, 0x28, 0x28, 0x35, 0x4c, 0xa9,
    0x0f, 0x0f, 0x38, 0x9f, 0x03, 0x09, 0x38, 0x21, 0x03, 0x01, 0x09, 0x58, 0xd2, 0x05, 0x0f, 0xb0,
    0x79, 0x79, 0x90, 0x21, 0x17, 0x21, 0x52, 0x90, 0x21, 0x8b, 0x21, 0x21, 0x52, 0x70, 0x01, 0x09,
    0x4c, 0x21, 0x4c, 0x38, 0x40, 0x05, 0x05, 0x03, 0x58, 0x32, 0x38, 0x35, 0x1a, 0x35, 0x4c, 0xa9,
    0x38, 0x4b, 0x46, 0x4b, 0x09, 0x09, 0x38, 0x21, 0x9f, 0x9f, 0x52, 0x8b, 0x52, 0x52, 0x09, 0x09,
    0x05, 0x21, 0x05, 0x05, 0x46, 0x01, 0x05, 0x01, 0x01, 0x03, 0x01, 0x01, 0x05, 0x21, 0xd2, 0x0f,
    0x05, 0x21, 0x05, 0x05, 0x09, 0x01, 0x21, 0x09, 0x09, 0x21, 0x01, 0x01, 0x05, 0x21, 0xd2, 0x0f,
    0x21, 0x09, 0x09, 0x03, 0x01, 0x09, 0x03, 0x09, 0x05, 0x03, 0x03, 0x1a, 0x28, 0x1a, 0x38, 0x46,
    0x8b, 0x8b, 0x46, 0x8b, 0x21, 0x46, 0x21, 0x4c, 0xd0, 0x76, 0x0f, 0x21, 0x7d, 0x29, 0x03, 0x21,
    0x0f, 0x58, 0xd2, 0x58, 0x3e, 0x65, 0x0f, 0x8b, 0x9f, 0x58, 0x29, 0x21, 0x8b, 0x52, 0x46, 0x46,
    0xd2, 0x38, 0x4b, 0x0f, 0x58, 0x58, 0x05, 0x03, 0x17, 0x32, 0x0f, 0x21, 0x35, 0x5c, 0x9f, 0x4b,
    0xa9, 0x4b, 0x9f, 0x21, 0x05, 0x52, 0x09, 0x21, 0x8b, 0x52, 0xd0, 0x21, 0x09, 0x8b, 0x58, 0x9f,
    0x6f, 0x79, 0x90, 0xb0, 0x6f, 0xa7, 0x6f, 0x5c, 0x5c, 0x58, 0x4b, 0x46, 0x40, 0x29, 0x3e, 0x38,
    0xa7, 0x4b, 0x5a, 0x6f, 0x67, 0x5c, 0x5a, 0x3e, 0x5a, 0x58, 0x3e, 0x6f, 0x4b, 0xa9, 0x6f, 0xa9,
    0xa7, 0x52, 0x5c, 0x6f, 0x67, 0x5c, 0x5a, 0x3e, 0x5c, 0x5a, 0x3e, 0x6f, 0x4b, 0xa9, 0x6f, 0xa9,
    0x6f, 0x79, 0x90, 0x4b, 0x17, 0x0f, 0x0f, 0x0f, 0x58, 0x4c, 0x8b, 0xd0, 0x90, 0x52, 0x21, 0x09,
    0x21, 0x21, 0x52, 0x22, 0x09, 0x05, 0x05, 0x03, 0x09, 0x09, 0x17, 0x35, 0x1a, 0x4c, 0x4c, 0xa9,
    0x0f, 0x0f, 0x40, 0x8b, 0x05, 0x03, 0x03, 0x38, 0x03, 0x17, 0xbd, 0x76, 0x58, 0x38, 0x05, 0x21,
    0x79, 0x6f, 0x90, 0x65, 0x09, 0x52, 0x90, 0xd0, 0xd0, 0x52, 0x52, 0x8b, 0x21, 0xb0, 0x52, 0x21,
    0x4c, 0x09, 0x9f, 0x8b, 0x46, 0x9f, 0x3e, 0x09, 0x05, 0x05, 0x05, 0x35, 0x1a, 0x35, 0x52, 0x65,
    0x32, 0x38, 0x40, 0x46, 0x38, 0x03, 0x21, 0x9f, 0xd2, 0xd2, 0x58, 0x4b, 0x52, 0x21, 0x09, 0x4b,
    0x0f, 0x17, 0x32, 0x05, 0x46, 0x01, 0x01, 0x01, 0x01, 0x01, 0x58, 0x21, 0x9f, 0xbd, 0x3e, 0x4b,
    0x0f, 0x17, 0x32, 0x52, 0x09, 0xd0, 0x09, 0x21, 0x8b, 0x8b, 0x4c, 0x21, 0x9f, 0xbd, 0x3e, 0x4b,
    0x05, 0x01, 0x0f, 0x01, 0x01, 0x21, 0x38, 0x0f, 0x05, 0x03, 0x09, 0x17, 0x35, 0x38, 0x40, 0x46,
    0x8b, 0x46, 0x8b, 0x46, 0x70, 0x46, 0x21, 0x21, 0x46, 0x09, 0x17, 0x0f, 0x4c, 0x0f, 0x32, 0x05,
    0x0f, 0x3e, 0x6b, 0x58, 0x9f, 0xd2, 0x29, 0xbd, 0x4b, 0x38, 0x05, 0x21, 0x46, 0x46, 0x21, 0x17,
    0x58, 0x8b, 0x09, 0x3e, 0x38, 0x38, 0x21, 0x38, 0x0f, 0x21, 0x0f, 0x21, 0x35, 0x5c, 0x4b, 0x58,
    0x6b, 0x46, 0x6b, 0x05, 0x52, 0x8b, 0x21, 0x21, 0x21, 0x52, 0x21, 0x52, 0x8b, 0x52, 0xd2, 0xd2,
    0x79, 0x6f, 0x90, 0x6f, 0x5c, 0xa7, 0xa7, 0x6f, 0x67, 0x58, 0x4b, 0x46, 0x52, 0x52, 0x52, 0x01,
    0x38, 0x46, 0x52, 0x5c, 0x6f, 0x67, 0x5a, 0x6f, 0x65, 0x65, 0x65, 0x6f, 0x3e, 0x6f, 0x21, 0x21,
    0x38, 0x35, 0x1a, 0x5c, 0x67, 0x67, 0x5a, 0x6f, 0x67, 0x67, 0x65, 0x6f, 0x3e, 0x5c, 0x6f, 0x6f,
    0x79, 0x6f, 0x90, 0x6f, 0x46, 0x0f, 0x21, 0x17, 0x17, 0x0f, 0x8b, 0x8b, 0x52, 0xd0, 0x8b, 0x21,
    0x21, 0x09, 0x09, 0x05, 0x05, 0x05, 0x05, 0x22, 0x09, 0x03, 0x1a, 0x28, 0x4c, 0x4c, 0x52, 0x65,
    0x05, 0x21, 0x52, 0x32, 0x0f, 0x05, 0x05, 0x17, 0x03, 0x09, 0x03, 0x21, 0x38, 0x17, 0x0f, 0x05,
    0x79, 0xa9, 0x79, 0x6f, 0x21, 0x6b, 0x8b, 0x9d, 0xd0, 0x8b, 0x8b, 0x52, 0x09, 0x32, 0x29, 0x09,
    0x9f, 0x09, 0x58, 0x3e, 0x21, 0x03, 0x03, 0x01, 0x05, 0x05, 0x03, 0x1a, 0x35, 0x35, 0x6f, 0x67,
    0x29, 0x29, 0x4b, 0x46, 0x58, 0x21, 0x70, 0x6b, 0xd2, 0x58, 0x3e, 0x58, 0x29, 0x09, 0x09, 0x09,
    0x0f, 0x0f, 0x29, 0x9f, 0x03, 0x09, 0x29, 0x21, 0x03, 0x01, 0x05, 0x58, 0xd2, 0x05, 0x0f, 0x0f,
    0x0f, 0x0f, 0x29, 0x21, 0x21, 0x09, 0x4c, 0x8b, 0x90, 0xd0, 0x05, 0x58, 0xd2, 0x05, 0x0f, 0x0f,
    0x0f, 0x09, 0x52, 0x21, 0x4c, 0x21, 0x05, 0x05, 0x03, 0x03, 0x03, 0x1a, 0x1a, 0x38, 0x46, 0x46,
    0x46, 0x21, 0x17, 0x46, 0x8b, 0x29, 0x17, 0x21, 0x09, 0x05, 0x05, 0x40, 0x05, 0x21, 0x0f, 0x09,
    0x4b, 0x21, 0x9f, 0x9f, 0x6b, 0x3e, 0x0f, 0x09, 0x9f, 0x38, 0x38, 0x05, 0x03, 0x05, 0x09, 0x21,
    0x9f, 0x5a, 0x3e, 0x09, 0x38, 0x17, 0x38, 0x0f, 0x0f, 0x09, 0x03, 0x03, 0x35, 0x35, 0x05, 0x09,
    0x4b, 0x4b, 0x03, 0x21, 0x09, 0x09, 0x8b, 0x03, 0x21, 0x01, 0x52, 0x52, 0x52, 0x52, 0xd2, 0x9f,
    0x6f, 0xa9, 0x6f, 0x6f, 0x6f, 0x79, 0xb0, 0x6f, 0x6f, 0x5a, 0x3e, 0x4b, 0x17, 0x09, 0x38, 0x09,
    0x17, 0x46, 0x29, 0x5c, 0xa9, 0x4b, 0x4b, 0x4b, 0x76, 0x46, 0x0f, 0x0f, 0x03, 0x09, 0x0f, 0x21,
    0x17, 0x03, 0x35, 0x35, 0xa9, 0x4b, 0x4b, 0x5c, 0x6f, 0x67, 0x6f, 0x4b, 0x65, 0x6f, 0x6f, 0x6f,
    0x6f, 0xa9, 0x79, 0x67, 0x67, 0x5c, 0x17, 0x17, 0x0f, 0x29, 0x52, 0x8b, 0x21, 0x8b, 0x52, 0x21,
    0x9f, 0x09, 0x03, 0x05, 0x03, 0x03, 0x03, 0x05, 0x05, 0x17, 0x1a, 0x1a, 0x4c, 0x29, 0x65, 0x67,
    0x21, 0x05, 0x76, 0x09, 0x17, 0x03, 0x21, 0x17, 0x09, 0x05, 0x09, 0x09, 0x0f, 0x09, 0x0f, 0x17,
    0x67, 0x6b, 0x67, 0x65, 0x09, 0x52, 0x52, 0x8b, 0x8b, 0x21, 0x52, 0x21, 0x52, 0x0f, 0x09, 0xd2,
    0x9f, 0x58, 0x9f, 0x3e, 0x09, 0x40, 0x3e, 0x03, 0x03, 0x17, 0x03, 0x17, 0x35, 0x65, 0x67, 0x67,
    0x3e, 0xa7, 0x3e, 0x46, 0x4b, 0x17, 0x03, 0x3e, 0x58, 0x58, 0x9f, 0x52, 0x0f, 0x4c, 0x01, 0x01,
    0x09, 0x0f, 0x09, 0x76, 0x05, 0x05, 0x03, 0x29, 0x03, 0x17, 0xbd, 0x6b, 0x4b, 0x38, 0x05, 0x22,
    0x09, 0x0f, 0x09, 0x21, 0x21, 0x4c, 0x52, 0x52, 0x8b, 0x21, 0xbd, 0x6b, 0x4b, 0x38, 0x05, 0x22,
    0x09, 0x29, 0x38, 0x90, 0x38, 0x09, 0x05, 0x03, 0x05, 0x03, 0x03, 0x1a, 0x38, 0x5c, 0x3e, 0x46,
    0x21, 0x05, 0x05, 0x21, 0x40, 0x0f, 0x09, 0x05, 0x09, 0x05, 0x05, 0x40, 0x05, 0x09, 0x09, 0x05,
    0x0f, 0x21, 0x21, 0x29, 0x9f, 0x3e, 0x17, 0x38, 0x58, 0x21, 0x38, 0x58, 0x03, 0x05, 0x05, 0x05,
    0x65, 0x65, 0x29, 0x05, 0x09, 0x09, 0x38, 0x05, 0x17, 0x38, 0x8b, 0x01, 0x03, 0x05, 0x05, 0x0f,
    0x05, 0x05, 0x05, 0x32, 0x8b, 0x8b, 0x21, 0x52, 0x09, 0x03, 0x8b, 0xd0, 0x8b, 0x52, 0x9f, 0xd2,
    0x6f, 0x6f, 0x67, 0x67, 0x6f, 0x5c, 0x67, 0x6f, 0x79, 0x67, 0x4b, 0x29, 0x0f, 0x58, 0x09, 0x58,
    0x0f, 0x09, 0x09, 0x0f, 0x4b, 0x65, 0x46, 0x38, 0x4b, 0x0f, 0x3e, 0x38, 0xd0, 0x03, 0x09, 0x09,
    0x38, 0x09, 0x0f, 0x35, 0x35, 0x35, 0x1a, 0x3e, 0x3e, 0x6f, 0x67, 0x67, 0x6f, 0x6f, 0x6f, 0x67,
    0x6f, 0x6b, 0x67, 0x6b, 0x6f, 0x46, 0x5a, 0x65, 0x17, 0x52, 0x0f, 0x29, 0x52, 0x29, 0x21, 0xd2,
    0x9f, 0x58, 0x03, 0x09, 0x05, 0x21, 0x09, 0x03, 0x1a, 0x1a, 0x1a, 0x35, 0x40, 0x4c, 0x6f, 0x67,
    0x0f, 0x0f, 0x21, 0x09, 0x05, 0x05, 0x05, 0x09, 0x03, 0x03, 0x09, 0x0f, 0x09, 0x05, 0x0f, 0x17,
    0x67, 0x6b, 0x76, 0x5c, 0x52, 0x09, 0x21, 0x52, 0x8b, 0x0f, 0x29, 0x21, 0x52, 0x52, 0x09, 0x21,
    0xd2, 0x6b, 0x58, 0x38, 0x2a, 0x17, 0x0f, 0x17, 0x40, 0x40, 0x0f, 0x26, 0x35, 0x65, 0x5c, 0x67,
    0x46, 0x46, 0x46, 0x46, 0x4b, 0x4b, 0x0f, 0x03, 0x21, 0x9f, 0x58, 0x05, 0x09, 0x03, 0x40, 0x52,
    0x05, 0x21, 0x09, 0x29, 0x0f, 0x09, 0x03, 0x17, 0x03, 0x05, 0x03, 0x22, 0x38, 0x0f, 0x05, 0x0f,
    0x05, 0x21, 0x09, 0x09, 0x8b, 0x52, 0x21, 0x09, 0x52, 0x21, 0x03, 0x22, 0x38, 0x0f, 0x05, 0x0f,
    0x09, 0x90, 0x05, 0x0f, 0x09, 0x05, 0x03, 0x05, 0x03, 0x05, 0x03, 0x35, 0x32, 0x4b, 0x4b, 0x4b,
    0x8b, 0x8b, 0x40, 0x21, 0x0f, 0x09, 0x09, 0x05, 0x09, 0x17, 0x21, 0x05, 0x05, 0x0f, 0x05, 0x21,
    0x21, 0x21, 0x09, 0x09, 0x21, 0x3e, 0x21, 0x9f, 0xd2, 0x5a, 0x03, 0x38, 0x38, 0x01, 0x03, 0x46,
    0x5a, 0x9f, 0x76, 0x05, 0x21, 0x09, 0x21, 0x09, 0x0f, 0x0f, 0x38, 0x03, 0x01, 0x01, 0x09, 0x21,
    0x21, 0x05, 0x52, 0x09, 0x52, 0x09, 0x52, 0x8b, 0x52, 0x09, 0xd2, 0xd2, 0x9f, 0x58, 0xd2, 0x38,
    0x67, 0x6f, 0x76, 0x5c, 0x4b, 0x5a, 0x67, 0x6f, 0xa9, 0x6f, 0x21, 0x29, 0x38, 0x9f, 0x9f, 0x21,
    0x0f, 0x17, 0x52, 0x17, 0x0f, 0x4b, 0x46, 0x38, 0x0f, 0x0f, 0x8b, 0x09, 0x52, 0x52, 0x90, 0x4c,
    0x21, 0x58, 0x0f, 0x09, 0x03, 0x35, 0x1a, 0x1a, 0x5c, 0x6f, 0x5c, 0x5c, 0x79, 0x6f, 0x6f, 0x6f,
    0x67, 0x6f, 0x76, 0x5c, 0x4b, 0x5a, 0x46, 0x65, 0x17, 0x0f, 0x29, 0x32, 0x0f, 0x21, 0x29, 0x21,
    0xd2, 0x4b, 0x05, 0x03, 0x03, 0x35, 0x0f, 0x1a, 0x1a, 0x35, 0x1a, 0x4b, 0x3e, 0x29, 0x65, 0x6f,
    0x0f, 0x0f, 0x09, 0x09, 0x52, 0x1b, 0x39, 0x05, 0x05, 0x19, 0x03, 0x1c, 0x38, 0x22, 0x09, 0x03,
    0x67, 0x65, 0x6b, 0xa7, 0x6f, 0x52, 0x05, 0x0f, 0x21, 0x0f, 0x32, 0x8b, 0x17, 0x01, 0x09, 0x9f,
    0x58, 0x21, 0x38, 0x21, 0x58, 0x03, 0x05, 0x09, 0x09, 0x17, 0x17, 0x35, 0x35, 0x29, 0x6f, 0x65,
    0x5a, 0x3e, 0x4b, 0x4b, 0x3e, 0x65, 0x09, 0x0f, 0x17, 0x0f, 0x09, 0x05, 0x09, 0x21, 0x0f, 0x09,
    0x21, 0x05, 0x76, 0x05, 0x17, 0x03, 0x21, 0x17, 0x09, 0x05, 0x09, 0x09, 0x0f, 0x09, 0x09, 0x05,
    0x21, 0x05, 0x76, 0x05, 0x17, 0x03, 0x21, 0x17, 0x09, 0x05, 0x09, 0x09, 0x0f, 0x09, 0x09, 0x05,
    0x09, 0x05, 0x05, 0x05, 0x03, 0x05, 0x05, 0x17, 0x05, 0x03, 0x1a, 0x28, 0x38, 0x3e, 0x46, 0x46,
    0x8b, 0x4c, 0x46, 0x05, 0x17, 0x09, 0x05, 0x05, 0x09, 0x03, 0x21, 0x09, 0x05, 0x05, 0x0f, 0x0f,
    0x0f, 0x0f, 0x9f, 0x38, 0x05, 0x3e, 0x09, 0x17, 0x38, 0x58, 0x8b, 0x17, 0x38, 0x03, 0x46, 0x3e,
    0x38, 0x65, 0x8b, 0x09, 0x4b, 0x38, 0x4b, 0x17, 0x05, 0x0f, 0x46, 0x17, 0x01, 0x01, 0x09, 0x21,
    0x21, 0x52, 0x09, 0x52, 0x52, 0x8b, 0x52, 0x52, 0x5d, 0x21, 0x3e, 0xd2, 0x9f, 0x3e, 0x9f, 0x65,
    0x6f, 0x67, 0x76, 0xa7, 0x6b, 0x4b, 0x6f, 0x6f, 0x21, 0x21, 0x58, 0x03, 0x58, 0x9f, 0xd2, 0x9f,
    0x17, 0x29, 0x21, 0x52, 0x17, 0x0f, 0x76, 0x46, 0x0f, 0x8b, 0xd0, 0x52, 0x52, 0x21, 0x09, 0x4c,
    0x3e, 0x21, 0x03, 0x0f, 0x0f, 0x03, 0x35, 0x1a, 0x4b, 0x4b, 0x58, 0x5c, 0xb0, 0x4b, 0x67, 0x67,
    0x6f, 0x6f, 0x76, 0xa7, 0x6f, 0x46, 0x65, 0x05, 0x4c, 0x8b, 0x52, 0x6c, 0x29, 0x21, 0x09, 0x9f,
    0x58, 0x21, 0x38, 0x03, 0x09, 0x1a, 0x1a, 0x28, 0x1a, 0x1a, 0x3e, 0x4c, 0x4b, 0x29, 0x6f, 0x6f,
    0x0f, 0x21, 0x09, 0x8e, 0x8e, 0x1b, 0x25, 0x1b, 0x09, 0x1b, 0x8e, 0x8e, 0x44, 0x1b, 0x17, 0x21,
    0x5a, 0x5a, 0x58, 0x3e, 0x52, 0x17, 0x0f, 0x09, 0x0f, 0x21, 0x0f, 0x32, 0x01, 0x09, 0x01, 0x6b,
    0x21, 0x38, 0x38, 0x21, 0x21, 0x21, 0x09, 0x0f, 0x05, 0x03, 0x0f, 0x1a, 0x35, 0x35, 0x52, 0x52,
    0x76, 0x4b, 0x4b, 0x4b, 0x58, 0x3e, 0x0f, 0x8e, 0x09, 0x19, 0x52, 0x2b, 0x09, 0x22, 0x09, 0x05,
    0x05, 0x03, 0x17, 0x05, 0x05, 0x05, 0x05, 0x09, 0x03, 0x03, 0x09, 0x0f, 0x05, 0x05, 0x09, 0x17,
    0x05, 0x03, 0x17, 0x05, 0x05, 0x05, 0x05, 0x09, 0x03, 0x03, 0x09, 0x0f, 0x05, 0x05, 0x09, 0x17,
    0x09, 0x05, 0x03, 0x0f, 0x03, 0x03, 0x09, 0x03, 0x03, 0x05, 0x1a, 0x1a, 0x38, 0x4b, 0x40, 0x46,
    0x29, 0x46, 0x29, 0x05, 0x05, 0x05, 0x05, 0x05, 0x05, 0x03, 0x09, 0x05, 0x03, 0x05, 0x03, 0x5c,
    0x17, 0x0f, 0x38, 0x38, 0x0f, 0x17, 0x8b, 0x52, 0x90, 0x90, 0x52, 0x8b, 0x52, 0x05, 0x21, 0x46,
    0x9f, 0x58, 0x4b, 0x21, 0x29, 0x3e, 0x09, 0x17, 0x05, 0x17, 0x58, 0x0f, 0x38, 0x05, 0x09, 0x29,
    0x05, 0x21, 0x0f, 0x52, 0xd0, 0x8b, 0x52, 0x8b, 0x90, 0x6c, 0x09, 0x3e, 0x58, 0x21, 0x38, 0x58,
    0x67, 0x5c, 0x5a, 0x3e, 0x5a, 0x5c, 0x3e, 0x4b, 0x0f, 0x3e, 0x58, 0x03, 0x38, 0x9f, 0x6b, 0x21,
    0x46, 0x03, 0x8b, 0x21, 0x52, 0x21, 0x29, 0x0f, 0x5d, 0xd0, 0x21, 0x21, 0xd0, 0x8b, 0x03, 0x52,
    0x17, 0x38, 0x21, 0x03, 0x05, 0x05, 0x17, 0x35, 0x5c, 0x52, 0x4b, 0x5c, 0xb0, 0x76, 0x5c, 0x5a,
    0x6f, 0x6f, 0x5a, 0x3e, 0x52, 0x17, 0x29, 0x4c, 0x52, 0x8b, 0x8b, 0x52, 0x8b, 0x09, 0x21, 0x58,
    0x21, 0x05, 0x46, 0x03, 0x09, 0x1a, 0x35, 0x35, 0x35, 0x6f, 0x46, 0x40, 0x40, 0x40, 0x52, 0x52,
    0x09, 0x0f, 0x09, 0x39, 0x8e, 0x44, 0x1b, 0x44, 0x8e, 0x44, 0x3e, 0x44, 0x44, 0x1b, 0x35, 0x17,
    0x52, 0x52, 0x6f, 0x4b, 0x65, 0x0f, 0x09, 0x21, 0x32, 0x8b, 0x52, 0x21, 0x8b, 0x21, 0x21, 0x58,
    0x58, 0x58, 0x09, 0x0f, 0x32, 0x05, 0x05, 0x05, 0x03, 0x03, 0x17, 0x28, 0x1a, 0x29, 0x46, 0x65,
    0xb0, 0x5c, 0x4b, 0x4b, 0x6f, 0x51, 0x44, 0x8e, 0x1b, 0x44, 0x87, 0x1b, 0x44, 0x1b, 0x35, 0x21,
    0x05, 0x09, 0x05, 0x05, 0x46, 0x1b, 0x39, 0x05, 0x05, 0x19, 0x05, 0x1c, 0x38, 0x22, 0x05, 0x05,
    0x05, 0x09, 0x05, 0x05, 0x46, 0x1b, 0x39, 0x05, 0x05, 0x19, 0x05, 0x1c, 0x38, 0x22, 0x05, 0x05,
    0x09, 0x03, 0x09, 0x1b, 0x34, 0x1b, 0x20, 0x03, 0x28, 0x35, 0x1a, 0x32, 0x46, 0x4b, 0x32, 0x52,
    0x21, 0x21, 0x46, 0x21, 0x03, 0x05, 0x09, 0x05, 0x7d, 0x4c, 0x05, 0x05, 0x8b, 0x05, 0x26, 0x35,
    0x0f, 0x35, 0x1a, 0x05, 0x21, 0x05, 0x05, 0x8b, 0xd0, 0x8b, 0x6c, 0x4c, 0x05, 0x05, 0x21, 0x21,
    0x58, 0x9f, 0x21, 0x21, 0x3e, 0x21, 0x09, 0x09, 0x38, 0x38, 0x29, 0x17, 0x05, 0x0f, 0x21, 0x17,
    0x21, 0x21, 0x8b, 0xd0, 0x52, 0x52, 0x21, 0x8b, 0xd0, 0x3e, 0x52, 0x09, 0x09, 0x21, 0x46, 0x38,
    0x58, 0x5a, 0x6f, 0x4b, 0x6f, 0x6f, 0x6f, 0x3e, 0x58, 0x9f, 0x09, 0x9f, 0x5a, 0x38, 0x9f, 0x6b,
    0x38, 0x09, 0x21, 0x21, 0x4c, 0x52, 0x4c, 0x21, 0x52, 0x52, 0x21, 0x90, 0x90, 0xd0, 0x5c, 0x21,
    0x4b, 0x58, 0x09, 0x09, 0x03, 0x05, 0x05, 0x35, 0x1a, 0x6f, 0x6f, 0x67, 0x67, 0x5c, 0x5a, 0x4b,
    0x52, 0x52, 0x6f, 0x4b, 0x6f, 0x38, 0x38, 0x52, 0x90, 0x8b, 0x8b, 0x8b, 0x52, 0x52, 0x21, 0x29,
    0x58, 0x58, 0x09, 0x05, 0x09, 0x17, 0x1a, 0x35, 0x4c, 0x46, 0x46, 0x29, 0x4b, 0x29, 0x40, 0x46,
    0x35, 0x09, 0x1b, 0x44, 0x44, 0x44, 0x1b, 0x1b, 0x8e, 0x1a, 0x1b, 0x1b, 0x1b, 0x1b, 0x1b, 0x35,
    0x4b, 0x3e, 0x58, 0x6f, 0x40, 0x29, 0x17, 0x52, 0x8b, 0x21, 0x90, 0x8b, 0x0f, 0x01, 0x0f, 0x21,
    0x21, 0x17, 0x03, 0x05, 0x09, 0x09, 0x05, 0x05, 0x03, 0x03, 0x35, 0x1a, 0x52, 0x65, 0x38, 0x46,
    0x4b, 0x65, 0x67, 0x5c, 0xb0, 0x5c, 0x1b, 0x25, 0x1b, 0x1a, 0x8e, 0x44, 0x1b, 0x1b, 0x09, 0x09,
    0x35, 0x05, 0x05, 0x8e, 0x8e, 0x1b, 0x25, 0x1b, 0x05, 0x1b, 0x8e, 0x44, 0x44, 0x1b, 0x1b, 0x6f,
    0x35, 0x05, 0x05, 0x8e, 0x8e, 0x1b, 0x25, 0x1b, 0x05, 0x1b, 0x8e, 0x44, 0x44, 0x1b, 0x1b, 0x6f,
    0x1a, 0x65, 0x44, 0x8e, 0x41, 0x1b, 0x59, 0x19, 0x35, 0x35, 0x1a, 0x38, 0x46, 0x38, 0x32, 0x83,
    0x21, 0x21, 0x4c, 0x8b, 0x05, 0x09, 0x09, 0x0f, 0x0f, 0x21, 0x03, 0x17, 0x1a, 0x28, 0x35, 0x35,
    0x35, 0x35, 0x35, 0x05, 0x05, 0x05, 0x21, 0xd0, 0xd0, 0x52, 0x21, 0x8b, 0x90, 0x7d, 0x46, 0x52,
    0x9f, 0x3e, 0x05, 0x17, 0x21, 0x0f, 0x21, 0x21, 0x09, 0x38, 0x38, 0x17, 0x05, 0x05, 0x21, 0x46,
    0x21, 0x21, 0xd0, 0x21, 0x21, 0x8b, 0x8b, 0x8b, 0x21, 0x52, 0x21, 0x03, 0x09, 0x9f, 0x46, 0x3e,
    0x4b, 0x3e, 0x5a, 0x67, 0x4b, 0x79, 0x6f, 0x21, 0x46, 0x58, 0x9f, 0x9f, 0x38, 0x38, 0xd2, 0x21,
    0x3e, 0x09, 0x8b, 0x52, 0x52, 0x8b, 0x8b, 0x09, 0x21, 0x09, 0x52, 0x52, 0x90, 0x52, 0x21, 0x4c,
    0x21, 0x0f, 0x21, 0x0f, 0x05, 0x09, 0x0f, 0x35, 0x1a, 0x1a, 0x6f, 0x5c, 0x76, 0x5c, 0x58, 0x4b,
    0x4b, 0x3e, 0x52, 0x6f, 0x52, 0x52, 0x8b, 0x99, 0xd0, 0x52, 0x29, 0x52, 0x8b, 0x29, 0x52, 0x21,
    0x21, 0x09, 0x0f, 0x05, 0x03, 0x21, 0x1a, 0x1a, 0x26, 0x4c, 0x4c, 0x65, 0x5a, 0x46, 0x32, 0x4b,
    0x35, 0x35, 0x35, 0x35, 0x44, 0x35, 0x38, 0x44, 0x35, 0x1a, 0x35, 0x3d, 0x35, 0x35, 0x35, 0x35,
    0x52, 0x58, 0x46, 0x6f, 0x21, 0x4c, 0x4c, 0x8b, 0x8b, 0xd0, 0xd0, 0x4c, 0x17, 0x01, 0x21, 0x21,
    0x21, 0x21, 0x0f, 0x09, 0x05, 0x17, 0x0f, 0x05, 0x03, 0x35, 0x35, 0x35, 0x57, 0x65, 0x29, 0x4b,
    0x65, 0x67, 0x6c, 0x5a, 0x4b, 0x1b, 0x1b, 0x44, 0x1b, 0x1a, 0x44, 0x44, 0x44, 0x8e, 0x35, 0x35,
    0x1a, 0x1a, 0x35, 0x41, 0x8e, 0x44, 0x1b, 0x44, 0x8e, 0x44, 0x38, 0x44, 0x44, 0x1b, 0x35, 0x35,
    0x1a, 0x1a, 0x35, 0x41, 0x8e, 0x44, 0x1b, 0x44, 0x8e, 0x44, 0x38, 0x44, 0x44, 0x1b, 0x35, 0x35,
    0x1a, 0x44, 0x44, 0x35, 0x44, 0x44, 0x44, 0x1b, 0x35, 0x1a, 0x4c, 0x52, 0x5d, 0x4c, 0x76, 0xb0,
    0x46, 0x4c, 0x4c, 0x46, 0x09, 0x0f, 0x0f, 0x09, 0x09, 0x17, 0x17, 0x35, 0x35, 0x35, 0x35, 0x35,
    0x35, 0x35, 0x35, 0x35, 0x35, 0x03, 0x05, 0x8b, 0x8b, 0xd0, 0x52, 0x8b, 0xd0, 0x40, 0x8b, 0x46,
    0x38, 0x38, 0x38, 0x21, 0x05, 0x21, 0x21, 0x09, 0x05, 0x9f, 0x2a, 0x21, 0x05, 0x05, 0x58, 0x58,
    0x21, 0x05, 0x21, 0x52, 0x21, 0xd0, 0xd0, 0x09, 0x52, 0x21, 0x52, 0x03, 0x09, 0x21, 0x38, 0x38,
    0x5a, 0x5a, 0x5c, 0x67, 0x79, 0xa9, 0x6f, 0x0f, 0x58, 0x9f, 0xd2, 0x9f, 0x65, 0x38, 0x9f, 0x21,
    0x21, 0x52, 0x52, 0x8b, 0x90, 0x8b, 0x52, 0x8b, 0x8b, 0x21, 0x21, 0x52, 0x52, 0x90, 0x8b, 0x4c,
    0x09, 0x21, 0x05, 0x21, 0x03, 0x21, 0x03, 0x03, 0x35, 0x35, 0xb0, 0x6f, 0xa7, 0x5a, 0x46, 0x4b,
    0x52, 0x52, 0x46, 0x65, 0x29, 0x52, 0x8b, 0x21, 0xd0, 0xd0, 0x52, 0x8b, 0x52, 0x52, 0x01, 0x21,
    0x21, 0x21, 0x09, 0x09, 0x03, 0x05, 0x4c, 0x09, 0x1a, 0x35, 0x4b, 0x4c, 0x6f, 0x4b, 0x29, 0x4b,
    0x35, 0x35, 0x52, 0x65, 0x35, 0x35, 0x35, 0x35, 0x65, 0x67, 0x6f, 0x35, 0x35, 0x35, 0x90, 0x6f,
    0x52, 0x5c, 0x67, 0x65, 0x21, 0x46, 0x09, 0x52, 0x8b, 0xd0, 0x5d, 0x52, 0x01, 0x0f, 0x52, 0x52,
    0x5d, 0x17, 0x17, 0x03, 0x09, 0x17, 0x05, 0x03, 0x03, 0x35, 0x35, 0x46, 0x40, 0x40, 0x29, 0x3e,
    0x67, 0x67, 0x6f, 0x6f, 0x4b, 0x1b, 0x32, 0x1b, 0x29, 0x35, 0x44, 0x4c, 0x4c, 0x44, 0x44, 0x4c,
    0x1a, 0x35, 0x1b, 0x44, 0x41, 0x44, 0x1b, 0x1b, 0x8e, 0x1a, 0x1b, 0x1b, 0x1b, 0x1b, 0x1b, 0x35,
    0x1a, 0x35, 0x1b, 0x44, 0x41, 0x44, 0x1b, 0x1b, 0x8e, 0x1a, 0x1b, 0x1b, 0x1b, 0x1b, 0x1b, 0x35,
    0x1a, 0x1b, 0x35, 0x35, 0x35, 0x57, 0x1a, 0x1b, 0x1b, 0x1a, 0x5c, 0x4c, 0x67, 0x65, 0xa9, 0x6f,
    0x46, 0x21, 0x8b, 0x21, 0x32, 0x05, 0x05, 0x40, 0x21, 0x17, 0x35, 0x1a, 0x35, 0x35, 0x9f, 0x35,
    0x3e, 0x6b, 0x9f, 0x6b, 0x38, 0x21, 0x0f, 0x52, 0xd0, 0x21, 0x21, 0x46, 0x21, 0x46, 0x21, 0x21,
    0x38, 0x38, 0x21, 0x21, 0x21, 0x38, 0x0f, 0x05, 0x03, 0x05, 0x09, 0x05, 0x21, 0x05, 0x21, 0x21,
    0x05, 0x21, 0x09, 0x09, 0x52, 0x52, 0x52, 0x05, 0x21, 0x21, 0x21, 0x46, 0x21, 0x05, 0x26, 0x21,
    0x4b, 0x5a, 0x5c, 0x67, 0x6f, 0x5c, 0x0f, 0x0f, 0x9f, 0x3e, 0x9f, 0xd2, 0x38, 0x0f, 0x58, 0x46,
    0x90, 0x52, 0xd0, 0x52, 0x8b, 0xd0, 0xd0, 0x52, 0x8b, 0x40, 0x21, 0x21, 0x52, 0x52, 0x21, 0x26,
    0x6c, 0x21, 0x29, 0x05, 0x03, 0x05, 0x09, 0x05, 0x09, 0x17, 0x35, 0x6f, 0x5c, 0x4b, 0x29, 0x3e,
    0x4b, 0x5a, 0x5c, 0x65, 0x17, 0x52, 0x29, 0x4c, 0x8b, 0x58, 0x52, 0x4c, 0x21, 0x01, 0x01, 0x52,
    0x6c, 0x21, 0x29, 0x05, 0x09, 0x09, 0x05, 0x0f, 0x1a, 0x35, 0x35, 0x4c, 0x4c, 0x4c, 0x29, 0x3e,
    0x35, 0x5c, 0x6f, 0x67, 0x4b, 0xa9, 0x5c, 0x6f, 0x5c, 0x6f, 0x5c, 0x65, 0x65, 0x76, 0x5a, 0x58,
    0x5a, 0x5c, 0x6f, 0x65, 0x21, 0x09, 0x52, 0x0f, 0x52, 0x8b, 0x01, 0x52, 0x0f, 0x4c, 0x8b, 0x8b,
    0x99, 0x5d, 0x21, 0x05, 0x03, 0x09, 0x01, 0x05, 0x03, 0x57, 0x35, 0x35, 0x46, 0x3e, 0x3e, 0x29,
    0x6f, 0x5c, 0x6f, 0x90, 0x5c, 0xa9, 0x4b, 0x52, 0x52, 0x58, 0x52, 0x65, 0x65, 0x4b, 0x4b, 0x4b,
    0x46, 0x52, 0x35, 0x6b, 0x44, 0x35, 0x5d, 0x35, 0x35, 0x1a, 0x35, 0x5d, 0x35, 0x35, 0x35, 0x35,
    0x46, 0x52, 0x35, 0x6b, 0x44, 0x35, 0x5d, 0x35, 0x35, 0x1a, 0x35, 0x5d, 0x35, 0x35, 0x35, 0x35,
    0x40, 0x32, 0x8b, 0x5c, 0x67, 0x6b, 0x46, 0x4c, 0x5a, 0x52, 0x71, 0x76, 0x76, 0x79, 0x6f, 0xa7,
    0x21, 0x21, 0x17, 0x0f, 0x21, 0x09, 0x05, 0x05, 0x21, 0x21, 0x35, 0x35, 0x35, 0xa9, 0x71, 0x5a,
    0x6b, 0x6b, 0x3e, 0x3e, 0x6b, 0x05, 0x52, 0x8b, 0x21, 0x21, 0x8b, 0x09, 0x8b, 0x4c, 0x21, 0x21,
    0x21, 0x21, 0x21, 0x05, 0x03, 0x09, 0x05, 0x05, 0x03, 0x03, 0x05, 0x4c, 0x46, 0x8b, 0x46, 0x46,
    0x05, 0x46, 0x21, 0x05, 0x46, 0x03, 0x05, 0x05, 0x21, 0x05, 0x46, 0x46, 0x8b, 0x8b, 0x21, 0x21,
    0x58, 0x5c, 0x67, 0x6f, 0x5c, 0x0f, 0x21, 0x3e, 0x4b, 0x9f, 0x58, 0x38, 0x29, 0x0f, 0x0f, 0x5c,
    0xd0, 0x90, 0x52, 0x52, 0x4c, 0x8b, 0xd0, 0x52, 0x4c, 0x6c, 0x4c, 0x76, 0x21, 0x52, 0x21, 0x21,
    0x90, 0x52, 0x52, 0x21, 0x05, 0x09, 0x0f, 0x05, 0x05, 0x05, 0x35, 0x35, 0x57, 0x38, 0x3e, 0x29,
    0x58, 0x5c, 0x6f, 0x46, 0x0f, 0x21, 0x52, 0x52, 0x21, 0x21, 0x58, 0x0f, 0xd0, 0x21, 0x99, 0x8b,
    0x90, 0x52, 0x52, 0x29, 0x0f, 0x05, 0x05, 0x01, 0x01, 0x35, 0x28, 0x28, 0x57, 0x1a, 0x38, 0x29,
    0x6f, 0x5c, 0x6f, 0x90, 0x5c, 0xa9, 0x4b, 0x58, 0x4b, 0x58, 0x4b, 0x65, 0x5c, 0x4b, 0x4b, 0x4b,
    0x5a, 0x6f, 0x5a, 0x52, 0x52, 0x09, 0x17, 0x21, 0x0f, 0x52, 0x0f, 0x17, 0x21, 0x8b, 0x21, 0x8b,
    0xd0, 0x21, 0x52, 0x17, 0x38, 0x01, 0x05, 0x09, 0x09, 0x1a, 0x1a, 0x1a, 0x1a, 0x46, 0x46, 0x3e,
    0x6f, 0x6f, 0x6f, 0x6f, 0x67, 0x65, 0x5c, 0x5a, 0x52, 0x52, 0x4b, 0x4b, 0x90, 0x4b, 0x4b, 0x46,
    0x42, 0x46, 0x52, 0x5a, 0x6b, 0x6b, 0x9f, 0x52, 0x52, 0x5d, 0x76, 0x90, 0x7d, 0x76, 0x90, 0x76,
    0x42, 0x46, 0x52, 0x5a, 0x6b, 0x6b, 0x9f, 0x52, 0x52, 0x5d, 0x76, 0x90, 0x7d, 0x76, 0x90, 0x76,
    0x46, 0x4b, 0x5c, 0x67, 0x6f, 0x6f, 0xa7, 0x5c, 0x5c, 0x70, 0x79, 0x90, 0x83, 0x83, 0x90, 0x83,
    0x21, 0x21, 0x21, 0x17, 0x46, 0x21, 0x05, 0x17, 0x03, 0x09, 0x35, 0x35, 0x35, 0x6b, 0x5a, 0x52,
    0x70, 0x6b, 0x90, 0x9f, 0x6b, 0x0f, 0x21, 0x21, 0x46, 0x46, 0x21, 0x21, 0x46, 0x29, 0x8b, 0x46,
    0x05, 0x21, 0x21, 0x46, 0x46, 0x05, 0x05, 0x38, 0x38, 0x21, 0x46, 0x8b, 0x8b, 0x46, 0x46, 0x46,
    0x46, 0x21, 0x21, 0x21, 0x05, 0x21, 0x21, 0x03, 0x05, 0x21, 0x21, 0x8b, 0x46, 0x46, 0x46, 0x46,
    0x58, 0x6f, 0x5c, 0x5a, 0x4b, 0x0f, 0x21, 0x21, 0x17, 0x09, 0x58, 0x0f, 0x52, 0x29, 0x0f, 0x29,
    0x8b, 0x4c, 0x21, 0x52, 0x21, 0x21, 0x8b, 0x21, 0x4c, 0x52, 0x21, 0x21, 0x52, 0xd0, 0x8b, 0x52,
    0xd0, 0x21, 0x52, 0x29, 0x40, 0x38, 0x09, 0x0f, 0x17, 0x09, 0x17, 0x1a, 0x38, 0x46, 0x4b, 0x3e,
    0x58, 0x6f, 0x5c, 0x21, 0x0f, 0x21, 0x17, 0x0f, 0x03, 0x0f, 0x09, 0x17, 0x52, 0xd0, 0xd0, 0x8b,
    0xd0, 0x21, 0x52, 0x21, 0x0f, 0x03, 0x09, 0x21, 0x09, 0x1a, 0x1a, 0x1a, 0x1a, 0x46, 0x46, 0x3e,
    0x6f, 0x6f, 0x6f, 0x6f, 0x67, 0x67, 0x5c, 0x5c, 0x5a, 0x4b, 0x4b, 0x4b, 0x90, 0x4b, 0x4b, 0x4b,
    0x21, 0x58, 0x21, 0x21, 0x9f, 0x21, 0x21, 0x21, 0x38, 0x52, 0x8b, 0x4c, 0x5c, 0xd0, 0x8b, 0x52,
    0x6f, 0x6f, 0xa9, 0x6f, 0x67, 0x6f, 0x6f, 0x6f, 0x5c, 0x5c, 0x5a, 0x4b, 0x3e, 0xa7, 0xa7, 0x3e,
    0x21, 0x21, 0x21, 0x0f, 0x03, 0x21, 0x03, 0x21, 0x05, 0x52, 0x46, 0x8b, 0x46, 0x52, 0x8b, 0x40,
    0x40, 0x21, 0x29, 0x21, 0x17, 0x21, 0x21, 0x21, 0x21, 0x21, 0x46, 0x46, 0x21, 0x40, 0x8b, 0x52,
    0x21, 0x21, 0x21, 0x38, 0x38, 0x0f, 0x09, 0x05, 0x09, 0x21, 0x35, 0x35, 0x35, 0x35, 0x52, 0xb0,
    0x6b, 0x6b, 0xa9, 0x5c, 0x21, 0x21, 0x21, 0x09, 0x46, 0x21, 0x21, 0x05, 0x21, 0x29, 0x21, 0x46,
    0x5a, 0x5a, 0x5a, 0x6f, 0x09, 0x21, 0x09, 0x21, 0x21, 0x21, 0x8b, 0x52, 0x52, 0xd0, 0x8b, 0x52,
    0x21, 0x09, 0x09, 0x09, 0x0f, 0x09, 0x05, 0x05, 0x03, 0x1a, 0x1a, 0x28, 0x35, 0xa7, 0xa7, 0x3e,
    0x3e, 0x6f, 0x79, 0x79, 0x6f, 0x90, 0x90, 0x79, 0x6f, 0x5c, 0x58, 0x4b, 0x4b, 0x4b, 0x5a, 0x67,
    0x4b, 0x4b, 0x5c, 0x46, 0x3e, 0x4b, 0x5c, 0x6b, 0x65, 0x5c, 0x65, 0x67, 0x6f, 0x90, 0x4b, 0x67,
    0x5a, 0x5c, 0x5c, 0x65, 0x58, 0x4b, 0x46, 0x46, 0x46, 0x3e, 0x4b, 0x5c, 0xa7, 0xa7, 0x5c, 0xb0,
    0x6f, 0x6f, 0xa9, 0x6f, 0x6f, 0x70, 0x79, 0x79, 0x6f, 0x67, 0x5a, 0x4b, 0x3e, 0xa7, 0xa7, 0x3e,
    0x36, 0x22, 0x22, 0x22, 0x36, 0x4b, 0x4b, 0x76, 0x76, 0xb0, 0x65, 0x5a, 0x58, 0x58, 0x58, 0x76,
    0x4b, 0x3e, 0x22, 0x36, 0x46, 0x36, 0x22, 0x0f, 0x22, 0x36, 0x36, 0x36, 0x3e, 0x3e, 0x22, 0x22,
    0x52, 0x36, 0x22, 0x36, 0x52, 0x36, 0x22, 0x22, 0x2a, 0x36, 0x36, 0x36, 0x36, 0x36, 0x22, 0x22,
    0x36, 0x22, 0x22, 0x22, 0x36, 0x4b, 0x4b, 0x76, 0x76, 0xb0, 0x65, 0x5a, 0x58, 0x58, 0x58, 0x76,
    0xd2, 0x58, 0x58, 0x21, 0x21, 0x58, 0x01, 0x2a, 0x38, 0x22, 0x09, 0x52, 0x21, 0x09, 0x52, 0x0f,
    0x79, 0x90, 0x6f, 0x79, 0xa9, 0x01, 0x21, 0x01, 0x01, 0x5c, 0x6f, 0x4b, 0x3e, 0x3e, 0xa7, 0x3e,
    0x21, 0x29, 0x05, 0x21, 0x05, 0x05, 0x03, 0x03, 0x05, 0xd0, 0x8b, 0xd0, 0x21, 0x46, 0x46, 0x21,
    0x46, 0x46, 0x46, 0x05, 0x21, 0x21, 0x29, 0x21, 0x05, 0x05, 0x21, 0x21, 0x40, 0x21, 0x21, 0x46,
    0x58, 0xd2, 0x21, 0x05, 0x21, 0x05, 0x09, 0x05, 0x05, 0x03, 0x05, 0x05, 0x35, 0x9f, 0x6f, 0xa9,
    0x67, 0x90, 0x32, 0x21, 0x21, 0x01, 0x21, 0x29, 0x09, 0x09, 0x8b, 0x05, 0x09, 0x52, 0x46, 0x29,
    0x5a, 0x5c, 0x4b, 0x4b, 0x09, 0x03, 0x21, 0x09, 0x3e, 0x58, 0x8b, 0x21, 0x8b, 0xd0, 0xd0, 0x21,
    0x01, 0x09, 0x09, 0x09, 0x09, 0x21, 0x01, 0x03, 0x1a, 0x1a, 0x28, 0x35, 0x21, 0x3e, 0xa7, 0x3e,
    0x3e, 0xa9, 0x6f, 0x6f, 0xb0, 0x6f, 0x90, 0x6f, 0x67, 0x5c, 0x4b, 0x4b, 0x46, 0x46, 0x52, 0x6f,
    0x4b, 0x3e, 0x46, 0x3e, 0x4b, 0xa7, 0xa7, 0x5c, 0x46, 0x4b, 0x6f, 0x6f, 0x6f, 0x6f, 0x79, 0x6f,
    0x5a, 0x5c, 0x67, 0x6f, 0x52, 0x40, 0x46, 0x3e, 0x46, 0x3e, 0xa9, 0x4b, 0xa7, 0xa7, 0x6f, 0xa9,
    0x79, 0x90, 0x6f, 0x6f, 0xa9, 0x6f, 0x90, 0x6f, 0x6f, 0x5c, 0x6f, 0x4b, 0x3e, 0x3e, 0xa7, 0x3e,
    0x46, 0x36, 0x58, 0x4b, 0x76, 0x83, 0x90, 0x4b, 0x76, 0x65, 0x65, 0x58, 0x4b, 0x4b, 0x4b, 0x4b,
    0x4b, 0x46, 0x36, 0x3e, 0x22, 0x2a, 0x22, 0x22, 0x22, 0x36, 0x22, 0x36, 0x42, 0x76, 0x42, 0x36,
    0x5a, 0x4b, 0x36, 0x3e, 0x22, 0x2a, 0x22, 0x22, 0x22, 0x36, 0x22, 0x36, 0x58, 0x6f, 0x58, 0x3e,
    0x46, 0x36, 0x58, 0x4b, 0x76, 0x83, 0x90, 0x4b, 0x76, 0x65, 0x65, 0x58, 0x4b, 0x4b, 0x4b, 0x4b,
    0x38, 0x21, 0x0f, 0x0f, 0x0f, 0x0f, 0x38, 0x38, 0x40, 0x21, 0x0f, 0x03, 0x09, 0x09, 0x09, 0x09,
    0x6f, 0x90, 0x90, 0x6f, 0x21, 0x09, 0x21, 0x09, 0x01, 0x01, 0x09, 0x6f, 0x6f, 0x3e, 0x4b, 0x4b,
    0x21, 0x70, 0x46, 0x21, 0x29, 0x03, 0x03, 0x4c, 0x7d, 0x90, 0xd0, 0x70, 0x40, 0x0f, 0x09, 0x21,
    0x21, 0x46, 0x21, 0x29, 0x58, 0x9f, 0x21, 0x05, 0x58, 0x05, 0x05, 0x38, 0x65, 0x8b, 0x21, 0x29,
    0xa7, 0x9f, 0x58, 0x05, 0xd2, 0x58, 0x03, 0x05, 0x05, 0x21, 0x05, 0x05, 0x05, 0x0f, 0x6b, 0x46,
    0x6b, 0x21, 0x21, 0xd0, 0x8b, 0xd0, 0x21, 0x52, 0x4c, 0x21, 0x52, 0x8b, 0x8b, 0x6c, 0x21, 0x21,
    0x4b, 0x6f, 0x6f, 0x4b, 0x4b, 0x21, 0x09, 0x21, 0x0f, 0x3e, 0x29, 0x52, 0x52, 0xd0, 0x8b, 0x21,
    0x01, 0x52, 0x21, 0x05, 0x01, 0x09, 0x03, 0x1a, 0x17, 0x1a, 0x1a, 0x4b, 0x3e, 0x38, 0x46, 0x4b,
    0x6f, 0xa9, 0x6f, 0x6f, 0xa9, 0x6f, 0x76, 0x67, 0x5c, 0x5a, 0x4b, 0x46, 0x4b, 0x38, 0x40, 0x6f,
    0x4b, 0x4b, 0x5a, 0x5c, 0x5a, 0x4b, 0xa7, 0x3e, 0x46, 0x3e, 0x58, 0x6f, 0x6f, 0x79, 0x6f, 0xa9,
    0x4b, 0x6f, 0x6f, 0x4b, 0x46, 0x46, 0x46, 0x58, 0x5a, 0x58, 0x3e, 0x4b, 0x4b, 0x58, 0x5c, 0x6f,
    0x6f, 0x90, 0x90, 0x79, 0x79, 0x90, 0xa9, 0x6f, 0x90, 0x5c, 0x67, 0x67, 0x6f, 0x3e, 0x4b, 0x4b,
    0x76, 0x90, 0x4b, 0x83, 0x90, 0x90, 0x76, 0x67, 0x76, 0x4b, 0x4b, 0x4b, 0x58, 0x3e, 0x58, 0x76,
    0x5a, 0x36, 0x46, 0x65, 0x36, 0x22, 0x22, 0x22, 0x36, 0x4b, 0x3e, 0x3b, 0x36, 0x36, 0x36, 0x36,
    0x67, 0x36, 0x58, 0x76, 0x36, 0x22, 0x22, 0x22, 0x3e, 0x58, 0x3e, 0x3e, 0x36, 0x36, 0x36, 0x36,
    0x76, 0x90, 0x4b, 0x83, 0x90, 0x90, 0x76, 0x67, 0x76, 0x4b, 0x4b, 0x4b, 0x58, 0x3e, 0x58, 0x76,
    0x4b, 0x05, 0x09, 0x09, 0x17, 0x17, 0x29, 0xb0, 0x46, 0x21, 0x17, 0x05, 0x05, 0x03, 0x09, 0x0f,
    0xa9, 0x6f, 0x90, 0x52, 0x09, 0x6f, 0x09, 0x21, 0x21, 0x6f, 0x01, 0x03, 0x5c, 0x5c, 0x4b, 0x4b,
    0x8b, 0x8b, 0x46, 0x8b, 0x21, 0x46, 0x21, 0x4c, 0xd0, 0x76, 0x0f, 0x21, 0x7d, 0x29, 0x03, 0x21,
    0x17, 0x05, 0x21, 0x09, 0x3e, 0x46, 0x0f, 0x4b, 0x9f, 0x21, 0x21, 0x38, 0x58, 0x9f, 0x52, 0x29,
    0xd2, 0x38, 0x4b, 0x0f, 0x58, 0x58, 0x05, 0x03, 0x17, 0x32, 0x0f, 0x21, 0x21, 0x03, 0x05, 0x4b,
    0xa9, 0x4b, 0x8b, 0x52, 0x21, 0x4c, 0x5d, 0x21, 0x8b, 0x52, 0x52, 0x52, 0x8b, 0x52, 0x58, 0x9f,
    0x38, 0x4b, 0x4b, 0x46, 0x38, 0x09, 0x09, 0x0f, 0x58, 0x0f, 0x21, 0x0f, 0x3e, 0x52, 0x8b, 0x09,
    0x21, 0x09, 0x09, 0x03, 0x03, 0x09, 0x05, 0x03, 0x0f, 0x1a, 0x4b, 0x3e, 0x3e, 0x5c, 0x4b, 0x4b,
    0x6f, 0x79, 0x90, 0xb0, 0x6f, 0xa7, 0x6f, 0x5c, 0x5c, 0x5a, 0x4b, 0x46, 0x38, 0x29, 0x38, 0x3e,
    0xa7, 0x4b, 0x5a, 0x67, 0x67, 0x5c, 0x5a, 0x3e, 0x5a, 0x5a, 0x3e, 0x6f, 0x4b, 0xa9, 0x6f, 0xa9,
    0x38, 0x4b, 0x46, 0x4b, 0x46, 0x40, 0x46, 0x3e, 0x90, 0x4b, 0x4b, 0x4b, 0x4b, 0x4b, 0x5a, 0x67,
    0xa9, 0x6f, 0x90, 0x6f, 0x6f, 0x6f, 0x6f, 0x6f, 0xa9, 0x79, 0x6b, 0x67, 0x5c, 0x58, 0x4b, 0x4b,
    0x71, 0x76, 0x90, 0xb0, 0x58, 0x4b, 0x76, 0x65, 0x4b, 0x36, 0x22, 0x36, 0x22, 0x22, 0x36, 0x46,
    0x90, 0x36, 0x36, 0x6f, 0x6f, 0x36, 0x4b, 0x4b, 0x3e, 0x36, 0x36, 0x46, 0x3e, 0x22, 0x36, 0x3e,
    0x90, 0x36, 0x36, 0x6f, 0x6f, 0x36, 0x65, 0x52, 0x36, 0x36, 0x36, 0x58, 0x36, 0x22, 0x36, 0x3e,
    0x71, 0x76, 0x90, 0xb0, 0x58, 0x4b, 0x76, 0x65, 0x4b, 0x36, 0x22, 0x36, 0x22, 0x22, 0x36, 0x46,
    0x21, 0x38, 0x03, 0x09, 0x0f, 0x0f, 0x09, 0x0f, 0x05, 0x21, 0x03, 0x05, 0x05, 0x17, 0x09, 0x05,
    0x67, 0x6f, 0x6f, 0x21, 0x21, 0x21, 0xa7, 0x21, 0x29, 0x29, 0x09, 0x01, 0x0f, 0x4b, 0x4b, 0x46,
    0x8b, 0x46, 0x8b, 0x46, 0x70, 0x4c, 0x21, 0x29, 0x46, 0x09, 0x17, 0x0f, 0x4c, 0x0f, 0x32, 0x05,
    0x0f, 0x4b, 0x09, 0x58, 0x21, 0x21, 0x21, 0xbd, 0x21, 0x38, 0x05, 0x21, 0x21, 0x46, 0x21, 0x17,
    0x58, 0x8b, 0x09, 0x3e, 0x38, 0x38, 0x21, 0x38, 0x0f, 0x21, 0x09, 0x0f, 0x03, 0x21, 0x0f, 0x58,
    0x6b, 0x21, 0x8b, 0xd0, 0x21, 0x6c, 0x99, 0x8b, 0x21, 0x52, 0x8b, 0xd0, 0x52, 0x52, 0xd2, 0xd2,
    0x29, 0x3e, 0x4b, 0x4b, 0x4b, 0x4b, 0x09, 0x3e, 0x0f, 0x3e, 0x52, 0x9f, 0x3e, 0x8b, 0x52, 0x52,
    0x05, 0x01, 0x0f, 0x01, 0x01, 0x03, 0x09, 0x03, 0x1a, 0x1a, 0x4b, 0x4b, 0x5c, 0x4b, 0x4b, 0x46,
    0x79, 0x6f, 0x90, 0x6f, 0x5c, 0xa7, 0xa7, 0x6f, 0x65, 0x58, 0x46, 0x46, 0x3e, 0x29, 0x38, 0x38,
    0x3e, 0x4b, 0x6f, 0x5c, 0x6f, 0x67, 0x5a, 0x6f, 0x67, 0x67, 0x6b, 0x6f, 0x3e, 0x5c, 0x6f, 0x6f,
    0x29, 0x38, 0x40, 0x46, 0x46, 0x4b, 0x58, 0x5c, 0x6f, 0x5c, 0x58, 0x3e, 0x4b, 0x58, 0x4b, 0x67,
    0x6f, 0x5c, 0x6f, 0x79, 0xa9, 0x6f, 0xa7, 0x76, 0x67, 0x67, 0x67, 0x5c, 0x6f, 0x58, 0x46, 0x46,
    0x76, 0x4b, 0x65, 0x46, 0x22, 0x36, 0x90, 0x36, 0x36, 0x36, 0x22, 0x22, 0x22, 0x0f, 0x22, 0x22,
    0x36, 0x65, 0x76, 0x90, 0x90, 0x76, 0x65, 0x4b, 0x36, 0x36, 0x46, 0x76, 0x3e, 0x36, 0x3e, 0x4b,
    0x36, 0x76, 0x76, 0x90, 0x90, 0x67, 0x76, 0x58, 0x36, 0x3e, 0x58, 0x6f, 0x52, 0x3e, 0x36, 0x58,
    0x76, 0x4b, 0x65, 0x46, 0x22, 0x36, 0x90, 0x36, 0x36, 0x36, 0x22, 0x22, 0x22, 0x0f, 0x22, 0x22,
    0x17, 0x05, 0x03, 0x09, 0x17, 0x09, 0x09, 0x05, 0x05, 0x05, 0x03, 0x09, 0x03, 0x03, 0x03, 0x05,
    0x5a, 0x5c, 0x29, 0x09, 0x09, 0x09, 0x6f, 0x6f, 0x38, 0x29, 0x5c, 0x01, 0x01, 0x4b, 0x46, 0x3e,
    0x46, 0x21, 0x29, 0x4c, 0x8b, 0x21, 0x52, 0x29, 0x0f, 0x09, 0x05, 0x40, 0x05, 0x21, 0x0f, 0x09,
    0x4b, 0x21, 0x58, 0x9f, 0x3e, 0x9f, 0x21, 0x38, 0x9f, 0x38, 0x5a, 0x58, 0x03, 0x05, 0x09, 0x21,
    0x9f, 0x5a, 0x3e, 0x09, 0x38, 0x17, 0x38, 0x0f, 0x0f, 0x09, 0x03, 0x03, 0x0f, 0x03, 0x05, 0x09,
    0x35, 0x8b, 0x52, 0x29, 0x52, 0x21, 0xd0, 0xd0, 0x29, 0x01, 0x03, 0x58, 0x21, 0x9f, 0xd2, 0x9f,
    0x3e, 0xa7, 0x3e, 0x42, 0x4b, 0x5c, 0x09, 0x0f, 0x0f, 0x9f, 0xd2, 0x58, 0x21, 0x52, 0x52, 0x0f,
    0x0f, 0x09, 0x52, 0x21, 0x4c, 0x0f, 0x03, 0x03, 0x0f, 0x1a, 0x5c, 0x3e, 0x58, 0x4b, 0x46, 0x3e,
    0x6f, 0xa9, 0x6f, 0x6f, 0x6f, 0x79, 0xb0, 0x70, 0x65, 0x5a, 0x3e, 0x4b, 0x3e, 0x46, 0x38, 0x32,
    0x3e, 0x46, 0x52, 0x67, 0xa9, 0x4b, 0x4b, 0x4b, 0x6f, 0x67, 0x6f, 0x4b, 0x65, 0x6f, 0x6f, 0x6f,
    0x29, 0x29, 0x46, 0x46, 0x46, 0x3e, 0x5c, 0x5c, 0x5c, 0x5c, 0x5a, 0x4b, 0x5c, 0x5c, 0x5c, 0x67,
    0x58, 0x58, 0x5a, 0x4b, 0x76, 0x70, 0x76, 0x6f, 0x67, 0x67, 0x67, 0x67, 0x5a, 0x4b, 0x46, 0x3e,
    0x4b, 0xa9, 0x65, 0x4b, 0x36, 0x76, 0xb0, 0x4b, 0x36, 0x3e, 0x36, 0x22, 0x2a, 0x22, 0x36, 0x38,
    0x46, 0x36, 0x65, 0x65, 0x4b, 0x36, 0x4b, 0x2a, 0x2a, 0x36, 0x36, 0x46, 0x2a, 0x2a, 0x4b, 0x36,
    0x52, 0x36, 0x76, 0x76, 0x58, 0x3e, 0x58, 0x36, 0x2a, 0x36, 0x36, 0x52, 0x22, 0x36, 0x58, 0x3e,
    0x4b, 0xa9, 0x65, 0x4b, 0x36, 0x76, 0xb0, 0x4b, 0x36, 0x3e, 0x36, 0x22, 0x2a, 0x22, 0x36, 0x38,
    0x38, 0x05, 0x09, 0x09, 0x09, 0x05, 0x05, 0x05, 0x05, 0x03, 0x05, 0x38, 0x03, 0x03, 0x01, 0x09,
    0x46, 0x5c, 0x09, 0x4c, 0x21, 0x52, 0x4c, 0x09, 0x09, 0x6f, 0x01, 0x01, 0x09, 0x5c, 0x36, 0x3e,
    0x21, 0x05, 0x05, 0x8b, 0x52, 0x5d, 0x4c, 0x21, 0x09, 0x05, 0x05, 0x40, 0x05, 0x09, 0x09, 0x05,
    0x0f, 0x38, 0x58, 0x21, 0x21, 0x46, 0x3e, 0x4b, 0xd2, 0x38, 0x9f, 0x58, 0x03, 0x05, 0x05, 0x05,
    0x65, 0x65, 0x29, 0x05, 0x09, 0x09, 0x38, 0x05, 0x17, 0x38, 0x8b, 0x01, 0x03, 0x05, 0x05, 0x0f,
    0x05, 0x05, 0x21, 0x09, 0x09, 0x52, 0x52, 0x52, 0x09, 0x03, 0x03, 0x09, 0x58, 0xd2, 0x9f, 0xd2,
    0x42, 0x46, 0x46, 0x46, 0x4b, 0x4b, 0x5a, 0x5c, 0x0f, 0x58, 0xd2, 0xd2, 0x5a, 0x22, 0x09, 0x01,
    0x0f, 0x21, 0x32, 0x90, 0x03, 0x05, 0x17, 0x03, 0x1a, 0x1a, 0x1a, 0x5c, 0x6f, 0x58, 0x3e, 0x46,
    0x6f, 0x6f, 0x67, 0x67, 0x6f, 0x5c, 0x67, 0x79, 0x70, 0x5c, 0x4b, 0x5a, 0x5a, 0x4b, 0x3e, 0x29,
    0x3e, 0x4b, 0x5c, 0x4b, 0x4b, 0x4b, 0x4b, 0x3e, 0x3e, 0x6f, 0x67, 0x67, 0x6f, 0x6f, 0x6f, 0x67,
    0x3e, 0xa7, 0x3e, 0x46, 0x4b, 0x5a, 0x6f, 0x67, 0x73, 0x67, 0x67, 0x67, 0x67, 0x65, 0x5c, 0x5c,
    0x4b, 0x5a, 0x5a, 0x6f, 0x90, 0x90, 0x6f, 0x79, 0x6f, 0x67, 0x67, 0x6f, 0x5a, 0x4b, 0x46, 0x42,
    0x4b, 0x5a, 0x76, 0xb0, 0x76, 0x67, 0x76, 0x90, 0x4b, 0x36, 0x4b, 0x22, 0x3e, 0x3e, 0x36, 0x32,
    0x58, 0x36, 0x36, 0x22, 0x2a, 0x2a, 0x36, 0x22, 0x22, 0x2a, 0x36, 0x22, 0x22, 0x22, 0x36, 0x36,
    0x65, 0x36, 0x36, 0x22, 0x36, 0x22, 0x36, 0x22, 0x22, 0x22, 0x36, 0x22, 0x22, 0x22, 0x36, 0x36,
    0x4b, 0x5a, 0x76, 0xb0, 0x76, 0x67, 0x76, 0x90, 0x4b, 0x36, 0x4b, 0x22, 0x3e, 0x3e, 0x36, 0x32,
    0x04, 0x09, 0x09, 0x1b, 0x1b, 0x09, 0x38, 0x19, 0x09, 0x03, 0x8e, 0x1b, 0x39, 0x01, 0x03, 0x09,
    0x5c, 0x09, 0x52, 0x90, 0x7d, 0x52, 0x8b, 0x4c, 0x09, 0x21, 0x01, 0x9f, 0x01, 0x01, 0x4b, 0x4b,
    0x8b, 0x8b, 0x40, 0x21, 0x52, 0x8b, 0x4c, 0x52, 0x05, 0x17, 0x21, 0x05, 0x05, 0x0f, 0x05, 0x21,
    0x21, 0x58, 0x21, 0x46, 0x21, 0x3e, 0xd2, 0xd2, 0x8b, 0x9f, 0x21, 0x38, 0x38, 0x01, 0x03, 0x46,
    0x5a, 0x9f, 0x76, 0x05, 0x21, 0x09, 0x21, 0x09, 0x0f, 0x0f, 0x38, 0x03, 0x01, 0x01, 0x09, 0x21,
    0x21, 0x05, 0x21, 0x09, 0x52, 0x4c, 0x09, 0x09, 0x52, 0x09, 0xd2, 0xd2, 0x9f, 0x58, 0xd2, 0x38,
    0x58, 0x3e, 0x4b, 0x4b, 0x3e, 0x4b, 0x67, 0x5c, 0x6f, 0x0f, 0x58, 0x9f, 0x36, 0x03, 0x40, 0x17,
    0x09, 0x09, 0x09, 0x0f, 0x03, 0x05, 0x03, 0x17, 0x1a, 0x1a, 0x32, 0x6f, 0x5a, 0x4b, 0x4b, 0x4b,
    0x67, 0x6f, 0x76, 0x5c, 0x4b, 0x5a, 0x67, 0x79, 0xa9, 0x79, 0x67, 0x5c, 0x5a, 0x58, 0x4b, 0x46,
    0x3e, 0x46, 0x46, 0x46, 0x58, 0x58, 0x58, 0x58, 0x5a, 0x6f, 0x5c, 0x6f, 0x79, 0x6f, 0x6f, 0x6f,
    0x3e, 0x42, 0x46, 0x46, 0x46, 0x4b, 0x5a, 0x65, 0x67, 0x67, 0x6f, 0x6f, 0x6f, 0x5c, 0x76, 0x5c,
    0x58, 0x3e, 0x6f, 0x4b, 0x6f, 0x90, 0x6f, 0x90, 0x6f, 0x67, 0x5c, 0x5c, 0x4b, 0x4b, 0x4b, 0x4b,
    0x4b, 0x46, 0x65, 0x76, 0x4b, 0x65, 0x5a, 0x90, 0xa9, 0x90, 0x79, 0x4b, 0x36, 0x5a, 0x4b, 0x46,
    0x58, 0x76, 0x58, 0x42, 0x36, 0x2a, 0x19, 0x19, 0x22, 0x19, 0x22, 0x13, 0x0f, 0x19, 0x22, 0x36,
    0x65, 0x6f, 0x5a, 0x58, 0x36, 0x2a, 0x22, 0x19, 0x22, 0x22, 0x22, 0x22, 0x19, 0x19, 0x2a, 0x2a,
    0x4b, 0x46, 0x65, 0x76, 0x4b, 0x65, 0x5a, 0x90, 0xa9, 0x90, 0x79, 0x4b, 0x36, 0x5a, 0x4b, 0x46,
    0x05, 0x09, 0x8e, 0x1b, 0x44, 0x1b, 0x0f, 0x44, 0x44, 0x52, 0x1b, 0x1b, 0x44, 0x13, 0x01, 0x03,
    0x5a, 0x21, 0x8b, 0xd0, 0x8b, 0x21, 0x4c, 0x70, 0x21, 0x21, 0x2a, 0x21, 0x21, 0x01, 0x4b, 0x4b,
    0x8b, 0x4c, 0x46, 0x09, 0x29, 0x52, 0x29, 0x21, 0x09, 0x03, 0x21, 0x09, 0x05, 0x05, 0x0f, 0x0f,
    0x17, 0x21, 0xd2, 0x58, 0x21, 0x21, 0x3e, 0x9f, 0x9f, 0x58, 0x21, 0x17, 0x38, 0x03, 0x46, 0x3e,
    0x38, 0x65, 0x8b, 0x09, 0x4b, 0x38, 0x4b, 0x17, 0x05, 0x0f, 0x46, 0x17, 0x01, 0x01, 0x09, 0x21,
    0x21, 0x05, 0x09, 0x52, 0x52, 0x8b, 0x52, 0x52, 0x6c, 0x21, 0x3e, 0xd2, 0x9f, 0x3e, 0x9f, 0x65,
    0x6f, 0x4b, 0x4b, 0x4b, 0x4b, 0xb0, 0x5c, 0x5c, 0x67, 0x6f, 0x09, 0x3e, 0x21, 0x3e, 0x0f, 0x0f,
    0x09, 0x09, 0x05, 0x09, 0x09, 0x03, 0x1a, 0x1a, 0x1a, 0x1a, 0x6f, 0x5a, 0x4b, 0x3e, 0x46, 0x4b,
    0x6f, 0x67, 0x6b, 0xa7, 0x6b, 0x4b, 0x6f, 0x6f, 0x67, 0x67, 0x5c, 0x5c, 0x5a, 0x58, 0x4b, 0x4b,
    0x3e, 0x46, 0x46, 0x3e, 0x6f, 0x5c, 0x4b, 0x5a, 0x5a, 0x4b, 0x58, 0x5c, 0xb0, 0x4b, 0x6f, 0x67,
    0x58, 0x3e, 0x4b, 0x4b, 0x3e, 0x4b, 0x6b, 0x67, 0x67, 0x67, 0x5c, 0x79, 0x70, 0x6f, 0xa7, 0x5c,
    0x5c, 0x4b, 0x79, 0x90, 0x6f, 0x83, 0x8b, 0x70, 0x6f, 0x6f, 0x67, 0x58, 0x4b, 0x46, 0x4b, 0x4b,
    0x36, 0x36, 0x3e, 0x65, 0x4b, 0x46, 0x36, 0x4b, 0x90, 0x67, 0x6b, 0x90, 0x90, 0x67, 0x58, 0x3e,
    0x36, 0x58, 0x4b, 0x36, 0x36, 0x22, 0x19, 0x19, 0x0f, 0x19, 0x0f, 0x0f, 0x19, 0x0f, 0x2a, 0x36,
    0x36, 0x65, 0x58, 0x36, 0x36, 0x22, 0x22, 0x19, 0x22, 0x22, 0x22, 0x19, 0x22, 0x19, 0x22, 0x36,
    0x36, 0x36, 0x3e, 0x65, 0x4b, 0x46, 0x36, 0x4b, 0x90, 0x67, 0x6b, 0x90, 0x90, 0x67, 0x58, 0x3e,
    0x09, 0x56, 0x44, 0x8e, 0x1b, 0x44, 0x09, 0x1b, 0x1b, 0x44, 0x44, 0x44, 0x44, 0x20, 0x03, 0x01,
    0x6f, 0x67, 0x70, 0x70, 0x52, 0x21, 0x70, 0x8b, 0x4c, 0x09, 0x3e, 0x21, 0x03, 0x01, 0x4b, 0x4b,
    0x29, 0x46, 0x21, 0x52, 0x29, 0x21, 0x0f, 0x21, 0x05, 0x03, 0x09, 0x05, 0x03, 0x05, 0x03, 0x58,
    0x0f, 0x21, 0x21, 0x29, 0x3e, 0x9f, 0x3e, 0x58, 0x58, 0x21, 0x58, 0x38, 0x17, 0x05, 0x21, 0x46,
    0x9f, 0x58, 0x4b, 0x21, 0x29, 0x3e, 0x09, 0x17, 0x05, 0x17, 0x58, 0x0f, 0x38, 0x05, 0x09, 0x29,
    0x05, 0x21, 0x0f, 0x52, 0xd0, 0x8b, 0x52, 0x8b, 0x90, 0x52, 0x09, 0x3e, 0x58, 0x21, 0x38, 0x58,
    0xb0, 0x5c, 0x4b, 0x4b, 0x6f, 0x5c, 0xb0, 0x6f, 0x5c, 0x5c, 0x1b, 0x09, 0x09, 0x22, 0x3e, 0x05,
    0x09, 0x05, 0x05, 0x03, 0x03, 0x03, 0x1a, 0x32, 0x1a, 0x90, 0x4b, 0x58, 0x5c, 0x3e, 0x4b, 0x4b,
    0x6f, 0x5c, 0x58, 0x3e, 0x5a, 0x5c, 0x3e, 0x4b, 0x6f, 0x67, 0x5c, 0x5c, 0x6b, 0x58, 0x3e, 0x4b,
    0x58, 0x3e, 0x3e, 0x6f, 0x6f, 0x5a, 0x5a, 0x6f, 0x5c, 0x4b, 0x4b, 0x5c, 0xb0, 0x76, 0x5c, 0x5a,
    0x6f, 0x4b, 0x4b, 0x4b, 0x4b, 0xb0, 0x5c, 0x5c, 0x67, 0x67, 0x6f, 0xa9, 0x79, 0x67, 0x5c, 0x67,
    0x79, 0x79, 0x6f, 0x90, 0x90, 0x83, 0x90, 0x90, 0x6f, 0x90, 0x4b, 0x4b, 0x4b, 0x3e, 0x4b, 0x4b,
    0x22, 0x36, 0x36, 0x4b, 0x42, 0x42, 0x42, 0x4b, 0x76, 0x4b, 0x46, 0x65, 0x76, 0x5a, 0x3e, 0x36,
    0x22, 0x36, 0x36, 0x36, 0x22, 0x2a, 0x0f, 0x0f, 0x22, 0x22, 0x22, 0x0f, 0x0f, 0x2a, 0x36, 0x36,
    0x22, 0x36, 0x36, 0x3e, 0x22, 0x2a, 0x19, 0x19, 0x2a, 0x22, 0x22, 0x22, 0x19, 0x36, 0x36, 0x3e,
    0x22, 0x36, 0x36, 0x4b, 0x42, 0x42, 0x42, 0x4b, 0x76, 0x4b, 0x46, 0x65, 0x76, 0x5a, 0x3e, 0x36,
    0x1a, 0x44, 0x1b, 0x1b, 0x1b, 0x1b, 0x1a, 0x35, 0x1a, 0x1b, 0x35, 0x3d, 0x32, 0x1b, 0x1b, 0x01,
    0x79, 0x90, 0x21, 0x52, 0x09, 0x09, 0x70, 0x70, 0x65, 0x21, 0x09, 0x01, 0x03, 0x01, 0x4b, 0x58,
    0x21, 0x21, 0x46, 0x52, 0x09, 0x21, 0x01, 0x03, 0x7d, 0x4c, 0x05, 0x05, 0x8b, 0x05, 0x17, 0x21,
    0x0f, 0x58, 0x1a, 0x3e, 0x21, 0xd2, 0x58, 0x21, 0x21, 0x21, 0x40, 0x40, 0x17, 0x05, 0x21, 0x21,
    0x58, 0x9f, 0x21, 0x21, 0x3e, 0x21, 0x09, 0x09, 0x38, 0x38, 0x29, 0x17, 0x05, 0x0f, 0x21, 0x17,
    0x21, 0x21, 0x67, 0xd0, 0xd0, 0x52, 0x21, 0x8b, 0xd0, 0x52, 0x52, 0x09, 0x09, 0x21, 0x46, 0x38,
    0x4b, 0x6f, 0x6f, 0x5c, 0xb0, 0x5c, 0x76, 0xa7, 0x6b, 0x5c, 0x44, 0x44, 0x09, 0x1b, 0x35, 0x3e,
    0x09, 0x03, 0x09, 0x1b, 0x44, 0x1c, 0x1a, 0x90, 0x90, 0x90, 0x6b, 0x3e, 0x5c, 0x4b, 0x4b, 0x5a,
    0x58, 0x5a, 0x6f, 0x4b, 0x6f, 0x6f, 0x6f, 0x3e, 0x58, 0x6f, 0x5c, 0xa7, 0x76, 0x5c, 0x3e, 0xb0,
    0x5c, 0x58, 0x4b, 0x4b, 0x4b, 0x46, 0x4b, 0x6f, 0xb0, 0x70, 0x6f, 0x67, 0x67, 0x5a, 0x58, 0x4b,
    0xb0, 0x5c, 0x4b, 0x4b, 0x6f, 0x5c, 0xb0, 0x6f, 0x5c, 0x5c, 0x5c, 0x5c, 0x6f, 0x5c, 0x67, 0x67,
    0x79, 0x90, 0x90, 0x6f, 0x76, 0x90, 0x70, 0x90, 0x90, 0x90, 0x67, 0x3e, 0x5c, 0x4b, 0x4b, 0x5a,
    0x22, 0x36, 0x36, 0x36, 0x42, 0x3e, 0x36, 0x42, 0x46, 0x36, 0x3e, 0x36, 0x76, 0x5a, 0x3e, 0x22,
    0x2a, 0x22, 0x3e, 0x4b, 0x4b, 0x3e, 0x22, 0x36, 0x36, 0x22, 0x2a, 0x2a, 0x22, 0x3e, 0x46, 0x36,
    0x2a, 0x22, 0x36, 0x58, 0x58, 0x36, 0x22, 0x36, 0x36, 0x22, 0x2a, 0x2a, 0x22, 0x36, 0x58, 0x36,
    0x22, 0x36, 0x36, 0x36, 0x42, 0x3e, 0x36, 0x42, 0x46, 0x36, 0x3e, 0x36, 0x76, 0x5a, 0x3e, 0x22,
    0x35, 0x44, 0x38, 0x35, 0x44, 0x44, 0x44, 0x1a, 0x1a, 0x29, 0x35, 0x5c, 0x35, 0x35, 0x35, 0x35,
    0x67, 0x6f, 0x21, 0x21, 0x09, 0x09, 0x09, 0x21, 0x09, 0x01, 0x01, 0x01, 0x01, 0x4b, 0x4b, 0x6f,
    0x21, 0x21, 0x46, 0x29, 0x09, 0x21, 0x09, 0x17, 0x17, 0x21, 0x03, 0x21, 0x0f, 0x09, 0x03, 0x35,
    0x35, 0x05, 0x1a, 0x58, 0x9f, 0x9f, 0xd2, 0x09, 0x09, 0x58, 0x17, 0x17, 0x8b, 0x7d, 0x46, 0x52,
    0x9f, 0x3e, 0x05, 0x17, 0x21, 0x0f, 0x21, 0x21, 0x09, 0x38, 0x38, 0x17, 0x05, 0x05, 0x21, 0x46,
    0x21, 0x21, 0x52, 0x52, 0x4c, 0x52, 0x8b, 0x8b, 0x21, 0x52, 0x52, 0x03, 0x09, 0x9f, 0x46, 0x3e,
    0x67, 0x5c, 0x5a, 0x58, 0x4b, 0x5c, 0x6f, 0x5c, 0x5c, 0x44, 0x1b, 0x22, 0x1b, 0x44, 0x09, 0x09,
    0x35, 0x35, 0x44, 0x44, 0x1b, 0x1b, 0x1a, 0x6f, 0x6f, 0x90, 0x6b, 0x3e, 0x46, 0x4b, 0x4b, 0x6f,
    0x4b, 0x3e, 0x5a, 0x5c, 0x4b, 0x79, 0x79, 0x5c, 0x4b, 0x5c, 0x6f, 0x76, 0x6f, 0x67, 0x67, 0x6f,
    0x5c, 0x5c, 0x58, 0x58, 0x4b, 0x3e, 0x46, 0x4b, 0x6f, 0x76, 0x83, 0x5c, 0x76, 0x6b, 0x58, 0x4b,
    0x4b, 0x6f, 0x6f, 0x5c, 0xb0, 0x5c, 0x76, 0xa7, 0x76, 0x67, 0x5c, 0x5c, 0x5a, 0x5a, 0x67, 0x6f,
    0x67, 0x76, 0xb0, 0x79, 0x67, 0x6f, 0x67, 0x6f, 0x6f, 0x90, 0x6b, 0x3e, 0x46, 0x4b, 0x4b, 0x6f,
    0x36, 0x4b, 0x36, 0x36, 0x4b, 0x58, 0x4b, 0x58, 0x36, 0x5a, 0x4b, 0x36, 0x76, 0x71, 0x4b, 0x22,
    0x3e, 0x36, 0x4b, 0x4b, 0x65, 0x58, 0x3e, 0x36, 0x3e, 0x36, 0x36, 0x22, 0x36, 0x42, 0x65, 0x4b,
    0x3e, 0x36, 0x5a, 0x65, 0x76, 0x58, 0x36, 0x36, 0x3e, 0x36, 0x36, 0x22, 0x36, 0x58, 0x76, 0x65,
    0x36, 0x4b, 0x36, 0x36, 0x4b, 0x58, 0x4b, 0x58, 0x36, 0x5a, 0x4b, 0x36, 0x76, 0x71, 0x4b, 0x22,
    0x6f, 0x35, 0x35, 0x35, 0x65, 0x35, 0x35, 0x35, 0x4c, 0x58, 0x58, 0x4b, 0x90, 0x35, 0x35, 0x35,
    0x5a, 0x4b, 0x65, 0x5a, 0x21, 0x52, 0x09, 0x44, 0x21, 0x01, 0x01, 0x09, 0x46, 0x4b, 0x6f, 0xb0,
    0x46, 0x4c, 0x4c, 0x46, 0x09, 0x0f, 0x0f, 0x09, 0x09, 0x21, 0x0f, 0x0f, 0x17, 0x09, 0x03, 0x35,
    0x35, 0x0f, 0x1a, 0x29, 0x58, 0x9f, 0x58, 0x21, 0x21, 0x17, 0xd0, 0x8b, 0x52, 0x40, 0x8b, 0x46,
    0x38, 0x38, 0x38, 0x21, 0x05, 0x21, 0x21, 0x09, 0x05, 0x9f, 0x2a, 0x21, 0x05, 0x05, 0x58, 0x58,
    0x21, 0x05, 0x21, 0x21, 0x52, 0x52, 0x52, 0x09, 0x52, 0x21, 0x52, 0x03, 0x09, 0x21, 0x38, 0x38,
    0x5c, 0x5c, 0x5c, 0x5c, 0x4b, 0xa9, 0x5c, 0x6f, 0x4b, 0x1b, 0x1b, 0x35, 0x1b, 0x8e, 0x35, 0x35,
    0x1a, 0x1a, 0x44, 0x1a, 0x1a, 0x1c, 0x1b, 0x6f, 0x76, 0xa7, 0x3e, 0x4b, 0x3e, 0x4b, 0x6f, 0xb0,
    0x58, 0x5c, 0x5c, 0x6f, 0x79, 0xa9, 0x79, 0x6f, 0x4b, 0xa7, 0xa7, 0x6f, 0x6f, 0x79, 0x5c, 0x6f,
    0x5c, 0x6f, 0x65, 0x3e, 0x6f, 0x5c, 0x58, 0x3e, 0x65, 0x70, 0xb0, 0x6f, 0xa7, 0x65, 0x46, 0x4b,
    0x67, 0x5c, 0x5c, 0x5a, 0x4b, 0x5c, 0x6f, 0x67, 0x5c, 0x67, 0x5c, 0x5c, 0x4b, 0x6f, 0x5c, 0x6f,
    0x5a, 0x4b, 0x67, 0x6f, 0x5c, 0x76, 0x5c, 0x67, 0x6f, 0xa7, 0x3e, 0x4b, 0x3e, 0x4b, 0x6f, 0xb0,
    0x5a, 0x5a, 0x4b, 0x5c, 0x5a, 0x4b, 0x76, 0x76, 0x4b, 0x76, 0x90, 0xb0, 0x90, 0x79, 0x6f, 0x36,
    0x36, 0x67, 0x6f, 0x46, 0x76, 0x5c, 0x36, 0x36, 0x4b, 0x3e, 0x22, 0x22, 0x36, 0x36, 0x58, 0x36,
    0x36, 0x76, 0x71, 0x52, 0x6f, 0x5a, 0x36, 0x36, 0x58, 0x36, 0x22, 0x22, 0x36, 0x36, 0x65, 0x36,
    0x5a, 0x5a, 0x4b, 0x5c, 0x5a, 0x4b, 0x76, 0x76, 0x4b, 0x76, 0x90, 0xb0, 0x90, 0x79, 0x6f, 0x36,
    0x5a, 0x6b, 0x6f, 0x79, 0x6f, 0x35, 0x52, 0x5a, 0x6f, 0x3e, 0x6f, 0x5c, 0x6f, 0x6f, 0xa9, 0x35,
    0x5a, 0x6b, 0x6f, 0x73, 0x6f, 0x1b, 0x8e, 0x44, 0x19, 0x13, 0x01, 0x5c, 0x6f, 0x6f, 0xa9, 0x6f,
    0x46, 0x21, 0x8b, 0x21, 0x32, 0x05, 0x05, 0x40, 0x21, 0x05, 0x17, 0x05, 0x05, 0x03, 0x17, 0x35,
    0x3e, 0x35, 0x1a, 0x1a, 0x3e, 0x21, 0x9f, 0x0f, 0x7d, 0x7d, 0x8b, 0xd0, 0x90, 0x4c, 0x21, 0x21,
    0x38, 0x38, 0x21, 0x21, 0x21, 0x38, 0x0f, 0x05, 0x03, 0x05, 0x09, 0x05, 0x21, 0x05, 0x21, 0x21,
    0x05, 0x17, 0x29, 0x52, 0x21, 0x40, 0x05, 0x05, 0x21, 0x21, 0x21, 0x46, 0x21, 0x05, 0x26, 0x21,
    0x5c, 0x67, 0x6f, 0x67, 0x4b, 0xa9, 0x5c, 0x6f, 0x5c, 0x6f, 0x67, 0x6f, 0x4c, 0x44, 0x44, 0x4c,
    0x1a, 0x1a, 0x35, 0x67, 0x76, 0xa7, 0x5c, 0x5c, 0x6f, 0x3e, 0x6f, 0x5c, 0x6f, 0x6f, 0xa9, 0x6f,
    0x4b, 0x5a, 0x67, 0x67, 0x67, 0x5c, 0x6f, 0x58, 0x65, 0xa7, 0xa7, 0x6f, 0x6f, 0x6f, 0xa7, 0x5c,
    0x67, 0x6f, 0x90, 0x4b, 0x5c, 0x67, 0x5c, 0x5c, 0x5c, 0x90, 0x6f, 0x6f, 0x5c, 0x58, 0x29, 0x3e,
    0x67, 0x67, 0x6f, 0x5c, 0x4b, 0xa9, 0x5c, 0x6f, 0x5c, 0x6f, 0x5c, 0x6f, 0x5c, 0x5a, 0x5a, 0x58,
    0x5a, 0x6b, 0x6f, 0x79, 0x76, 0xa7, 0x5c, 0x5c, 0x6f, 0x3e, 0x6f, 0x5c, 0x6f, 0x6f, 0xa9, 0x6f,
    0x58, 0x58, 0x65, 0x76, 0x46, 0x65, 0x76, 0x65, 0x65, 0x36, 0x36, 0x4b, 0x65, 0x76, 0x90, 0x65,
    0x67, 0x76, 0x90, 0x65, 0x58, 0x76, 0x5a, 0x4b, 0x36, 0x4b, 0x4b, 0x4b, 0x65, 0x52, 0x32, 0x46,
    0x6f, 0x6f, 0x90, 0x76, 0x5a, 0x6f, 0x5a, 0x58, 0x36, 0x58, 0x58, 0x58, 0x6f, 0x5a, 0x32, 0x52,
    0x58, 0x58, 0x65, 0x76, 0x46, 0x65, 0x76, 0x65, 0x65, 0x36, 0x36, 0x4b, 0x65, 0x76, 0x90, 0x65,
    0x4b, 0x6b, 0xa7, 0x6f, 0x6f, 0x6f, 0x4b, 0x67, 0x5c, 0x6f, 0x6f, 0x79, 0x79, 0x79, 0x6f, 0xa7,
    0x4b, 0x6b, 0xa7, 0x73, 0x44, 0x44, 0x1b, 0x5c, 0x1b, 0x19, 0x19, 0x6f, 0x79, 0x79, 0x6f, 0xa7,
    0x21, 0x21, 0x17, 0x0f, 0x21, 0x09, 0x05, 0x05, 0x21, 0x03, 0x05, 0x03, 0x03, 0x17, 0x35, 0x5c,
    0x6b, 0x6b, 0x1a, 0x05, 0x3e, 0x05, 0x17, 0x1a, 0x52, 0x40, 0x21, 0x8b, 0x8b, 0x4c, 0x21, 0x21,
    0x21, 0x21, 0x21, 0x05, 0x03, 0x09, 0x05, 0x05, 0x03, 0x03, 0x05, 0x4c, 0x46, 0x8b, 0x46, 0x46,
    0x05, 0x46, 0x21, 0x05, 0x46, 0x03, 0x05, 0x05, 0x21, 0x05, 0x46, 0x46, 0x8b, 0x8b, 0x21, 0x21,
    0x6f, 0x5c, 0x6f, 0x90, 0x5c, 0xa9, 0x4b, 0x58, 0x4b, 0x58, 0x4b, 0x65, 0x5c, 0x4b, 0x4b, 0x4b,
    0x40, 0x32, 0x8b, 0x6f, 0x5c, 0x6b, 0x4b, 0x67, 0x5c, 0x6f, 0x6f, 0x79, 0x79, 0x79, 0x6f, 0xa7,
    0x58, 0x5c, 0x67, 0x6f, 0x5c, 0x6b, 0x4b, 0x3e, 0x4b, 0x5a, 0x5c, 0x6f, 0xa7, 0xa9, 0x79, 0x67,
    0x6f, 0x79, 0x79, 0x79, 0x6f, 0x67, 0x6f, 0x5c, 0x5c, 0xa7, 0x6f, 0x5c, 0xa7, 0x4b, 0x3e, 0x29,
    0x6f, 0x5c, 0x6f, 0x90, 0x5c, 0xa9, 0x4b, 0x58, 0x4b, 0x4b, 0x4b, 0x5c, 0x65, 0x5a, 0x4b, 0x4b,
    0x4b, 0x6b, 0xa7, 0x76, 0x5c, 0x6b, 0x4b, 0x6b, 0x67, 0x6f, 0x79, 0x79, 0x79, 0x79, 0x6f, 0xa7,
    0x58, 0x65, 0x36, 0x36, 0x2a, 0x22, 0x36, 0x46, 0x2a, 0x2a, 0x22, 0x3e, 0x42, 0x4b, 0x36, 0x36,
    0x76, 0x4b, 0x36, 0x36, 0x4b, 0x4b, 0x76, 0x36, 0x5a, 0x76, 0xbd, 0x90, 0x76, 0x5a, 0x46, 0x32,
    0x6f, 0x58, 0x36, 0x36, 0x58, 0x58, 0x6f, 0x36, 0x76, 0x6f, 0xbd, 0x90, 0x71, 0x65, 0x52, 0x32,
    0x58, 0x65, 0x36, 0x36, 0x2a, 0x22, 0x36, 0x46, 0x2a, 0x2a, 0x22, 0x3e, 0x42, 0x4b, 0x36, 0x36,
    0x3e, 0x4b, 0x5c, 0x67, 0x6f, 0x6f, 0xa7, 0x5c, 0x67, 0x67, 0x79, 0x90, 0x79, 0x79, 0x90, 0x79,
    0x3e, 0x4b, 0x5c, 0x67, 0x6f, 0x6f, 0xa7, 0x5c, 0x67, 0x67, 0x79, 0x90, 0x79, 0x79, 0x90, 0x79,
    0x21, 0x21, 0x21, 0x17, 0x46, 0x21, 0x05, 0x17, 0x03, 0x0f, 0x21, 0x28, 0x35, 0x35, 0x52, 0x52,
    0x70, 0x6b, 0x90, 0x6b, 0x21, 0x1a, 0x21, 0x21, 0x46, 0x1a, 0x21, 0x21, 0x46, 0x29, 0x8b, 0x46,
    0x05, 0x21, 0x21, 0x46, 0x46, 0x05, 0x05, 0x38, 0x38, 0x21, 0x46, 0x8b, 0x8b, 0x46, 0x46, 0x46,
    0x46, 0x21, 0x21, 0x21, 0x05, 0x21, 0x21, 0x03, 0x05, 0x21, 0x21, 0x8b, 0x46, 0x46, 0x46, 0x46,
    0x6f, 0x6f, 0x6f, 0x6f, 0x67, 0x67, 0x5c, 0x5c, 0x5a, 0x4b, 0x4b, 0x4b, 0x90, 0x4b, 0x4b, 0x46,
    0x46, 0x4b, 0x5c, 0x67, 0x6f, 0x6f, 0xa7, 0x5c, 0x67, 0x67, 0x79, 0x90, 0x79, 0x79, 0x90, 0x79,
    0x58, 0x6f, 0x5c, 0x5a, 0x4b, 0xa7, 0x4b, 0x4b, 0x4b, 0x5a, 0x5c, 0x5c, 0x67, 0x5c, 0x67, 0x5c,
    0x6f, 0x79, 0x90, 0x79, 0x67, 0x67, 0x5c, 0x67, 0x5c, 0x67, 0x5c, 0x5a, 0x4b, 0x4b, 0x4b, 0x3e,
    0x6f, 0x6f, 0x6f, 0x6f, 0x67, 0x67, 0x5c, 0x5c, 0x5a, 0x4b, 0x4b, 0x4b, 0x90, 0x4b, 0x4b, 0x4b,
    0x3e, 0x4b, 0x5c, 0x67, 0x6f, 0x6f, 0xa7, 0x5c, 0x67, 0x67, 0x79, 0x90, 0x79, 0x79, 0x90, 0x79,
    0x58, 0x3e, 0x36, 0x2a, 0x22, 0x22, 0x22, 0x22, 0x2a, 0x36, 0x3e, 0x42, 0x42, 0x36, 0x2a, 0x22,
    0x36, 0x22, 0x36, 0x22, 0x36, 0x42, 0x58, 0x65, 0x76, 0x4b, 0x4b, 0x58, 0x58, 0x58, 0x52, 0x4b,
    0x36, 0x22, 0x36, 0x22, 0x36, 0x58, 0x65, 0x76, 0x6b, 0x5a, 0x5a, 0x65, 0x65, 0x65, 0x65, 0x5a,
    0x58, 0x3e, 0x36, 0x2a, 0x22, 0x22, 0x22, 0x22, 0x2a, 0x36, 0x3e, 0x42, 0x42, 0x36, 0x2a, 0x22,
    0x3e, 0x6f, 0x79, 0x79, 0x6f, 0x90, 0x90, 0x79, 0x67, 0x65, 0x5a, 0x4b, 0x4b, 0x4b, 0x5a, 0x67,
    0x4b, 0x4b, 0x5c, 0x46, 0x3e, 0x4b, 0x5c, 0x6b, 0x5a, 0x65, 0x67, 0x5c, 0x6f, 0x90, 0x4b, 0x6f,
    0x3e, 0x6f, 0x79, 0x79, 0x6f, 0x90, 0x90, 0x79, 0x67, 0x65, 0x5a, 0x4b, 0x4b, 0x4b, 0x5a, 0x67,
    0x4b, 0x4b, 0x5c, 0x46, 0x3e, 0x4b, 0x5c, 0x6b, 0x5a, 0x65, 0x67, 0x5c, 0x6f, 0x90, 0x4b, 0x67,
    0x5a, 0x58, 0x58, 0x58, 0x36, 0x36, 0x36, 0x0f, 0x22, 0x36, 0x36, 0x36, 0x3e, 0x36, 0x22, 0x22,
    0x36, 0x22, 0x22, 0x22, 0x36, 0x4b, 0x4b, 0x65, 0x6f, 0x90, 0x67, 0x5a, 0x5c, 0x90, 0xa7, 0x3e,
    0x3e, 0x6f, 0x79, 0x6f, 0x79, 0x4b, 0x4b, 0x65, 0x76, 0xb0, 0x5c, 0x4b, 0x4b, 0x4b, 0x58, 0x6f,
    0x46, 0x3e, 0x22, 0x36, 0x46, 0x36, 0x22, 0x2a, 0x36, 0x36, 0x58, 0x5a, 0x5c, 0x67, 0x58, 0x6f,
    0x58, 0x4b, 0x65, 0x6f, 0x4b, 0x2a, 0x22, 0x0f, 0x22, 0x36, 0x36, 0x36, 0x3e, 0x36, 0x22, 0x22,
    0x36, 0x22, 0x22, 0x22, 0x36, 0x4b, 0x4b, 0x67, 0x76, 0xb0, 0x5c, 0x4b, 0x4b, 0x4b, 0x58, 0x6f,
    0x3e, 0x36, 0x22, 0x22, 0x3e, 0x36, 0x22, 0x0f, 0x22, 0x36, 0x36, 0x36, 0x3e, 0x36, 0x22, 0x22,
    0x36, 0x22, 0x22, 0x22, 0x36, 0x4b, 0x4b, 0x65, 0x5c, 0x5c, 0x5a, 0x5a, 0x70, 0xa7, 0xa7, 0x3e,
    0x36, 0x22, 0x22, 0x22, 0x36, 0x4b, 0x4b, 0x76, 0x76, 0xb0, 0x65, 0x5a, 0x58, 0x58, 0x58, 0x76,
    0x4b, 0x3e, 0x22, 0x36, 0x46, 0x36, 0x22, 0x0f, 0x22, 0x36, 0x36, 0x36, 0x3e, 0x3e, 0x22, 0x22,
    0x4b, 0x3e, 0x22, 0x36, 0x46, 0x36, 0x22, 0x0f, 0x2a, 0x36, 0x76, 0x76, 0x65, 0x67, 0x65, 0xb0,
    0x76, 0x76, 0xa9, 0x76, 0x83, 0x4b, 0x76, 0x76, 0x76, 0xb0, 0x65, 0x5a, 0x58, 0x58, 0x58, 0x76,
    0x3e, 0xa9, 0x6f, 0x6f, 0xb0, 0x6f, 0x90, 0x6f, 0x67, 0x5c, 0x58, 0x4b, 0x46, 0x4b, 0x58, 0x6f,
    0x4b, 0x3e, 0x46, 0x3e, 0x4b, 0xa7, 0xa7, 0x5c, 0x4b, 0x4b, 0x6f, 0x67, 0x6f, 0x79, 0x79, 0x76,
    0x3e, 0xa9, 0x6f, 0x6f, 0xb0, 0x6f, 0x90, 0x6f, 0x67, 0x5c, 0x4b, 0x4b, 0x46, 0x46, 0x4b, 0x6f,
    0x4b, 0x3e, 0x46, 0x3e, 0x4b, 0xa7, 0xa7, 0x5c, 0x4b, 0x58, 0x6f, 0x6f, 0x6f, 0x6f, 0x79, 0x6f,
    0x5a, 0x5a, 0x5a, 0x3e, 0x22, 0x2a, 0x2a, 0x22, 0x22, 0x36, 0x22, 0x36, 0x4b, 0x6f, 0x4b, 0x36,
    0x3e, 0x36, 0x58, 0x4b, 0x6f, 0x8b, 0x90, 0x4b, 0x65, 0x5a, 0x65, 0x4b, 0x3e, 0x3e, 0xa7, 0x3e,
    0x3e, 0xa9, 0x6f, 0x6f, 0xb0, 0x6f, 0x90, 0x4b, 0x65, 0x5a, 0x4b, 0x4b, 0x4b, 0x4b, 0x4b, 0x58,
    0x4b, 0x46, 0x36, 0x3e, 0x22, 0x2a, 0x22, 0x2a, 0x22, 0x36, 0x36, 0x76, 0x71, 0x6f, 0x79, 0x6f,
    0x5a, 0x65, 0x67, 0x65, 0x46, 0x22, 0x2a, 0x22, 0x22, 0x36, 0x22, 0x36, 0x4b, 0x6f, 0x4b, 0x36,
    0x3e, 0x36, 0x58, 0x4b, 0x6f, 0x8b, 0x90, 0x4b, 0x6f, 0x5a, 0x4b, 0x4b, 0x4b, 0x4b, 0x4b, 0x58,
    0x46, 0x42, 0x3e, 0x36, 0x22, 0x2a, 0x22, 0x22, 0x22, 0x36, 0x22, 0x36, 0x4b, 0x6f, 0x4b, 0x36,
    0x3e, 0x36, 0x58, 0x4b, 0x6f, 0x83, 0x90, 0x4b, 0x6f, 0x5a, 0x4b, 0x4b, 0x46, 0x3e, 0xa7, 0x3e,
    0x46, 0x36, 0x58, 0x4b, 0x76, 0x83, 0x90, 0x4b, 0x76, 0x65, 0x65, 0x58, 0x4b, 0x4b, 0x4b, 0x4b,
    0x4b, 0x46, 0x36, 0x3e, 0x22, 0x2a, 0x22, 0x22, 0x22, 0x36, 0x22, 0x36, 0x42, 0x76, 0x42, 0x36,
    0x4b, 0x46, 0x36, 0x3e, 0x22, 0x2a, 0x22, 0x22, 0x22, 0x76, 0x4b, 0x4b, 0x65, 0x65, 0x76, 0xa9,
    0x83, 0x90, 0x83, 0x65, 0xb0, 0x90, 0x90, 0x4b, 0x76, 0x65, 0x65, 0x58, 0x4b, 0x4b, 0x4b, 0x4b,
    0x6f, 0xa9, 0x6f, 0x6f, 0xa9, 0x6f, 0x76, 0x67, 0x6f, 0x5a, 0x4b, 0x46, 0x4b, 0x3e, 0x4b, 0x65,
    0x4b, 0x4b, 0x5a, 0x5c, 0x58, 0x4b, 0xa7, 0x3e, 0x42, 0x4b, 0x58, 0x6f, 0x6f, 0x79, 0x79, 0xa9,
    0x79, 0xa9, 0x6f, 0x6f, 0xa9, 0x6f, 0x76, 0x67, 0x6f, 0x58, 0x46, 0x3e, 0x4b, 0x3e, 0x3e, 0x65,
    0x4b, 0x4b, 0x5a, 0x5a, 0x58, 0x4b, 0xa7, 0x3e, 0x46, 0x3e, 0x58, 0x6f, 0x6f, 0x79, 0x6f, 0xa9,
    0x4b, 0x65, 0x65, 0x46, 0x36, 0x36, 0x22, 0x22, 0x36, 0x4b, 0x3e, 0x3e, 0x36, 0x2a, 0x22, 0x36,
    0x79, 0x90, 0x4b, 0x83, 0x90, 0x90, 0x6f, 0x5a, 0x5c, 0x46, 0x42, 0x4b, 0x6f, 0x3e, 0x46, 0x4b,
    0x6f, 0xa9, 0x6f, 0x6f, 0xa9, 0x6f, 0x76, 0x67, 0x65, 0x46, 0x4b, 0x4b, 0x4b, 0x36, 0x4b, 0x6f,
    0x5a, 0x36, 0x46, 0x5c, 0x36, 0x22, 0x22, 0x36, 0x3e, 0x46, 0x46, 0x5a, 0x6f, 0x6f, 0x6f, 0xa9,
    0x4b, 0x6f, 0x6f, 0x58, 0x46, 0x3e, 0x22, 0x22, 0x36, 0x4b, 0x3e, 0x3e, 0x36, 0x2a, 0x22, 0x36,
    0x79, 0x90, 0x4b, 0x83, 0x90, 0x90, 0x6f, 0x5c, 0x6f, 0x46, 0x4b, 0x4b, 0x4b, 0x36, 0x4b, 0x6f,
    0x4b, 0x36, 0x42, 0x5c, 0x36, 0x22, 0x22, 0x22, 0x36, 0x4b, 0x3e, 0x3e, 0x36, 0x2a, 0x22, 0x36,
    0x79, 0x90, 0x4b, 0x83, 0x90, 0x90, 0x67, 0x5c, 0x6f, 0x46, 0x46, 0x46, 0x4b, 0x3e, 0x4b, 0x4b,
    0x76, 0x90, 0x4b, 0x83, 0x90, 0x90, 0x76, 0x67, 0x76, 0x4b, 0x4b, 0x4b, 0x58, 0x3e, 0x58, 0x76,
    0x5a, 0x36, 0x46, 0x65, 0x36, 0x22, 0x22, 0x22, 0x36, 0x4b, 0x3e, 0x3b, 0x36, 0x36, 0x36, 0x36,
    0x5a, 0x36, 0x46, 0x65, 0x36, 0x22, 0x22, 0x22, 0x3e, 0x4b, 0x3e, 0x36, 0x65, 0x6f, 0xa9, 0x83,
    0x76, 0x90, 0x90, 0x6b, 0x4b, 0x90, 0x76, 0x67, 0x76, 0x4b, 0x4b, 0x4b, 0x58, 0x3e, 0x58, 0x76,
    0x6f, 0x79, 0x76, 0xb0, 0x6f, 0xa7, 0x76, 0x67, 0x5a, 0x5a, 0x4b, 0x46, 0x3e, 0x38, 0x2a, 0x36,
    0x3e, 0x46, 0x58, 0x6f, 0x67, 0x5a, 0x4b, 0x42, 0x3e, 0x4b, 0x4b, 0x6f, 0x3e, 0xa9, 0x65, 0x36,
    0x65, 0x67, 0x90, 0x90, 0x6f, 0xa7, 0x6f, 0x5c, 0x5c, 0x4b, 0x3e, 0x36, 0x3e, 0x36, 0x36, 0x36,
    0x42, 0x58, 0x5c, 0x67, 0x67, 0x67, 0x5a, 0x3e, 0x5a, 0x5a, 0x3e, 0x6f, 0x4b, 0xa9, 0x6f, 0xa9,
    0x38, 0x4b, 0x46, 0x52, 0x3e, 0x4b, 0x3e, 0x3e, 0x36, 0x36, 0x36, 0x42, 0x3e, 0x22, 0x36, 0x3e,
    0x6f, 0x6f, 0x90, 0xb0, 0x58, 0x4b, 0x6f, 0x4b, 0x3e, 0x3e, 0x3e, 0x46, 0x4b, 0x58, 0x4b, 0x4b,
    0x6f, 0x79, 0x76, 0xb0, 0x6f, 0xa7, 0x6f, 0x5c, 0x4b, 0x36, 0x22, 0x36, 0x22, 0x22, 0x36, 0x3e,
    0x90, 0x36, 0x36, 0x6f, 0x5c, 0x36, 0x4b, 0x46, 0x3e, 0x3e, 0x4b, 0x65, 0x58, 0xa9, 0x6f, 0xa9,
    0x38, 0x4b, 0x46, 0x4b, 0x5c, 0x46, 0x46, 0x3e, 0x36, 0x36, 0x36, 0x42, 0x3e, 0x22, 0x36, 0x3e,
    0x6f, 0x6f, 0x90, 0xb0, 0x58, 0x4b, 0x6f, 0x58, 0x4b, 0x36, 0x22, 0x36, 0x22, 0x22, 0x36, 0x3e,
    0x90, 0x36, 0x36, 0x6f, 0x5c, 0x36, 0x4b, 0x46, 0x3e, 0x36, 0x36, 0x42, 0x3e, 0x22, 0x36, 0x3e,
    0x6f, 0x6f, 0x90, 0xb0, 0x58, 0x4b, 0x6f, 0x4b, 0x3e, 0x3e, 0x3e, 0x4b, 0x4b, 0x52, 0x4b, 0x4b,
    0x71, 0x76, 0x90, 0xb0, 0x58, 0x4b, 0x76, 0x65, 0x4b, 0x36, 0x22, 0x36, 0x22, 0x22, 0x36, 0x46,
    0x90, 0x36, 0x36, 0x6f, 0x6f, 0x36, 0x4b, 0x4b, 0x3e, 0x36, 0x36, 0x46, 0x3e, 0x22, 0x36, 0x3e,
    0x90, 0x36, 0x36, 0x6f, 0x6f, 0x36, 0x4b, 0x46, 0x36, 0x46, 0x36, 0x4b, 0x58, 0x52, 0x65, 0x6f,
    0xa9, 0x79, 0x90, 0x5a, 0x4b, 0x4b, 0x76, 0x65, 0x4b, 0x36, 0x22, 0x36, 0x22, 0x22, 0x36, 0x46,
    0x79, 0x6f, 0x90, 0x5c, 0x5a, 0x4b, 0x5a, 0x5c, 0x65, 0x4b, 0x58, 0x4b, 0x3e, 0x29, 0x2a, 0x22,
    0x3e, 0x42, 0x4b, 0x67, 0x6f, 0x67, 0x58, 0x3e, 0x36, 0x3b, 0x42, 0x4b, 0x3e, 0x3e, 0x3e, 0x3e,
    0x5a, 0x4b, 0x67, 0x6b, 0x65, 0xa7, 0x83, 0x76, 0x5c, 0x4b, 0x36, 0x2a, 0x2a, 0x2d, 0x36, 0x36,
    0x3e, 0x5c, 0x6f, 0x5a, 0x6f, 0x6f, 0x5a, 0x6f, 0x5c, 0x5c, 0x5c, 0x6f, 0x3e, 0x5c, 0x6f, 0x6f,
    0x29, 0x3e, 0x46, 0x58, 0x90, 0x4b, 0x3e, 0x2d, 0x2a, 0x36, 0x42, 0x6f, 0x3e, 0x36, 0x3e, 0x4b,
    0x67, 0x4b, 0x5c, 0x42, 0x22, 0x36, 0x90, 0x36, 0x3e, 0x42, 0x36, 0x58, 0x6f, 0x58, 0x4b, 0x46,
    0x79, 0x6f, 0x90, 0x6f, 0x5c, 0xa7, 0x76, 0x65, 0x5c, 0x36, 0x22, 0x22, 0x22, 0x0f, 0x22, 0x2a,
    0x36, 0x5c, 0x67, 0x90, 0x90, 0x6f, 0x5c, 0x42, 0x3e, 0x3e, 0x58, 0x58, 0x52, 0x67, 0x6f, 0x6f,
    0x29, 0x3e, 0x3e, 0x46, 0x3e, 0x3e, 0x42, 0x4b, 0x22, 0x2a, 0x4b, 0x6f, 0x3e, 0x36, 0x3e, 0x4b,
    0x67, 0x4b, 0x5c, 0x42, 0x22, 0x36, 0x90, 0x36, 0x36, 0x36, 0x22, 0x22, 0x22, 0x0f, 0x22, 0x2a,
    0x3e, 0x5c, 0x67, 0x90, 0x90, 0x6f, 0x5c, 0x4b, 0x36, 0x36, 0x42, 0x6f, 0x3e, 0x36, 0x3e, 0x4b,
    0x67, 0x4b, 0x5c, 0x42, 0x22, 0x36, 0x90, 0x36, 0x36, 0x3e, 0x42, 0x4b, 0x58, 0x4b, 0x46, 0x46,
    0x76, 0x4b, 0x65, 0x46, 0x22, 0x36, 0x90, 0x36, 0x36, 0x36, 0x22, 0x22, 0x22, 0x0f, 0x22, 0x2a,
    0x36, 0x65, 0x76, 0x90, 0x90, 0x76, 0x65, 0x4b, 0x36, 0x36, 0x46, 0x76, 0x3e, 0x36, 0x3e, 0x4b,
    0x36, 0x65, 0x76, 0x90, 0x90, 0x76, 0x65, 0x4b, 0x36, 0x36, 0x46, 0x76, 0x4b, 0x46, 0x4b, 0x76,
    0x76, 0x4b, 0x65, 0x46, 0x22, 0x36, 0x90, 0x36, 0x36, 0x36, 0x22, 0x22, 0x22, 0x0f, 0x22, 0x22,
    0x6f, 0xa9, 0x6f, 0x6f, 0x4b, 0x65, 0x76, 0x4b, 0x3e, 0x4b, 0x3e, 0x22, 0x2a, 0x22, 0x36, 0x36,
    0x3e, 0x3e, 0x46, 0x5a, 0xa9, 0x46, 0x36, 0x2a, 0x36, 0x36, 0x4b, 0x36, 0x36, 0x36, 0x36, 0x36,
    0x58, 0x90, 0x5c, 0x79, 0x79, 0x76, 0x90, 0x6f, 0x5a, 0x46, 0x36, 0x22, 0x22, 0x36, 0x36, 0x36,
    0x36, 0x3e, 0x58, 0x3e, 0x36, 0x36, 0x4b, 0x5c, 0x5c, 0x4b, 0x6f, 0x4b, 0x67, 0x6f, 0x6f, 0x6f,
    0x29, 0x29, 0x46, 0x3e, 0x46, 0x36, 0x3e, 0x2a, 0x2a, 0x36, 0x36, 0x3e, 0x2a, 0x36, 0x4b, 0x36,
    0x4b, 0xa9, 0x5c, 0x4b, 0x36, 0x6f, 0xb0, 0x4b, 0x36, 0x4b, 0x5a, 0x5c, 0x5a, 0x58, 0x46, 0x46,
    0x6f, 0xa9, 0x6f, 0x67, 0x6f, 0x79, 0x90, 0x4b, 0x36, 0x3e, 0x36, 0x22, 0x22, 0x2a, 0x22, 0x36,
    0x46, 0x36, 0x5c, 0x5c, 0x4b, 0x36, 0x4b, 0x36, 0x36, 0x36, 0x46, 0x52, 0x65, 0x70, 0x67, 0x67,
    0x29, 0x29, 0x46, 0x3e, 0x36, 0x36, 0x4b, 0x2a, 0x22, 0x22, 0x36, 0x3e, 0x2a, 0x36, 0x4b, 0x36,
    0x4b, 0xa9, 0x5c, 0x4b, 0x36, 0x6f, 0xb0, 0x4b, 0x36, 0x3e, 0x36, 0x22, 0x22, 0x2a, 0x22, 0x2a,
    0x3e, 0x36, 0x5c, 0x5c, 0x4b, 0x36, 0x4b, 0x2d, 0x2a, 0x36, 0x36, 0x3e, 0x22, 0x2a, 0x4b, 0x36,
    0x4b, 0xa9, 0x5c, 0x4b, 0x36, 0x6f, 0xb0, 0x4b, 0x36, 0x3e, 0x42, 0x5a, 0x5a, 0x4b, 0x46, 0x46,
    0x4b, 0xa9, 0x65, 0x4b, 0x36, 0x76, 0xb0, 0x4b, 0x36, 0x3e, 0x36, 0x22, 0x22, 0x36, 0x36, 0x38,
    0x46, 0x36, 0x65, 0x65, 0x4b, 0x36, 0x4b, 0x2a, 0x2a, 0x36, 0x36, 0x46, 0x2a, 0x2a, 0x4b, 0x36,
    0x46, 0x36, 0x65, 0x65, 0x4b, 0x36, 0x4b, 0x2a, 0x2a, 0x36, 0x36, 0x46, 0x46, 0x36, 0x4b, 0x36,
    0x65, 0x65, 0x6b, 0x4b, 0x36, 0x76, 0xb0, 0x4b, 0x36, 0x3e, 0x36, 0x22, 0x2a, 0x22, 0x36, 0x38,
    0x6f, 0x6f, 0x76, 0x90, 0x67, 0x5c, 0x6f, 0x90, 0x4b, 0x36, 0x4b, 0x36, 0x3e, 0x3e, 0x3e, 0x29,
    0x3e, 0x36, 0x42, 0x3e, 0x2d, 0x2a, 0x36, 0x2a, 0x36, 0x2a, 0x36, 0x22, 0x36, 0x36, 0x3e, 0x36,
    0x3e, 0x4b, 0x6f, 0xb0, 0x79, 0x5c, 0x6f, 0x79, 0x4b, 0x3e, 0x3e, 0x22, 0x36, 0x3e, 0x3e, 0x29,
    0x3e, 0x36, 0x3e, 0x3e, 0x2a, 0x2a, 0x36, 0x22, 0x36, 0x5c, 0x36, 0x6f, 0x67, 0x6f, 0x67, 0x67,
    0x3e, 0xa7, 0x3e, 0x3e, 0x3e, 0x2d, 0x2a, 0x19, 0x22, 0x22, 0x36, 0x22, 0x22, 0x22, 0x36, 0x36,
    0x4b, 0x4b, 0x6f, 0xb0, 0x6f, 0x67, 0x6f, 0x90, 0x4b, 0x5a, 0x65, 0x67, 0x6f, 0x58, 0x3e, 0x46,
    0x6f, 0x6f, 0x6f, 0x65, 0x5c, 0x5c, 0x6b, 0x6f, 0x4b, 0x36, 0x4b, 0x22, 0x36, 0x3e, 0x3e, 0x29,
    0x52, 0x36, 0x36, 0x22, 0x2a, 0x22, 0x36, 0x22, 0x22, 0x22, 0x46, 0x36, 0x76, 0x6f, 0x6f, 0x67,
    0x3e, 0xa7, 0x3e, 0x36, 0x36, 0x2a, 0x36, 0x22, 0x19, 0x0f, 0x19, 0x19, 0x22, 0x22, 0x36, 0x36,
    0x4b, 0x58, 0x6f, 0xb0, 0x79, 0x67, 0x6f, 0x90, 0x4b, 0x36, 0x42, 0x22, 0x36, 0x3e, 0x3e, 0x29,
    0x46, 0x36, 0x3e, 0x22, 0x2a, 0x2a, 0x36, 0x2a, 0x22, 0x2d, 0x36, 0x22, 0x0f, 0x22, 0x36, 0x36,
    0x58, 0x58, 0x6f, 0xb0, 0x79, 0x5c, 0x6f, 0x90, 0x4b, 0x36, 0x4b, 0x5a, 0x58, 0x4b, 0x3e, 0x46,
    0x4b, 0x5a, 0x76, 0xb0, 0x76, 0x67, 0x76, 0x90, 0x4b, 0x36, 0x4b, 0x22, 0x36, 0x3e, 0x36, 0x32,
    0x58, 0x36, 0x36, 0x22, 0x2a, 0x2a, 0x36, 0x22, 0x22, 0x2a, 0x36, 0x22, 0x22, 0x22, 0x36, 0x36,
    0x58, 0x36, 0x36, 0x22, 0x2a, 0x2a, 0x36, 0x22, 0x22, 0x2a, 0x36, 0x22, 0x22, 0x22, 0x36, 0x46,
    0x4b, 0x5a, 0x76, 0xb0, 0x76, 0x67, 0x76, 0x90, 0x4b, 0x36, 0x4b, 0x22, 0x3e, 0x3e, 0x36, 0x32,
    0x67, 0x67, 0x67, 0x6f, 0x58, 0x5c, 0x5c, 0x90, 0xa9, 0x90, 0x6f, 0x3e, 0x36, 0x58, 0x46, 0x3e,
    0x42, 0x6f, 0x4b, 0x42, 0x2a, 0x2a, 0x19, 0x19, 0x22, 0x19, 0x22, 0x13, 0x0f, 0x19, 0x22, 0x36,
    0x3e, 0x46, 0x4b, 0x6f, 0x5c, 0x58, 0x5c, 0x90, 0xa9, 0x90, 0x6f, 0x4b, 0x36, 0x58, 0x46, 0x3e,
    0x3e, 0x5c, 0x4b, 0x3e, 0x38, 0x2a, 0x19, 0x19, 0x19, 0x36, 0x36, 0x4b, 0x5a, 0x65, 0x6b, 0x67,
    0x4b, 0x46, 0x46, 0x4b, 0x36, 0x2a, 0x22, 0x0f, 0x19, 0x22, 0x22, 0x13, 0x0f, 0x19, 0x22, 0x36,
    0x4b, 0x46, 0x4b, 0x6f, 0x5c, 0x58, 0x5a, 0x90, 0x6f, 0x67, 0x65, 0x65, 0x52, 0x4b, 0x4b, 0x4b,
    0x67, 0x6f, 0x76, 0x5c, 0x4b, 0x5a, 0x67, 0x79, 0xa9, 0x90, 0x6f, 0x4b, 0x36, 0x58, 0x46, 0x3e,
    0x4b, 0x6f, 0x58, 0x42, 0x36, 0x22, 0x22, 0x0f, 0x22, 0x36, 0x36, 0x22, 0x4b, 0x76, 0x6f, 0x6f,
    0x46, 0x46, 0x3e, 0x36, 0x22, 0x2a, 0x22, 0x0f, 0x22, 0x22, 0x22, 0x0f, 0x19, 0x19, 0x22, 0x36,
    0x4b, 0x46, 0x58, 0x6f, 0x5c, 0x4b, 0x5a, 0x90, 0xa9, 0x83, 0x67, 0x3e, 0x36, 0x4b, 0x42, 0x3e,
    0x4b, 0x6f, 0x4b, 0x4b, 0x36, 0x22, 0x19, 0x22, 0x2a, 0x22, 0x36, 0x0f, 0x0f, 0x0f, 0x22, 0x36,
    0x58, 0x4b, 0x58, 0x6f, 0x5a, 0x5c, 0x5a, 0x90, 0xa9, 0x90, 0x67, 0x5a, 0x52, 0x4b, 0x4b, 0x4b,
    0x4b, 0x46, 0x65, 0x76, 0x4b, 0x65, 0x5a, 0x90, 0xa9, 0x90, 0x79, 0x4b, 0x36, 0x5a, 0x52, 0x46,
    0x58, 0x76, 0x58, 0x42, 0x36, 0x2a, 0x19, 0x19, 0x22, 0x19, 0x22, 0x13, 0x0f, 0x19, 0x22, 0x36,
    0x58, 0x76, 0x58, 0x42, 0x36, 0x2a, 0x19, 0x19, 0x22, 0x19, 0x22, 0x13, 0x0f, 0x19, 0x22, 0x36,
    0x4b, 0x46, 0x65, 0x76, 0x4b, 0x65, 0x5a, 0x90, 0xa9, 0x90, 0x79, 0x4b, 0x36, 0x5a, 0x4b, 0x46,
    0x67, 0x67, 0x5c, 0x4b, 0x4b, 0x46, 0x36, 0x5c, 0x90, 0x67, 0x65, 0x90, 0x90, 0x5c, 0x42, 0x3e,
    0x36, 0x4b, 0x4b, 0x36, 0x36, 0x22, 0x19, 0x19, 0x0f, 0x19, 0x0f, 0x0f, 0x19, 0x0f, 0x22, 0x22,
    0x3e, 0x36, 0x4b, 0x5c, 0x4b, 0x46, 0x36, 0x5c, 0x90, 0x67, 0x65, 0x90, 0x90, 0x5c, 0x42, 0x3e,
    0x36, 0x4b, 0x4b, 0x36, 0x2a, 0x22, 0x19, 0x19, 0x0f, 0x22, 0x22, 0x4b, 0x6b, 0x58, 0x65, 0x5c,
    0x5a, 0x3e, 0x46, 0x3e, 0x36, 0x2a, 0x22, 0x22, 0x0f, 0x19, 0x0f, 0x0f, 0x19, 0x0f, 0x2a, 0x36,
    0x2a, 0x36, 0x4b, 0x5c, 0x4b, 0x46, 0x36, 0x4b, 0x65, 0x67, 0x5a, 0x5a, 0x4b, 0x46, 0x46, 0x4b,
    0x67, 0x6f, 0x6f, 0xa7, 0x6b, 0x4b, 0x6f, 0x5c, 0x6f, 0x5a, 0x65, 0x90, 0x90, 0x5c, 0x42, 0x3e,
    0x36, 0x58, 0x4b, 0x36, 0x36, 0x22, 0x19, 0x0f, 0x0f, 0x22, 0x19, 0x36, 0x6f, 0x58, 0x67, 0x6f,
    0x5a, 0x3e, 0x3e, 0x36, 0x36, 0x2a, 0x2d, 0x2a, 0x22, 0x22, 0x2a, 0x19, 0x0f, 0x0f, 0x22, 0x36,
    0x46, 0x42, 0x46, 0x5c, 0x4b, 0x4b, 0x36, 0x4b, 0x90, 0x79, 0x5c, 0x90, 0x90, 0x4b, 0x3e, 0x36,
    0x3e, 0x3e, 0x3e, 0x36, 0x36, 0x22, 0x0f, 0x0f, 0x36, 0x6f, 0x42, 0x0f, 0x22, 0x3e, 0x22, 0x3e,
    0x4b, 0x36, 0x4b, 0x4b, 0x4b, 0x4b, 0x36, 0x58, 0x76, 0x6f, 0x5a, 0x58, 0x4b, 0x3e, 0x46, 0x4b,
    0x36, 0x36, 0x3e, 0x65, 0x4b, 0x46, 0x36, 0x4b, 0x90, 0x67, 0x6b, 0x90, 0x90, 0x67, 0x4b, 0x46,
    0x36, 0x58, 0x4b, 0x36, 0x36, 0x22, 0x19, 0x19, 0x0f, 0x19, 0x0f, 0x0f, 0x19, 0x0f, 0x2a, 0x36,
    0x36, 0x58, 0x4b, 0x36, 0x36, 0x22, 0x19, 0x19, 0x0f, 0x19, 0x0f, 0x0f, 0x19, 0x0f, 0x2a, 0x36,
    0x36, 0x36, 0x3e, 0x65, 0x4b, 0x46, 0x36, 0x4b, 0x90, 0x67, 0x6b, 0x90, 0x90, 0x67, 0x58, 0x3e,
    0x65, 0x5c, 0x5a, 0x4b, 0x42, 0x3e, 0x42, 0x4b, 0x6f, 0x4b, 0x42, 0x4b, 0x6f, 0x4b, 0x36, 0x36,
    0x22, 0x36, 0x36, 0x36, 0x22, 0x2a, 0x0f, 0x0f, 0x22, 0x22, 0x22, 0x0f, 0x0f, 0x2a, 0x36, 0x22,
    0x2a, 0x2a, 0x36, 0x4b, 0x42, 0x42, 0x42, 0x4b, 0x6f, 0x4b, 0x42, 0x4b, 0x6f, 0x4b, 0x36, 0x36,
    0x22, 0x36, 0x36, 0x36, 0x22, 0x2a, 0x0f, 0x0f, 0x22, 0x2a, 0x36, 0x3e, 0xb0, 0x76, 0x5c, 0x5a,
    0x76, 0x4b, 0x4b, 0x3e, 0x3e, 0x22, 0x22, 0x36, 0x22, 0x22, 0x22, 0x0f, 0x0f, 0x2a, 0x36, 0x22,
    0x2a, 0x2a, 0x36, 0x4b, 0x42, 0x42, 0x42, 0x4b, 0x6f, 0x76, 0x4b, 0x5c, 0x4b, 0x3e, 0x4b, 0x4b,
    0x5c, 0x5c, 0x5a, 0x3e, 0x5a, 0x5c, 0x3e, 0x4b, 0x5c, 0x42, 0x4b, 0x4b, 0x6f, 0x4b, 0x36, 0x36,
    0x22, 0x36, 0x36, 0x36, 0x22, 0x2a, 0x0f, 0x0f, 0x22, 0x2a, 0x22, 0x5c, 0x67, 0x76, 0x6f, 0x65,
    0x76, 0x4b, 0x4b, 0x3e, 0x22, 0x22, 0x4b, 0x22, 0x22, 0x2a, 0x2d, 0x2a, 0x0f, 0x3e, 0x36, 0x46,
    0x4b, 0x42, 0x3e, 0x4b, 0x42, 0x4b, 0x4b, 0x90, 0x6f, 0x90, 0x4b, 0x5a, 0x6f, 0x58, 0x36, 0x36,
    0x3e, 0x4b, 0x42, 0x3e, 0x22, 0x2a, 0x2a, 0x0f, 0x3e, 0x65, 0x58, 0x4b, 0x58, 0x5a, 0x5c, 0x5a,
    0x5c, 0x76, 0x4b, 0x4b, 0x4b, 0x58, 0x58, 0x5a, 0x58, 0x4b, 0x4b, 0x5c, 0x5c, 0x3e, 0x4b, 0x4b,
    0x22, 0x36, 0x36, 0x4b, 0x42, 0x42, 0x42, 0x4b, 0x76, 0x4b, 0x46, 0x65, 0x76, 0x5a, 0x36, 0x46,
    0x22, 0x2a, 0x36, 0x36, 0x22, 0x2a, 0x0f, 0x0f, 0x22, 0x22, 0x22, 0x0f, 0x0f, 0x2a, 0x36, 0x36,
    0x22, 0x36, 0x36, 0x36, 0x22, 0x2a, 0x0f, 0x0f, 0x22, 0x22, 0x22, 0x0f, 0x0f, 0x2a, 0x36, 0x36,
    0x22, 0x36, 0x36, 0x4b, 0x42, 0x42, 0x42, 0x4b, 0x76, 0x4b, 0x46, 0x65, 0x76, 0x5a, 0x3e, 0x36,
    0x5a, 0x5a, 0x6f, 0x3e, 0x36, 0x42, 0x36, 0x42, 0x42, 0x36, 0x3e, 0x36, 0x6f, 0x58, 0x3e, 0x22,
    0x2a, 0x22, 0x3e, 0x4b, 0x46, 0x3e, 0x22, 0x36, 0x36, 0x22, 0x2a, 0x2a, 0x22, 0x3e, 0x42, 0x36,
    0x22, 0x36, 0x36, 0x36, 0x3e, 0x42, 0x36, 0x42, 0x42, 0x36, 0x3e, 0x36, 0x6f, 0x58, 0x3e, 0x22,
    0x2a, 0x22, 0x3e, 0x4b, 0x46, 0x36, 0x2a, 0x22, 0x2a, 0x22, 0x36, 0x4b, 0x5c, 0x6f, 0x5a, 0x4b,
    0xb0, 0x5c, 0x4b, 0x58, 0x67, 0x3e, 0x5a, 0x58, 0x3e, 0x22, 0x2a, 0x2a, 0x22, 0x3e, 0x42, 0x36,
    0x22, 0x36, 0x36, 0x36, 0x3e, 0x42, 0x36, 0x46, 0x4b, 0x42, 0x36, 0x3e, 0x5c, 0x4b, 0x58, 0x5a,
    0x5a, 0x5a, 0x6f, 0x4b, 0x6f, 0x6f, 0x6f, 0x3e, 0x42, 0x36, 0x3e, 0x36, 0x6f, 0x58, 0x3e, 0x22,
    0x2a, 0x22, 0x3e, 0x4b, 0x4b, 0x3e, 0x22, 0x36, 0x36, 0x22, 0x3e, 0x52, 0x76, 0x76, 0x76, 0x65,
    0xb0, 0x5c, 0x5c, 0x4b, 0x36, 0x58, 0x36, 0x22, 0x22, 0x36, 0x36, 0x3e, 0x46, 0x4b, 0x3e, 0x5c,
    0x58, 0x3e, 0x36, 0x36, 0x36, 0x5a, 0x6f, 0x90, 0x8b, 0x90, 0x67, 0x3e, 0x5c, 0x4b, 0x4b, 0x46,
    0x58, 0x5a, 0x58, 0x3e, 0x3e, 0x46, 0x22, 0x36, 0x46, 0x4b, 0x58, 0x58, 0x5a, 0x5a, 0x5c, 0x65,
    0x6f, 0x6f, 0x6b, 0x58, 0x3e, 0x5c, 0x67, 0x67, 0x4b, 0x4b, 0x4b, 0x36, 0x5c, 0x58, 0x58, 0x5a,
    0x22, 0x36, 0x36, 0x36, 0x42, 0x3e, 0x36, 0x42, 0x46, 0x36, 0x3e, 0x36, 0x76, 0x4b, 0x76, 0x76,
    0x4b, 0x22, 0x36, 0x4b, 0x4b, 0x3e, 0x22, 0x36, 0x36, 0x22, 0x2a, 0x2a, 0x22, 0x3e, 0x46, 0x36,
    0x2a, 0x22, 0x3e, 0x4b, 0x4b, 0x3e, 0x22, 0x36, 0x36, 0x22, 0x2a, 0x2a, 0x22, 0x3e, 0x46, 0x36,
    0x22, 0x36, 0x36, 0x36, 0x42, 0x3e, 0x36, 0x42, 0x46, 0x36, 0x3e, 0x36, 0x76, 0x5a, 0x3e, 0x22,
    0x58, 0x3e, 0x5a, 0x5c, 0x5a, 0x58, 0x5a, 0x5a, 0x36, 0x5c, 0x4b, 0x36, 0x5c, 0x67, 0x4b, 0x22,
    0x36, 0x36, 0x4b, 0x58, 0x4b, 0x4b, 0x3e, 0x36, 0x3e, 0x36, 0x36, 0x22, 0x36, 0x42, 0x5c, 0x46,
    0x36, 0x46, 0x36, 0x36, 0x4b, 0x58, 0x5a, 0x5a, 0x36, 0x5c, 0x4b, 0x36, 0x5c, 0x67, 0x4b, 0x22,
    0x36, 0x36, 0x4b, 0x58, 0x4b, 0x42, 0x22, 0x22, 0x22, 0x36, 0x3e, 0x4b, 0x76, 0x5c, 0x52, 0x4b,
    0x4b, 0x6f, 0x6f, 0x5c, 0xb0, 0x5c, 0x76, 0x70, 0x36, 0x36, 0x36, 0x22, 0x36, 0x42, 0x5c, 0x46,
    0x36, 0x46, 0x36, 0x36, 0x4b, 0x58, 0x5a, 0x58, 0x3e, 0x58, 0x4b, 0x36, 0x3e, 0x4b, 0x4b, 0x6f,
    0x58, 0x3e, 0x5a, 0x6f, 0x5a, 0x58, 0x58, 0x4b, 0x3e, 0x4b, 0x58, 0x36, 0x5c, 0x67, 0x4b, 0x22,
    0x36, 0x36, 0x58, 0x5a, 0x5a, 0x4b, 0x3e, 0x36, 0x3e, 0x36, 0x46, 0x4c, 0x76, 0x71, 0x5a, 0x52,
    0x4b, 0x6f, 0x6f, 0x5c, 0xb0, 0x67, 0x36, 0x22, 0x3e, 0x3e, 0x3e, 0x3e, 0x4b, 0x5a, 0x65, 0x67,
    0x5c, 0x6f, 0xb0, 0x76, 0x4b, 0x65, 0x67, 0x6f, 0x6f, 0x90, 0x6b, 0x3e, 0x46, 0x4b, 0x4b, 0x6f,
    0x4b, 0x5c, 0x6f, 0x4b, 0x90, 0x4b, 0x4b, 0x36, 0x4b, 0x5a, 0x5c, 0x5a, 0x5a, 0x5c, 0x67, 0x67,
    0x67, 0x6f, 0x76, 0x4b, 0x4b, 0x67, 0x6b, 0x6f, 0x6f, 0x76, 0x65, 0x4b, 0x4b, 0x4b, 0x4b, 0x6f,
    0x36, 0x4b, 0x36, 0x36, 0x4b, 0x58, 0x4b, 0x58, 0x36, 0x5a, 0x4b, 0x36, 0x65, 0x67, 0x70, 0x76,
    0x76, 0x36, 0x76, 0x4b, 0x65, 0x4b, 0x3e, 0x36, 0x3e, 0x36, 0x36, 0x22, 0x36, 0x42, 0x65, 0x4b,
    0x3e, 0x36, 0x4b, 0x4b, 0x65, 0x58, 0x3e, 0x36, 0x3e, 0x36, 0x36, 0x22, 0x36, 0x42, 0x65, 0x4b,
    0x36, 0x4b, 0x36, 0x36, 0x4b, 0x58, 0x4b, 0x58, 0x36, 0x5a, 0x4b, 0x36, 0x76, 0x71, 0x4b, 0x22,
    0x58, 0x5a, 0x5a, 0x6f, 0x58, 0x4b, 0x6f, 0x67, 0x5c, 0x6f, 0x90, 0xb0, 0x90, 0x76, 0x67, 0x36,
    0x36, 0x5c, 0x65, 0x3e, 0x6f, 0x58, 0x36, 0x36, 0x4b, 0x3e, 0x22, 0x22, 0x3e, 0x36, 0x4b, 0x3e,
    0x58, 0x5a, 0x5a, 0x4b, 0x58, 0x5c, 0x67, 0x67, 0x5c, 0x6f, 0x90, 0xb0, 0x90, 0x76, 0x67, 0x36,
    0x36, 0x5c, 0x65, 0x3e, 0x6f, 0x58, 0x36, 0x36, 0x4b, 0x3e, 0x22, 0x6f, 0xa7, 0x70, 0x46, 0x40,
    0x67, 0x5c, 0x65, 0x58, 0x4b, 0x5c, 0x76, 0x58, 0x42, 0x3e, 0x22, 0x22, 0x3e, 0x36, 0x4b, 0x3e,
    0x58, 0x5a, 0x5a, 0x4b, 0x58, 0x5c, 0x67, 0x6f, 0x58, 0x5a, 0x76, 0x90, 0x3e, 0x4b, 0x6f, 0xb0,
    0x58, 0x5c, 0x5c, 0x6f, 0x4b, 0x4b, 0x6f, 0x58, 0x46, 0x58, 0x4b, 0x90, 0x90, 0x76, 0x67, 0x36,
    0x36, 0x67, 0x76, 0x46, 0x6f, 0x5a, 0x36, 0x36, 0x58, 0x36, 0x46, 0x65, 0xa7, 0x65, 0x52, 0x46,
    0x67, 0x5c, 0x65, 0x58, 0x4b, 0x5c, 0x6f, 0x5a, 0x58, 0x3e, 0x3e, 0x3e, 0x5a, 0x5a, 0x5c, 0x67,
    0x5a, 0x4b, 0x6b, 0x6f, 0x5c, 0x76, 0x5c, 0x67, 0x76, 0xa7, 0x3e, 0x4b, 0x3e, 0x4b, 0x6f, 0xb0,
    0x67, 0x5c, 0x65, 0x58, 0x4b, 0x5c, 0x67, 0x4b, 0x5a, 0x5c, 0x65, 0x5c, 0x4b, 0x6f, 0x5c, 0x6f,
    0x5a, 0x58, 0x76, 0x6f, 0x5c, 0x76, 0x76, 0x67, 0x76, 0xa7, 0x3e, 0x4b, 0x3e, 0x4b, 0x6f, 0xb0,
    0x5a, 0x5a, 0x4b, 0x5c, 0x5a, 0x4b, 0x76, 0x76, 0x4b, 0x76, 0x90, 0xb0, 0x65, 0x67, 0x6f, 0x6f,
    0x65, 0x4b, 0x76, 0x46, 0x76, 0x4b, 0x36, 0x36, 0x4b, 0x3e, 0x22, 0x22, 0x36, 0x36, 0x58, 0x36,
    0x36, 0x67, 0x6f, 0x46, 0x76, 0x5c, 0x36, 0x36, 0x4b, 0x3e, 0x22, 0x22, 0x36, 0x36, 0x58, 0x36,
    0x5a, 0x5a, 0x4b, 0x5c, 0x5a, 0x4b, 0x76, 0x76, 0x4b, 0x76, 0x90, 0xb0, 0x90, 0x79, 0x6f, 0x36,
    0x58, 0x5a, 0x5a, 0x58, 0x4b, 0x58, 0x65, 0x5c, 0x5c, 0x36, 0x36, 0x4b, 0x4b, 0x6f, 0x90, 0x5a,
    0x5c, 0x65, 0x90, 0x58, 0x4b, 0x6f, 0x58, 0x46, 0x36, 0x4b, 0x4b, 0x4b, 0x5c, 0x46, 0x29, 0x3e,
    0x4b, 0x4b, 0x5c, 0x6f, 0x4b, 0x5c, 0x6f, 0x5c, 0x5c, 0x36, 0x36, 0x4b, 0x4b, 0x6f, 0x90, 0x5a,
    0x5c, 0x65, 0x90, 0x58, 0x4b, 0x6f, 0x58, 0x4b, 0x36, 0x3e, 0x5a, 0x65, 0x4b, 0x4b, 0x29, 0x3e,
    0x67, 0x67, 0x6f, 0x6f, 0x4b, 0xa9, 0x67, 0x4b, 0x36, 0x4b, 0x4b, 0x4b, 0x5c, 0x46, 0x29, 0x3e,
    0x4b, 0x4b, 0x5c, 0x6f, 0x4b, 0x5c, 0x6f, 0x5c, 0x3e, 0x42, 0x6f, 0x3e, 0x4b, 0x79, 0xa9, 0x6f,
    0x58, 0x5a, 0x5c, 0x67, 0x6f, 0x5c, 0x6f, 0x5c, 0x36, 0x2a, 0x22, 0x36, 0x5c, 0x6f, 0x90, 0x5a,
    0x67, 0x67, 0x90, 0x5a, 0x5a, 0x6f, 0x65, 0x5a, 0x46, 0x58, 0x6b, 0x83, 0x6b, 0x52, 0x29, 0x46,
    0x67, 0x67, 0x6f, 0x6f, 0x4b, 0xa9, 0x5c, 0x6f, 0x5a, 0x58, 0x5a, 0x5c, 0x65, 0x5c, 0x5a, 0x58,
    0x5a, 0x6f, 0x6f, 0x76, 0x6f, 0xa7, 0x5c, 0x5c, 0x6f, 0x3e, 0x6f, 0x5c, 0x6f, 0x6f, 0xa9, 0x6f,
    0x67, 0x67, 0x6f, 0x6f, 0x4b, 0xa9, 0x5c, 0x6f, 0x4b, 0x6f, 0x65, 0x65, 0x5c, 0x5a, 0x58, 0x58,
    0x5a, 0x6f, 0x6f, 0x76, 0x6f, 0xa7, 0x5c, 0x5c, 0x6f, 0x3e, 0x6f, 0x5c, 0x6f, 0x6f, 0xa9, 0x6f,
    0x58, 0x58, 0x65, 0x76, 0x46, 0x65, 0x76, 0x65, 0x65, 0x36, 0x76, 0x4b, 0x6f, 0x79, 0x65, 0x70,
    0x71, 0x79, 0x90, 0x58, 0x6f, 0x6f, 0x65, 0x4b, 0x36, 0x4b, 0x4b, 0x4b, 0x65, 0x52, 0x32, 0x46,
    0x67, 0x76, 0x90, 0x65, 0x58, 0x76, 0x5a, 0x4b, 0x36, 0x4b, 0x4b, 0x4b, 0x65, 0x52, 0x32, 0x46,
    0x58, 0x58, 0x65, 0x76, 0x46, 0x65, 0x76, 0x65, 0x65, 0x36, 0x36, 0x4b, 0x65, 0x76, 0x90, 0x65,
    0x5a, 0x5c, 0x5a, 0x4b, 0x4b, 0x22, 0x36, 0x3e, 0x2a, 0x2a, 0x22, 0x3e, 0x42, 0x4b, 0x36, 0x36,
    0x6f, 0x4b, 0x36, 0x36, 0x4b, 0x4b, 0x6f, 0x36, 0x5a, 0x6b, 0xa7, 0x90, 0x6f, 0x4b, 0x46, 0x29,
    0x4b, 0x5c, 0x36, 0x36, 0x2a, 0x22, 0x36, 0x3e, 0x2a, 0x2a, 0x22, 0x3e, 0x42, 0x4b, 0x36, 0x36,
    0x6f, 0x4b, 0x36, 0x36, 0x4b, 0x4b, 0x6f, 0x36, 0x5a, 0x5c, 0x70, 0x6b, 0x90, 0x58, 0x46, 0x29,
    0x6f, 0x5c, 0x6f, 0x90, 0x5a, 0x4b, 0x65, 0x36, 0x5a, 0x6b, 0xa7, 0x90, 0x6f, 0x4b, 0x46, 0x29,
    0x4b, 0x5c, 0x36, 0x36, 0x2a, 0x22, 0x36, 0x2a, 0x36, 0x36, 0x3e, 0x36, 0x58, 0x6b, 0x6f, 0xa7,
    0x5a, 0x65, 0x67, 0x6f, 0x5c, 0x22, 0x36, 0x36, 0x36, 0x22, 0x22, 0x3e, 0x42, 0x4b, 0x36, 0x36,
    0x6f, 0x58, 0x36, 0x36, 0x58, 0x58, 0x76, 0x58, 0x65, 0x65, 0xa7, 0x8b, 0x8b, 0x70, 0x52, 0x29,
    0x6f, 0x5c, 0x6f, 0x90, 0x5c, 0xa9, 0x4b, 0x58, 0x58, 0x4b, 0x58, 0x5a, 0x6b, 0x5a, 0x4b, 0x4b,
    0x4b, 0x6b, 0xa7, 0x76, 0x5c, 0x6b, 0x4b, 0x67, 0x5c, 0x67, 0x76, 0x79, 0x76, 0x79, 0x6f, 0xa7,
    0x6f, 0x5c, 0x6f, 0x90, 0x5c, 0xa9, 0x4b, 0x58, 0x58, 0x4b, 0x58, 0x5a, 0x65, 0x4b, 0x4b, 0x4b,
    0x4b, 0x6b, 0xa7, 0x76, 0x5c, 0x6b, 0x4b, 0x67, 0x5c, 0x67, 0x76, 0x79, 0x76, 0x79, 0x6f, 0xa7,
    0x58, 0x65, 0x36, 0x36, 0x2a, 0x22, 0x36, 0x46, 0x2a, 0x22, 0x76, 0x71, 0x65, 0xa9, 0x83, 0x71,
    0x76, 0x76, 0x79, 0x76, 0x6f, 0x76, 0x76, 0x36, 0x5a, 0x76, 0xbd, 0x90, 0x76, 0x5a, 0x46, 0x32,
    0x76, 0x4b, 0x36, 0x36, 0x4b, 0x4b, 0x76, 0x36, 0x5a, 0x76, 0xbd, 0x90, 0x76, 0x5a, 0x46, 0x32,
    0x58, 0x65, 0x36, 0x36, 0x2a, 0x22, 0x36, 0x46, 0x2a, 0x2a, 0x22, 0x3e, 0x42, 0x4b, 0x36, 0x36,
    0x5a, 0x6f, 0x5c, 0x58, 0x22, 0x22, 0x22, 0x22, 0x2a, 0x36, 0x3e, 0x42, 0x42, 0x36, 0x2a, 0x22,
    0x36, 0x22, 0x36, 0x22, 0x36, 0x46, 0x4b, 0x5c, 0x6f, 0x58, 0x4b, 0x4b, 0x4b, 0x4b, 0x4b, 0x3e,
    0x42, 0x3e, 0x36, 0x2a, 0x22, 0x22, 0x22, 0x22, 0x2a, 0x36, 0x3e, 0x42, 0x42, 0x36, 0x2a, 0x22,
    0x36, 0x22, 0x36, 0x22, 0x36, 0x46, 0x4b, 0x5c, 0x6f, 0x4b, 0x65, 0x58, 0x4b, 0x4b, 0x4b, 0x3e,
    0x6f, 0x6f, 0x6f, 0x6f, 0x36, 0x42, 0x58, 0x5a, 0x5a, 0x58, 0x4b, 0x4b, 0x4b, 0x4b, 0x4b, 0x3e,
    0x42, 0x3e, 0x36, 0x2a, 0x22, 0x22, 0x22, 0x2a, 0x36, 0x3e, 0x3e, 0x4b, 0x58, 0x71, 0x90, 0x79,
    0x5a, 0x6f, 0x5c, 0x58, 0x4b, 0x22, 0x22, 0x22, 0x2a, 0x36, 0x3e, 0x42, 0x42, 0x36, 0x2a, 0x22,
    0x36, 0x22, 0x36, 0x22, 0x36, 0x58, 0x5a, 0x67, 0x70, 0x65, 0x65, 0x65, 0x67, 0x65, 0x5d, 0x4b,
    0x6f, 0x6f, 0x6f, 0x6f, 0x67, 0x67, 0x5c, 0x5c, 0x5a, 0x4b, 0x4b, 0x4b, 0x90, 0x4b, 0x4b, 0x4b,
    0x46, 0x4b, 0x5c, 0x67, 0x6f, 0x6f, 0xa7, 0x5c, 0x67, 0x6f, 0x79, 0x90, 0x83, 0x83, 0x90, 0x83,
    0x6f, 0x6f, 0x6f, 0x6f, 0x67, 0x67, 0x5c, 0x5c, 0x5a, 0x4b, 0x4b, 0x4b, 0x90, 0x4b, 0x4b, 0x4b,
    0x46, 0x4b, 0x5c, 0x67, 0x6f, 0x6f, 0xa7, 0x5c, 0x67, 0x6f, 0x79, 0x90, 0x83, 0x83, 0x90, 0x83,
    0x58, 0x3e, 0x36, 0x2a, 0x22, 0x22, 0x22, 0x22, 0x2a, 0x3e, 0x76, 0x76, 0x71, 0x70, 0x67, 0x65,
    0x76, 0x83, 0x90, 0x79, 0x65, 0x58, 0x58, 0x65, 0x76, 0x4b, 0x4b, 0x58, 0x58, 0x58, 0x52, 0x4b,
    0x36, 0x22, 0x36, 0x22, 0x36, 0x42, 0x58, 0x65, 0x76, 0x4b, 0x4b, 0x58, 0x58, 0x58, 0x52, 0x4b,
    0x58, 0x3e, 0x36, 0x2a, 0x22, 0x22, 0x22, 0x22, 0x2a, 0x36, 0x3e, 0x42, 0x42, 0x36, 0x2a, 0x22,
    0x76, 0x76, 0xa9, 0x76, 0x76, 0x83, 0x83, 0x76, 0x71, 0x67, 0x65, 0x5a, 0x46, 0xbd, 0xbd, 0x46,
    0x5a, 0x58, 0x6f, 0x70, 0x65, 0x5a, 0x52, 0x58, 0x4b, 0x46, 0x58, 0x65, 0xbd, 0xbd, 0x65, 0xb0,
    0x58, 0x58, 0x65, 0x58, 0x36, 0x4b, 0x4b, 0x76, 0x76, 0xb0, 0x65, 0x5a, 0x58, 0x58, 0x58, 0x76,
    0x4b, 0x3e, 0x22, 0x36, 0x46, 0x36, 0x22, 0x0f, 0x22, 0x36, 0x36, 0x36, 0x36, 0x4b, 0x5c, 0x71,
    0x4b, 0x3e, 0x22, 0x36, 0x46, 0x36, 0x22, 0x0f, 0x22, 0x36, 0x36, 0x36, 0x3e, 0x3e, 0x22, 0x22,
    0x36, 0x22, 0x22, 0x22, 0x36, 0x4b, 0x4b, 0x76, 0x76, 0xb0, 0x65, 0x5a, 0x58, 0x58, 0x58, 0x76,
    0x36, 0x22, 0x22, 0x22, 0x36, 0x4b, 0x4b, 0x76, 0x76, 0xb0, 0x65, 0x65, 0x6f, 0x90, 0x58, 0x71,
    0x46, 0x71, 0x6f, 0x36, 0x46, 0x36, 0x22, 0x0f, 0x22, 0x36, 0x36, 0x36, 0x3e, 0x3e, 0x22, 0x22,
    0x6f, 0x6f, 0xa9, 0x6f, 0x67, 0x6f, 0x6f, 0x6f, 0x67, 0x5c, 0x5c, 0x51, 0x3e, 0x3e, 0xa7, 0x3e,
    0x4b, 0x4b, 0x93, 0x9e, 0xbc, 0xd9, 0xd5, 0xe5, 0xe5, 0xd9, 0xe1, 0xe1, 0xe5, 0xe3, 0xc7, 0xc7,
    0x4b, 0x4b, 0x92, 0x88, 0x93, 0x8f, 0x9e, 0xbe, 0xbe, 0xc5, 0xa8, 0x96, 0x96, 0x96, 0xb7, 0xb7,
    0x4b, 0x91, 0x91, 0xd1, 0xd1, 0xd9, 0xe5, 0xe5, 0xd9, 0xd1, 0xd9, 0xe5, 0xe5, 0xe3, 0xc7, 0xc7,
    0xe1, 0xe1, 0xe5, 0xc7, 0xb7, 0xb7, 0x96, 0xb7, 0xaa, 0xd1, 0xe5, 0xc7, 0xc7, 0xd1, 0xb7, 0xc0,
    0xc7, 0xd1, 0xd1, 0xc7, 0xe1, 0xe1, 0xe1, 0xe5, 0xe5, 0xeb, 0xeb, 0xdc, 0xe5, 0xe3, 0xc7, 0xc7,
    0xe1, 0xe1, 0xe5, 0xe3, 0xd1, 0xd1, 0xe1, 0xb7, 0xc2, 0xc0, 0xc7, 0xb7, 0x92, 0x91, 0x6b, 0x67,
    0x4b, 0x4b, 0x5c, 0x6f, 0x5c, 0x5c, 0x4b, 0x3e, 0x4b, 0x3e, 0x4b, 0x5c, 0xa7, 0xa7, 0x5c, 0xb0,
    0x83, 0x90, 0x76, 0x76, 0xa9, 0x76, 0x90, 0x6f, 0x76, 0x65, 0x76, 0x58, 0x46, 0x46, 0xbd, 0x46,
    0x67, 0x70, 0x6f, 0x76, 0x5a, 0x58, 0x52, 0x52, 0x58, 0x46, 0xa9, 0x58, 0xbd, 0xbd, 0x76, 0xa9,
    0x58, 0x46, 0x58, 0x4b, 0x76, 0x83, 0x90, 0x4b, 0x76, 0x65, 0x65, 0x58, 0x4b, 0x4b, 0x4b, 0x4b,
    0x4b, 0x46, 0x36, 0x3e, 0x22, 0x2a, 0x22, 0x22, 0x22, 0x36, 0x22, 0x3e, 0x58, 0x52, 0x65, 0x6f,
    0x4b, 0x46, 0x36, 0x3e, 0x22, 0x2a, 0x22, 0x22, 0x22, 0x36, 0x22, 0x36, 0x42, 0x76, 0x42, 0x36,
    0x46, 0x36, 0x58, 0x4b, 0x76, 0x83, 0x90, 0x4b, 0x76, 0x65, 0x65, 0x58, 0x4b, 0x4b, 0x4b, 0x4b,
    0x46, 0x36, 0x58, 0x4b, 0x76, 0x83, 0x90, 0x4b, 0x76, 0x65, 0x65, 0x5a, 0x58, 0x6f, 0x83, 0x76,
    0x46, 0xa9, 0x83, 0x76, 0x22, 0x2a, 0x22, 0x22, 0x22, 0x36, 0x22, 0x36, 0x42, 0x76, 0x42, 0x36,
    0x67, 0x4b, 0x4b, 0x6f, 0x4b, 0x5c, 0x73, 0x6f, 0x68, 0x73, 0x5c, 0x4b, 0x4b, 0x73, 0x91, 0x73,
    0x4b, 0x4b, 0x93, 0x91, 0xb3, 0xbc, 0xc5, 0xd5, 0xd1, 0xe5, 0xf3, 0xe5, 0xeb, 0xeb, 0xe5, 0xe1,
    0x4b, 0x58, 0x4b, 0x92, 0x93, 0x92, 0x93, 0x9e, 0xb3, 0xa8, 0x9e, 0x96, 0x53, 0x53, 0x96, 0x96,
    0x58, 0x69, 0x91, 0x91, 0xd9, 0xe1, 0xc2, 0xe1, 0xe5, 0xd9, 0xe5, 0xeb, 0xeb, 0xeb, 0xe5, 0xe1,
    0xe1, 0xe1, 0xe5, 0xeb, 0xe3, 0xb7, 0xb7, 0x96, 0x96, 0x96, 0xc0, 0xdc, 0xe5, 0xe5, 0xc7, 0xc0,
    0xb7, 0xc7, 0xc7, 0xdc, 0xd7, 0xdc, 0xdc, 0xe1, 0xe5, 0xe5, 0xf3, 0xe5, 0xeb, 0xeb, 0xe5, 0xe1,
    0xe1, 0xe1, 0xe5, 0xeb, 0xe5, 0xe1, 0xb7, 0xe1, 0xc0, 0xc2, 0x9e, 0x84, 0x73, 0x4b, 0x3e, 0x6f,
    0x91, 0x5c, 0x69, 0x73, 0x5c, 0x5c, 0x5c, 0x5c, 0x5c, 0x5c, 0x5c, 0x5a, 0x4b, 0x6f, 0x6f, 0xa9,
    0x76, 0x90, 0x90, 0x83, 0x76, 0x22, 0x22, 0x6f, 0x90, 0x65, 0x71, 0x6f, 0x76, 0x46, 0x58, 0x58,
    0x5a, 0x76, 0x6f, 0x58, 0x65, 0x58, 0x4b, 0x5a, 0x65, 0x5a, 0x58, 0x58, 0x5a, 0x5a, 0x6f, 0x76,
    0x58, 0x58, 0x65, 0x6f, 0x90, 0x90, 0x76, 0x67, 0x76, 0x4b, 0x4b, 0x4b, 0x58, 0x3e, 0x58, 0x76,
    0x5a, 0x36, 0x46, 0x65, 0x36, 0x22, 0x22, 0x22, 0x36, 0x4b, 0x36, 0x46, 0x58, 0x46, 0x4c, 0x76,
    0x5a, 0x36, 0x46, 0x65, 0x36, 0x22, 0x22, 0x22, 0x36, 0x4b, 0x3e, 0x3b, 0x36, 0x36, 0x36, 0x36,
    0x76, 0x90, 0x4b, 0x83, 0x90, 0x90, 0x76, 0x67, 0x76, 0x4b, 0x4b, 0x4b, 0x58, 0x3e, 0x58, 0x76,
    0x76, 0x90, 0x4b, 0x83, 0x90, 0x90, 0x76, 0x67, 0x76, 0x4b, 0x4b, 0x42, 0x76, 0x76, 0x79, 0xa9,
    0x79, 0xa9, 0x4b, 0x65, 0x36, 0x22, 0x22, 0x22, 0x36, 0x4b, 0x3e, 0x3b, 0x36, 0x36, 0x36, 0x36,
    0x6f, 0x6f, 0x67, 0x6f, 0x68, 0x6f, 0x69, 0x73, 0x5c, 0x73, 0x73, 0x73, 0x73, 0x84, 0x93, 0x91,
    0x4b, 0x73, 0x69, 0x84, 0xa8, 0xb3, 0xcb, 0xd3, 0xe1, 0xe1, 0xe5, 0xf3, 0xf3, 0xeb, 0xe5, 0xe3,
    0x6f, 0x4b, 0x91, 0x91, 0x91, 0x92, 0x93, 0x92, 0xb3, 0xd9, 0xc0, 0xb7, 0x96, 0x96, 0x53, 0x53,
    0x4b, 0x6b, 0x91, 0x91, 0x93, 0x93, 0x9e, 0xbb, 0xd5, 0xe5, 0xe5, 0xf3, 0xf3, 0xeb, 0xeb, 0xe5,
    0xe1, 0xe3, 0xe3, 0xe5, 0xf3, 0xe5, 0xe1, 0xb7, 0x96, 0x53, 0x96, 0xb7, 0xc0, 0xd1, 0xe1, 0xd1,
    0xc7, 0xc7, 0xc7, 0xd1, 0xd1, 0xdc, 0xd9, 0xe1, 0xd9, 0xe1, 0xe3, 0xf3, 0xf3, 0xeb, 0xeb, 0xe5,
    0xe1, 0xe3, 0xe3, 0xe5, 0xf3, 0xe5, 0xd1, 0xbc, 0xa8, 0x91, 0x91, 0x73, 0x73, 0x4b, 0x3e, 0x6f,
    0x91, 0x73, 0x5c, 0x93, 0x73, 0x73, 0x5c, 0x67, 0x5c, 0x5c, 0x73, 0x5c, 0x4b, 0x73, 0x4b, 0x67,
    0xa9, 0x76, 0x90, 0x8b, 0x76, 0x36, 0x5a, 0x79, 0xa9, 0x83, 0x6f, 0x76, 0x36, 0x65, 0x58, 0x58,
    0x40, 0x4c, 0x58, 0xb0, 0x58, 0x58, 0x4b, 0x46, 0x90, 0x5c, 0x52, 0x4b, 0x58, 0x5a, 0x65, 0x70,
    0xbd, 0x58, 0x67, 0x76, 0x4b, 0x4b, 0x76, 0x65, 0x4b, 0x36, 0x22, 0x36, 0x22, 0x22, 0x36, 0x46,
    0x90, 0x36, 0x36, 0x6f, 0x6f, 0x36, 0x4b, 0x4b, 0x3e, 0x3e, 0x36, 0x4b, 0x46, 0x32, 0x40, 0x46,
    0x90, 0x36, 0x36, 0x6f, 0x6f, 0x36, 0x4b, 0x4b, 0x3e, 0x36, 0x36, 0x46, 0x3e, 0x22, 0x36, 0x3e,
    0x71, 0x76, 0x90, 0xb0, 0x58, 0x4b, 0x76, 0x65, 0x4b, 0x36, 0x22, 0x36, 0x22, 0x22, 0x36, 0x46,
    0x71, 0x76, 0x90, 0xb0, 0x58, 0x4b, 0x76, 0x65, 0x4b, 0x36, 0x22, 0x36, 0x22, 0x22, 0x76, 0xa9,
    0x76, 0x36, 0x36, 0x6f, 0x6f, 0x36, 0x4b, 0x4b, 0x3e, 0x36, 0x36, 0x46, 0x3e, 0x22, 0x36, 0x3e,
    0xa9, 0x4b, 0x5c, 0x5c, 0x73, 0x73, 0x73, 0x73, 0x73, 0x73, 0x91, 0x91, 0x91, 0x91, 0x93, 0x91,
    0xa7, 0x4b, 0x4b, 0x91, 0x93, 0xb3, 0xc5, 0xd5, 0xe1, 0xd9, 0xe5, 0xe1, 0xe3, 0xf3, 0xe5, 0xe1,
    0xa9, 0x4b, 0x73, 0x84, 0x91, 0x92, 0xd9, 0xe1, 0xe5, 0xf3, 0xeb, 0xe1, 0xc0, 0xb7, 0x96, 0x96,
    0xa7, 0x4b, 0x6f, 0x84, 0x92, 0x9e, 0xbb, 0xcb, 0xe1, 0xd7, 0xe5, 0xe1, 0xe3, 0xf3, 0xe5, 0xe1,
    0xe1, 0xe5, 0xdc, 0xd1, 0xe1, 0xe5, 0xe5, 0xe1, 0xc0, 0xc0, 0x96, 0xc0, 0xb7, 0xc7, 0xc0, 0xbb,
    0xb7, 0xc0, 0xc7, 0xd1, 0xd1, 0xc7, 0xe1, 0xd1, 0xe1, 0xd7, 0xe5, 0xe1, 0xe3, 0xf3, 0xe5, 0xe5,
    0xe1, 0xe5, 0xdc, 0xd1, 0xd9, 0xe5, 0xe5, 0xbb, 0x93, 0x91, 0x91, 0x91, 0x91, 0x69, 0x3e, 0x42,
    0x91, 0x91, 0x91, 0x91, 0x91, 0x73, 0x73, 0x73, 0x73, 0x73, 0x73, 0x6f, 0x5c, 0x4b, 0x5c, 0x6f,
    0x6f, 0x67, 0x6f, 0x90, 0x90, 0x76, 0x65, 0x5a, 0x76, 0x76, 0x65, 0x76, 0x3e, 0x3e, 0x58, 0x52,
    0x32, 0x40, 0x65, 0x46, 0x22, 0x36, 0x58, 0x65, 0x76, 0x36, 0x58, 0x42, 0x52, 0x5a, 0x58, 0x6f,
    0x46, 0x5a, 0x76, 0x65, 0x79, 0x65, 0x90, 0x36, 0x36, 0x36, 0x22, 0x22, 0x22, 0x0f, 0x22, 0x22,
    0x36, 0x65, 0x76, 0x90, 0x90, 0x76, 0x65, 0x4b, 0x36, 0x3b, 0x46, 0x76, 0x46, 0x32, 0x40, 0x40,
    0x36, 0x65, 0x76, 0x90, 0x90, 0x76, 0x65, 0x4b, 0x36, 0x36, 0x46, 0x76, 0x3e, 0x36, 0x3e, 0x4b,
    0x76, 0x4b, 0x65, 0x46, 0x22, 0x36, 0x90, 0x36, 0x36, 0x36, 0x22, 0x22, 0x22, 0x0f, 0x22, 0x22,
    0x76, 0x4b, 0x65, 0x46, 0x22, 0x36, 0x90, 0x36, 0x36, 0x36, 0x22, 0x22, 0x22, 0x0f, 0x76, 0x22,
    0x36, 0x65, 0x76, 0x90, 0x90, 0x76, 0x65, 0x4b, 0x36, 0x36, 0x46, 0x76, 0x3e, 0x36, 0x3e, 0x4b,
    0x6f, 0x4b, 0x69, 0x69, 0x73, 0x5c, 0x6f, 0x91, 0x73, 0x6f, 0x9e, 0x91, 0x93, 0x93, 0xbc, 0xbb,
    0x3e, 0x3e, 0x5c, 0x84, 0xa8, 0xbc, 0xc2, 0xc7, 0xc7, 0xc7, 0xd1, 0xdc, 0xdc, 0xdc, 0xe1, 0xe3,
    0x6f, 0x73, 0x73, 0x91, 0x91, 0xa8, 0xd9, 0xe1, 0xe1, 0xf3, 0xf3, 0xe5, 0xe5, 0xe1, 0xc0, 0xb7,
    0x3e, 0x5c, 0x73, 0x91, 0xa8, 0xb3, 0xc7, 0xd1, 0xc7, 0xc0, 0xd1, 0xdc, 0xdc, 0xe1, 0xe1, 0xe3,
    0xe1, 0xe1, 0xe1, 0xe1, 0xe1, 0xd9, 0xdc, 0xdc, 0xd5, 0xc7, 0xc0, 0xc7, 0xe1, 0xe1, 0xc7, 0xb7,
    0xb7, 0xb7, 0xaa, 0xb7, 0xd1, 0xdc, 0xd9, 0xe1, 0xd1, 0xc0, 0xc7, 0xdc, 0xdc, 0xdc, 0xe1, 0xe3,
    0xe3, 0xdc, 0xe1, 0xe1, 0xd1, 0xe1, 0xdc, 0xa8, 0xa8, 0x93, 0x91, 0x91, 0x73, 0x6f, 0x5c, 0x46,
    0xbc, 0x91, 0x91, 0x93, 0x9e, 0x91, 0x91, 0x91, 0x91, 0x73, 0x69, 0x6f, 0x5c, 0x5c, 0x6f, 0x6f,
    0x65, 0x65, 0x65, 0x5a, 0x42, 0x36, 0x4b, 0x3e, 0x65, 0x76, 0x3e, 0x46, 0x2a, 0x2a, 0x4b, 0x3e,
    0x32, 0x32, 0x65, 0x4b, 0x36, 0x76, 0xb0, 0x4b, 0x36, 0x3e, 0x36, 0x22, 0x4b, 0x67, 0x70, 0x71,
    0x4b, 0x52, 0x6c, 0x71, 0xa9, 0x58, 0xb0, 0x4b, 0x36, 0x3e, 0x36, 0x22, 0x2a, 0x22, 0x36, 0x38,
    0x46, 0x36, 0x65, 0x65, 0x4b, 0x36, 0x4b, 0x2d, 0x2a, 0x2a, 0x36, 0x46, 0x3e, 0x58, 0x46, 0x3d,
    0x46, 0x36, 0x65, 0x65, 0x4b, 0x36, 0x4b, 0x2a, 0x2a, 0x36, 0x36, 0x46, 0x2a, 0x2a, 0x4b, 0x36,
    0x4b, 0xa9, 0x65, 0x4b, 0x36, 0x76, 0xb0, 0x4b, 0x36, 0x3e, 0x36, 0x22, 0x2a, 0x22, 0x36, 0x38,
    0x4b, 0xa9, 0x65, 0x4b, 0x36, 0x76, 0xb0, 0x4b, 0x36, 0x3e, 0x36, 0x22, 0x2a, 0x22, 0x36, 0x38,
    0x46, 0x36, 0x65, 0x65, 0x4b, 0x36, 0x4b, 0x2a, 0x2a, 0x36, 0x36, 0x46, 0x2a, 0x2a, 0x4b, 0x36,
    0x5c, 0x6b, 0x91, 0x4b, 0x4b, 0x4b, 0x73, 0x9e, 0x91, 0x91, 0x9e, 0x9e, 0x93, 0xa8, 0xd9, 0xc2,
    0x3e, 0x3e, 0x69, 0x73, 0x9e, 0xac, 0xd1, 0xcb, 0xd5, 0xc0, 0xc7, 0xc7, 0xd1, 0xe1, 0xdc, 0xe5,
    0x5c, 0x5c, 0x73, 0x73, 0x91, 0x92, 0xc5, 0xd1, 0xe1, 0xf3, 0xef, 0xe5, 0xeb, 0xeb, 0xdc, 0xd1,
    0x6f, 0x6b, 0x73, 0x91, 0x91, 0xc2, 0xc0, 0xe1, 0xd5, 0xc0, 0xc5, 0xc2, 0xc7, 0xe1, 0xdc, 0xe5,
    0xe3, 0xe1, 0xe1, 0xe1, 0xd1, 0xd5, 0xd9, 0xe1, 0xd9, 0xc0, 0xb7, 0xb7, 0xd1, 0xe5, 0xe5, 0xe1,
    0xb7, 0xc0, 0x96, 0xb7, 0xb7, 0xc2, 0xe1, 0xdc, 0xe1, 0xc0, 0xc7, 0xc0, 0xd1, 0xe1, 0xdc, 0xe5,
    0xe5, 0xe1, 0xe1, 0xe1, 0xd1, 0xd5, 0xe1, 0xb3, 0xac, 0x92, 0x92, 0x84, 0x91, 0x73, 0x73, 0x32,
    0xd1, 0xb7, 0x92, 0x93, 0x9e, 0x93, 0x93, 0x91, 0x91, 0x73, 0x5c, 0x4b, 0x5c, 0x5c, 0x6f, 0x67,
    0x5a, 0x5a, 0x65, 0x76, 0x36, 0x22, 0x36, 0x22, 0x22, 0x2a, 0x36, 0x22, 0x22, 0x22, 0x36, 0x36,
    0x4b, 0x5a, 0x76, 0xb0, 0x76, 0x67, 0x76, 0x90, 0x4b, 0x36, 0x4b, 0x22, 0x76, 0x71, 0x6b, 0x67,
    0x46, 0x52, 0x65, 0x58, 0x58, 0x65, 0x79, 0x90, 0x4b, 0x36, 0x4b, 0x22, 0x36, 0x3e, 0x36, 0x32,
    0x58, 0x36, 0x36, 0x22, 0x2a, 0x22, 0x36, 0x22, 0x22, 0x22, 0x36, 0x2a, 0x22, 0x4b, 0x46, 0x32,
    0x58, 0x36, 0x36, 0x22, 0x2a, 0x2a, 0x36, 0x22, 0x22, 0x2a, 0x36, 0x22, 0x22, 0x22, 0x36, 0x36,
    0x4b, 0x5a, 0x76, 0xb0, 0x76, 0x67, 0x76, 0x90, 0x4b, 0x36, 0x4b, 0x22, 0x3e, 0x3e, 0x36, 0x32,
    0x4b, 0x5a, 0x76, 0xb0, 0x76, 0x67, 0x76, 0x90, 0x4b, 0x36, 0x4b, 0x22, 0x3e, 0x3e, 0x36, 0x32,
    0x58, 0x36, 0x36, 0x22, 0x2a, 0x2a, 0x36, 0x22, 0x22, 0x2a, 0x36, 0x22, 0x22, 0x22, 0x36, 0x36,
    0x4b, 0x73, 0x5c, 0x4b, 0x69, 0x4b, 0x9e, 0xbb, 0xa8, 0xb3, 0xc2, 0xc5, 0xbc, 0xbc, 0xe5, 0xeb,
    0x3e, 0x6f, 0x73, 0x93, 0x93, 0x9e, 0xbe, 0xd1, 0xd5, 0xe1, 0xd1, 0xb7, 0xc0, 0xc0, 0xc0, 0xc7,
    0x58, 0x6f, 0x73, 0x91, 0x93, 0x9e, 0xbb, 0xb7, 0xbb, 0xe5, 0xf3, 0xf3, 0xf3, 0xe5, 0xf3, 0xf3,
    0x42, 0x4b, 0x91, 0x84, 0x92, 0xb7, 0xbb, 0xd1, 0xd9, 0xe1, 0xd1, 0xb3, 0xbb, 0xbb, 0xb7, 0xc7,
    0xe5, 0xe1, 0xd1, 0xd1, 0xd5, 0xd5, 0xe1, 0xe1, 0xd9, 0xdc, 0xd5, 0xc2, 0xc5, 0xd1, 0xd1, 0xe5,
    0xdc, 0xc7, 0xb7, 0x96, 0xb7, 0xb7, 0xc2, 0xd1, 0xd1, 0xd9, 0xd1, 0xcb, 0xc2, 0xc0, 0xc0, 0xc7,
    0xe5, 0xd1, 0xe1, 0xd1, 0xc2, 0xd1, 0xe1, 0xd1, 0xbc, 0x93, 0x91, 0x91, 0x91, 0x91, 0x4b, 0x32,
    0xef, 0xe5, 0x9e, 0xbe, 0xc2, 0xb7, 0x9e, 0x91, 0x84, 0x73, 0x73, 0x6f, 0x67, 0x5c, 0x5c, 0x5c,
    0x5a, 0x46, 0x76, 0x58, 0x76, 0x22, 0x19, 0x19, 0x22, 0x19, 0x22, 0x13, 0x0f, 0x19, 0x22, 0x36,
    0x4b, 0x46, 0x65, 0x76, 0x4b, 0x65, 0x5a, 0x90, 0xa9, 0x90, 0x76, 0x4b, 0x6b, 0x65, 0x83, 0x65,
    0x46, 0x4b, 0x4b, 0x4b, 0x58, 0x65, 0x5a, 0x90, 0xa9, 0x90, 0x76, 0x4b, 0x36, 0x5a, 0x4b, 0x46,
    0x58, 0x76, 0x58, 0x42, 0x3e, 0x22, 0x5c, 0x83, 0xa9, 0x22, 0x22, 0x0f, 0x65, 0x65, 0x58, 0x52,
    0x58, 0x76, 0x58, 0x42, 0x36, 0x2a, 0x19, 0x19, 0x22, 0x19, 0x22, 0x13, 0x0f, 0x19, 0x22, 0x36,
    0x4b, 0x46, 0x65, 0x76, 0x4b, 0x65, 0x5a, 0x90, 0xa9, 0x90, 0x79, 0x4b, 0x36, 0x5a, 0x4b, 0x46,
    0x4b, 0x46, 0x65, 0x76, 0x4b, 0x65, 0x5a, 0x90, 0xa9, 0x90, 0x79, 0x4b, 0x36, 0x5a, 0x4b, 0x46,
    0x58, 0x76, 0x58, 0x42, 0x36, 0x2a, 0x19, 0x19, 0x22, 0x19, 0x22, 0x13, 0x0f, 0x19, 0x22, 0x36,
    0x5c, 0x5c, 0x5c, 0x4b, 0x91, 0x91, 0x93, 0xbe, 0xa8, 0xb3, 0xc2, 0xd9, 0xd9, 0xdc, 0xe5, 0xf3,
    0x3e, 0x6f, 0x91, 0x84, 0x8a, 0x93, 0x93, 0xc5, 0xd5, 0xe5, 0xe1, 0xdc, 0xc0, 0xb7, 0xc0, 0xb7,
    0x4b, 0x69, 0x91, 0x9e, 0xa8, 0xbc, 0xbb, 0x96, 0x92, 0xc0, 0xe1, 0xe5, 0xe5, 0xe5, 0xe5, 0xf3,
    0x3e, 0x73, 0x73, 0x84, 0x92, 0x9a, 0xb7, 0xbb, 0xc2, 0xd9, 0xb3, 0xa8, 0xb3, 0xc2, 0xbb, 0xb7,
    0xc7, 0xd1, 0xc7, 0xd1, 0xc2, 0xcb, 0xc7, 0xc2, 0xcb, 0xe1, 0xcb, 0xbc, 0xc2, 0xcb, 0xd9, 0xe5,
    0xe5, 0xdc, 0xd1, 0xbb, 0x96, 0x96, 0xd9, 0xc2, 0xc2, 0xc2, 0xc2, 0xd9, 0xc7, 0xb7, 0xc0, 0xc0,
    0xc7, 0xd1, 0xc7, 0xc7, 0xb7, 0x96, 0xbc, 0x92, 0x9e, 0x91, 0x91, 0x91, 0x91, 0x91, 0x69, 0x3e,
    0xf3, 0xf3, 0xe5, 0xeb, 0xe1, 0xe5, 0xc0, 0x9e, 0x92, 0x91, 0x69, 0x4b, 0x73, 0x6f, 0x5c, 0x5c,
    0x67, 0x58, 0x76, 0x90, 0x76, 0x2a, 0x0f, 0x0f, 0x0f, 0x19, 0x0f, 0x0f, 0x19, 0x0f, 0x2a, 0x36,
    0x36, 0x36, 0x3e, 0x65, 0x4b, 0x46, 0x36, 0x4b, 0x90, 0x76, 0x65, 0x83, 0x79, 0x76, 0xbd, 0x65,
    0x52, 0x52, 0x52, 0x46, 0x4b, 0x4b, 0x36, 0x4b, 0x5a, 0x5a, 0x6b, 0x90, 0x90, 0x67, 0x58, 0x3e,
    0x36, 0x58, 0x4b, 0x3e, 0x36, 0x58, 0x76, 0x6f, 0x76, 0x22, 0x0f, 0x65, 0x67, 0x65, 0x58, 0x58,
    0x36, 0x58, 0x4b, 0x36, 0x36, 0x22, 0x19, 0x19, 0x0f, 0x19, 0x0f, 0x0f, 0x19, 0x0f, 0x2a, 0x36,
    0x36, 0x36, 0x3e, 0x65, 0x4b, 0x46, 0x36, 0x4b, 0x90, 0x67, 0x6b, 0x90, 0x90, 0x67, 0x58, 0x3e,
    0x36, 0x36, 0x3e, 0x65, 0x4b, 0x46, 0x36, 0x4b, 0x90, 0x67, 0x6b, 0x90, 0x90, 0x67, 0x58, 0x3e,
    0x36, 0x58, 0x4b, 0x36, 0x36, 0x22, 0x19, 0x19, 0x0f, 0x19, 0x0f, 0x0f, 0x19, 0x0f, 0x2a, 0x36,
    0x67, 0x67, 0x5c, 0x73, 0x91, 0x91, 0x93, 0xa8, 0xbb, 0xa8, 0xbb, 0xd1, 0xd1, 0xdc, 0xdc, 0xe5,
    0x3e, 0x6f, 0x73, 0x91, 0x91, 0x93, 0x9e, 0xbe, 0xd1, 0xdc, 0xe5, 0xe5, 0xe1, 0xc7, 0xc0, 0xb7,
    0x67, 0x73, 0x91, 0x9e, 0xbc, 0xd9, 0xb7, 0xbb, 0x92, 0x96, 0xb7, 0xc7, 0xd1, 0xdc, 0xdc, 0xe5,
    0x3e, 0x6b, 0x91, 0x91, 0x84, 0x92, 0x9e, 0x9e, 0xbe, 0xd1, 0x93, 0x93, 0x9e, 0xb3, 0xbc, 0xbc,
    0xc2, 0xc0, 0xd1, 0xc0, 0xc5, 0xb3, 0xb3, 0xc5, 0xc5, 0xc5, 0xd9, 0xbc, 0xc5, 0xc5, 0xc5, 0xf3,
    0xe5, 0xdc, 0xd1, 0xb7, 0xb7, 0xbe, 0xb3, 0x9e, 0x96, 0xa8, 0xbc, 0xc2, 0xd9, 0xc7, 0xc0, 0xb7,
    0xb7, 0xc2, 0xc2, 0xc2, 0xb7, 0x92, 0x9a, 0x9a, 0x9e, 0x9e, 0x91, 0x91, 0x73, 0x91, 0x69, 0x5a,
    0xe5, 0xe5, 0xf3, 0xf3, 0xef, 0xf3, 0xdc, 0xc2, 0xa8, 0x91, 0x73, 0x4b, 0x4b, 0x4b, 0x73, 0x5c,
    0x76, 0x83, 0x76, 0x90, 0x22, 0x2a, 0x0f, 0x0f, 0x22, 0x22, 0x22, 0x0f, 0x0f, 0x2a, 0x36, 0x36,
    0x22, 0x36, 0x36, 0x4b, 0x42, 0x42, 0x42, 0x4b, 0x76, 0x4b, 0x76, 0xa9, 0x79, 0x6f, 0x6f, 0x67,
    0x5a, 0x46, 0x46, 0x76, 0x4b, 0x4b, 0x76, 0x76, 0x65, 0x58, 0x65, 0x65, 0x76, 0x65, 0x36, 0x36,
    0x22, 0x36, 0x36, 0x36, 0x5c, 0x67, 0x46, 0x5a, 0x76, 0x6f, 0x65, 0x65, 0x76, 0x65, 0x46, 0x58,
    0x22, 0x36, 0x36, 0x36, 0x22, 0x2a, 0x0f, 0x0f, 0x22, 0x22, 0x22, 0x0f, 0x0f, 0x2a, 0x3e, 0x36,
    0x22, 0x36, 0x36, 0x4b, 0x42, 0x42, 0x42, 0x4b, 0x76, 0x4b, 0x46, 0x65, 0x76, 0x5a, 0x3e, 0x36,
    0x22, 0x36, 0x36, 0x4b, 0x42, 0x42, 0x42, 0x4b, 0x76, 0x4b, 0x46, 0x65, 0x76, 0x5a, 0x3e, 0x36,
    0x22, 0x36, 0x36, 0x36, 0x22, 0x2a, 0x0f, 0x0f, 0x22, 0x22, 0x22, 0x0f, 0x0f, 0x2a, 0x36, 0x36,
    0x6f, 0x73, 0x5a, 0x4b, 0x91, 0x84, 0x91, 0x88, 0x9a, 0xaa, 0xbb, 0xbb, 0xd1, 0xc7, 0xb7, 0xc7,
    0x67, 0x4b, 0x73, 0x84, 0x93, 0x93, 0x9e, 0x92, 0xbc, 0xc2, 0xe1, 0xe5, 0xe5, 0xdc, 0xd1, 0xd1,
    0x6f, 0x6f, 0x73, 0x91, 0xb3, 0xd9, 0xbb, 0xc2, 0xb7, 0x96, 0xb7, 0xc0, 0xd1, 0xc7, 0xb7, 0xc7,
    0x5c, 0x6f, 0x73, 0x91, 0x91, 0x92, 0x91, 0x91, 0xa8, 0xc5, 0x92, 0x91, 0x91, 0xa8, 0xbc, 0xe1,
    0xc7, 0xc7, 0xcb, 0xd1, 0xb3, 0x9e, 0xa8, 0xb3, 0x9e, 0x9e, 0xb3, 0xb3, 0x93, 0xa8, 0xc5, 0xe5,
    0xf3, 0xf3, 0xf3, 0xd5, 0xc2, 0xb7, 0x92, 0x8f, 0x93, 0x93, 0xa8, 0xb3, 0xe1, 0xe5, 0xd1, 0xd1,
    0xc0, 0xc2, 0xbe, 0xd1, 0xbb, 0xa8, 0x92, 0x9e, 0x9e, 0x91, 0x91, 0x91, 0x73, 0x91, 0x73, 0x4b,
    0xc7, 0xdc, 0xd9, 0xf3, 0xeb, 0xe5, 0xe5, 0xd5, 0xa8, 0x91, 0x91, 0x6f, 0x6b, 0x73, 0x5c, 0x67,
    0x76, 0x83, 0x90, 0x76, 0x4b, 0x36, 0x22, 0x36, 0x36, 0x22, 0x2a, 0x2a, 0x22, 0x3e, 0x46, 0x36,
    0x22, 0x36, 0x36, 0x36, 0x42, 0x3e, 0x36, 0x42, 0x46, 0x36, 0x5a, 0x67, 0x76, 0x67, 0x70, 0x6f,
    0x65, 0x5c, 0x5a, 0x5a, 0x58, 0x52, 0x5c, 0x79, 0xb0, 0x83, 0x76, 0x36, 0x76, 0x67, 0x65, 0x5a,
    0x22, 0x22, 0x36, 0x5a, 0x6b, 0x71, 0x67, 0x46, 0x5a, 0x76, 0x65, 0xbd, 0x83, 0x70, 0x46, 0xb0,
    0x2a, 0x22, 0x3e, 0x4b, 0x4b, 0x3e, 0x22, 0x36, 0x2a, 0x22, 0x2a, 0x2a, 0x22, 0x3e, 0x4b, 0x36,
    0x22, 0x36, 0x36, 0x36, 0x42, 0x3e, 0x36, 0x42, 0x46, 0x36, 0x3e, 0x36, 0x76, 0x5a, 0x3e, 0x22,
    0x22, 0x36, 0x36, 0x36, 0x42, 0x3e, 0x36, 0x42, 0x46, 0x36, 0x3e, 0x36, 0x76, 0x5a, 0x3e, 0x22,
    0x2a, 0x22, 0x3e, 0x4b, 0x4b, 0x3e, 0x22, 0x36, 0x36, 0x22, 0x2a, 0x2a, 0x22, 0x3e, 0x46, 0x36,
    0x67, 0x4b, 0x4b, 0x6f, 0x73, 0x84, 0x93, 0x92, 0xa8, 0xaa, 0x96, 0x96, 0xc7, 0xc7, 0xc0, 0xb7,
    0x6f, 0x73, 0x73, 0x84, 0x91, 0x9e, 0xa8, 0xbb, 0xbb, 0xbb, 0xbb, 0xc0, 0xe1, 0xdc, 0xdc, 0xe5,
    0x6f, 0x6f, 0x73, 0x91, 0x9e, 0xb3, 0xd9, 0xd1, 0x96, 0x53, 0x96, 0xb7, 0xc7, 0xc7, 0xc0, 0xb7,
    0x5c, 0x5c, 0x6b, 0x91, 0x91, 0x91, 0x84, 0x93, 0x9e, 0xa8, 0x92, 0x91, 0x84, 0x93, 0xc5, 0xc5,
    0xe5, 0xe5, 0xc0, 0xb3, 0x91, 0x91, 0x84, 0x93, 0x9e, 0x9e, 0x92, 0x91, 0x91, 0x91, 0xb3, 0xbe,
    0xc5, 0xe1, 0xc2, 0xd1, 0xa8, 0x9e, 0x93, 0x93, 0x91, 0x84, 0x91, 0x9e, 0xb3, 0xdc, 0xdc, 0xe5,
    0xd1, 0xc5, 0xbc, 0xe1, 0xbc, 0xa8, 0x93, 0x88, 0x92, 0x91, 0x73, 0x91, 0x73, 0x6f, 0x6f, 0xb0,
    0xb7, 0xc2, 0xc0, 0xe1, 0xe5, 0xe5, 0xe5, 0xe1, 0xbc, 0x91, 0x91, 0x73, 0x73, 0x4b, 0x67, 0x6f,
    0x71, 0x76, 0xb0, 0x83, 0x76, 0x76, 0x36, 0x36, 0x3e, 0x36, 0x36, 0x22, 0x36, 0x42, 0x65, 0x4b,
    0x36, 0x4b, 0x36, 0x36, 0x4b, 0x58, 0x4b, 0x58, 0x36, 0x65, 0x71, 0x6b, 0x67, 0x67, 0x67, 0x76,
    0x65, 0x65, 0x65, 0x5a, 0x5a, 0x46, 0x52, 0x5c, 0x76, 0x83, 0x76, 0x65, 0x83, 0x65, 0x5a, 0x58,
    0x5a, 0x46, 0x4b, 0x76, 0x58, 0x83, 0x79, 0x6b, 0x58, 0x65, 0x76, 0x83, 0x76, 0x6b, 0x71, 0x76,
    0x3e, 0x36, 0x4b, 0x4b, 0x65, 0x58, 0x3e, 0x3e, 0x3e, 0x36, 0x36, 0x22, 0x36, 0x4b, 0x58, 0x76,
    0x36, 0x4b, 0x36, 0x36, 0x4b, 0x58, 0x4b, 0x58, 0x36, 0x5a, 0x4b, 0x36, 0x76, 0x71, 0x4b, 0x22,
    0x36, 0x4b, 0x36, 0x36, 0x4b, 0x58, 0x4b, 0x58, 0x36, 0x5a, 0x4b, 0x36, 0x76, 0x71, 0x4b, 0x22,
    0x3e, 0x36, 0x4b, 0x4b, 0x65, 0x58, 0x3e, 0x36, 0x3e, 0x36, 0x36, 0x22, 0x36, 0x42, 0x65, 0x4b,
    0x6f, 0x4b, 0x6f, 0x69, 0x73, 0x91, 0x9e, 0xa8, 0xb3, 0xbe, 0x96, 0xa3, 0xc0, 0xd1, 0xe1, 0xc0,
    0x5c, 0x69, 0x91, 0x91, 0x91, 0x93, 0xa8, 0xbc, 0xbc, 0xc2, 0xb7, 0xc7, 0xd5, 0xd1, 0xd1, 0xe1,
    0x67, 0x6f, 0x6f, 0x91, 0x91, 0x9e, 0xbc, 0xd9, 0xd1, 0x53, 0x53, 0x96, 0xc0, 0xd1, 0xe1, 0xc0,
    0x5c, 0x5a, 0x5c, 0x6f, 0x91, 0x73, 0x73, 0x91, 0x91, 0xa8, 0x91, 0x91, 0x73, 0x91, 0x9e, 0x9e,
    0xac, 0xbe, 0xbe, 0x9e, 0x91, 0x73, 0x73, 0x91, 0x91, 0xa8, 0xa8, 0x91, 0x69, 0x69, 0x93, 0x9e,
    0xbc, 0xbc, 0xb3, 0xb3, 0x9e, 0x93, 0x92, 0x9e, 0x91, 0x91, 0x91, 0x93, 0xa8, 0xc7, 0xc7, 0xd1,
    0xbc, 0xd9, 0xbe, 0xd9, 0xa8, 0x9e, 0x8a, 0x92, 0x92, 0x73, 0x6f, 0x6f, 0x6f, 0x6f, 0x6f, 0x6f,
    0xc7, 0xc7, 0xb7, 0xc0, 0xd1, 0xdc, 0xe1, 0xd5, 0xc2, 0x9e, 0x9e, 0x91, 0x91, 0x73, 0x73, 0x6f,
    0x65, 0x58, 0x76, 0x76, 0x65, 0x76, 0x36, 0x36, 0x4b, 0x3e, 0x22, 0x22, 0x36, 0x36, 0x58, 0x36,
    0x5a, 0x5a, 0x4b, 0x5c, 0x5a, 0x4b, 0x76, 0x76, 0x4b, 0x76, 0x90, 0x65, 0x65, 0x76, 0x6f, 0x70,
    0x65, 0x76, 0x67, 0x46, 0x76, 0x67, 0x5c, 0x46, 0x70, 0x83, 0xb0, 0x76, 0xbd, 0x70, 0x52, 0x58,
    0x65, 0x65, 0x6b, 0x71, 0x83, 0xa9, 0x79, 0x76, 0x58, 0xbd, 0xbd, 0x76, 0x76, 0x83, 0x65, 0x76,
    0x36, 0x67, 0x6f, 0x46, 0x76, 0x5c, 0x36, 0x36, 0x4b, 0x3e, 0x22, 0x22, 0x36, 0x58, 0x76, 0xb0,
    0x70, 0x65, 0x4b, 0x5a, 0x5a, 0x4b, 0x76, 0x76, 0x4b, 0x76, 0x90, 0xb0, 0x90, 0x79, 0x6f, 0x36,
    0x5a, 0x5a, 0x4b, 0x5c, 0x5a, 0x4b, 0x76, 0x76, 0x4b, 0x76, 0x90, 0xb0, 0x90, 0x79, 0x6f, 0x36,
    0x36, 0x67, 0x6f, 0x46, 0x76, 0x5c, 0x36, 0x36, 0x4b, 0x3e, 0x22, 0x22, 0x36, 0x36, 0x58, 0x36,
    0x5a, 0x4b, 0x6f, 0x6f, 0x73, 0x91, 0x91, 0x9e, 0xbe, 0xbb, 0x96, 0x96, 0x96, 0xc0, 0xe5, 0xe1,
    0x5c, 0x6f, 0x73, 0x91, 0x91, 0x91, 0x9e, 0xb3, 0xbc, 0xc5, 0xc7, 0xd5, 0xe1, 0xe1, 0xe1, 0xd1,
    0x5c, 0x67, 0x73, 0x91, 0x9e, 0xb3, 0xe1, 0xe5, 0xdc, 0x96, 0x96, 0x96, 0x96, 0xc0, 0xe5, 0xe1,
    0x5c, 0x4b, 0x5c, 0x6f, 0x6f, 0x6f, 0x73, 0x91, 0x84, 0x91, 0x73, 0x91, 0x73, 0x6f, 0x73, 0x91,
    0x9e, 0x9e, 0x91, 0x91, 0x73, 0x5c, 0x73, 0x91, 0x91, 0x93, 0x9e, 0x91, 0x4b, 0x4b, 0x91, 0x91,
    0xb3, 0xbe, 0xb3, 0x9e, 0x91, 0x9e, 0x91, 0x91, 0x73, 0x91, 0x84, 0x92, 0x9e, 0x91, 0x9e, 0xa8,
    0xac, 0xbe, 0xbe, 0xb3, 0x91, 0x91, 0x91, 0x91, 0x91, 0x5c, 0x6f, 0x6f, 0x6f, 0x6f, 0x5c, 0x67,
    0xd5, 0xc0, 0xc0, 0xb7, 0xc7, 0xd1, 0xc7, 0xd1, 0xc7, 0xc2, 0xbc, 0xa8, 0x9e, 0x91, 0x73, 0x6f,
    0x65, 0x76, 0x76, 0x83, 0x76, 0xbd, 0x76, 0x4b, 0x36, 0x4b, 0x4b, 0x4b, 0x65, 0x52, 0x32, 0x46,
    0x58, 0x58, 0x65, 0x76, 0x46, 0x65, 0x76, 0x65, 0x65, 0x36, 0x36, 0x42, 0x65, 0x5a, 0x5a, 0x65,
    0x71, 0x79, 0x90, 0x58, 0x67, 0x70, 0x58, 0x65, 0x65, 0x90, 0x76, 0x76, 0x65, 0x65, 0x32, 0x46,
    0x5a, 0x65, 0x71, 0x6f, 0x6b, 0x67, 0x76, 0x5a, 0x65, 0xbd, 0xbd, 0x76, 0x76, 0x76, 0xbd, 0x65,
    0x67, 0x76, 0x90, 0x65, 0x58, 0x76, 0x5a, 0x4b, 0x36, 0x5a, 0x4b, 0x67, 0x76, 0x76, 0xa9, 0x76,
    0x67, 0x67, 0x71, 0x76, 0x4b, 0x65, 0x76, 0x65, 0x65, 0x36, 0x36, 0x4b, 0x65, 0x76, 0x90, 0x65,
    0x58, 0x58, 0x65, 0x76, 0x46, 0x65, 0x76, 0x65, 0x65, 0x36, 0x36, 0x4b, 0x65, 0x76, 0x90, 0x65,
    0x67, 0x76, 0x90, 0x65, 0x58, 0x76, 0x5a, 0x4b, 0x36, 0x4b, 0x4b, 0x4b, 0x65, 0x52, 0x32, 0x46,
    0x58, 0x58, 0x73, 0x73, 0x73, 0x91, 0x91, 0xa8, 0xbe, 0xd9, 0xbb, 0x96, 0x96, 0x96, 0xc0, 0xe5,
    0x6b, 0x5c, 0x73, 0x91, 0x91, 0x91, 0x93, 0xb3, 0xc2, 0xcb, 0xc7, 0xd1, 0xd5, 0xdc, 0xe5, 0xe5,
    0x5c, 0x6f, 0x6f, 0x84, 0x93, 0xc2, 0xe1, 0xe5, 0xe3, 0xd9, 0xb7, 0x96, 0x96, 0x96, 0xc0, 0xe5,
    0x67, 0x6f, 0x6f, 0x5c, 0x67, 0x6f, 0x6b, 0x6f, 0x91, 0x73, 0x73, 0x6f, 0x6f, 0x6f, 0x73, 0x73,
    0x91, 0x91, 0x91, 0x73, 0x69, 0x73, 0x3e, 0x73, 0x73, 0x73, 0x91, 0x6b, 0x4b, 0x3e, 0x91, 0x91,
    0x9e, 0x9e, 0x93, 0x84, 0x91, 0x91, 0x91, 0x73, 0x6f, 0x73, 0x91, 0x73, 0x91, 0x73, 0x91, 0x84,
    0x9e, 0x9e, 0x9e, 0x84, 0x91, 0x91, 0x73, 0x6f, 0x6f, 0x5c, 0x6f, 0x67, 0x6f, 0x6f, 0x6f, 0x67,
    0xe1, 0xd1, 0xd1, 0xb7, 0xc0, 0xc2, 0xd1, 0xc0, 0xd1, 0xc5, 0xc2, 0xbe, 0x9e, 0x91, 0x91, 0x5c,
    0x58, 0x65, 0xbd, 0x76, 0x5a, 0x58, 0x76, 0x36, 0x5a, 0x76, 0xbd, 0x90, 0x76, 0x5a, 0x46, 0x32,
    0x58, 0x65, 0x36, 0x36, 0x2a, 0x22, 0x36, 0x46, 0x2a, 0x2a, 0x22, 0x3e, 0x4b, 0x58, 0x58, 0x58,
    0x76, 0x76, 0x79, 0x76, 0x76, 0x6f, 0x67, 0x70, 0x65, 0xbd, 0x76, 0x65, 0xbd, 0x58, 0x46, 0x32,
    0x5a, 0x6b, 0x67, 0x76, 0x65, 0x65, 0x58, 0x46, 0x58, 0x65, 0x67, 0x83, 0xbd, 0xa9, 0x83, 0x71,
    0x76, 0x4b, 0x36, 0x36, 0x4b, 0x4b, 0x76, 0x36, 0x5a, 0x76, 0x6b, 0x79, 0x76, 0x76, 0x76, 0xbd,
    0x76, 0x65, 0x6f, 0x90, 0x22, 0x2a, 0x36, 0x46, 0x2a, 0x2a, 0x22, 0x3e, 0x42, 0x4b, 0x36, 0x36,
    0x58, 0x65, 0x36, 0x36, 0x2a, 0x22, 0x36, 0x46, 0x2a, 0x2a, 0x22, 0x3e, 0x42, 0x4b, 0x36, 0x36,
    0x76, 0x4b, 0x36, 0x36, 0x4b, 0x4b, 0x76, 0x36, 0x5a, 0x76, 0xbd, 0x90, 0x76, 0x5a, 0x46, 0x32,
    0x4b, 0x4b, 0x4b, 0x6f, 0x91, 0x9e, 0xa8, 0xc5, 0xd9, 0xd5, 0xd5, 0xb7, 0xb7, 0x96, 0xb7, 0xb7,
    0x67, 0x4b, 0x73, 0x91, 0x91, 0x9e, 0xa8, 0xc5, 0xcb, 0xcb, 0xd1, 0xc7, 0xc7, 0xe1, 0xdc, 0xe5,
    0x6f, 0x6f, 0x73, 0x91, 0x9e, 0xd9, 0xe5, 0xe5, 0xe1, 0xe3, 0xe1, 0xb7, 0xb7, 0x96, 0xb7, 0xb7,
    0x6f, 0x79, 0x79, 0x79, 0x6f, 0x5c, 0x5c, 0x67, 0x67, 0x67, 0x5c, 0x73, 0x58, 0x4b, 0x73, 0x91,
    0x69, 0x91, 0x73, 0x91, 0x69, 0x3e, 0x3e, 0x46, 0x3e, 0x6b, 0x91, 0x6b, 0x3e, 0x3e, 0x6b, 0x91,
    0x91, 0x73, 0x91, 0x73, 0x6f, 0x73, 0x91, 0x6f, 0x6f, 0x6f, 0x67, 0x5c, 0x5c, 0x73, 0x6d, 0x92,
    0x91, 0x91, 0x91, 0x6b, 0x6f, 0x6f, 0x91, 0x6f, 0x5a, 0x5c, 0x6f, 0x67, 0x67, 0x67, 0x67, 0x67,
    0xe5, 0xdc, 0xe1, 0xc0, 0xc0, 0xb7, 0xb7, 0xc0, 0xd1, 0xd1, 0xc5, 0xb3, 0x93, 0x91, 0x69, 0x51,
    0x52, 0x5a, 0x65, 0x76, 0x36, 0x42, 0x58, 0x65, 0x76, 0x4b, 0x4b, 0x58, 0x58, 0x58, 0x52, 0x4b,
    0x58, 0x3e, 0x36, 0x2a, 0x22, 0x22, 0x22, 0x22, 0x2a, 0x36, 0x3e, 0x42, 0x4b, 0x58, 0x58, 0x58,
    0x76, 0x83, 0x90, 0x83, 0x70, 0x71, 0x65, 0x67, 0x70, 0x67, 0x65, 0x65, 0x5a, 0x58, 0x52, 0x4b,
    0x65, 0x76, 0x67, 0x65, 0x58, 0xbd, 0x58, 0x58, 0x5a, 0x65, 0x65, 0x65, 0x67, 0x70, 0x67, 0x65,
    0x36, 0x22, 0x36, 0x22, 0x36, 0x42, 0x58, 0x65, 0x76, 0x4b, 0x4b, 0x90, 0x83, 0x83, 0x90, 0x83,
    0x76, 0x76, 0x76, 0x22, 0x22, 0x22, 0x22, 0x22, 0x2a, 0x36, 0x3e, 0x42, 0x42, 0x36, 0x2a, 0x22,
    0x58, 0x3e, 0x36, 0x2a, 0x22, 0x22, 0x22, 0x22, 0x2a, 0x36, 0x3e, 0x42, 0x42, 0x36, 0x2a, 0x22,
    0x36, 0x22, 0x36, 0x22, 0x36, 0x42, 0x58, 0x65, 0x76, 0x4b, 0x4b, 0x58, 0x58, 0x58, 0x52, 0x4b,
    0x3e, 0x4b, 0x91, 0x84, 0x9e, 0xa8, 0xbe, 0xbe, 0xd9, 0xcb, 0xe1, 0xdc, 0xd1, 0xb7, 0xb7, 0xb7,
    0x6f, 0x73, 0x91, 0x91, 0x93, 0xa8, 0xbe, 0xbe, 0xd9, 0xd9, 0xb7, 0xb7, 0xb7, 0xb7, 0xc0, 0xe1,
    0x58, 0x5c, 0x73, 0x9e, 0xbe, 0xbe, 0xbe, 0xbe, 0xe5, 0xe5, 0xe5, 0xdc, 0xd1, 0xb7, 0xb7, 0xb7,
    0x6f, 0x79, 0x90, 0x79, 0x67, 0x67, 0x5c, 0x67, 0x5c, 0x67, 0x5c, 0x5a, 0x4b, 0x4b, 0x4b, 0x3e,
    0x58, 0x6f, 0x5c, 0x4b, 0x4b, 0xa7, 0x4b, 0x4b, 0x5a, 0x5c, 0x6f, 0x5c, 0x67, 0x5c, 0x67, 0x5c,
    0x6f, 0x79, 0x90, 0x79, 0x67, 0x67, 0x5c, 0x5c, 0x67, 0x6f, 0x5c, 0x5a, 0x4b, 0x5c, 0x73, 0x3e,
    0x58, 0x6f, 0x5c, 0x5a, 0x4b, 0xa7, 0x4b, 0x4b, 0x4b, 0x5a, 0x5c, 0x5c, 0x67, 0x5c, 0x67, 0x5c,
    0xe1, 0xe5, 0xe1, 0xe1, 0xc0, 0xb7, 0xb7, 0xb7, 0xbb, 0x93, 0x9e, 0x9a, 0x92, 0x91, 0x73, 0x58,
    0x4b, 0x5a, 0x5c, 0x6f, 0x58, 0x4b, 0x5c, 0x3e, 0x58, 0x3e, 0x4b, 0x6b, 0xa7, 0xa7, 0x5c, 0xb0,
    0x3e, 0x91, 0x92, 0x9e, 0xbe, 0xb7, 0x96, 0xb7, 0xb7, 0xd1, 0xe5, 0xc7, 0xc7, 0xd1, 0xb7, 0xc0,
    0x4b, 0x91, 0x84, 0x92, 0x93, 0x88, 0xa8, 0xbe, 0xbc, 0xbe, 0xd9, 0xe5, 0xe1, 0xd1, 0xd7, 0xe1,
    0x3e, 0x91, 0x92, 0x93, 0x84, 0x9a, 0x9a, 0xbe, 0xbc, 0xc2, 0xd9, 0xc7, 0xc7, 0xd1, 0xb7, 0xc0,
    0xc7, 0xd1, 0xd1, 0xc7, 0xe1, 0xe1, 0xe1, 0xe5, 0xe5, 0xeb, 0xe5, 0xdc, 0xe5, 0xe3, 0xc7, 0xc7,
    0xe1, 0xe1, 0xe5, 0xc7, 0xb7, 0xb7, 0x96, 0xb7, 0xaa, 0xd1, 0xe5, 0xc7, 0xc7, 0xd1, 0xb7, 0xc0,
    0xc7, 0xd1, 0xd1, 0xc7, 0xe1, 0xe1, 0xe1, 0xd1, 0xbb, 0x9e, 0x93, 0x92, 0x92, 0x91, 0x73, 0x6f,
    0xe1, 0xd1, 0xd7, 0xe1, 0xd1, 0xd1, 0xc7, 0xbb, 0x96, 0x9a, 0x93, 0x91, 0x91, 0x91, 0x6f, 0x3e,
    0xc7, 0xd1, 0xd1, 0xc7, 0xe1, 0xe1, 0xe1, 0xe3, 0xe5, 0xe5, 0xe5, 0xc2, 0x9e, 0x9e, 0x6f, 0x6f,
    0x6f, 0x6f, 0xa9, 0x6f, 0x6f, 0x73, 0x6f, 0x6f, 0x6f, 0x69, 0x4b, 0x5a, 0x3e, 0xa7, 0xa7, 0x3e,
    0x4b, 0x4b, 0x58, 0x4b, 0x3e, 0x4b, 0x5c, 0x6f, 0x3e, 0x3e, 0x6f, 0x3e, 0x6b, 0x90, 0x4b, 0x5c,
    0x3e, 0x6b, 0x6f, 0x6f, 0x6f, 0x73, 0x90, 0x73, 0x6f, 0x6f, 0x6f, 0x6f, 0x5c, 0x5a, 0x5c, 0x67,
    0x58, 0x5c, 0x5a, 0x4b, 0x3e, 0x5c, 0x6f, 0x67, 0x73, 0x6f, 0x6f, 0x5c, 0x6f, 0x90, 0x4b, 0x67,
    0x73, 0x91, 0x91, 0xa8, 0xbc, 0xd5, 0xc7, 0xb7, 0xc0, 0x96, 0x96, 0x96, 0x96, 0x96, 0xb7, 0xb7,
    0x4b, 0x4b, 0x91, 0x93, 0x92, 0x93, 0x9e, 0xbe, 0xbc, 0xc5, 0xd9, 0xdc, 0xe5, 0xe3, 0xc7, 0xc7,
    0x73, 0x91, 0x92, 0x88, 0x93, 0x9a, 0x9e, 0xbe, 0xbc, 0xbc, 0xd9, 0x96, 0x96, 0x96, 0xb7, 0xb7,
    0x5a, 0x6f, 0x58, 0x4b, 0x4b, 0x51, 0x5c, 0x6b, 0x68, 0x5c, 0x4b, 0x58, 0x4b, 0x73, 0x91, 0x73,
    0x3e, 0x69, 0x93, 0x93, 0x9e, 0xb7, 0xbb, 0x96, 0x96, 0x96, 0xc0, 0xdc, 0xe5, 0xe5, 0xc7, 0xc0,
    0x73, 0x73, 0x73, 0x84, 0x93, 0x88, 0x88, 0xaa, 0xb7, 0xc5, 0xe5, 0xe5, 0xe5, 0xdc, 0xd5, 0xd1,
    0x3e, 0x3e, 0x91, 0x91, 0x88, 0x93, 0x88, 0xa8, 0xbe, 0xc2, 0xd1, 0xdc, 0xe5, 0xe5, 0xc7, 0xc0,
    0xb7, 0xc7, 0xc7, 0xdc, 0xd7, 0xdc, 0xdc, 0xe1, 0xe5, 0xe5, 0xf3, 0xe5, 0xeb, 0xeb, 0xe5, 0xe1,
    0xe1, 0xe1, 0xe5, 0xeb, 0xe3, 0xb7, 0xb7, 0x96, 0x96, 0x96, 0xc0, 0xdc, 0xe5, 0xe5, 0xc7, 0xc0,
    0xb7, 0xc0, 0xc7, 0xdc, 0xdc, 0xe1, 0xe1, 0xc2, 0x9e, 0x93, 0x8a, 0x84, 0x91, 0x73, 0x6f, 0x6f,
    0xe1, 0xd1, 0xd1, 0xdc, 0xe3, 0xe5, 0xe5, 0xd5, 0x9e, 0x9e, 0x92, 0x78, 0x69, 0x6f, 0x73, 0x42,
    0xb7, 0xc7, 0xc7, 0xdc, 0xdc, 0xdc, 0xe1, 0xdc, 0xe5, 0xcb, 0xbc, 0xc5, 0xa8, 0x9e, 0x91, 0x6f,
    0x91, 0x91, 0x73, 0x91, 0x91, 0x73, 0x73, 0x73, 0x6f, 0x6f, 0x73, 0x6f, 0x6f, 0x3e, 0x46, 0x42,
    0x91, 0x73, 0x4b, 0x6f, 0x4b, 0x58, 0x4b, 0x69, 0x5c, 0x3e, 0x3e, 0x73, 0x6f, 0x3e, 0x69, 0x73,
    0x91, 0x6f, 0x6f, 0x76, 0x73, 0x73, 0x73, 0x73, 0x6f, 0x6f, 0x6f, 0x6f, 0x67, 0x4b, 0x4b, 0x6f,
    0x4b, 0x6f, 0x6f, 0x3e, 0x73, 0x73, 0x51, 0x5c, 0x69, 0x6f, 0x6f, 0x6f, 0x6f, 0x6f, 0x73, 0x73,
    0x6f, 0x6f, 0x93, 0x93, 0xbe, 0xe1, 0xe5, 0xe1, 0xc7, 0xb7, 0xbb, 0x96, 0x53, 0x53, 0x96, 0x96,
    0x4b, 0x5a, 0x69, 0x91, 0x91, 0x93, 0x93, 0x9e, 0xb3, 0xc5, 0xf3, 0xe5, 0xeb, 0xeb, 0xe5, 0xe1,
    0x6f, 0x73, 0x91, 0x92, 0x92, 0x93, 0x9e, 0xa8, 0xb3, 0xbb, 0xbb, 0x96, 0x53, 0x53, 0x96, 0x96,
    0x46, 0x4b, 0x4b, 0x4b, 0x5a, 0x3e, 0x69, 0x73, 0x73, 0x73, 0x69, 0x4b, 0x73, 0x73, 0x93, 0x91,
    0x6f, 0x73, 0x91, 0x9e, 0xbe, 0xbc, 0xc2, 0xc2, 0xbb, 0x96, 0x96, 0xb7, 0xc0, 0xd1, 0xe1, 0xd1,
    0x5c, 0x73, 0x91, 0x91, 0x92, 0x9a, 0x96, 0xaa, 0xb7, 0xc7, 0xe1, 0xdc, 0xdc, 0xe1, 0xd1, 0xd1,
    0x6f, 0x69, 0x91, 0x78, 0x88, 0x92, 0x92, 0x93, 0xb7, 0xd1, 0xb7, 0xc0, 0xc0, 0xd1, 0xe1, 0xd1,
    0xc7, 0xc7, 0xc7, 0xd1, 0xd1, 0xdc, 0xd9, 0xe1, 0xd9, 0xe1, 0xe5, 0xf3, 0xf3, 0xeb, 0xeb, 0xe5,
    0xe1, 0xe3, 0xe3, 0xe5, 0xf3, 0xe5, 0xe1, 0xb7, 0x96, 0x53, 0x96, 0xb7, 0xc0, 0xd1, 0xe1, 0xd1,
    0xc7, 0xc0, 0xc2, 0xd1, 0xcb, 0xdc, 0xe1, 0xd1, 0xb3, 0x9e, 0x91, 0x91, 0x73, 0x73, 0x4b, 0xa9,
    0xd1, 0xd1, 0xc7, 0xc7, 0xdc, 0xe5, 0xf3, 0xe5, 0x9e, 0x93, 0x78, 0x91, 0x4b, 0x4b, 0x42, 0x42,
    0xc7, 0xc7, 0xc7, 0xd1, 0xd1, 0xdc, 0xe1, 0xd9, 0xe1, 0xbc, 0xa8, 0xa8, 0x93, 0x84, 0x73, 0xa9,
    0x91, 0x91, 0x93, 0x9e, 0x91, 0x73, 0x91, 0x91, 0x6f, 0x73, 0x6f, 0x5c, 0x5c, 0x73, 0x3e, 0x4b,
    0x91, 0x91, 0x73, 0x4b, 0x91, 0x4b, 0x73, 0x73, 0x73, 0x69, 0x3e, 0x73, 0x91, 0x84, 0x73, 0x91,
    0xa8, 0x9e, 0x91, 0x6f, 0x84, 0x84, 0x73, 0x73, 0x73, 0x6f, 0x6f, 0x6f, 0x73, 0x73, 0x91, 0x9e,
    0x4b, 0x3e, 0x4b, 0x5c, 0x5c, 0x5c, 0x3e, 0x6f, 0x73, 0x6f, 0x6f, 0x6f, 0x6f, 0x73, 0x6f, 0x91,
    0x6f, 0x6f, 0x91, 0x91, 0xb3, 0xc2, 0xd5, 0xe3, 0xeb, 0xdc, 0xc0, 0xb7, 0x96, 0x96, 0x53, 0x53,
    0x4b, 0x4b, 0x5c, 0x73, 0x84, 0x91, 0xa8, 0xc2, 0xe5, 0xe1, 0xe5, 0xf3, 0xf3, 0xe5, 0xe5, 0xe3,
    0x6f, 0x73, 0x73, 0x91, 0x91, 0x9e, 0x9e, 0x9e, 0xb3, 0xd5, 0xc2, 0xb7, 0x96, 0x96, 0x53, 0x53,
    0x3e, 0x3e, 0x5a, 0x4b, 0x60, 0x73, 0x73, 0x91, 0x73, 0x73, 0x91, 0x73, 0x84, 0x91, 0x93, 0x91,
    0x6f, 0x73, 0x84, 0x93, 0xa8, 0xbc, 0xc5, 0xc7, 0xc0, 0xc0, 0x96, 0xc0, 0xb7, 0xc7, 0xc0, 0xbb,
    0x46, 0x73, 0x73, 0x91, 0x84, 0x96, 0x96, 0x9a, 0xb7, 0xb7, 0xc7, 0xd5, 0xd7, 0xc7, 0xc0, 0xb7,
    0x6f, 0x5c, 0x3e, 0x84, 0x92, 0x92, 0xe1, 0xd1, 0xd1, 0xc7, 0xc7, 0xb7, 0xb7, 0xc7, 0xc0, 0xbb,
    0xb7, 0xc0, 0xc7, 0xd1, 0xd1, 0xc7, 0xe1, 0xd1, 0xe1, 0xd7, 0xe5, 0xe3, 0xe3, 0xf3, 0xe5, 0xe5,
    0xe1, 0xe5, 0xdc, 0xd1, 0xd9, 0xe5, 0xe5, 0xd9, 0xc0, 0xb7, 0x96, 0xc0, 0xb7, 0xc7, 0xc0, 0xbb,
    0xb7, 0xbb, 0xc0, 0xd1, 0xbb, 0xbc, 0xc2, 0xbc, 0xb3, 0x92, 0x84, 0x84, 0x69, 0x58, 0x4b, 0xa9,
    0xb7, 0xc0, 0xb7, 0xc0, 0xd1, 0xdc, 0xc5, 0x9a, 0x9a, 0x92, 0x84, 0x73, 0x6f, 0x5a, 0x3e, 0x4b,
    0xb7, 0xc0, 0xc7, 0xd1, 0xd1, 0xc7, 0xe1, 0xd1, 0xe1, 0xbc, 0xb3, 0xa8, 0x9e, 0x84, 0x73, 0xa9,
    0x91, 0x91, 0x9e, 0x9e, 0x9e, 0xa8, 0x91, 0x9e, 0x93, 0x73, 0x73, 0x6b, 0x3e, 0x5c, 0x5c, 0x58,
    0xb3, 0xa8, 0x91, 0x91, 0x91, 0xa8, 0x9e, 0x91, 0x84, 0x73, 0x73, 0x84, 0x91, 0x91, 0x9e, 0x93,
    0xb3, 0xa8, 0x9e, 0x93, 0x93, 0x92, 0x91, 0x91, 0x6f, 0x91, 0x9e, 0x6f, 0x91, 0x91, 0xa8, 0xa8,
    0xa7, 0x76, 0x6f, 0x67, 0x6f, 0x73, 0x73, 0x84, 0x73, 0x73, 0x73, 0x6f, 0x6f, 0x91, 0x93, 0x91,
    0xa9, 0x6f, 0x73, 0x93, 0x9e, 0xc5, 0xd5, 0xe5, 0xf3, 0xeb, 0xeb, 0xe1, 0xc0, 0xb7, 0x96, 0x96,
    0xa7, 0x6f, 0x69, 0x73, 0x84, 0x93, 0xa8, 0xbc, 0xc7, 0xe1, 0xe5, 0xe1, 0xe5, 0xf3, 0xe5, 0xe1,
    0xa9, 0x73, 0x73, 0x91, 0x91, 0xa8, 0xb3, 0xc2, 0xc5, 0xe5, 0xeb, 0xe3, 0xc0, 0xb7, 0x96, 0x96,
    0x32, 0x73, 0x6f, 0x5c, 0x5c, 0x73, 0x73, 0x91, 0x91, 0x73, 0x93, 0x93, 0x93, 0x93, 0x9e, 0xb7,
    0x6f, 0x73, 0x84, 0x93, 0xb3, 0xbe, 0xc2, 0xd5, 0xd5, 0xc7, 0xc0, 0xc7, 0xe1, 0xe1, 0xc7, 0xb7,
    0x38, 0x52, 0x5c, 0x73, 0x84, 0x92, 0x88, 0x92, 0xb7, 0xb7, 0xd1, 0xd9, 0xe1, 0xc7, 0xb7, 0xb7,
    0x6f, 0x6f, 0x73, 0x84, 0xa8, 0xbb, 0xc2, 0xd1, 0xc7, 0xd1, 0xc0, 0xc7, 0xe1, 0xe1, 0xc7, 0xb7,
    0xb7, 0xb7, 0xaa, 0xb7, 0xd1, 0xdc, 0xe1, 0xd9, 0xd5, 0xc0, 0xc7, 0xdc, 0xdc, 0xdc, 0xe1, 0xe3,
    0xe3, 0xdc, 0xe1, 0xe1, 0xd1, 0xe1, 0xe1, 0xd9, 0xd9, 0xc7, 0xc0, 0xc7, 0xe1, 0xe1, 0xc7, 0xb7,
    0xb7, 0xb7, 0xbb, 0xb7, 0xb3, 0xb3, 0xbc, 0xb3, 0xa8, 0x93, 0x93, 0x84, 0x73, 0x4b, 0x4b, 0x67,
    0x96, 0xb7, 0xb7, 0xb7, 0xb7, 0xc0, 0x9e, 0x92, 0x93, 0x8f, 0x91, 0x84, 0x73, 0x69, 0x3e, 0x46,
    0xb7, 0xb7, 0xaa, 0xb7, 0xd1, 0xdc, 0xe1, 0xd9, 0xd1, 0xc2, 0xb3, 0x9e, 0x91, 0x91, 0x73, 0x73,
    0x93, 0x91, 0xbc, 0xb3, 0xa8, 0xbb, 0xc2, 0xd1, 0x93, 0x73, 0x6f, 0x91, 0x73, 0x6f, 0x6f, 0x4b,
    0xc0, 0xb3, 0x91, 0x91, 0x91, 0xa8, 0xb3, 0x9e, 0x91, 0x73, 0x91, 0x93, 0x93, 0x9e, 0xb3, 0x9e,
    0x96, 0xa8, 0x9e, 0x93, 0x93, 0x91, 0x93, 0x91, 0xa8, 0x93, 0xb3, 0xb3, 0xb3, 0xb3, 0xb3, 0xa8,
    0x46, 0x6f, 0x67, 0x69, 0x73, 0x73, 0x91, 0x9e, 0x91, 0x73, 0x91, 0x91, 0x91, 0x9e, 0x9e, 0xc5,
    0x6f, 0x73, 0x91, 0x9e, 0xb3, 0xbe, 0xbc, 0xd5, 0xe5, 0xf3, 0xf3, 0xe5, 0xe5, 0xe1, 0xc0, 0xb7,
    0x42, 0x4b, 0x5a, 0x73, 0x91, 0x91, 0xa8, 0xbb, 0xc2, 0xc7, 0xd1, 0xdc, 0xdc, 0xdc, 0xe1, 0xe3,
    0x6f, 0x73, 0x91, 0x91, 0x9e, 0xb3, 0xbb, 0xc2, 0xd1, 0xe5, 0xf3, 0xeb, 0xe5, 0xdc, 0xc0, 0xb7,
    0x32, 0x3e, 0x46, 0x51, 0x73, 0x69, 0x73, 0x91, 0x93, 0xaa, 0xa8, 0x9e, 0xb3, 0xd1, 0xc7, 0xb7,
    0x6f, 0x73, 0x91, 0x91, 0x91, 0xa8, 0xc5, 0xe1, 0xe1, 0xc0, 0xb7, 0xb7, 0xd1, 0xe5, 0xe5, 0xe1,
    0x32, 0x4b, 0x73, 0x73, 0x91, 0x91, 0x93, 0x96, 0xb7, 0xbb, 0xd1, 0xd9, 0xe5, 0xe5, 0xd1, 0xb7,
    0x6f, 0x73, 0x73, 0x91, 0x93, 0xb3, 0xc0, 0xe1, 0xe1, 0xc0, 0xb7, 0xb7, 0xd1, 0xe5, 0xe5, 0xe1,
    0xb7, 0xc0, 0x96, 0xb7, 0xb7, 0xb7, 0xe1, 0xdc, 0xe1, 0xc0, 0xc7, 0xc0, 0xd1, 0xe1, 0xdc, 0xe5,
    0xe5, 0xe1, 0xdc, 0xe1, 0xd1, 0xd5, 0xe1, 0xdc, 0xe1, 0xc0, 0xb7, 0xb7, 0xd1, 0xe5, 0xe5, 0xe1,
    0xb7, 0xc0, 0x96, 0xb7, 0xb7, 0xbc, 0xbc, 0xbc, 0xb3, 0x92, 0x92, 0x84, 0x91, 0x73, 0x4b, 0x6f,
    0xb7, 0x96, 0x96, 0x96, 0x96, 0xb7, 0xb7, 0x9a, 0x93, 0x93, 0x91, 0x91, 0x91, 0x73, 0x5a, 0x3e,
    0xb7, 0xc0, 0x96, 0xb7, 0xb7, 0xb7, 0xe1, 0xdc, 0xe1, 0xbb, 0xa8, 0xa8, 0x91, 0x73, 0x6f, 0x5c,
    0xb7, 0x96, 0xa8, 0xa8, 0xaa, 0xbc, 0xc2, 0xd1, 0xbc, 0x91, 0x91, 0x91, 0x6f, 0x73, 0x73, 0x3e,
    0xc7, 0x9e, 0x91, 0x91, 0xa8, 0xb3, 0x93, 0xa8, 0x93, 0x91, 0x91, 0xa8, 0xb3, 0xbc, 0xcb, 0xb7,
    0xb7, 0x96, 0xaa, 0xaa, 0x96, 0x96, 0x92, 0xa8, 0xb3, 0xc2, 0xc5, 0xc5, 0xc5, 0xd1, 0xd1, 0xc7,
    0x3e, 0x4b, 0x5c, 0x5c, 0x73, 0x91, 0x91, 0x9e, 0xa8, 0x91, 0x91, 0x9e, 0xa8, 0xa8, 0xa8, 0xc2,
    0x5c, 0x73, 0x93, 0x91, 0x93, 0xa8, 0xbc, 0xc2, 0xe1, 0xf3, 0xef, 0xe5, 0xeb, 0xeb, 0xdc, 0xd1,
    0x3e, 0x4b, 0x4b, 0x91, 0x91, 0x91, 0x9e, 0xc2, 0xd1, 0xc0, 0xd1, 0xc7, 0xd1, 0xe1, 0xdc, 0xe5,
    0x5c, 0x6f, 0x73, 0x84, 0x91, 0xbb, 0xbb, 0xbb, 0xcb, 0xe5, 0xe5, 0xe5, 0xeb, 0xeb, 0xdc, 0xd1,
    0x3e, 0x42, 0x4b, 0x58, 0x5c, 0x73, 0x73, 0x84, 0x92, 0xb7, 0xb7, 0xc2, 0xe1, 0xf3, 0xeb, 0xe1,
    0x6f, 0x6f, 0x73, 0x91, 0x91, 0x93, 0xa8, 0xcb, 0xe5, 0xe3, 0xc7, 0xb7, 0xb7, 0xd1, 0xe1, 0xe5,
    0x6f, 0x4b, 0x4b, 0x73, 0x91, 0x93, 0x9e, 0xaa, 0x9e, 0xb7, 0xc0, 0xe1, 0xe5, 0xf3, 0xeb, 0xe1,
    0x6f, 0x73, 0x84, 0x91, 0xa8, 0xb3, 0xd9, 0xd1, 0xc7, 0xdc, 0xd1, 0xb7, 0xb7, 0xd1, 0xd5, 0xe5,
    0xe1, 0xd1, 0xbb, 0x96, 0x96, 0xbc, 0xb7, 0xd1, 0xdc, 0xe1, 0xd1, 0xb7, 0xbb, 0xbb, 0xc2, 0xc7,
    0xe5, 0xd1, 0xd1, 0xc7, 0xc7, 0xd1, 0xd9, 0xd1, 0xc2, 0xe1, 0xd5, 0xb7, 0xb7, 0xd1, 0xe1, 0xe5,
    0xdc, 0xc7, 0xb7, 0x96, 0xb7, 0xb7, 0xb3, 0xbc, 0xbc, 0x93, 0x93, 0x91, 0x91, 0x91, 0x73, 0x67,
    0xc7, 0xb7, 0x96, 0x96, 0x96, 0x89, 0x96, 0x96, 0x96, 0x93, 0x92, 0x91, 0x91, 0x91, 0x6f, 0x3e,
    0xdc, 0xc7, 0xb7, 0x96, 0xb7, 0xb7, 0xb7, 0xd1, 0xdc, 0xd5, 0xc2, 0xa8, 0x9e, 0x73, 0x4b, 0x5c,
    0xc7, 0xb7, 0x96, 0x96, 0x96, 0x96, 0x9e, 0xbc, 0xb3, 0x91, 0x9e, 0x9e, 0x93, 0x6f, 0x6f, 0x3e,
    0xe5, 0xa8, 0x9e, 0xa8, 0xbe, 0x9e, 0xbb, 0xa8, 0xbb, 0xa8, 0x93, 0x9e, 0xbc, 0xbe, 0xe5, 0xe1,
    0xc7, 0xb7, 0x96, 0xb7, 0x96, 0x96, 0x96, 0x93, 0xbc, 0xc2, 0xd9, 0xdc, 0xe5, 0xe5, 0xeb, 0xe5,
    0x3e, 0x3e, 0x6f, 0x6f, 0x73, 0x73, 0x9e, 0xb3, 0xc5, 0xb3, 0x9e, 0xa8, 0xa8, 0xbb, 0xa8, 0xc2,
    0x4b, 0x91, 0x91, 0x91, 0x91, 0x9e, 0xb3, 0xbb, 0xc2, 0xe5, 0xf3, 0xf3, 0xf3, 0xe5, 0xf3, 0xf3,
    0x3e, 0x4b, 0x73, 0x91, 0x93, 0xb3, 0xbc, 0xd1, 0xdc, 0xe1, 0xd5, 0xb7, 0xc0, 0xc0, 0xc0, 0xc7,
    0x4b, 0x69, 0x84, 0x92, 0x88, 0x88, 0x9a, 0xa8, 0xc5, 0xd9, 0xe1, 0xe5, 0xf3, 0xeb, 0xf3, 0xf3,
    0x46, 0x3e, 0x73, 0x3e, 0x69, 0x91, 0x91, 0x91, 0x93, 0x92, 0xb7, 0xc7, 0xdc, 0xe5, 0xf3, 0xf3,
    0x6f, 0x6f, 0x73, 0x91, 0x91, 0x93, 0xa8, 0xbc, 0xe5, 0xe5, 0xe5, 0xd1, 0xc0, 0xc0, 0xe1, 0xdc,
    0x3e, 0x3e, 0x6b, 0x84, 0x91, 0x9e, 0x96, 0xb7, 0x96, 0x96, 0xb7, 0xc0, 0xdc, 0xe5, 0xf3, 0xf3,
    0x5c, 0x73, 0x91, 0x91, 0x9e, 0xbb, 0xbb, 0x92, 0xbc, 0xd9, 0xd1, 0xc7, 0xc0, 0xc0, 0xbc, 0xdc,
    0xe3, 0xe1, 0xb7, 0x96, 0x9e, 0xd1, 0xc5, 0xb7, 0xd1, 0xe1, 0x92, 0x9e, 0xb3, 0xc2, 0xbb, 0xb7,
    0xc7, 0xd1, 0xc7, 0xd1, 0xc0, 0xc7, 0xa8, 0x9e, 0xb3, 0xd9, 0xdc, 0xd5, 0xc7, 0xc0, 0xe1, 0xdc,
    0xe5, 0xe1, 0xd1, 0xbb, 0x96, 0x96, 0x9e, 0x9e, 0x9e, 0x93, 0x92, 0x92, 0x91, 0x91, 0x73, 0x6f,
    0xe5, 0xd1, 0xb7, 0xc0, 0x96, 0x53, 0x96, 0x53, 0x66, 0x81, 0x92, 0x84, 0x91, 0x73, 0x5c, 0x58,
    0xe5, 0xdc, 0xd1, 0xbb, 0x96, 0x96, 0xb7, 0xbb, 0xd1, 0xe1, 0xd1, 0xa8, 0x91, 0x84, 0x73, 0x6f,
    0xe5, 0xd1, 0xb7, 0xc0, 0x96, 0x81, 0x9e, 0x9a, 0x9e, 0xb3, 0xc5, 0x91, 0x84, 0x91, 0x3e, 0x4b,
    0xe5, 0xd5, 0xb3, 0x9e, 0x9e, 0xc5, 0xbb, 0x96, 0xb7, 0xc5, 0xa8, 0xbc, 0xbe, 0xe5, 0xf3, 0xf3,
    0xe5, 0xc7, 0xb7, 0xc0, 0x96, 0x53, 0x96, 0x96, 0x96, 0xc2, 0xe1, 0xe5, 0xe5, 0xe5, 0xe5, 0xf3,
    0x3e, 0x42, 0x4b, 0x60, 0x73, 0x78, 0x9e, 0xbe, 0xd9, 0xe1, 0xd1, 0xc0, 0xb7, 0xb7, 0xc0, 0xc0,
    0x5c, 0x69, 0x73, 0x91, 0x91, 0x93, 0xbc, 0xd1, 0x96, 0xc0, 0xe1, 0xe5, 0xe5, 0xe5, 0xe5, 0xf3,
    0x51, 0x73, 0x91, 0xa8, 0xa8, 0xbc, 0xbb, 0xc2, 0xe1, 0xe1, 0xe1, 0xdc, 0xc0, 0xb7, 0xc0, 0xb7,
    0x5c, 0x73, 0x91, 0x91, 0x92, 0x81, 0x93, 0x9e, 0xbc, 0xc5, 0xbb, 0xd1, 0xe1, 0xe5, 0xe1, 0xe1,
    0x4b, 0x3e, 0x6f, 0x73, 0x73, 0x73, 0x91, 0x9e, 0x93, 0x92, 0x96, 0xb7, 0xc0, 0xdc, 0xf3, 0xef,
    0x6f, 0x73, 0x73, 0x91, 0x84, 0x91, 0xa8, 0xbb, 0xc2, 0xe1, 0xe5, 0xe1, 0xd9, 0xd1, 0xe3, 0xf3,
    0x6f, 0x4b, 0x73, 0x91, 0x91, 0x9e, 0xbc, 0xc2, 0xb7, 0x96, 0x96, 0xb7, 0xc0, 0xdc, 0xf3, 0xef,
    0x6f, 0x73, 0x91, 0x84, 0x93, 0x91, 0x9e, 0x91, 0x93, 0x9e, 0x92, 0x91, 0x91, 0xa8, 0xa8, 0xe5,
    0xe5, 0xd9, 0xcb, 0xc2, 0xc5, 0xbc, 0xc5, 0xb3, 0xb3, 0xbe, 0xb3, 0x9e, 0x93, 0xb3, 0xbb, 0xc2,
    0xc2, 0xc7, 0xd1, 0xc2, 0xc0, 0xa8, 0x9e, 0x93, 0x9e, 0xbb, 0xd9, 0xd1, 0xc2, 0xcb, 0xe5, 0xf3,
    0xeb, 0xe3, 0xd5, 0xbb, 0xa8, 0xa8, 0x9e, 0x93, 0x93, 0x92, 0x91, 0x91, 0x91, 0x91, 0x73, 0x67,
    0xf3, 0xeb, 0xe1, 0xd1, 0xb7, 0x96, 0x53, 0x53, 0x81, 0x74, 0x81, 0x84, 0x91, 0x73, 0x6f, 0x58,
    0xe5, 0xdc, 0xd1, 0xb7, 0xb7, 0x96, 0x96, 0xb7, 0xb7, 0xbe, 0xb3, 0x9e, 0x91, 0x91, 0x6f, 0x5c,
    0xf3, 0xeb, 0xe1, 0xd1, 0xb7, 0x96, 0x96, 0x96, 0xaa, 0xbe, 0xa8, 0x91, 0x6f, 0x4b, 0x4b, 0x4b,
    0xe5, 0xd1, 0xd9, 0xbe, 0x9e, 0x92, 0xd1, 0xc0, 0xc0, 0x96, 0xbe, 0xbc, 0xc2, 0xdc, 0xf3, 0xef,
    0xf3, 0xeb, 0xe1, 0xd1, 0xb7, 0x96, 0x53, 0x72, 0x96, 0x96, 0xc0, 0xd1, 0xd1, 0xdc, 0xdc, 0xe5,
    0x3e, 0x3e, 0x58, 0x5c, 0x73, 0x84, 0x93, 0x9e, 0xc7, 0xdc, 0xe5, 0xe5, 0xe1, 0xc7, 0xc0, 0xb7,
    0x5c, 0x6f, 0x73, 0x91, 0x91, 0x93, 0x9e, 0xbe, 0xbb, 0x96, 0xb7, 0xc7, 0xd1, 0xdc, 0xdc, 0xe5,
    0x3e, 0x91, 0x91, 0xb3, 0xbe, 0xbe, 0xb7, 0xb7, 0xc7, 0xdc, 0xe5, 0xe5, 0xe1, 0xc7, 0xc0, 0xb7,
    0x67, 0x73, 0x91, 0x91, 0x91, 0x84, 0x92, 0x9e, 0xb3, 0xb3, 0xbb, 0xa8, 0x9e, 0x9e, 0xbc, 0xd9,
    0x76, 0x3e, 0x73, 0x5c, 0x73, 0x84, 0x93, 0x9e, 0xbb, 0x96, 0x96, 0x96, 0x96, 0xc0, 0xdc, 0xf3,
    0x6f, 0x73, 0x91, 0x91, 0x91, 0x93, 0x93, 0xb7, 0xb7, 0xc0, 0xc7, 0xe1, 0xe1, 0xe1, 0xe1, 0xe5,
    0x3e, 0x6f, 0x91, 0x6f, 0x91, 0xa8, 0xbc, 0xe1, 0xcb, 0xb7, 0x96, 0x96, 0x96, 0xc0, 0xdc, 0xf3,
    0x6f, 0x6f, 0x69, 0x73, 0x91, 0x91, 0x91, 0x91, 0x93, 0x93, 0x84, 0x91, 0x91, 0x93, 0x9e, 0xb3,
    0xd5, 0xe1, 0xcb, 0xc5, 0xb3, 0x9e, 0xa8, 0x93, 0x9e, 0x93, 0x8f, 0x93, 0x93, 0x9e, 0xbe, 0xc0,
    0xc0, 0xc7, 0xd1, 0xc2, 0xbc, 0x9e, 0x93, 0x92, 0x93, 0x9e, 0xbc, 0xb3, 0xbb, 0xbc, 0xd9, 0xe5,
    0xf3, 0xe5, 0xcb, 0xc5, 0xb3, 0x9e, 0x9e, 0x9e, 0x91, 0x93, 0x91, 0x91, 0x73, 0x5c, 0x73, 0x5a,
    0xf3, 0xe5, 0xe5, 0xe5, 0xc7, 0xb7, 0x96, 0x53, 0x53, 0x81, 0x74, 0x91, 0x84, 0x6f, 0x4b, 0x4b,
    0xf3, 0xf3, 0xf3, 0xd1, 0xb7, 0xc0, 0x96, 0x96, 0xb3, 0xbe, 0xa8, 0x9e, 0x91, 0x73, 0x4b, 0x58,
    0xf3, 0xe5, 0xe5, 0xe5, 0xc7, 0xb7, 0x96, 0x96, 0x9a, 0xa8, 0x93, 0x84, 0x6f, 0x69, 0x4b, 0x4b,
    0xc7, 0xdc, 0xd9, 0xf3, 0xeb, 0xe5, 0xe5, 0xe1, 0xd7, 0xb7, 0x96, 0x96, 0x96, 0xc0, 0xdc, 0xf3,
    0xf3, 0xe5, 0xe5, 0xe5, 0xc7, 0xb7, 0x96, 0x53, 0x53, 0x96, 0xb7, 0xc0, 0xd1, 0xc7, 0xb7, 0xc7,
    0x4b, 0x5a, 0x4b, 0x6f, 0x73, 0x91, 0x9e, 0xa8, 0xb3, 0xc2, 0xe1, 0xe5, 0xe5, 0xdc, 0xd1, 0xd1,
    0x6f, 0x6f, 0x73, 0x84, 0x93, 0x93, 0x9e, 0x92, 0x88, 0x96, 0xb7, 0xc0, 0xd1, 0xc7, 0xb7, 0xc7,
    0x6f, 0x91, 0x91, 0x9e, 0xb3, 0xbe, 0x92, 0x96, 0x96, 0xb7, 0xe1, 0xe5, 0xe5, 0xdc, 0xd1, 0xd1,
    0x6f, 0x6f, 0x73, 0x91, 0x91, 0x92, 0x91, 0x91, 0x9e, 0x9e, 0x9a, 0x93, 0x8f, 0x9e, 0xa8, 0xd1,
    0xb0, 0x3e, 0x6f, 0x4b, 0x73, 0x91, 0x9e, 0xe5, 0xe1, 0xc7, 0xb7, 0xbb, 0x96, 0xb7, 0xc7, 0xdc,
    0x5a, 0x69, 0x91, 0x91, 0x91, 0x9e, 0xa8, 0xbb, 0xbb, 0xb7, 0xb7, 0xb7, 0xb7, 0xc0, 0xd1, 0xdc,
    0xb0, 0x6f, 0x84, 0x91, 0x9e, 0xa8, 0xa8, 0xd1, 0xd1, 0xd1, 0xb7, 0xbb, 0x96, 0xb7, 0xc7, 0xdc,
    0x5c, 0x5c, 0x73, 0x73, 0x73, 0x91, 0x91, 0x91, 0x91, 0x91, 0x91, 0x73, 0x91, 0x91, 0x91, 0x9e,
    0xd1, 0xd9, 0xbc, 0xa8, 0x9e, 0x91, 0x91, 0x91, 0x84, 0x93, 0x93, 0x91, 0x91, 0x93, 0x9e, 0x9e,
    0xe1, 0xd1, 0xa8, 0x91, 0x9e, 0x91, 0x91, 0x93, 0x93, 0x98, 0x9e, 0xa8, 0x9e, 0x91, 0xbc, 0xe1,
    0xe5, 0xe1, 0xbc, 0xb3, 0x9e, 0x93, 0x9e, 0x93, 0x84, 0x91, 0x69, 0x5c, 0x4b, 0x73, 0x4b, 0x4b,
    0xeb, 0xf3, 0xf3, 0xf3, 0xdc, 0xd1, 0xc7, 0x96, 0x53, 0x53, 0x7c, 0x8a, 0x92, 0x84, 0x6f, 0x4b,
    0xe5, 0xf3, 0xef, 0xf3, 0xdc, 0xc7, 0xb7, 0xbb, 0x92, 0xb3, 0xb3, 0x9e, 0x91, 0x91, 0x69, 0x4b,
    0xe5, 0xf3, 0xf3, 0xf3, 0xdc, 0xd1, 0xc7, 0x96, 0x92, 0x88, 0x93, 0x91, 0x73, 0x73, 0x6f, 0x4b,
    0xb7, 0xc2, 0xc7, 0xe1, 0xe5, 0xe5, 0xe5, 0xe5, 0xe1, 0xd1, 0xb7, 0xbb, 0x96, 0xb7, 0xc7, 0xdc,
    0xe5, 0xf3, 0xf3, 0xf3, 0xdc, 0xd1, 0xc7, 0x96, 0x53, 0x53, 0x96, 0xb7, 0xc7, 0xc7, 0xc0, 0xb7,
    0x3e, 0x73, 0x69, 0x73, 0x84, 0x91, 0xa8, 0xb3, 0xa8, 0xb7, 0xb7, 0xc7, 0xe1, 0xdc, 0xdc, 0xe5,
    0x6b, 0x4b, 0x91, 0x91, 0x91, 0x93, 0xa8, 0xbb, 0x81, 0x53, 0x96, 0xb7, 0xc7, 0xc7, 0xc0, 0xb7,
    0x5c, 0x73, 0x93, 0x93, 0x9e, 0xa8, 0xc5, 0xbb, 0x96, 0xb7, 0xc0, 0xc7, 0xe1, 0xdc, 0xdc, 0xe5,
    0x6f, 0x6f, 0x73, 0x91, 0x84, 0x91, 0x84, 0x9e, 0xa8, 0xa8, 0x92, 0x93, 0x93, 0x91, 0x9e, 0xbe,
    0x4b, 0x5c, 0x6b, 0x73, 0x84, 0x93, 0xbc, 0xe5, 0xdc, 0xe1, 0xd1, 0xc7, 0xc7, 0xb7, 0xb7, 0xb7,
    0x4b, 0x5c, 0x73, 0x91, 0x93, 0x9e, 0xa8, 0xc2, 0xbb, 0xb7, 0xb7, 0xb7, 0xb7, 0xb7, 0xb7, 0xb7,
    0x5c, 0x73, 0x91, 0x93, 0x9e, 0xa8, 0xbb, 0xc2, 0xc7, 0xe1, 0xd1, 0xc7, 0xc0, 0xc0, 0xc0, 0xc7,
    0x4b, 0x73, 0x69, 0x73, 0x91, 0x73, 0x73, 0x84, 0x93, 0x73, 0x73, 0x73, 0x91, 0x73, 0x91, 0x91,
    0xb3, 0xc5, 0xb3, 0x9e, 0x91, 0x73, 0x91, 0x91, 0x91, 0x9e, 0x9e, 0x91, 0x91, 0x91, 0x91, 0x91,
    0xbe, 0xb3, 0x91, 0x91, 0x91, 0x91, 0x91, 0x9e, 0x92, 0x93, 0x9e, 0x9e, 0x91, 0x91, 0x9e, 0xc2,
    0xc5, 0xbc, 0x9e, 0x91, 0x91, 0x9e, 0x84, 0x93, 0x92, 0x69, 0x4b, 0x6b, 0x6b, 0x4b, 0x4b, 0x4b,
    0xe1, 0xf3, 0xf3, 0xeb, 0xeb, 0xeb, 0xe1, 0xb7, 0x81, 0x81, 0x88, 0x92, 0x91, 0x91, 0x6f, 0x6f,
    0xd1, 0xe5, 0xf3, 0xeb, 0xf3, 0xe5, 0xd1, 0xd5, 0xb7, 0xbc, 0xa8, 0xa8, 0x9e, 0x91, 0x4b, 0x4b,
    0xe1, 0xf3, 0xf3, 0xeb, 0xeb, 0xeb, 0xe1, 0xc0, 0x96, 0x92, 0x93, 0x9e, 0x91, 0x84, 0x73, 0x73,
    0xc7, 0xc7, 0xb7, 0xc0, 0xd1, 0xdc, 0xe5, 0xe1, 0xdc, 0xe1, 0xd1, 0xd1, 0xc0, 0xc0, 0xb7, 0xb7,
    0xe1, 0xf3, 0xf3, 0xeb, 0xeb, 0xeb, 0xe1, 0xc0, 0x96, 0x53, 0x53, 0x96, 0xc0, 0xd1, 0xe1, 0xc0,
    0x5c, 0x3e, 0x73, 0x91, 0x91, 0x93, 0xa8, 0xc2, 0xbb, 0xb7, 0xb7, 0xc7, 0xd5, 0xd1, 0xd1, 0xe1,
    0x67, 0x5c, 0x73, 0x84, 0x93, 0x9e, 0xa8, 0xa8, 0x9e, 0x53, 0x53, 0x96, 0xc0, 0xd1, 0xe1, 0xc0,
    0x69, 0x73, 0x91, 0x91, 0x9e, 0xb3, 0xbc, 0xc0, 0xc2, 0xb7, 0xb7, 0xc7, 0xd5, 0xd1, 0xd1, 0xe1,
    0x6f, 0x5c, 0x69, 0x73, 0x91, 0x73, 0x73, 0x84, 0x9e, 0xc5, 0xa8, 0x91, 0x91, 0x91, 0x93, 0x9e,
    0x6f, 0x6f, 0x5c, 0x73, 0x84, 0x93, 0xb3, 0xc5, 0xd1, 0xc7, 0xc7, 0xc7, 0xd1, 0xc7, 0xb7, 0xc0,
    0x5c, 0x5c, 0x73, 0x73, 0x6f, 0x91, 0xb3, 0xb3, 0xc2, 0xb7, 0xb7, 0xc0, 0xb7, 0xb7, 0xb7, 0xb7,
    0x6f, 0x5c, 0x73, 0x91, 0x9e, 0xb3, 0xbb, 0xc2, 0xc0, 0xc7, 0xc7, 0xc7, 0xc7, 0xc0, 0xb7, 0xc0,
    0x5a, 0x5c, 0x5c, 0x67, 0x6f, 0x73, 0x73, 0x91, 0x91, 0x73, 0x73, 0x73, 0x91, 0x73, 0x73, 0x91,
    0xa8, 0xa8, 0x9e, 0x91, 0x73, 0x73, 0x73, 0x91, 0x91, 0x9e, 0xa8, 0x9e, 0x91, 0x73, 0x73, 0x73,
    0x9e, 0x9e, 0x91, 0x91, 0x91, 0x91, 0x91, 0x73, 0x91, 0x91, 0x91, 0x93, 0x91, 0x91, 0x91, 0xb3,
    0x9e, 0x91, 0x73, 0x4b, 0x5c, 0x68, 0x4b, 0x69, 0x91, 0x69, 0x5c, 0x4b, 0xa7, 0x65, 0x46, 0x46,
    0xd1, 0xdc, 0xe5, 0xeb, 0xf3, 0xf3, 0xeb, 0xe1, 0xbb, 0x92, 0x93, 0x92, 0x84, 0x91, 0x6f, 0xb0,
    0xb7, 0xb7, 0xdc, 0xf3, 0xf3, 0xf3, 0xe5, 0xd9, 0xc5, 0xbb, 0xa8, 0x9e, 0x9e, 0x69, 0x73, 0x73,
    0xd1, 0xdc, 0xe5, 0xeb, 0xf3, 0xf3, 0xeb, 0xe5, 0xc7, 0xb3, 0xa8, 0xb3, 0xa8, 0x93, 0x73, 0xb0,
    0xd5, 0xc0, 0xc0, 0xc0, 0xc0, 0xd1, 0xc7, 0xd1, 0xc7, 0xc7, 0xc7, 0xc7, 0xc7, 0xc0, 0xb7, 0xc0,
    0xd1, 0xdc, 0xe5, 0xeb, 0xf3, 0xf3, 0xeb, 0xe5, 0xd1, 0x96, 0x96, 0x96, 0x96, 0xc0, 0xe5, 0xe1,
    0x5c, 0x5c, 0x69, 0x91, 0x91, 0x91, 0xa8, 0xb3, 0xc2, 0xc0, 0xc0, 0xd1, 0xe1, 0xe1, 0xe1, 0xd1,
    0x5a, 0x4b, 0x73, 0x91, 0x93, 0x9e, 0xa8, 0xb3, 0xbc, 0x96, 0x96, 0x96, 0x96, 0xc0, 0xe5, 0xe1,
    0x5c, 0x73, 0x73, 0x91, 0xa8, 0xb3, 0xc2, 0xc7, 0xc7, 0xc0, 0xc0, 0xd1, 0xe1, 0xe1, 0xe1, 0xd1,
    0x5c, 0x4b, 0x67, 0x6f, 0x6f, 0x6f, 0x73, 0x91, 0x91, 0x9e, 0xa8, 0x93, 0x84, 0x91, 0x91, 0x91,
    0x5a, 0x3e, 0x4b, 0x73, 0x91, 0x91, 0x93, 0xb3, 0xc2, 0xc2, 0xb7, 0xc0, 0xc2, 0xc7, 0xc7, 0xc0,
    0x4b, 0x5c, 0x6f, 0x73, 0x91, 0x91, 0xa8, 0xbc, 0xbe, 0xdc, 0xd5, 0xc0, 0xb7, 0xb7, 0xb7, 0xb7,
    0x5c, 0x6b, 0x4b, 0x6f, 0x91, 0xa8, 0xb7, 0xc7, 0xc7, 0xc7, 0xb7, 0xc0, 0xc2, 0xc7, 0xc7, 0xc0,
    0x4b, 0x5a, 0x5c, 0x67, 0x67, 0x67, 0x6f, 0x6f, 0x6f, 0x91, 0x91, 0x91, 0x73, 0x73, 0x91, 0x91,
    0x91, 0x91, 0x91, 0x91, 0x73, 0x90, 0x73, 0x79, 0x76, 0x91, 0x91, 0x91, 0x73, 0x69, 0x73, 0x91,
    0x9e, 0x9e, 0x93, 0x84, 0x91, 0x91, 0x91, 0x73, 0x6f, 0x73, 0x91, 0x91, 0x91, 0x91, 0x91, 0x91,
    0x73, 0x73, 0x73, 0x73, 0x69, 0x73, 0x73, 0x73, 0x6f, 0x5c, 0x5a, 0x4b, 0x5c, 0x5a, 0x32, 0x38,
    0xb7, 0xd1, 0xe1, 0xe5, 0xe3, 0xeb, 0xf3, 0xe3, 0xd5, 0xb3, 0x93, 0x84, 0x73, 0x73, 0x73, 0x6f,
    0x96, 0xb7, 0xc0, 0xc7, 0xdc, 0xe5, 0xe5, 0xe1, 0xc2, 0xb3, 0xa8, 0x93, 0x91, 0x5c, 0x32, 0x38,
    0xb7, 0xd1, 0xe1, 0xe5, 0xe5, 0xe5, 0xf3, 0xeb, 0xe5, 0xc5, 0xbc, 0xa8, 0x9e, 0x92, 0x91, 0x6f,
    0xe1, 0xd1, 0xc7, 0xb7, 0xb7, 0xc0, 0xd1, 0xd1, 0xc7, 0xd1, 0xb7, 0xc0, 0xc2, 0xc7, 0xc7, 0xc0,
    0xb7, 0xd1, 0xe1, 0xe5, 0xe5, 0xe5, 0xf3, 0xeb, 0xe5, 0xd1, 0xb7, 0x96, 0x96, 0x96, 0xc0, 0xe5,
    0x67, 0x6f, 0x3e, 0x6f, 0x84, 0x93, 0x9e, 0xbe, 0xbc, 0xd1, 0xd1, 0xd1, 0xd5, 0xdc, 0xe5, 0xe5,
    0x6f, 0x73, 0x91, 0x93, 0x92, 0x93, 0xa8, 0xa8, 0xc2, 0xd1, 0xb7, 0x96, 0x96, 0x96, 0xc0, 0xe5,
    0x5c, 0x73, 0x93, 0x93, 0xa8, 0xbc, 0xc2, 0xcb, 0xd1, 0xd1, 0xc7, 0xc7, 0xd5, 0xdc, 0xe5, 0xe5,
    0x5a, 0x6f, 0x6f, 0x79, 0x6f, 0x6f, 0x6f, 0x6f, 0x73, 0x91, 0x91, 0x91, 0x73, 0x73, 0x91, 0x91,
    0x67, 0x3e, 0x73, 0x84, 0x91, 0xa8, 0xa8, 0xbc, 0xc5, 0xc7, 0xc7, 0xb7, 0xb7, 0xb7, 0xb7, 0xb7,
    0x58, 0x6b, 0x6f, 0x91, 0x91, 0xa8, 0xb3, 0xbc, 0xc5, 0xd5, 0xe1, 0xe1, 0xe1, 0xd1, 0xd5, 0xb7,
    0x73, 0x91, 0x73, 0x91, 0x91, 0xa8, 0xb7, 0xbb, 0xc7, 0xc7, 0xc7, 0xb7, 0xb7, 0xb7, 0xb7, 0xc0,
    0x58, 0x5c, 0x6f, 0x5c, 0x6b, 0x5c, 0x6b, 0x6f, 0x5c, 0x6f, 0x5c, 0x73, 0x67, 0x6f, 0x6f, 0x91,
    0x73, 0x91, 0x73, 0x73, 0x90, 0x90, 0x76, 0x90, 0x6f, 0x67, 0x5c, 0x73, 0x5c, 0x73, 0x69, 0x91,
    0x91, 0x91, 0x91, 0x6b, 0x6f, 0x73, 0x91, 0x6f, 0x5c, 0x73, 0x6b, 0x91, 0x91, 0x91, 0x92, 0x92,
    0x91, 0x91, 0x91, 0x73, 0x6f, 0x6f, 0x91, 0x6f, 0x5c, 0x5c, 0x4b, 0x6b, 0xa7, 0x4b, 0x46, 0x32,
    0xc0, 0xc0, 0xd1, 0xdc, 0xe1, 0xe3, 0xe5, 0xe5, 0xd9, 0xa8, 0x93, 0x91, 0x91, 0x73, 0x73, 0xa7,
    0xb7, 0xb7, 0xb7, 0xb7, 0xb7, 0xc0, 0xc7, 0xc0, 0xb7, 0xa8, 0xb3, 0x91, 0x73, 0x4b, 0x73, 0x32,
    0xc0, 0xc0, 0xd1, 0xdc, 0xe1, 0xe5, 0xe5, 0xe5, 0xe5, 0xe1, 0xbe, 0x9e, 0x93, 0x91, 0x73, 0xa7,
    0xe5, 0xe5, 0xe1, 0xc0, 0xc0, 0xb7, 0xb7, 0xc0, 0xd1, 0xd1, 0xc7, 0xb7, 0xb7, 0xb7, 0xb7, 0xb7,
    0xc0, 0xc0, 0xd1, 0xdc, 0xe1, 0xe5, 0xe5, 0xe6, 0xe5, 0xe3, 0xd1, 0xb7, 0xb7, 0x96, 0xb7, 0xb7,
    0x6f, 0x73, 0x73, 0x91, 0x91, 0x93, 0xb3, 0xbc, 0xc5, 0xc2, 0xc2, 0xc7, 0xc7, 0xe1, 0xdc, 0xe5,
    0x73, 0x73, 0x84, 0x92, 0x91, 0xa8, 0xb3, 0xbc, 0xbe, 0xd5, 0xd5, 0xb7, 0xb7, 0x96, 0xb7, 0xb7,
    0x6f, 0x73, 0x73, 0x93, 0xb3, 0xbb, 0xc5, 0xd1, 0xd1, 0xc7, 0xb7, 0xc7, 0xc7, 0xe1, 0xdc, 0xe5,
    0x4b, 0x6b, 0xa7, 0x76, 0x5c, 0x73, 0x76, 0x6f, 0x6f, 0x6f, 0x79, 0x79, 0x79, 0x6f, 0x73, 0x91,
    0x6f, 0x73, 0x84, 0x91, 0x9e, 0xa8, 0xbe, 0xbe, 0xc5, 0xcb, 0xd1, 0xc7, 0xc0, 0xb7, 0xb7, 0xb7,
    0x58, 0x6b, 0x91, 0x84, 0x9e, 0xa8, 0xbe, 0xbe, 0xc5, 0xd5, 0xe5, 0xdc, 0xd1, 0xe1, 0xe1, 0xe1,
    0x6f, 0x73, 0x84, 0x93, 0xa8, 0xb7, 0xb7, 0xb7, 0xc7, 0xd1, 0xd1, 0xc7, 0xc0, 0xb7, 0xb7, 0xb7,
    0x58, 0x6f, 0x5c, 0x5a, 0x4b, 0xa7, 0x4b, 0x4b, 0x4b, 0x5a, 0x5c, 0x5c, 0x67, 0x5c, 0x67, 0x5c,
    0x6f, 0x79, 0x90, 0x79, 0x67, 0x67, 0x5c, 0x67, 0x5c, 0x67, 0x5c, 0x5a, 0x4b, 0x4b, 0x4b, 0x3e,
    0x58, 0x6f, 0x5c, 0x5a, 0x4b, 0xa7, 0x4b, 0x4b, 0x58, 0x4b, 0x5a, 0x5a, 0x67, 0x5c, 0x67, 0x5c,
    0x6f, 0x79, 0x90, 0x79, 0x67, 0x67, 0x5c, 0x67, 0x5c, 0x67, 0x5c, 0x5a, 0x4b, 0x4b, 0x4b, 0x3e,
    0xb7, 0xc0, 0xc0, 0xd1, 0xdc, 0xe5, 0xeb, 0xe5, 0xe5, 0xcb, 0xb3, 0x93, 0x84, 0x73, 0x6f, 0x6f,
    0xc7, 0xc0, 0xb7, 0xb7, 0xb7, 0xb7, 0xb7, 0xaa, 0xaa, 0x93, 0x9e, 0x93, 0x91, 0x91, 0x4b, 0x3e,
    0xb7, 0xc0, 0xc0, 0xd1, 0xdc, 0xe5, 0xe5, 0xe5, 0x9e, 0x93, 0xa8, 0x9a, 0x92, 0x91, 0x73, 0x6f,
    0xe5, 0xe5, 0xe3, 0xe1, 0xc0, 0xb7, 0xb7, 0xb7, 0xc7, 0xc7, 0xd1, 0xc7, 0xc0, 0xb7, 0xb7, 0xb7,
    0xb7, 0xc0, 0xc0, 0xd1, 0xdc, 0xe5, 0xe5, 0xeb, 0xe5, 0xeb, 0xe5, 0xe5, 0xd1, 0xb7, 0xb7, 0xb7,
    0x6f, 0x73, 0x91, 0x91, 0x91, 0x93, 0xbc, 0xc2, 0xcb, 0xcb, 0xb7, 0xb7, 0xb7, 0xb7, 0xc0, 0xe1,
    0x3e, 0x91, 0x91, 0x84, 0x9e, 0xa8, 0xbe, 0xc5, 0xc5, 0xcb, 0xe5, 0xe5, 0xd1, 0xb7, 0xb7, 0xb7,
    0x6f, 0x73, 0x84, 0x93, 0xbe, 0xbb, 0xb7, 0xb7, 0xb7, 0xb7, 0xb7, 0xb7, 0xb7, 0xb7, 0xc0, 0xe1,
    0x3e, 0x4b, 0x5c, 0x67, 0x6f, 0x6f, 0xa7, 0x5c, 0x67, 0x67, 0x79, 0x90, 0x79, 0x79, 0x90, 0x79,
    0xb7, 0xb7, 0xb7, 0xc7, 0xe1, 0xc7, 0xb7, 0xdc, 0xf3, 0xf3, 0xf3, 0xeb, 0xe1, 0xd1, 0xd7, 0xe1,
    0xe1, 0xd1, 0xd9, 0xdc, 0xd1, 0xd1, 0xc7, 0xb7, 0xc0, 0x96, 0x96, 0x96, 0x96, 0x96, 0xb7, 0xb7,
    0xdc, 0xdc, 0xdc, 0xe1, 0xdc, 0xe5, 0xe5, 0xf3, 0xe5, 0xd9, 0x96, 0xbb, 0x92, 0x91, 0x73, 0xb0,
    0xe1, 0xe5, 0xe1, 0xc7, 0xb7, 0xb7, 0x96, 0xb7, 0xb7, 0xc7, 0x93, 0x93, 0x92, 0x91, 0x6f, 0x6f,
    0xb7, 0xb7, 0xb7, 0xc7, 0xe1, 0xc7, 0xb7, 0xdc, 0xf3, 0xe5, 0xe1, 0xbc, 0x9e, 0x9e, 0x6f, 0x46,
    0x3e, 0x6f, 0x6f, 0x5c, 0x6f, 0x90, 0x90, 0x73, 0x6f, 0x5c, 0x5c, 0x5c, 0x5a, 0x5a, 0x4b, 0x67,
    0x4b, 0x4b, 0x6f, 0x5c, 0x3e, 0x4b, 0x5c, 0x73, 0x69, 0x73, 0x5c, 0x5c, 0x6f, 0x90, 0x4b, 0x6f,
    0x3e, 0x5c, 0x6f, 0x6f, 0x73, 0x90, 0x90, 0x73, 0x6f, 0x68, 0x6f, 0x5c, 0x4b, 0x4b, 0x4b, 0x6f,
    0xe1, 0xe5, 0xe5, 0xe1, 0xe1, 0xd1, 0xc0, 0xb7, 0xaa, 0xd1, 0xe5, 0xc7, 0xc7, 0xd1, 0xb7, 0xc0,
    0xc7, 0xd1, 0xd1, 0xc7, 0xdc, 0xe1, 0xe1, 0xe5, 0xeb, 0xf3, 0xeb, 0xe5, 0xe5, 0xe3, 0xdc, 0xc7,
    0xb7, 0xb7, 0xb7, 0xc7, 0xe1, 0xc7, 0xb7, 0xdc, 0xf3, 0xf3, 0xf3, 0xe5, 0x92, 0x91, 0x73, 0x68,
    0x73, 0x91, 0x91, 0x9e, 0xd1, 0xc7, 0xc2, 0xb7, 0xc0, 0x96, 0x96, 0x96, 0x96, 0x96, 0xb7, 0xb7,
    0xc7, 0xd1, 0xd1, 0xc7, 0xdc, 0xe1, 0xe1, 0xe5, 0xeb, 0xf3, 0xeb, 0xe5, 0xe5, 0xe6, 0xe1, 0xc7,
    0xe1, 0xe5, 0xe5, 0xe1, 0xe1, 0xd1, 0xc0, 0xb7, 0xaa, 0xd1, 0xe5, 0xc7, 0xc7, 0xd1, 0xb7, 0xc0,
    0xe1, 0xd1, 0xd9, 0xdc, 0xd1, 0xd1, 0xc7, 0xb7, 0xc0, 0x96, 0x92, 0x96, 0x84, 0x91, 0x73, 0x68,
    0x73, 0x91, 0x91, 0x9e, 0xd9, 0xc7, 0xb7, 0xdc, 0xf3, 0xf3, 0xf3, 0xeb, 0xe1, 0xd1, 0xd7, 0xe1,
    0x96, 0x96, 0x96, 0xb7, 0xb7, 0xb7, 0xc7, 0xc7, 0xc7, 0xe5, 0xe5, 0xe5, 0xe5, 0xdc, 0xd5, 0xd1,
    0xe1, 0xd1, 0xd1, 0xdc, 0xe5, 0xe5, 0xeb, 0xdc, 0xc7, 0xb7, 0xbb, 0x96, 0x53, 0x53, 0x96, 0x96,
    0x96, 0xb7, 0xb7, 0xd1, 0xb7, 0xe5, 0xe1, 0xbc, 0xbb, 0xbb, 0x96, 0x92, 0x91, 0x6b, 0x6f, 0xa9,
    0xe1, 0xe1, 0xe5, 0xeb, 0xe3, 0xb7, 0xbb, 0x96, 0xbb, 0x9e, 0x93, 0x92, 0x91, 0x6f, 0x4b, 0x67,
    0x96, 0x96, 0x96, 0xb7, 0xb7, 0xb7, 0xc7, 0xc2, 0xc2, 0xd1, 0xbc, 0xbe, 0xa8, 0x6f, 0x3e, 0x4b,
    0x73, 0x6f, 0x32, 0x5c, 0x6f, 0x5c, 0x6f, 0x5c, 0x69, 0x73, 0x5c, 0x4b, 0x5a, 0x6f, 0x4b, 0x67,
    0x73, 0x73, 0x69, 0x73, 0x73, 0x73, 0x6f, 0x73, 0x73, 0x73, 0x69, 0x73, 0x73, 0x73, 0x73, 0x73,
    0x6f, 0x6f, 0x6f, 0x6f, 0x73, 0x73, 0x6f, 0x69, 0x73, 0x73, 0x73, 0x73, 0x73, 0x73, 0x73, 0x73,
    0xe1, 0xe3, 0xe5, 0xe5, 0xdc, 0xe1, 0xd1, 0x96, 0x96, 0x96, 0xc0, 0xdc, 0xe5, 0xe5, 0xc7, 0xc0,
    0xb7, 0xc7, 0xc7, 0xdc, 0xe1, 0xdc, 0xdc, 0xe1, 0xe5, 0xe5, 0xe5, 0xeb, 0xeb, 0xeb, 0xdc, 0xe1,
    0x96, 0x96, 0x96, 0xb7, 0xb7, 0xb7, 0xc7, 0xc0, 0xd1, 0xdc, 0xc2, 0x92, 0x84, 0x73, 0x6f, 0x73,
    0x73, 0x91, 0x91, 0x92, 0x9e, 0xbc, 0xbe, 0xdc, 0xc7, 0xb7, 0xbb, 0x96, 0x53, 0x53, 0x96, 0x96,
    0xb7, 0xc7, 0xc7, 0xdc, 0xe1, 0xdc, 0xdc, 0xe1, 0xe5, 0xe5, 0xe5, 0xeb, 0xeb, 0xe5, 0xdc, 0xe5,
    0xe1, 0xe3, 0xe5, 0xe5, 0xdc, 0xe1, 0xd1, 0x96, 0x96, 0x96, 0xc0, 0xdc, 0xe5, 0xe5, 0xc7, 0xc0,
    0xe1, 0xd1, 0xd1, 0xdc, 0xe5, 0xe5, 0xeb, 0xdc, 0xc7, 0xb7, 0x9e, 0x92, 0x91, 0x73, 0x6f, 0x73,
    0x73, 0x91, 0x91, 0x91, 0x9e, 0xbb, 0xc7, 0xc0, 0xd1, 0xe5, 0xe5, 0xe5, 0xe5, 0xdc, 0xd5, 0xd1,
    0x53, 0x64, 0x64, 0x96, 0x96, 0x96, 0xb7, 0xb7, 0xb7, 0xc7, 0xe1, 0xdc, 0xdc, 0xe1, 0xd1, 0xd1,
    0xd1, 0xd1, 0xc7, 0xc7, 0xdc, 0xe5, 0xf3, 0xef, 0xe5, 0xdc, 0xc0, 0xb7, 0x96, 0x96, 0x53, 0x53,
    0x53, 0x64, 0x64, 0x96, 0xb7, 0xb7, 0xd1, 0x93, 0x8f, 0x92, 0x84, 0x91, 0x69, 0x4b, 0x5a, 0x5a,
    0xe1, 0xe3, 0xe3, 0xe5, 0xf3, 0xe5, 0xc2, 0xb3, 0xa8, 0x93, 0x92, 0x84, 0x69, 0x4b, 0x5a, 0x6f,
    0x53, 0x64, 0x64, 0x96, 0x96, 0x96, 0xb7, 0xb7, 0xbe, 0xbe, 0xbc, 0xa8, 0x91, 0x3e, 0x73, 0x4b,
    0x91, 0x73, 0x91, 0x73, 0x73, 0x6f, 0x32, 0x5c, 0x73, 0x73, 0x73, 0x5a, 0x4b, 0x6f, 0x4b, 0x6f,
    0x91, 0x73, 0x73, 0x73, 0x91, 0x73, 0x73, 0x73, 0x91, 0x73, 0x73, 0x73, 0x91, 0x73, 0x6f, 0x91,
    0x9e, 0x91, 0x6f, 0x6f, 0x91, 0x6f, 0x73, 0x73, 0x73, 0x91, 0x91, 0x91, 0x91, 0x91, 0x91, 0x9e,
    0xe1, 0xe5, 0xe3, 0xe5, 0xe5, 0xe5, 0xe1, 0xb7, 0x96, 0x53, 0x96, 0xb7, 0xc0, 0xd1, 0xe1, 0xd1,
    0xc7, 0xc7, 0xc7, 0xd1, 0xd1, 0xdc, 0xd9, 0xe1, 0xd9, 0xe1, 0xe5, 0xe5, 0xf3, 0xeb, 0xeb, 0xe5,
    0x53, 0x64, 0x64, 0x96, 0x96, 0x96, 0xb7, 0xb7, 0xb7, 0xc7, 0xd1, 0xb3, 0x91, 0x73, 0x73, 0x73,
    0x73, 0x73, 0x91, 0x91, 0x91, 0x92, 0xbc, 0xf3, 0xe5, 0xdc, 0xc0, 0xb7, 0x96, 0x96, 0x53, 0x53,
    0xc7, 0xc7, 0xc7, 0xd1, 0xd1, 0xdc, 0xd9, 0xe1, 0xd9, 0xe1, 0xe5, 0xe5, 0xf3, 0xe5, 0xeb, 0xe5,
    0xe1, 0xe5, 0xe3, 0xe5, 0xe5, 0xe5, 0xe1, 0xb7, 0x96, 0x53, 0x96, 0xb7, 0xc0, 0xd1, 0xe1, 0xd1,
    0xd1, 0xd1, 0xc7, 0xc7, 0xdc, 0xe5, 0xf3, 0xef, 0xe5, 0xdc, 0xe5, 0xd5, 0xb3, 0x73, 0x73, 0x73,
    0x73, 0x73, 0x91, 0x84, 0x92, 0x93, 0x9a, 0xb7, 0xb7, 0xc7, 0xe1, 0xdc, 0xdc, 0xe1, 0xd1, 0xd1,
    0x96, 0x53, 0x53, 0x53, 0x53, 0x96, 0x96, 0x96, 0x96, 0xb7, 0xc7, 0xc7, 0xd1, 0xc7, 0xc2, 0xb7,
    0xb7, 0xc0, 0xb7, 0xc0, 0xd1, 0xdc, 0xe5, 0xf3, 0xf3, 0xef, 0xeb, 0xe1, 0xc0, 0xb7, 0x96, 0x96,
    0x96, 0x53, 0x53, 0x53, 0x53, 0x96, 0x88, 0x9a, 0x93, 0x93, 0x91, 0x78, 0x73, 0x6f, 0x4b, 0x5a,
    0xe1, 0xe5, 0xdc, 0xd1, 0xdc, 0xe1, 0xbc, 0xa8, 0x9e, 0x93, 0x91, 0x91, 0x73, 0x4b, 0x73, 0x3e,
    0x96, 0x53, 0x53, 0x53, 0x53, 0x96, 0x96, 0x96, 0x92, 0xb7, 0xbb, 0x9e, 0x91, 0x69, 0x3e, 0x46,
    0x91, 0x91, 0x91, 0x91, 0x73, 0x73, 0x6f, 0x73, 0x91, 0x91, 0x73, 0x6f, 0x4b, 0x67, 0x6f, 0x3e,
    0x91, 0x91, 0x73, 0x91, 0x9e, 0xa8, 0x91, 0x91, 0x91, 0x91, 0x73, 0x91, 0x91, 0x91, 0x91, 0x9e,
    0x9e, 0xa8, 0x91, 0x73, 0x92, 0x91, 0x73, 0x73, 0x91, 0x91, 0x9e, 0xa8, 0x9e, 0x91, 0x9e, 0x9e,
    0xe5, 0xe5, 0xdc, 0xd1, 0xd9, 0xe5, 0xe5, 0xe1, 0xc0, 0xc0, 0x96, 0xc0, 0xb7, 0xc7, 0xc0, 0xbb,
    0xb7, 0xc0, 0xc7, 0xd1, 0xd1, 0xc7, 0xe1, 0xd1, 0xe1, 0xd5, 0xe5, 0xe1, 0xe3, 0xf3, 0xe5, 0xe5,
    0x96, 0x53, 0x53, 0x53, 0x53, 0x96, 0x96, 0x96, 0x96, 0xb7, 0xd1, 0xc0, 0x9e, 0x91, 0xb3, 0xb7,
    0x91, 0x91, 0x73, 0x8a, 0x88, 0x92, 0xe1, 0xf3, 0xf3, 0xef, 0xe5, 0xe1, 0xc0, 0xb7, 0x96, 0x96,
    0xb7, 0xc0, 0xc7, 0xd1, 0xd1, 0xc7, 0xe1, 0xd1, 0xe1, 0xd5, 0xe5, 0xe3, 0xe5, 0xf3, 0xe5, 0xe5,
    0xe5, 0xe5, 0xdc, 0xd1, 0xd9, 0xe5, 0xe5, 0xe1, 0xc0, 0xc0, 0x96, 0xc0, 0xb7, 0xc7, 0xc0, 0xbb,
    0xb7, 0xc0, 0xb7, 0xc0, 0xd1, 0xdc, 0xe5, 0xf3, 0xf3, 0xeb, 0xe5, 0xd9, 0x9e, 0x91, 0x91, 0x96,
    0x91, 0x91, 0x73, 0x91, 0x8f, 0x93, 0x9a, 0x96, 0x96, 0xc0, 0xc7, 0xd1, 0xd5, 0xc7, 0xc0, 0xb7,
    0xc0, 0xc7, 0xb7, 0x96, 0x53, 0x53, 0x89, 0x96, 0xb7, 0xb7, 0xbc, 0xc7, 0xd7, 0xc7, 0xb7, 0xb7,
    0x96, 0xb7, 0xb7, 0xb7, 0xb7, 0xc0, 0xdc, 0xf3, 0xef, 0xf3, 0xf3, 0xe5, 0xe5, 0xe1, 0xc0, 0xb7,
    0xb7, 0xb7, 0x96, 0x96, 0x53, 0x53, 0x88, 0x9e, 0x93, 0x8f, 0x93, 0x91, 0x73, 0x6f, 0x4b, 0x5c,
    0xe3, 0xdc, 0xe1, 0xe1, 0xd5, 0xbc, 0xb3, 0x9e, 0x9e, 0x93, 0x91, 0x91, 0x73, 0x73, 0x73, 0x3e,
    0xb7, 0xb7, 0x96, 0x96, 0x53, 0x53, 0x89, 0x96, 0x96, 0xbb, 0xd1, 0xbb, 0x9e, 0x6f, 0x3e, 0x42,
    0x93, 0x93, 0xa8, 0xa8, 0x9e, 0x91, 0x91, 0x91, 0x91, 0x91, 0x73, 0x69, 0x5c, 0x6f, 0x73, 0x3e,
    0xa8, 0x9e, 0x91, 0x91, 0x93, 0x9e, 0x91, 0x91, 0x91, 0x91, 0x91, 0x93, 0x9e, 0x91, 0x9e, 0x9e,
    0xcb, 0xb3, 0x9e, 0x93, 0x9e, 0x9e, 0x91, 0x91, 0xa8, 0xa8, 0xbc, 0xc2, 0xc2, 0xb3, 0xcb, 0xb3,
    0xe3, 0xdc, 0xe1, 0xe1, 0xd1, 0xe1, 0xe1, 0xd9, 0xd7, 0xc7, 0xc0, 0xc7, 0xe1, 0xe1, 0xc7, 0xb7,
    0xb7, 0xb7, 0xaa, 0xb7, 0xd1, 0xdc, 0xe1, 0xd9, 0xd5, 0xc0, 0xd1, 0xdc, 0xdc, 0xdc, 0xe1, 0xe3,
    0xb7, 0xb7, 0x96, 0x96, 0x53, 0x53, 0x89, 0x96, 0xb7, 0xb7, 0xc7, 0xc0, 0xc2, 0xbc, 0xd1, 0x96,
    0x9e, 0x91, 0x84, 0x88, 0x96, 0x92, 0xbc, 0xf3, 0xef, 0xf3, 0xf3, 0xeb, 0xe5, 0xe1, 0xc0, 0xb7,
    0xb7, 0xb7, 0xaa, 0xb7, 0xd1, 0xdc, 0xe1, 0xd9, 0xd5, 0xc0, 0xd1, 0xdc, 0xdc, 0xdc, 0xe1, 0xe3,
    0xe1, 0xe1, 0xdc, 0xe1, 0xd1, 0xe1, 0xe1, 0xd9, 0xd7, 0xc7, 0xc0, 0xc7, 0xe1, 0xe1, 0xc7, 0xb7,
    0xb7, 0xb7, 0xb7, 0xb7, 0xb7, 0xc0, 0xdc, 0xf3, 0xef, 0xef, 0xeb, 0xe1, 0xc5, 0xb3, 0xbb, 0xb7,
    0xb3, 0x91, 0x91, 0x93, 0x9a, 0x96, 0xa8, 0xaa, 0xb7, 0xc0, 0xc7, 0xe1, 0xe1, 0xc7, 0xb7, 0xb7,
    0xe1, 0xd1, 0xd5, 0xb7, 0x96, 0x96, 0x96, 0x96, 0xb7, 0xaa, 0xb7, 0xbb, 0xe5, 0xdc, 0xd5, 0xb7,
    0xb7, 0x96, 0x96, 0x96, 0x96, 0xb7, 0xb7, 0xe1, 0xf3, 0xf3, 0xef, 0xe5, 0xeb, 0xeb, 0xdc, 0xd1,
    0xd1, 0xc0, 0xc0, 0xb7, 0x96, 0x96, 0x92, 0x9e, 0x9a, 0x88, 0x8f, 0x8a, 0x84, 0x73, 0x73, 0x6f,
    0xe3, 0xe1, 0xdc, 0xe1, 0xd1, 0xd5, 0xe1, 0xb3, 0xa8, 0x92, 0x91, 0x84, 0x91, 0x73, 0x73, 0x32,
    0xd1, 0xc0, 0xc0, 0xb7, 0x96, 0x96, 0x96, 0x96, 0xb7, 0xbb, 0xc7, 0xb3, 0x9e, 0x93, 0x3e, 0x3e,
    0xe5, 0xb3, 0xa8, 0xa8, 0xb7, 0x9e, 0xbc, 0xb3, 0xb3, 0x91, 0x73, 0x73, 0x73, 0x32, 0x32, 0x32,
    0xbc, 0x93, 0x91, 0x91, 0xa8, 0xa8, 0x93, 0x9e, 0xa8, 0x91, 0x91, 0x9e, 0x9e, 0x9e, 0xb3, 0xe1,
    0xe1, 0xbc, 0xc7, 0xc0, 0xa8, 0x9e, 0x9e, 0x92, 0xac, 0xbc, 0xcb, 0xc2, 0xc0, 0xd1, 0xe5, 0xe1,
    0xe3, 0xe1, 0xdc, 0xe1, 0xd1, 0xd1, 0xe1, 0xe1, 0xe1, 0xc0, 0xb7, 0xb7, 0xd1, 0xe5, 0xe5, 0xe1,
    0xb7, 0xc0, 0x96, 0xb7, 0xb7, 0xb7, 0xe1, 0xdc, 0xe1, 0xc0, 0xd1, 0xc7, 0xd1, 0xe1, 0xdc, 0xe5,
    0xd1, 0xc0, 0xc0, 0xb7, 0x96, 0x96, 0x96, 0x96, 0xb7, 0xb7, 0xd1, 0xd9, 0xe5, 0xe5, 0xd1, 0xb7,
    0x96, 0x91, 0x91, 0x93, 0x96, 0xb7, 0xb7, 0xe1, 0xf3, 0xf3, 0xef, 0xe5, 0xeb, 0xeb, 0xdc, 0xd1,
    0xb7, 0xc0, 0x96, 0xb7, 0xb7, 0xb7, 0xe1, 0xdc, 0xe1, 0xc0, 0xd1, 0xc7, 0xd1, 0xe1, 0xdc, 0xe5,
    0xe3, 0xe1, 0xdc, 0xe1, 0xd1, 0xd1, 0xe1, 0xe1, 0xe1, 0xc0, 0xb7, 0xb7, 0xd1, 0xe5, 0xe5, 0xe1,
    0xb7, 0x96, 0x96, 0x96, 0x96, 0xb7, 0xb7, 0xe1, 0xf3, 0xf3, 0xef, 0xe5, 0xe5, 0xe1, 0xe1, 0xd1,
    0xd1, 0x93, 0x91, 0x96, 0x92, 0x96, 0x96, 0x96, 0xb7, 0xb7, 0xd1, 0xd9, 0xe5, 0xe5, 0xd1, 0xb7,
    0xf3, 0xe5, 0xe1, 0xd7, 0xc0, 0xb7, 0xb7, 0x96, 0x9a, 0xb7, 0x9e, 0x9e, 0xb3, 0xe1, 0xe1, 0xd9,
    0xd1, 0xb7, 0x96, 0x96, 0x96, 0x96, 0x96, 0xb7, 0xd1, 0xe5, 0xf3, 0xf3, 0xf3, 0xe5, 0xf3, 0xf3,
    0xef, 0xe5, 0xdc, 0xe5, 0xc0, 0xbb, 0xac, 0x9a, 0x88, 0x88, 0x8a, 0x91, 0x91, 0x91, 0x73, 0x5c,
    0xe5, 0xe1, 0xd1, 0xc7, 0xc7, 0xd1, 0xe1, 0xc2, 0xa8, 0x9a, 0x88, 0x84, 0x73, 0x73, 0x73, 0x32,
    0xef, 0xe5, 0xdc, 0xe3, 0xc0, 0xb7, 0xbb, 0x96, 0x96, 0xbb, 0xc5, 0xb3, 0x9e, 0x6f, 0x5c, 0x3e,
    0xe5, 0xd1, 0xc7, 0xc7, 0xc7, 0xc7, 0xc2, 0xc2, 0xbc, 0x91, 0x91, 0x73, 0x73, 0x4b, 0x32, 0x32,
    0xd9, 0x9e, 0x93, 0xa8, 0xb3, 0xa8, 0x93, 0xb3, 0xbc, 0xa8, 0xa8, 0xa8, 0xbc, 0xbb, 0xc2, 0xc7,
    0xe5, 0xd1, 0xd1, 0xc7, 0xc0, 0xb3, 0xb3, 0x93, 0xa8, 0xd5, 0xd1, 0xb7, 0xc7, 0xd1, 0xe1, 0xe5,
    0xe5, 0xe1, 0xd1, 0xd1, 0xc9, 0xc7, 0xd1, 0xe1, 0xe5, 0xe3, 0xc7, 0xb7, 0xb7, 0xd1, 0xe1, 0xe5,
    0xdc, 0xc7, 0xb7, 0x96, 0xb7, 0xb7, 0xb7, 0xd1, 0xdc, 0xe1, 0xd5, 0xb7, 0xc0, 0xc0, 0xc0, 0xc7,
    0xef, 0xe5, 0xdc, 0xe3, 0xc0, 0xb7, 0xbb, 0x96, 0x96, 0xb7, 0xc0, 0xe1, 0xe5, 0xf3, 0xeb, 0xe1,
    0xc7, 0xb7, 0x92, 0x96, 0x96, 0x89, 0x96, 0xb7, 0xd1, 0xe5, 0xf3, 0xf3, 0xf3, 0xe5, 0xf3, 0xf3,
    0xdc, 0xc7, 0xb7, 0x96, 0xb7, 0xb7, 0xb7, 0xd1, 0xdc, 0xe1, 0xd5, 0xb7, 0xc0, 0xc0, 0xc0, 0xc7,
    0xe5, 0xe1, 0xd1, 0xd1, 0xc7, 0xc7, 0xd1, 0xe1, 0xe5, 0xe3, 0xc7, 0xb7, 0xb7, 0xd1, 0xe1, 0xe5,
    0xc7, 0xb7, 0x96, 0x96, 0x96, 0x89, 0x96, 0xb7, 0xd1, 0xe5, 0xf3, 0xf3, 0xf3, 0xe5, 0xf3, 0xf3,
    0xef, 0xe5, 0xdc, 0xe3, 0xc0, 0xb7, 0xbb, 0x96, 0x96, 0xb7, 0xc0, 0xe1, 0xe5, 0xf3, 0xeb, 0xe1,
    0xe5, 0xe5, 0xe1, 0xdc, 0xe1, 0xcb, 0xc2, 0xac, 0x92, 0x93, 0x8f, 0x93, 0x9e, 0xa8, 0xd1, 0xd9,
    0xe5, 0xd1, 0xc0, 0xb7, 0x96, 0x53, 0x64, 0x53, 0x88, 0xc0, 0xd1, 0xe5, 0xe5, 0xe5, 0xe5, 0xf3,
    0xf3, 0xf3, 0xeb, 0xf3, 0xe1, 0xe1, 0x9e, 0x9a, 0x93, 0x88, 0x93, 0x92, 0x91, 0x91, 0x73, 0x5c,
    0xc7, 0xd1, 0xd1, 0xd1, 0xc7, 0xc0, 0xd1, 0xbb, 0xa8, 0x92, 0x93, 0x88, 0x84, 0x91, 0x69, 0x3e,
    0xf3, 0xf3, 0xef, 0xf3, 0xdc, 0xe3, 0xc0, 0xb7, 0x92, 0xb3, 0xa8, 0x9e, 0x91, 0x91, 0x6f, 0x58,
    0xc7, 0xd1, 0xc7, 0xd1, 0xc7, 0xc7, 0xd1, 0xbc, 0xb3, 0xa8, 0x91, 0x91, 0x84, 0x73, 0x6f, 0x3e,
    0xd9, 0xb3, 0xb3, 0x9e, 0xa8, 0x9e, 0xaa, 0xbb, 0xc2, 0xc7, 0xbe, 0xc5, 0xbc, 0xbb, 0xc0, 0xc0,
    0xc7, 0xd1, 0xd1, 0xd1, 0xc7, 0xc7, 0xc0, 0xb3, 0xd1, 0xe5, 0xe1, 0xd1, 0xc0, 0xc0, 0xe1, 0xdc,
    0xc7, 0xd1, 0xc7, 0xc7, 0xc7, 0xc7, 0xc7, 0xd1, 0xe5, 0xe5, 0xe5, 0xd5, 0xc0, 0xc0, 0xe1, 0xdc,
    0xe5, 0xdc, 0xd1, 0xbb, 0x96, 0x96, 0xb7, 0xb7, 0xe1, 0xe1, 0xe1, 0xdc, 0xc0, 0xb7, 0xc0, 0xb7,
    0xf3, 0xf3, 0xef, 0xf3, 0xdc, 0xe5, 0xc0, 0xb7, 0x96, 0x96, 0xb7, 0xc0, 0xdc, 0xe5, 0xf3, 0xf3,
    0xe5, 0xd1, 0xb7, 0xc0, 0x96, 0x53, 0x96, 0x96, 0x96, 0xc0, 0xe1, 0xe5, 0xe5, 0xe5, 0xe5, 0xf3,
    0xe5, 0xdc, 0xd1, 0xbb, 0x96, 0x96, 0xb7, 0xb7, 0xe1, 0xe1, 0xe3, 0xd9, 0xc0, 0xb7, 0xc2, 0xc0,
    0xc7, 0xd1, 0xd1, 0xc7, 0xc7, 0xc7, 0xc7, 0xd1, 0xe5, 0xe5, 0xe5, 0xd1, 0xc0, 0xc0, 0xe1, 0xdc,
    0xe5, 0xd1, 0xb7, 0xc0, 0x96, 0x53, 0x96, 0x96, 0x96, 0xc0, 0xe1, 0xe5, 0xe5, 0xe5, 0xe5, 0xf3,
    0xf3, 0xf3, 0xef, 0xf3, 0xdc, 0xe5, 0xc0, 0xb7, 0x96, 0x96, 0xb7, 0xc0, 0xdc, 0xe5, 0xf3, 0xf3,
    0xdc, 0xd9, 0xc5, 0xd9, 0xb3, 0xa8, 0xac, 0xbe, 0xa8, 0x9e, 0x93, 0x8f, 0x9e, 0xa8, 0xb3, 0xc2,
    0xd9, 0xe5, 0xe1, 0xc7, 0xbb, 0x92, 0x53, 0x53, 0x9e, 0x92, 0xb7, 0xc7, 0xd1, 0xdc, 0xdc, 0xe5,
    0xe5, 0xe3, 0xf3, 0xe5, 0xd5, 0xbc, 0xa8, 0x9e, 0x88, 0x93, 0x84, 0x91, 0x91, 0x91, 0x6f, 0x5c,
    0xb7, 0xc7, 0xd1, 0xc7, 0xc7, 0xc7, 0xc2, 0xc0, 0xaa, 0xa8, 0x93, 0x93, 0x92, 0x73, 0x69, 0x5a,
    0xe5, 0xe5, 0xf3, 0xf3, 0xef, 0xf3, 0xe5, 0xd1, 0xc7, 0xbc, 0xb3, 0x9e, 0x91, 0x91, 0x4b, 0x4b,
    0xb7, 0xc7, 0xd1, 0xc7, 0xc7, 0xc7, 0xc0, 0xb7, 0xa8, 0xa8, 0xa8, 0xa8, 0x93, 0x73, 0x5c, 0x58,
    0xeb, 0xd9, 0xbc, 0xa8, 0xbb, 0x93, 0x9a, 0xaa, 0xc7, 0xd9, 0xd1, 0xd1, 0xd1, 0xc7, 0xc0, 0xb7,
    0xb7, 0xc7, 0xd1, 0xc7, 0xc7, 0xc7, 0xc0, 0xc7, 0xc7, 0xe1, 0xe5, 0xe1, 0xd9, 0xd1, 0xe3, 0xf3,
    0xb7, 0xc0, 0xd1, 0xc7, 0xd1, 0xc2, 0xc0, 0xc7, 0xc7, 0xe1, 0xe5, 0xc2, 0xd1, 0xc7, 0xdc, 0xf3,
    0xe5, 0xdc, 0xd1, 0xb7, 0xb7, 0x96, 0x96, 0xb7, 0xc7, 0xdc, 0xe5, 0xe5, 0xe1, 0xc7, 0xc0, 0xb7,
    0xe5, 0xe5, 0xf3, 0xf3, 0xef, 0xf3, 0xdc, 0xd1, 0xb7, 0x96, 0x96, 0xb7, 0xc0, 0xdc, 0xf3, 0xef,
    0xf3, 0xeb, 0xe1, 0xd1, 0xb7, 0x96, 0x53, 0x53, 0x96, 0x96, 0xb7, 0xc7, 0xd1, 0xdc, 0xdc, 0xe5,
    0xe5, 0xdc, 0xd1, 0xb7, 0xb7, 0x96, 0x96, 0xb7, 0xc7, 0xdc, 0xe5, 0xe5, 0xd9, 0xc2, 0xc0, 0xb7,
    0xb7, 0xc0, 0xc7, 0xd1, 0xc0, 0xc7, 0xc2, 0xc7, 0xc7, 0xe1, 0xe5, 0xe1, 0xd9, 0xd1, 0xe3, 0xf3,
    0xf3, 0xeb, 0xe1, 0xd1, 0xb7, 0x96, 0x53, 0x53, 0x96, 0x96, 0xb7, 0xc7, 0xd1, 0xdc, 0xdc, 0xe5,
    0xe5, 0xe5, 0xf3, 0xf3, 0xef, 0xf3, 0xdc, 0xd1, 0xb7, 0x96, 0x96, 0xb7, 0xc0, 0xdc, 0xf3, 0xef,
    0xc2, 0xd1, 0xbb, 0x9e, 0x93, 0x9e, 0xa8, 0x9e, 0x9e, 0x9e, 0x93, 0x93, 0x93, 0x9e, 0xb3, 0xd1,
    0xe5, 0xe5, 0xd5, 0xd1, 0xc2, 0xa8, 0x92, 0x9e, 0x93, 0x92, 0x9e, 0xc0, 0xc7, 0xc2, 0xc0, 0xc7,
    0xc2, 0xe1, 0xe1, 0xe5, 0xc2, 0xbc, 0xa8, 0x93, 0x84, 0x92, 0x91, 0x91, 0x73, 0x5c, 0x6b, 0x67,
    0xc0, 0xc7, 0xe1, 0xd1, 0xe1, 0xb7, 0xc0, 0xb7, 0xb7, 0x96, 0x93, 0x9e, 0x91, 0x91, 0x73, 0x4b,
    0xc7, 0xdc, 0xe1, 0xf3, 0xeb, 0xe5, 0xe5, 0xe1, 0xc7, 0xc2, 0xb3, 0x93, 0x84, 0x73, 0x73, 0x58,
    0xc0, 0xc7, 0xe1, 0xd1, 0xe1, 0xb7, 0xc2, 0xbb, 0xbb, 0xb7, 0xb3, 0x9e, 0x91, 0x73, 0x6f, 0x4b,
    0xf3, 0xf3, 0xf3, 0xd1, 0xb7, 0x9e, 0x96, 0x96, 0x96, 0xb7, 0xe1, 0xe5, 0xe5, 0xdc, 0xd1, 0xd1,
    0xc0, 0xc7, 0xe1, 0xd1, 0xe1, 0xb7, 0xc0, 0xb7, 0xb7, 0xc0, 0xc7, 0xe1, 0xe1, 0xe1, 0xe1, 0xe5,
    0xe5, 0xc7, 0xe1, 0xd1, 0xe1, 0xb7, 0xc0, 0xb7, 0xb7, 0xb7, 0xc0, 0xb3, 0x9e, 0xb3, 0xc7, 0xe5,
    0xf3, 0xf3, 0xf3, 0xd1, 0xb7, 0xc0, 0x96, 0x96, 0x96, 0xb7, 0xe1, 0xe5, 0xe5, 0xdc, 0xd1, 0xd1,
    0xc7, 0xdc, 0xe1, 0xf3, 0xeb, 0xe5, 0xe5, 0xe5, 0xc7, 0xb7, 0x96, 0x96, 0x96, 0xc0, 0xdc, 0xf3,
    0xf3, 0xe5, 0xe5, 0xe5, 0xc7, 0xb7, 0x96, 0x53, 0x53, 0x96, 0xb7, 0xc0, 0xd1, 0xc7, 0xb7, 0xc7,
    0xf3, 0xf3, 0xf3, 0xd1, 0xb7, 0xc0, 0x96, 0x96, 0x96, 0xb7, 0xe1, 0xd1, 0xbb, 0xa8, 0xc7, 0xcb,
    0xe5, 0xc7, 0xd1, 0xcb, 0xd9, 0xc7, 0xc0, 0xb7, 0xb7, 0xc0, 0xc7, 0xe1, 0xe1, 0xe1, 0xe1, 0xe5,
    0xf3, 0xe5, 0xe5, 0xe5, 0xc7, 0xb7, 0x96, 0x53, 0x53, 0x96, 0xb7, 0xc0, 0xd1, 0xc7, 0xb7, 0xc7,
    0xc7, 0xdc, 0xd9, 0xf3, 0xeb, 0xe5, 0xe5, 0xe5, 0xc7, 0xb7, 0x96, 0x96, 0x96, 0xc0, 0xdc, 0xf3,
    0xb7, 0xc2, 0xa8, 0x93, 0x93, 0x84, 0x91, 0x9e, 0xa8, 0x9e, 0x93, 0x91, 0x91, 0x9e, 0xb3, 0xbc,
    0xe5, 0xe1, 0xbc, 0xbe, 0xb3, 0x9e, 0xa8, 0x93, 0x91, 0x91, 0x91, 0x9e, 0xbb, 0xb3, 0xb3, 0xb7,
    0xbb, 0xb3, 0xa8, 0xb3, 0xb3, 0x9e, 0x9e, 0x92, 0x91, 0x73, 0x69, 0x6f, 0x5c, 0x4b, 0x67, 0x6f,
    0xe5, 0xdc, 0xe1, 0xe5, 0xeb, 0xe1, 0xb7, 0xb7, 0xb7, 0xb7, 0xb7, 0xa8, 0x93, 0x91, 0x73, 0xb0,
    0xc0, 0xc0, 0xc0, 0xe1, 0xe5, 0xe5, 0xe5, 0xe5, 0xe1, 0xc2, 0xa8, 0x91, 0x91, 0x73, 0x67, 0x4b,
    0xe5, 0xdc, 0xe1, 0xe5, 0xeb, 0xe1, 0xb7, 0xb7, 0xc0, 0xc2, 0xbc, 0xa8, 0x91, 0x6f, 0x73, 0xb0,
    0xe5, 0xf3, 0xef, 0xf3, 0xe1, 0xc0, 0xb7, 0xb7, 0x96, 0xb7, 0xc0, 0xc7, 0xe1, 0xdc, 0xdc, 0xe5,
    0xe5, 0xdc, 0xe1, 0xe5, 0xeb, 0xe1, 0xb7, 0xb7, 0xb7, 0xb7, 0xb7, 0xb7, 0xb7, 0xc0, 0xd1, 0xdc,
    0xe5, 0xe1, 0xe1, 0xe5, 0xeb, 0xe1, 0xb7, 0xb7, 0xbb, 0xb7, 0xb7, 0x9e, 0x91, 0x9e, 0xc2, 0xdc,
    0xe5, 0xf3, 0xe1, 0xdc, 0xe1, 0xcb, 0xb7, 0xb7, 0x96, 0xb7, 0xc0, 0xc7, 0xe1, 0xdc, 0xdc, 0xe5,
    0xc0, 0xb7, 0xc0, 0xe1, 0xe5, 0xe5, 0xe5, 0xe5, 0xe1, 0xd1, 0xb7, 0xbb, 0x96, 0xb7, 0xc7, 0xdc,
    0xe5, 0xf3, 0xf3, 0xf3, 0xdc, 0xd1, 0xc7, 0x96, 0x53, 0x53, 0x96, 0xb7, 0xc7, 0xc7, 0xc0, 0xb7,
    0xe5, 0xf3, 0xef, 0xf3, 0xdc, 0xc7, 0xb7, 0xb7, 0x96, 0xb7, 0xb7, 0xa8, 0x9e, 0x9e, 0xb3, 0xd9,
    0xbc, 0xe1, 0xbc, 0xc5, 0xd1, 0xcb, 0xc0, 0xb7, 0xb7, 0xb7, 0xb7, 0xb7, 0xb7, 0xc0, 0xd1, 0xdc,
    0xeb, 0xf3, 0xf3, 0xf3, 0xdc, 0xd1, 0xc7, 0x96, 0x53, 0x53, 0x96, 0xb7, 0xc7, 0xc7, 0xc0, 0xb7,
    0xb7, 0xc2, 0xc7, 0xe1, 0xe5, 0xe5, 0xe5, 0xe5, 0xe1, 0xd1, 0xb7, 0xbb, 0x96, 0xb7, 0xc7, 0xdc,
    0xa8, 0xb3, 0x93, 0x93, 0x91, 0x73, 0x73, 0x84, 0x91, 0xa8, 0x9e, 0x91, 0x84, 0x91, 0x9e, 0x9e,
    0xbe, 0xbe, 0x9e, 0x9e, 0x91, 0x91, 0x91, 0x93, 0x84, 0x91, 0x91, 0x93, 0x9e, 0x91, 0x9e, 0xc2,
    0xb3, 0x9e, 0x9e, 0x9e, 0x9e, 0x93, 0x93, 0x93, 0x84, 0x73, 0x6f, 0x5c, 0x73, 0x67, 0x67, 0x6f,
    0xe1, 0xe5, 0xe5, 0xe5, 0xf3, 0xf3, 0xdc, 0xc7, 0xc2, 0xb7, 0xac, 0xb7, 0x92, 0x93, 0x73, 0x73,
    0xc7, 0xc0, 0xb7, 0xc0, 0xd1, 0xdc, 0xe5, 0xe1, 0xdc, 0xc0, 0x9e, 0x91, 0x91, 0x6f, 0x6f, 0x6f,
    0xe1, 0xe5, 0xe5, 0xe5, 0xf3, 0xf3, 0xdc, 0xc7, 0xb7, 0xc7, 0xc2, 0xbc, 0x9e, 0x91, 0x6f, 0x6f,
    0xd1, 0xe5, 0xf3, 0xeb, 0xf3, 0xe5, 0xd1, 0xc7, 0xb7, 0xb7, 0xb7, 0xc7, 0xd5, 0xd1, 0xd1, 0xe1,
    0xe1, 0xe5, 0xe5, 0xe5, 0xf3, 0xf3, 0xdc, 0xc7, 0xb7, 0xc0, 0xb7, 0xb7, 0xb7, 0xb7, 0xb7, 0xb7,
    0xe1, 0xe1, 0xe5, 0xe5, 0xf3, 0xf3, 0xdc, 0xc7, 0xb7, 0xbc, 0xa8, 0x91, 0x91, 0x91, 0xa8, 0xb7,
    0xd1, 0xe1, 0xc5, 0xc5, 0xc2, 0xd9, 0xd9, 0xc7, 0xb7, 0xb7, 0xb7, 0xc7, 0xd5, 0xd1, 0xd1, 0xe1,
    0xc7, 0xc0, 0xc0, 0xc0, 0xd1, 0xdc, 0xe5, 0xe1, 0xdc, 0xe1, 0xd1, 0xd1, 0xc7, 0xb7, 0xc0, 0xb7,
    0xe1, 0xf3, 0xf3, 0xeb, 0xeb, 0xeb, 0xe1, 0xc0, 0x96, 0x53, 0x53, 0x96, 0xc0, 0xd1, 0xe1, 0xc0,
    0xd1, 0xe5, 0xf3, 0xeb, 0xf3, 0xe5, 0xd1, 0xc7, 0xb7, 0xbb, 0xa8, 0x93, 0x9e, 0x91, 0x9e, 0xbc,
    0x91, 0xbe, 0x91, 0xa8, 0xb3, 0xd9, 0xd9, 0xc7, 0xb7, 0xc0, 0xb7, 0xb7, 0xb7, 0xb7, 0xb7, 0xb7,
    0xe1, 0xf3, 0xf3, 0xeb, 0xeb, 0xeb, 0xe1, 0xc0, 0x96, 0x53, 0x53, 0x96, 0xc0, 0xd1, 0xe1, 0xc0,
    0xc7, 0xc0, 0xc0, 0xc0, 0xd1, 0xdc, 0xe5, 0xe1, 0xdc, 0xe1, 0xd1, 0xd1, 0xc7, 0xb7, 0xb7, 0xc7,
    0x9e, 0x9e, 0x91, 0x6b, 0x6f, 0x6f, 0x73, 0x91, 0x91, 0x93, 0x9e, 0x93, 0x91, 0x73, 0x91, 0x91,
    0x9e, 0x9e, 0x91, 0x91, 0x91, 0x91, 0x91, 0x91, 0x73, 0x91, 0x91, 0x91, 0x73, 0x91, 0x9e, 0xb3,
    0x9e, 0x9e, 0x91, 0x6f, 0x91, 0x9e, 0x91, 0x91, 0x91, 0x6f, 0x5c, 0x5a, 0x4b, 0x6f, 0x5c, 0x6f,
    0xc7, 0xd1, 0xd5, 0xe1, 0xe5, 0xf3, 0xf3, 0xd1, 0xa8, 0xa8, 0xa8, 0x9e, 0x91, 0x73, 0x6f, 0x5c,
    0xd5, 0xc0, 0xc0, 0xc0, 0xc0, 0xd1, 0xc7, 0xd1, 0xd1, 0xc7, 0xc2, 0xb3, 0x9e, 0x91, 0x6f, 0xb0,
    0xc7, 0xd7, 0xd5, 0xe1, 0xe5, 0xf3, 0xf3, 0xe5, 0xd9, 0xcb, 0xc5, 0xc2, 0xbe, 0x9e, 0x91, 0x6b,
    0xb7, 0xb7, 0xdc, 0xf3, 0xf3, 0xf3, 0xe5, 0xe1, 0xd7, 0xc0, 0xc0, 0xd1, 0xe1, 0xe1, 0xe1, 0xd1,
    0xc7, 0xd7, 0xd5, 0xe1, 0xe5, 0xf3, 0xef, 0xf3, 0xe1, 0xb7, 0xb7, 0xc0, 0xb7, 0xb7, 0xb7, 0xb7,
    0xe1, 0xe1, 0xd1, 0xe1, 0xe5, 0xf3, 0xef, 0xf3, 0xe1, 0xb7, 0xa8, 0x91, 0x91, 0x73, 0x91, 0xb7,
    0xb7, 0xbc, 0xb3, 0xb3, 0xb3, 0xbc, 0xe5, 0xe1, 0xd5, 0xc0, 0xc0, 0xd1, 0xe1, 0xe1, 0xe1, 0xd1,
    0xd5, 0xc0, 0xc0, 0xbb, 0xc0, 0xd1, 0xd1, 0xc7, 0xd1, 0xc7, 0xc7, 0xc7, 0xc7, 0xd1, 0xb7, 0xc0,
    0xd1, 0xdc, 0xe5, 0xeb, 0xf3, 0xf3, 0xeb, 0xe5, 0xd1, 0x96, 0x96, 0x96, 0x96, 0xc0, 0xe5, 0xe1,
    0xb7, 0xc0, 0xdc, 0xf3, 0xf3, 0xf3, 0xe5, 0xe1, 0xd7, 0xc0, 0xbb, 0x91, 0x91, 0x91, 0x91, 0xbc,
    0x91, 0x91, 0x91, 0x91, 0xa8, 0xa8, 0xe5, 0xe5, 0xe1, 0xb7, 0xb7, 0xc0, 0xb7, 0xb7, 0xb7, 0xb7,
    0xd1, 0xdc, 0xe5, 0xeb, 0xf3, 0xf3, 0xeb, 0xe5, 0xd1, 0x96, 0x96, 0x96, 0x96, 0xc0, 0xe5, 0xe1,
    0xd1, 0xc0, 0xc0, 0xbb, 0xc0, 0xd1, 0xd1, 0xc7, 0xd1, 0xc7, 0xc7, 0xc7, 0xc7, 0xd1, 0xb7, 0xc0,
    0x91, 0x91, 0x4b, 0x4b, 0x67, 0x6f, 0x6f, 0x6f, 0x6f, 0x73, 0x91, 0x91, 0x6b, 0x4b, 0x91, 0x91,
    0x9e, 0x73, 0x5c, 0x73, 0x91, 0x91, 0x91, 0x73, 0x6f, 0x6f, 0x73, 0x91, 0x73, 0x91, 0x93, 0x9e,
    0x9e, 0x93, 0x91, 0x73, 0x73, 0x91, 0x91, 0x73, 0x6f, 0x6f, 0x4b, 0x6f, 0x5c, 0x5c, 0x5a, 0x58,
    0xdc, 0xe1, 0xc7, 0xc7, 0xe5, 0xeb, 0xf3, 0xdc, 0xa8, 0xa8, 0x9e, 0x91, 0x73, 0x73, 0x69, 0x6f,
    0xe1, 0xd1, 0xc7, 0xb7, 0xb7, 0xb7, 0xd1, 0xc7, 0xc7, 0xc0, 0xd9, 0xbc, 0x91, 0x6f, 0x6f, 0x6f,
    0xe5, 0xe1, 0xc7, 0xc7, 0xe5, 0xe5, 0xe5, 0xe1, 0xd5, 0xd9, 0xcb, 0xbc, 0xb3, 0x3e, 0x3e, 0x5c,
    0x96, 0xb7, 0xc0, 0xc7, 0xdc, 0xe5, 0xe5, 0xdc, 0xe1, 0xd1, 0xc7, 0xc7, 0xd5, 0xdc, 0xe5, 0xe5,
    0xe5, 0xe1, 0xc7, 0xc7, 0xe5, 0xe5, 0xef, 0xef, 0xf3, 0xdc, 0xd1, 0xc0, 0xb7, 0xb7, 0xb7, 0xb7,
    0xdc, 0xe1, 0xc7, 0xc7, 0xe5, 0xe5, 0xef, 0xef, 0xf3, 0xe1, 0xa8, 0x91, 0x84, 0x73, 0x91, 0x91,
    0x73, 0x93, 0x91, 0x9e, 0x9e, 0xa8, 0xb3, 0xdc, 0xe1, 0xd1, 0xc7, 0xc7, 0xd5, 0xdc, 0xe5, 0xe5,
    0xe1, 0xd1, 0xd1, 0xb7, 0xb7, 0xc0, 0xd1, 0xd1, 0xc7, 0xd1, 0xb7, 0xc0, 0xc0, 0xc7, 0xc7, 0xc0,
    0xb7, 0xd1, 0xe1, 0xe5, 0xe3, 0xeb, 0xf3, 0xeb, 0xe5, 0xd1, 0xb7, 0x96, 0x96, 0xb7, 0xd1, 0xe5,
    0xb7, 0xb7, 0xc0, 0xc7, 0xdc, 0xe5, 0xe5, 0xdc, 0xe1, 0xc7, 0xc0, 0x93, 0x91, 0x91, 0x91, 0x91,
    0x73, 0x73, 0x91, 0x91, 0x9e, 0xb3, 0xa8, 0xdc, 0xf3, 0xdc, 0xd1, 0xc0, 0xb7, 0xb7, 0xb7, 0xb7,
    0xb7, 0xd1, 0xe1, 0xe5, 0xe3, 0xeb, 0xf3, 0xeb, 0xe5, 0xd1, 0xb7, 0x96, 0x96, 0xb7, 0xd1, 0xe5,
    0xe1, 0xdc, 0xd1, 0xb7, 0xb7, 0xc0, 0xd1, 0xc7, 0xd1, 0xd1, 0xb7, 0xc0, 0xc0, 0xc7, 0xc7, 0xc0,
    0x6f, 0x6f, 0x6f, 0x6f, 0x67, 0x67, 0x67, 0x6f, 0x6f, 0x67, 0x5a, 0x5c, 0x67, 0x5a, 0x4b, 0x91,
    0x6f, 0x5a, 0x5c, 0x6f, 0x6f, 0x79, 0x6f, 0x6f, 0x6f, 0x6f, 0x6f, 0x67, 0x4b, 0x6f, 0x6f, 0x92,
    0x91, 0x91, 0x73, 0x6f, 0x6f, 0x6f, 0x91, 0x6f, 0x73, 0x5c, 0x73, 0x5c, 0x67, 0x5a, 0x4b, 0x4b,
    0xdc, 0xdc, 0xd1, 0xc7, 0xc7, 0xe5, 0xf3, 0xf3, 0xbe, 0xa8, 0x93, 0x93, 0x84, 0x91, 0x73, 0x67,
    0xe5, 0xe3, 0xe1, 0xc0, 0xc0, 0xc0, 0xb7, 0xbb, 0xd1, 0xc7, 0xc5, 0xb3, 0x9e, 0x84, 0x6f, 0xa7,
    0xe1, 0xdc, 0xd7, 0xc7, 0xc7, 0xe5, 0xe5, 0xd9, 0xcb, 0xbb, 0xbe, 0xbe, 0x9e, 0x84, 0x73, 0x6f,
    0xb7, 0xb7, 0xb7, 0xb7, 0xb7, 0xc0, 0xc7, 0xc7, 0xc7, 0xc7, 0xb7, 0xc7, 0xc7, 0xe1, 0xdc, 0xe5,
    0xe1, 0xdc, 0xd1, 0xc7, 0xc7, 0xe5, 0xf3, 0xf3, 0xef, 0xeb, 0xdc, 0xe1, 0xdc, 0xe1, 0xd1, 0xb7,
    0xdc, 0xdc, 0xd7, 0xc7, 0xc7, 0xe5, 0xf3, 0xf3, 0xef, 0xeb, 0xd1, 0x9e, 0x91, 0x78, 0x73, 0x69,
    0x73, 0x91, 0x91, 0x9e, 0x9e, 0xa8, 0xbb, 0xc7, 0xc7, 0xc7, 0xb7, 0xc7, 0xc7, 0xe1, 0xdc, 0xe5,
    0xe5, 0xdc, 0xd7, 0xc0, 0xb7, 0xb7, 0xb7, 0xc0, 0xd1, 0xc7, 0xc7, 0xb7, 0xc0, 0xc0, 0xb7, 0xb7,
    0xc0, 0xc0, 0xd1, 0xdc, 0xe1, 0xe5, 0xe5, 0xe5, 0xe6, 0xdc, 0xd1, 0xb7, 0xb7, 0xc0, 0xb7, 0xe5,
    0xb7, 0xb7, 0xb7, 0xb7, 0xb7, 0xc0, 0xc7, 0xc7, 0xc7, 0xc7, 0xc0, 0x96, 0x93, 0x73, 0x73, 0x69,
    0x73, 0x91, 0x73, 0x91, 0x93, 0x9e, 0xd9, 0xe5, 0xf3, 0xeb, 0xdc, 0xe1, 0xdc, 0xe1, 0xd1, 0xb7,
    0xc0, 0xc0, 0xd1, 0xdc, 0xe1, 0xe5, 0xe5, 0xe5, 0xe6, 0xdc, 0xd1, 0xb7, 0xb7, 0xc0, 0xb7, 0xe5,
    0xe1, 0xe1, 0xd1, 0xc0, 0xb7, 0xb7, 0xb7, 0xc0, 0xd1, 0xc7, 0xc7, 0xb7, 0xc0, 0xc0, 0xb7, 0xc0,
    0x6f, 0x6f, 0x6f, 0x6f, 0x6f, 0x67, 0x5c, 0x6f, 0x67, 0x5c, 0x4b, 0x4b, 0x90, 0x4b, 0x4b, 0x4b,
    0x3e, 0x4b, 0x5c, 0x67, 0x6f, 0x6f, 0xa7, 0x5c, 0x67, 0x67, 0x6f, 0x6f, 0x6f, 0x79, 0x90, 0x79,
    0x6f, 0x6f, 0x6f, 0x6f, 0x67, 0x67, 0x5c, 0x5c, 0x5a, 0x4b, 0x4b, 0x4b, 0x90, 0x4b, 0x4b, 0x4b,
    0xc7, 0xc7, 0xe1, 0xe1, 0xc7, 0xc7, 0xe5, 0xf3, 0xe1, 0xc5, 0xbc, 0x93, 0x92, 0x73, 0x6f, 0x5c,
    0xe5, 0xe5, 0xe1, 0xe1, 0xc0, 0xb7, 0xb7, 0xb7, 0x9e, 0x9a, 0x93, 0x88, 0x92, 0x91, 0x73, 0x6f,
    0xc7, 0xc0, 0xe1, 0xe1, 0xc7, 0xc7, 0xe5, 0xe5, 0xc2, 0xa8, 0x9e, 0x9a, 0x92, 0x91, 0x73, 0x5c,
    0xc7, 0xc0, 0xb7, 0xb7, 0xb7, 0xb7, 0xb7, 0xb7, 0xb7, 0xb7, 0xb7, 0xb7, 0xb7, 0xb7, 0xc0, 0xe1,
    0xc7, 0xc7, 0xe1, 0xe1, 0xc7, 0xc7, 0xe5, 0xf3, 0xf3, 0xf3, 0xeb, 0xdc, 0xd1, 0xe1, 0xe1, 0xe1,
    0xc7, 0xc0, 0xe1, 0xe1, 0xc7, 0xc7, 0xe5, 0xf3, 0xf3, 0xf3, 0xeb, 0xe1, 0x92, 0x91, 0x73, 0x73,
    0x73, 0x91, 0x91, 0x9e, 0xb3, 0xb7, 0xb7, 0xb7, 0xb7, 0xb7, 0xb7, 0xb7, 0xb7, 0xb7, 0xc0, 0xe1,
    0xe5, 0xe1, 0xe1, 0xd7, 0xd1, 0xb7, 0xb7, 0xbb, 0xc0, 0xd1, 0xd1, 0xc7, 0xc7, 0xc0, 0xb7, 0xb7,
    0xb7, 0xc0, 0xc0, 0xd1, 0xe1, 0xe3, 0xe5, 0xe5, 0xeb, 0xe5, 0xe5, 0xd1, 0xd1, 0xd1, 0xd1, 0xc7,
    0xc7, 0xc0, 0xb7, 0xb7, 0xb7, 0xb7, 0xb7, 0xb7, 0xb7, 0xb7, 0xb7, 0xb7, 0x92, 0x91, 0x73, 0x73,
    0x73, 0x91, 0x91, 0x91, 0xc7, 0xc7, 0xe5, 0xf3, 0xf3, 0xf3, 0xeb, 0xdc, 0xd1, 0xe1, 0xe1, 0xe1,
    0xb7, 0xc0, 0xc0, 0xd1, 0xe1, 0xe3, 0xe5, 0xe5, 0xeb, 0xe5, 0xe5, 0xd1, 0xd1, 0xd1, 0xd1, 0xc7,
    0xe5, 0xe1, 0xe1, 0xd7, 0xd1, 0xb7, 0xb7, 0xbb, 0xc0, 0xd1, 0xd1, 0xc7, 0xc7, 0xc0, 0xb7, 0xb7,
    0xaa, 0xb7, 0xb7, 0xc0, 0xd9, 0xc0, 0xb7, 0xe1, 0xf3, 0xf3, 0xf3, 0xe5, 0xd9, 0xc7, 0xd1, 0xd9,
    0xd5, 0xd1, 0xd1, 0xd5, 0xc7, 0xc7, 0xc0, 0xb7, 0x96, 0x96, 0x96, 0x96, 0x96, 0x81, 0x96, 0x96,
    0xe1, 0xe5, 0xe3, 0xd9, 0xd9, 0xc7, 0xb7, 0x96, 0xb7, 0xc7, 0xe5, 0xb7, 0x92, 0x73, 0x73, 0x69,
    0x73, 0x91, 0x91, 0x9e, 0xb7, 0xd1, 0xd5, 0xe1, 0xe5, 0xf3, 0xeb, 0xe5, 0xe5, 0xe5, 0xd9, 0xc0,
    0xd5, 0xd1, 0xd1, 0xd5, 0xc7, 0xc7, 0xc0, 0xb7, 0x96, 0x96, 0x96, 0x96, 0x96, 0x81, 0x96, 0x96,
    0xaa, 0xb7, 0xb7, 0xc0, 0xd9, 0xc0, 0xb7, 0xe1, 0xf3, 0xf3, 0xf3, 0xe5, 0xd9, 0xc7, 0xd1, 0xd9,
    0xb7, 0xc0, 0xc0, 0xc0, 0xd9, 0xe1, 0xe1, 0xe1, 0xe5, 0xe5, 0xe1, 0xbc, 0xc2, 0x73, 0x73, 0x69,
    0x73, 0x73, 0x91, 0x9e, 0xc2, 0xbb, 0xbb, 0xaa, 0xaa, 0xc7, 0xe5, 0xc0, 0xc0, 0xd1, 0xb7, 0xb7,
    0x3e, 0x6f, 0x5c, 0x5c, 0x6f, 0x90, 0x90, 0x73, 0x5c, 0x5c, 0x5a, 0x5c, 0x4b, 0x4b, 0x4b, 0x6f,
    0x4b, 0x4b, 0x5c, 0x6f, 0x3e, 0x5a, 0x5c, 0x5c, 0x6f, 0x6f, 0x6f, 0x5c, 0x6f, 0x90, 0x4b, 0x67,
    0x4b, 0x91, 0x92, 0x93, 0x93, 0x93, 0xdc, 0xdc, 0xdc, 0xe5, 0xe1, 0xe5, 0xdc, 0xd9, 0xd1, 0xe1,
    0xe1, 0xd1, 0xd7, 0xe1, 0xd1, 0xd1, 0xc7, 0xb7, 0xb7, 0xb7, 0x93, 0x88, 0x92, 0x91, 0x6f, 0x3e,
    0xe5, 0xf3, 0xe5, 0xd1, 0xb7, 0x96, 0x96, 0xb7, 0xb7, 0xdc, 0xe5, 0xd1, 0xc7, 0xc0, 0xc0, 0xc7,
    0xd1, 0xe5, 0xe1, 0xdc, 0xdc, 0xdc, 0xe3, 0xe5, 0xe5, 0xeb, 0xe5, 0xdc, 0xdc, 0xe3, 0xd1, 0xd1,
    0xb7, 0xc0, 0xc0, 0xd1, 0xdc, 0xd1, 0xc0, 0xdc, 0xf3, 0xf3, 0xf3, 0xeb, 0xe5, 0xd1, 0xd7, 0xdc,
    0xdc, 0xdc, 0xd1, 0xdc, 0xe1, 0xd1, 0xd1, 0xc0, 0xb7, 0x96, 0x96, 0x96, 0x96, 0x96, 0xb7, 0xb7,
    0x96, 0x96, 0x81, 0x96, 0x96, 0xb7, 0xc0, 0xbb, 0xc7, 0xe5, 0xe5, 0xe5, 0xe5, 0xd7, 0xd1, 0xc7,
    0xd9, 0xd1, 0xc7, 0xe1, 0xe1, 0xe5, 0xeb, 0xe1, 0xc0, 0x96, 0xb7, 0x96, 0x53, 0x53, 0x96, 0x96,
    0xd9, 0xe1, 0xe5, 0xe5, 0xe1, 0xd9, 0xb7, 0x96, 0x96, 0xb7, 0xa8, 0x93, 0x8a, 0x73, 0x73, 0x73,
    0x73, 0x91, 0x91, 0x93, 0x9e, 0xbc, 0xd1, 0xd9, 0xe5, 0xe3, 0xe5, 0xeb, 0xeb, 0xe5, 0xe1, 0xd9,
    0xd9, 0xd1, 0xc7, 0xe1, 0xe1, 0xe5, 0xeb, 0xe1, 0xc0, 0x96, 0xb7, 0x96, 0x53, 0x53, 0x96, 0x96,
    0x96, 0x96, 0x81, 0x96, 0x96, 0xb7, 0xc0, 0xbb, 0xc7, 0xe5, 0xe5, 0xe5, 0xe5, 0xd7, 0xd1, 0xc7,
    0xc0, 0xb7, 0xc2, 0xe1, 0xe1, 0xd9, 0xe1, 0xe1, 0xe5, 0xe1, 0x9e, 0x9e, 0x9e, 0x73, 0x73, 0x73,
    0x73, 0x91, 0x84, 0x91, 0x92, 0xc7, 0xc0, 0x96, 0x96, 0xaa, 0xb7, 0xe1, 0xe5, 0xe5, 0xc0, 0xb7,
    0x3e, 0x6f, 0x4b, 0x73, 0x4b, 0x5c, 0x68, 0x73, 0x5c, 0x4b, 0x4b, 0x5c, 0x73, 0x73, 0x91, 0x73,
    0x91, 0x73, 0x5c, 0x6f, 0x73, 0x5c, 0x5c, 0x6f, 0x73, 0x69, 0x6f, 0x73, 0x6f, 0x6f, 0x73, 0x6f,
    0x5c, 0x91, 0x91, 0x91, 0x92, 0x9a, 0xb3, 0xdc, 0xd9, 0xc0, 0xd9, 0xe1, 0xe5, 0xe1, 0xd5, 0xd1,
    0xe1, 0xd5, 0xd1, 0xdc, 0xe3, 0xe5, 0xe5, 0xd9, 0xb3, 0x9e, 0x92, 0x92, 0x91, 0x73, 0x73, 0x3e,
    0xdc, 0xe5, 0xe5, 0xe5, 0xdc, 0xc0, 0xb7, 0x96, 0x96, 0x96, 0xc7, 0xdc, 0xe5, 0xe5, 0xd1, 0xd1,
    0xc0, 0xc7, 0xd1, 0xdc, 0xd7, 0xdc, 0xe1, 0xe3, 0xe5, 0xeb, 0xf3, 0xe5, 0xeb, 0xe5, 0xdc, 0xdc,
    0x96, 0x96, 0x96, 0xb7, 0xb7, 0xc0, 0xd1, 0xc7, 0xdc, 0xe5, 0xe5, 0xe5, 0xe5, 0xdc, 0xd7, 0xd1,
    0xdc, 0xd7, 0xdc, 0xdc, 0xe5, 0xe5, 0xeb, 0xdc, 0xd1, 0xb7, 0xc0, 0x96, 0x53, 0x53, 0x96, 0x96,
    0x53, 0x64, 0x64, 0x96, 0x96, 0x96, 0x96, 0x96, 0xaa, 0xc0, 0xd9, 0xe1, 0xe1, 0xd9, 0xc2, 0xc7,
    0xc7, 0xc7, 0xc0, 0xc7, 0xe1, 0xe5, 0xf3, 0xef, 0xe5, 0xe1, 0xb7, 0x96, 0x96, 0x96, 0x53, 0x53,
    0xd9, 0xe5, 0xe1, 0xe5, 0xe5, 0xe5, 0xd9, 0x96, 0x96, 0xaa, 0xb3, 0x9e, 0xa8, 0x91, 0x91, 0x73,
    0x73, 0x73, 0x84, 0x91, 0x9e, 0xa8, 0xd9, 0xe1, 0xd1, 0xe1, 0xe5, 0xe5, 0xf3, 0xeb, 0xeb, 0xe5,
    0xc7, 0xc7, 0xc0, 0xc7, 0xe1, 0xe5, 0xf3, 0xef, 0xe5, 0xe1, 0xb7, 0x96, 0x96, 0x96, 0x53, 0x53,
    0x53, 0x64, 0x64, 0x96, 0x96, 0x96, 0x96, 0x96, 0xaa, 0xc0, 0xd9, 0xe1, 0xe1, 0xd9, 0xc2, 0xc7,
    0xb7, 0xc0, 0xc0, 0xc0, 0xc0, 0xe1, 0xe1, 0xd1, 0xe5, 0xd1, 0xc2, 0xbb, 0xb3, 0x91, 0x91, 0x73,
    0x73, 0x73, 0x91, 0x91, 0x93, 0x9e, 0xc0, 0x96, 0x96, 0x96, 0x96, 0xaa, 0xbb, 0xc7, 0xd9, 0xc7,
    0x6f, 0x6f, 0x5a, 0x4b, 0x6f, 0x73, 0x73, 0x73, 0x69, 0x4b, 0x73, 0x73, 0x73, 0x91, 0x73, 0x91,
    0x91, 0x84, 0x73, 0x73, 0x91, 0x91, 0x73, 0x73, 0x73, 0x73, 0x73, 0x5c, 0x68, 0x6f, 0x73, 0xa9,
    0x4b, 0x6b, 0x91, 0x84, 0x92, 0x93, 0x9a, 0xbb, 0xb3, 0xb7, 0xc2, 0xc7, 0xd1, 0xe1, 0xd1, 0xd1,
    0xd1, 0xd1, 0xc7, 0xd1, 0xdc, 0xe5, 0xe1, 0xd1, 0xa8, 0x91, 0x84, 0x73, 0x73, 0x6b, 0x4b, 0x4b,
    0xe5, 0xdc, 0xe3, 0xe5, 0xf3, 0xe5, 0xe1, 0xb7, 0x96, 0x53, 0x96, 0xb7, 0xc7, 0xd1, 0xdc, 0xd1,
    0xd1, 0xc7, 0xd1, 0xd1, 0xd1, 0xdc, 0xe1, 0xdc, 0xe5, 0xe5, 0xe5, 0xf3, 0xf3, 0xe5, 0xe5, 0xe3,
    0x53, 0x64, 0x64, 0x96, 0x96, 0x96, 0xb7, 0xb7, 0xb7, 0xd1, 0xdc, 0xdc, 0xe1, 0xdc, 0xd1, 0xd1,
    0xd1, 0xc7, 0xd1, 0xdc, 0xdc, 0xe5, 0xf3, 0xf3, 0xe5, 0xdc, 0xc7, 0xb7, 0x96, 0x96, 0x53, 0x53,
    0x96, 0x53, 0x53, 0x53, 0x53, 0x96, 0x96, 0x96, 0x96, 0xb7, 0xc7, 0xd1, 0xd1, 0xc7, 0xb7, 0xb7,
    0xb7, 0xb7, 0xb7, 0xbb, 0xc7, 0xe1, 0xe5, 0xf3, 0xf3, 0xef, 0xe5, 0xd9, 0xb7, 0x96, 0x96, 0x96,
    0xe5, 0xe5, 0xe1, 0xc7, 0xd7, 0xe5, 0xe5, 0xd1, 0xb7, 0x96, 0x96, 0xb7, 0xb7, 0xb3, 0x9e, 0xaa,
    0x84, 0x73, 0x91, 0x93, 0xa8, 0xb3, 0xc2, 0xc0, 0xd9, 0xd1, 0xe5, 0xe1, 0xe5, 0xf3, 0xe5, 0xe5,
    0xb7, 0xb7, 0xb7, 0xbb, 0xc7, 0xe1, 0xe5, 0xf3, 0xf3, 0xef, 0xe5, 0xd9, 0xb7, 0x96, 0x96, 0x96,
    0x96, 0x53, 0x53, 0x53, 0x53, 0x96, 0x96, 0x96, 0x96, 0xb7, 0xc7, 0xd1, 0xd1, 0xc7, 0xb7, 0xb7,
    0xb7, 0xb7, 0xc0, 0xc7, 0xc0, 0xc0, 0xd1, 0xc7, 0xd9, 0xd9, 0xc0, 0xb7, 0xb3, 0xb3, 0xb3, 0xe1,
    0x91, 0x91, 0x91, 0x91, 0x93, 0xa8, 0xc2, 0xe1, 0xb7, 0x96, 0x96, 0x96, 0xb7, 0xb7, 0xb7, 0x96,
    0x67, 0x4b, 0x5a, 0x4b, 0x6f, 0x73, 0x91, 0x91, 0x73, 0x73, 0x91, 0x91, 0x91, 0x93, 0x93, 0x91,
    0x91, 0x91, 0x91, 0x93, 0x9e, 0x91, 0x91, 0x91, 0x91, 0x73, 0x73, 0x73, 0x73, 0x6f, 0x73, 0xa9,
    0x46, 0x6f, 0x6f, 0x84, 0x91, 0x88, 0x9a, 0x9e, 0xaa, 0xbb, 0xc0, 0xd1, 0xd5, 0xc7, 0xc0, 0xb7,
    0xb7, 0xb7, 0xbb, 0xc0, 0xd1, 0xd1, 0xb3, 0xac, 0x93, 0x93, 0x91, 0x91, 0x73, 0x6f, 0x6f, 0x58,
    0xe5, 0xe5, 0xdc, 0xd1, 0xdc, 0xe5, 0xe5, 0xe1, 0xd1, 0xb7, 0x96, 0xb7, 0xc0, 0xd1, 0xc0, 0xc0,
    0xc0, 0xc7, 0xd1, 0xd1, 0xd1, 0xd1, 0xdc, 0xd1, 0xdc, 0xd7, 0xe5, 0xe5, 0xe5, 0xf3, 0xe5, 0xe3,
    0x96, 0x53, 0x53, 0x53, 0x53, 0x96, 0x96, 0x96, 0x96, 0xc0, 0xd1, 0xd1, 0xdc, 0xd1, 0xc7, 0xc0,
    0xc0, 0xc7, 0xc7, 0xc7, 0xc7, 0xdc, 0xe5, 0xf3, 0xf3, 0xef, 0xeb, 0xdc, 0xc7, 0xb7, 0x96, 0x96,
    0xb7, 0x96, 0x96, 0x96, 0x53, 0x53, 0x81, 0x96, 0xaa, 0xb7, 0xc7, 0xd9, 0xd9, 0xc0, 0xb7, 0x96,
    0x96, 0xaa, 0x96, 0xaa, 0xb7, 0xb7, 0xe1, 0xf3, 0xf3, 0xf3, 0xf3, 0xe5, 0xe5, 0xe1, 0xb7, 0xb7,
    0xe1, 0xe1, 0xd9, 0xd1, 0xd1, 0xd9, 0xd5, 0xd7, 0xd1, 0xb7, 0xb7, 0xb7, 0xb7, 0xb3, 0xc7, 0x96,
    0x93, 0x91, 0x91, 0x93, 0x9e, 0xb3, 0xb3, 0xd9, 0xc0, 0xb7, 0xc7, 0xe1, 0xe1, 0xd9, 0xe1, 0xe1,
    0x96, 0xaa, 0x96, 0xaa, 0xb7, 0xb7, 0xe1, 0xf3, 0xf3, 0xf3, 0xf3, 0xe5, 0xe5, 0xe1, 0xb7, 0xb7,
    0xb7, 0x96, 0x96, 0x96, 0x53, 0x53, 0x81, 0x96, 0xaa, 0xb7, 0xc7, 0xd9, 0xd9, 0xc0, 0xb7, 0x96,
    0xaa, 0xaa, 0x96, 0xb7, 0xc7, 0xe1, 0xd5, 0xd1, 0xc7, 0xb7, 0xc7, 0xd9, 0xc2, 0xd5, 0xd9, 0xd9,
    0xd9, 0x93, 0x93, 0xa8, 0x9e, 0xbb, 0xa8, 0xd1, 0xc7, 0xc0, 0xc0, 0xc0, 0xd9, 0xd9, 0xc0, 0x96,
    0x6f, 0x6b, 0x6f, 0x4b, 0x73, 0x73, 0x91, 0xb3, 0x91, 0x9e, 0x9e, 0xa8, 0x93, 0xa8, 0xbc, 0xc2,
    0x92, 0x91, 0x9e, 0x9e, 0x9e, 0xa8, 0xa8, 0xa8, 0xa8, 0xa8, 0x91, 0x73, 0x73, 0x73, 0x73, 0x6f,
    0x32, 0x4b, 0x73, 0x78, 0x84, 0x88, 0x96, 0x92, 0x96, 0xb7, 0xc7, 0xe1, 0xe1, 0xc7, 0xb7, 0xb7,
    0xb7, 0xb7, 0xb7, 0xb7, 0xb3, 0xb7, 0xbb, 0xbb, 0xa8, 0x9e, 0x91, 0x91, 0x73, 0x4b, 0x4b, 0x4b,
    0xe3, 0xdc, 0xdc, 0xd7, 0xd1, 0xdc, 0xdc, 0xdc, 0xd1, 0xd1, 0xc7, 0xd1, 0xdc, 0xdc, 0xd1, 0xb7,
    0xb7, 0xb7, 0xb7, 0xb7, 0xd1, 0xdc, 0xdc, 0xe1, 0xd1, 0xd1, 0xd1, 0xdc, 0xdc, 0xe1, 0xe1, 0xe3,
    0xc0, 0xb7, 0x96, 0x96, 0x53, 0x53, 0x89, 0x96, 0xb7, 0xc7, 0xd1, 0xdc, 0xe1, 0xd1, 0xc0, 0xb7,
    0x96, 0xb7, 0xb7, 0xb7, 0xc0, 0xc7, 0xdc, 0xf3, 0xef, 0xf3, 0xf3, 0xe5, 0xe5, 0xe3, 0xc7, 0xc0,
    0xc7, 0xb7, 0xb7, 0x96, 0x96, 0x96, 0xa3, 0x96, 0xa3, 0xb7, 0xc7, 0xe1, 0xe5, 0xe5, 0xc7, 0xb7,
    0x96, 0x96, 0x96, 0x96, 0x96, 0x96, 0xaa, 0xd9, 0xf3, 0xf3, 0xef, 0xe5, 0xeb, 0xeb, 0xe1, 0xc7,
    0xe1, 0xe1, 0xe1, 0xd9, 0xc7, 0xc7, 0xd9, 0xe1, 0xe1, 0xb7, 0xb7, 0xc0, 0xc7, 0xe1, 0xe5, 0xd9,
    0x96, 0x93, 0x91, 0x9a, 0xaa, 0xbb, 0xd9, 0xe1, 0xd5, 0xb7, 0xc0, 0xb7, 0xc7, 0xd9, 0xe1, 0xe5,
    0x96, 0x96, 0x96, 0x96, 0x96, 0x96, 0xaa, 0xd9, 0xf3, 0xf3, 0xef, 0xe5, 0xeb, 0xeb, 0xe1, 0xc7,
    0xc7, 0xb7, 0xb7, 0x96, 0x96, 0x96, 0x96, 0xa3, 0x96, 0xb7, 0xc7, 0xe1, 0xe5, 0xe5, 0xc7, 0xb7,
    0xb7, 0x96, 0x96, 0x96, 0xaa, 0xbb, 0xd9, 0xe1, 0xd5, 0xb7, 0xb7, 0xc0, 0xc7, 0xd9, 0xe1, 0xe5,
    0xd9, 0xb3, 0xb3, 0xbb, 0x9e, 0xc2, 0xc7, 0xd1, 0xd9, 0xb7, 0xb7, 0xc0, 0xc7, 0xe5, 0xe5, 0xd9,
    0x67, 0x4b, 0x69, 0x73, 0x91, 0x91, 0x91, 0x93, 0x9e, 0x93, 0xb3, 0xb3, 0xa8, 0xbc, 0xc2, 0xc2,
    0x9e, 0x96, 0x93, 0xb3, 0xbb, 0xc0, 0xd1, 0xc7, 0xc0, 0xa8, 0x9e, 0x91, 0x91, 0x84, 0x73, 0x6f,
    0x32, 0x73, 0x4b, 0x78, 0x93, 0x88, 0x96, 0x96, 0xb7, 0xb7, 0xc0, 0xe1, 0xe5, 0xe5, 0xd1, 0xb7,
    0xb7, 0x96, 0x96, 0x96, 0x96, 0xb7, 0xb7, 0xbe, 0xac, 0x92, 0x93, 0x91, 0x91, 0x73, 0x4b, 0x42,
    0xe3, 0xe3, 0xdc, 0xdc, 0xd1, 0xd7, 0xe1, 0xe1, 0xdc, 0xc7, 0xc0, 0xc7, 0xd1, 0xe5, 0xe5, 0xdc,
    0xc0, 0xb7, 0x96, 0xb7, 0xb7, 0xc7, 0xdc, 0xdc, 0xe1, 0xc7, 0xd1, 0xc7, 0xc7, 0xdc, 0xdc, 0xe5,
    0xdc, 0xc7, 0xc7, 0xb7, 0x96, 0x96, 0x96, 0x96, 0xb7, 0xc0, 0xdc, 0xdc, 0xe5, 0xe5, 0xd1, 0xc0,
    0xb7, 0x96, 0x96, 0x96, 0x96, 0xb7, 0xc0, 0xdc, 0xf3, 0xf3, 0xef, 0xe5, 0xeb, 0xeb, 0xdc, 0xdc,
    0xef, 0xe5, 0xe1, 0xdc, 0xb7, 0x96, 0xb7, 0x96, 0x96, 0x96, 0xb7, 0xd9, 0xe5, 0xf3, 0xeb, 0xd9,
    0xc0, 0x96, 0x96, 0x96, 0x96, 0x81, 0x96, 0xaa, 0xc7, 0xe5, 0xf3, 0xf3, 0xf3, 0xeb, 0xf3, 0xf3,
    0xe5, 0xd9, 0xc7, 0xc0, 0xc2, 0xc0, 0xc7, 0xd7, 0xe5, 0xe1, 0xc0, 0xb7, 0xb7, 0xc7, 0xd7, 0xe5,
    0xd9, 0xc7, 0x96, 0x96, 0x96, 0xaa, 0xb7, 0xc7, 0xe1, 0xd9, 0xc7, 0xb7, 0xc0, 0xb7, 0xb7, 0xc0,
    0xc0, 0x96, 0x96, 0x96, 0x96, 0x81, 0x96, 0xaa, 0xc7, 0xe5, 0xf3, 0xf3, 0xf3, 0xe5, 0xf3, 0xef,
    0xef, 0xe5, 0xe1, 0xdc, 0xb7, 0x96, 0xb7, 0x96, 0x96, 0x96, 0xb7, 0xd9, 0xe5, 0xf3, 0xe5, 0xd9,
    0xd9, 0xc0, 0x96, 0x96, 0x96, 0xaa, 0xb7, 0xc7, 0xe1, 0xd9, 0xc7, 0xb7, 0xc0, 0xb7, 0xb7, 0xc0,
    0xe1, 0xc7, 0xc7, 0xc0, 0xc2, 0xc0, 0xc7, 0xd7, 0xe5, 0xe1, 0xc0, 0xb7, 0xb7, 0xc7, 0xd7, 0xe5,
    0x6f, 0x6f, 0x73, 0x91, 0x91, 0x91, 0x9e, 0x9e, 0x93, 0xbb, 0xc2, 0xbc, 0xa8, 0xbb, 0xc0, 0xd5,
    0xcb, 0x9e, 0xb3, 0xbb, 0xbb, 0xb7, 0xc0, 0xd1, 0xc2, 0xd1, 0xbc, 0xa8, 0x9e, 0x92, 0x73, 0x67,
    0x3e, 0x3e, 0x91, 0x91, 0x93, 0x92, 0xa8, 0x92, 0x9a, 0xb7, 0xbb, 0xe1, 0xe5, 0xf3, 0xe5, 0xe1,
    0xc7, 0xb7, 0x96, 0x96, 0x96, 0x89, 0x96, 0xbb, 0xbc, 0x93, 0x92, 0x93, 0x84, 0x91, 0x69, 0x3e,
    0xe5, 0xdc, 0xdc, 0xd1, 0xd1, 0xd1, 0xdc, 0xdc, 0xe5, 0xe5, 0xd1, 0xc0, 0xc0, 0xd1, 0xe1, 0xe5,
    0xe1, 0xd1, 0xb7, 0x96, 0xb7, 0xb7, 0xc7, 0xdc, 0xdc, 0xdc, 0xd7, 0xc0, 0xc7, 0xc7, 0xc7, 0xd1,
    0xef, 0xe5, 0xdc, 0xe5, 0xc7, 0xb7, 0xb7, 0x96, 0x96, 0xb7, 0xc7, 0xdc, 0xe5, 0xf3, 0xeb, 0xdc,
    0xd7, 0xb7, 0x96, 0x96, 0x96, 0x89, 0x96, 0xb7, 0xd1, 0xe5, 0xf3, 0xf3, 0xf3, 0xe5, 0xf3, 0xf3,
    0xf3, 0xf3, 0xef, 0xf3, 0xe1, 0xe1, 0xb7, 0x96, 0x96, 0x96, 0xaa, 0xbb, 0xe1, 0xe5, 0xf3, 0xe5,
    0xe5, 0xc7, 0xb7, 0x96, 0x96, 0x53, 0x96, 0x96, 0x96, 0xb7, 0xd9, 0xe5, 0xe5, 0xe5, 0xe5, 0xf3,
    0xc0, 0xc7, 0xc0, 0xc0, 0xc0, 0xc0, 0xc0, 0xc7, 0xe5, 0xe5, 0xe1, 0xc7, 0xb7, 0xb7, 0xd1, 0xe1,
    0xe3, 0xd9, 0xb7, 0xb7, 0x96, 0x96, 0x96, 0xb7, 0xd9, 0xd9, 0xe1, 0xd9, 0xb7, 0xb7, 0xb7, 0xb7,
    0xe5, 0xc7, 0xb7, 0x96, 0x96, 0x53, 0x96, 0x96, 0x96, 0xb7, 0xd9, 0xe1, 0xd9, 0xe1, 0xe5, 0xf3,
    0xf3, 0xf3, 0xef, 0xf3, 0xe1, 0xe1, 0xb7, 0x96, 0x96, 0x96, 0xaa, 0xbb, 0xe1, 0xe5, 0xf3, 0xf3,
    0xe3, 0xd9, 0xb7, 0xb7, 0x96, 0x96, 0x96, 0xb7, 0xd9, 0xd9, 0xe1, 0xd9, 0xb7, 0xb7, 0xb7, 0xb7,
    0xc0, 0xc7, 0xc0, 0xc0, 0xc0, 0xc0, 0xc0, 0xc7, 0xe5, 0xe5, 0xe1, 0xc7, 0xb7, 0xb7, 0xd1, 0xe1,
    0x5c, 0x69, 0x73, 0x91, 0x91, 0x91, 0x9e, 0x9e, 0xb3, 0xbc, 0xc7, 0xc2, 0xbc, 0xc2, 0xd1, 0xe1,
    0xe5, 0xa8, 0xbb, 0xac, 0xa8, 0x96, 0xb7, 0xb7, 0xbb, 0xbb, 0xc2, 0x9e, 0x91, 0x91, 0x73, 0x6f,
    0x3e, 0x6b, 0x84, 0x91, 0x92, 0xbb, 0xbb, 0x93, 0x96, 0x9a, 0xa8, 0xb7, 0xd1, 0xdc, 0xf3, 0xf3,
    0xe5, 0xd1, 0xb7, 0xc0, 0x96, 0x53, 0x92, 0x53, 0x9e, 0x92, 0x91, 0x92, 0x91, 0x91, 0x73, 0x58,
    0xd1, 0xd1, 0xd1, 0xd1, 0xd1, 0xc7, 0xc7, 0xd7, 0xe5, 0xe5, 0xe3, 0xd1, 0xc7, 0xc7, 0xdc, 0xdc,
    0xe5, 0xdc, 0xd1, 0xbb, 0x96, 0x96, 0xb7, 0xc7, 0xdc, 0xdc, 0xe1, 0xd1, 0xc7, 0xc0, 0xc7, 0xc0,
    0xf3, 0xf3, 0xef, 0xf3, 0xdc, 0xe3, 0xc7, 0xb7, 0x96, 0x96, 0xb7, 0xc7, 0xdc, 0xe5, 0xf3, 0xf3,
    0xe5, 0xd1, 0xc0, 0xb7, 0x96, 0x53, 0x96, 0x96, 0x96, 0xc7, 0xdc, 0xe5, 0xe5, 0xe5, 0xe5, 0xf3,
    0xe5, 0xe3, 0xf3, 0xf3, 0xef, 0xf3, 0xe1, 0xd5, 0x96, 0x96, 0x96, 0xbb, 0xbc, 0xe1, 0xf3, 0xf3,
    0xf3, 0xeb, 0xd9, 0xd1, 0x96, 0x96, 0x53, 0x53, 0x96, 0x96, 0xb7, 0xbb, 0xc7, 0xe1, 0xe1, 0xe5,
    0xb7, 0xb7, 0xc0, 0xc0, 0xc7, 0xc2, 0xc0, 0xc0, 0xbb, 0xd9, 0xe5, 0xd9, 0xd5, 0xc7, 0xe1, 0xf3,
    0xe5, 0xe1, 0xc7, 0x96, 0xb7, 0x96, 0x96, 0xaa, 0xc0, 0xe1, 0xe5, 0xe3, 0xe1, 0xc0, 0xb7, 0xb7,
    0xf3, 0xeb, 0xd9, 0xd5, 0x96, 0x96, 0x53, 0x53, 0x96, 0x96, 0xb7, 0xbb, 0xa8, 0xbc, 0xd1, 0xe5,
    0xe5, 0xe3, 0xf3, 0xf3, 0xef, 0xf3, 0xe1, 0xc7, 0x96, 0x96, 0x96, 0xaa, 0xb7, 0xe1, 0xf3, 0xef,
    0xe5, 0xe1, 0xc7, 0x96, 0xb7, 0x96, 0x96, 0xaa, 0xc0, 0xe1, 0xe5, 0xe3, 0xe1, 0xc0, 0xb7, 0xb7,
    0xb7, 0xb7, 0xc0, 0xc0, 0xc7, 0xc2, 0xc0, 0xc0, 0xbb, 0xd9, 0xe5, 0xd9, 0xd5, 0xc7, 0xe1, 0xf3,
    0x6f, 0x73, 0x73, 0x84, 0x91, 0x93, 0x93, 0xa8, 0xa8, 0xd1, 0xd5, 0xd5, 0xd1, 0xd9, 0xd9, 0xe5,
    0xeb, 0xd1, 0xbc, 0x96, 0x96, 0x96, 0x96, 0xb7, 0xc2, 0xb3, 0xa8, 0x9e, 0x73, 0x73, 0x6f, 0x67,
    0x4b, 0x91, 0x91, 0x91, 0x93, 0x91, 0x84, 0x92, 0x88, 0x88, 0x92, 0x53, 0x93, 0xa8, 0xcb, 0xf3,
    0xf3, 0xe5, 0xe1, 0xcb, 0xb7, 0x92, 0x53, 0x53, 0x92, 0x91, 0x84, 0x73, 0x91, 0x91, 0x69, 0x5c,
    0xc0, 0xc7, 0xd1, 0xd1, 0xd1, 0xc7, 0xc7, 0xd1, 0xd1, 0xdc, 0xe5, 0xdc, 0xdc, 0xdc, 0xdc, 0xf3,
    0xe5, 0xdc, 0xd1, 0xb7, 0xb7, 0x96, 0x96, 0x96, 0xd1, 0xdc, 0xe5, 0xe3, 0xe3, 0xd1, 0xc7, 0xc0,
    0xe5, 0xdc, 0xf3, 0xf3, 0xef, 0xf3, 0xdc, 0xd1, 0xb7, 0x96, 0x96, 0xb7, 0xc7, 0xdc, 0xf3, 0xef,
    0xf3, 0xeb, 0xe3, 0xd1, 0xb7, 0x96, 0x53, 0x53, 0x96, 0x96, 0xc0, 0xd1, 0xd1, 0xdc, 0xdc, 0xe5,
    0xc2, 0xe1, 0xd9, 0xf3, 0xeb, 0xe5, 0xe5, 0xd9, 0xd5, 0x96, 0x96, 0x9e, 0xbc, 0xe1, 0xc2, 0xf3,
    0xf3, 0xeb, 0xe5, 0xe1, 0xc0, 0x96, 0x96, 0x53, 0x53, 0x96, 0x96, 0xb7, 0xc7, 0xc0, 0xc0, 0xb7,
    0xe5, 0xc0, 0xd5, 0xc7, 0xd7, 0xb7, 0xbb, 0xb7, 0x96, 0xb7, 0xbb, 0xd9, 0xd9, 0xd9, 0xd7, 0xe5,
    0xf3, 0xf3, 0xf3, 0xc7, 0xb7, 0x96, 0x96, 0x96, 0x96, 0xb7, 0xd9, 0xe5, 0xe5, 0xe1, 0xc7, 0xc7,
    0xf3, 0xe5, 0xe5, 0xe5, 0xc0, 0x96, 0x96, 0x53, 0x53, 0x96, 0x96, 0x9e, 0x93, 0x9e, 0xb7, 0xb7,
    0xc2, 0xe1, 0xd9, 0xf3, 0xe5, 0xe5, 0xe5, 0xe1, 0xd1, 0x96, 0x96, 0x96, 0x96, 0xb7, 0xe1, 0xf3,
    0xf3, 0xf3, 0xf3, 0xc7, 0xb7, 0x96, 0x96, 0x96, 0x96, 0xb7, 0xd9, 0xe5, 0xe5, 0xe1, 0xc7, 0xc7,
    0xe5, 0xc0, 0xd5, 0xc7, 0xd7, 0xb7, 0xbb, 0xb7, 0x96, 0xb7, 0xbb, 0xd9, 0xd9, 0xd9, 0xd7, 0xe5,
    0x6f, 0x73, 0x91, 0x91, 0x93, 0x9e, 0x9e, 0xa8, 0xb3, 0xc0, 0xd1, 0xe1, 0xe1, 0xe1, 0xe1, 0xe5,
    0xf3, 0xf3, 0xf3, 0xd1, 0xb7, 0xc0, 0x96, 0x96, 0xb7, 0xbe, 0xa8, 0x93, 0x84, 0x73, 0x67, 0x5a,
    0x6f, 0x91, 0x91, 0x91, 0x91, 0x91, 0x91, 0x91, 0x93, 0x93, 0x92, 0x53, 0x93, 0x93, 0xbc, 0xdc,
    0xf3, 0xe5, 0xd5, 0xd9, 0xc2, 0xb7, 0x92, 0x81, 0x92, 0x84, 0x73, 0x91, 0x73, 0x6f, 0x73, 0x4b,
    0xc7, 0xd1, 0xd1, 0xd1, 0xd1, 0xc0, 0xc7, 0xc2, 0xc0, 0xb7, 0xd1, 0xdc, 0xdc, 0xdc, 0xdc, 0xe5,
    0xf3, 0xf3, 0xf3, 0xd1, 0xc0, 0xb7, 0x96, 0x96, 0xb7, 0xc7, 0xdc, 0xe5, 0xe5, 0xe5, 0xe3, 0xe3,
    0xd1, 0xdc, 0xdc, 0xf3, 0xeb, 0xe5, 0xe5, 0xe5, 0xd1, 0xb7, 0x96, 0x96, 0xb7, 0xc7, 0xd7, 0xf3,
    0xf3, 0xe5, 0xe5, 0xe5, 0xd1, 0xb7, 0x96, 0x53, 0x53, 0x96, 0xb7, 0xc7, 0xd1, 0xc7, 0xc0, 0xd1,
    0xb7, 0xbb, 0xbb, 0xd9, 0xe5, 0xe5, 0xe3, 0xe5, 0xe1, 0xc0, 0xbc, 0xb3, 0xa8, 0xa8, 0xa8, 0xd1,
    0xe5, 0xe5, 0xe5, 0xe5, 0xd5, 0xc0, 0xbb, 0x96, 0x53, 0x53, 0x96, 0xb7, 0xc0, 0xc7, 0xb7, 0xc0,
    0xe5, 0xe1, 0xd9, 0xe5, 0xe5, 0xd9, 0xb7, 0xb7, 0xb7, 0x96, 0xb7, 0xb7, 0xb7, 0xb7, 0xc7, 0xe1,
    0xe5, 0xf3, 0xef, 0xf3, 0xe1, 0xc0, 0x96, 0xb7, 0x96, 0xaa, 0xaa, 0xc2, 0xd9, 0xe1, 0xe1, 0xe5,
    0xeb, 0xf3, 0xf3, 0xf3, 0xe1, 0xc7, 0xc7, 0x96, 0x53, 0x53, 0x84, 0x8a, 0x91, 0x93, 0xbb, 0xb7,
    0xb7, 0xbb, 0xb7, 0xd9, 0xe5, 0xe5, 0xe5, 0xe5, 0xe1, 0xc7, 0xb7, 0x96, 0x96, 0xb7, 0xbb, 0xe1,
    0xe5, 0xf3, 0xef, 0xf3, 0xe1, 0xc0, 0x96, 0xb7, 0x96, 0xaa, 0xaa, 0xc2, 0xd9, 0xe1, 0xe1, 0xe5,
    0xe5, 0xe1, 0xd9, 0xe5, 0xe5, 0xd9, 0xb7, 0xb7, 0xb7, 0x96, 0xb7, 0xb7, 0xb7, 0xb7, 0xc7, 0xe1,
    0x5c, 0x73, 0x91, 0x91, 0x91, 0x9e, 0xa8, 0xa8, 0xac, 0xb3, 0xbb, 0xb7, 0xb7, 0xc0, 0xd1, 0xdc,
    0xe5, 0xf3, 0xef, 0xf3, 0xdc, 0xc7, 0xb7, 0xb7, 0x96, 0xb7, 0xa8, 0x91, 0x91, 0x73, 0x6f, 0x4b,
    0xb0, 0x73, 0x73, 0x91, 0x91, 0x73, 0x91, 0x91, 0x93, 0x8f, 0x93, 0x92, 0x91, 0x93, 0xbe, 0xbe,
    0xe5, 0xd5, 0xc2, 0xc5, 0xb3, 0xb3, 0x9e, 0x93, 0x84, 0x91, 0x73, 0x6f, 0x73, 0x4b, 0x4b, 0x4b,
    0xe3, 0xe3, 0xdc, 0xe5, 0xeb, 0xdc, 0xc0, 0xc0, 0xc0, 0xc0, 0xbb, 0xc0, 0xc0, 0xc7, 0xd1, 0xdc,
    0xe5, 0xf3, 0xef, 0xf3, 0xdc, 0xd1, 0xb7, 0xb7, 0x96, 0xb7, 0xc0, 0xd1, 0xdc, 0xdc, 0xdc, 0xe5,
    0xc7, 0xc0, 0xc7, 0xdc, 0xe5, 0xe5, 0xe5, 0xe5, 0xdc, 0xd7, 0xc0, 0xb7, 0x96, 0xbb, 0xd1, 0xdc,
    0xeb, 0xf3, 0xf3, 0xf3, 0xdc, 0xd1, 0xc7, 0x96, 0x53, 0x53, 0x96, 0xc0, 0xd1, 0xd1, 0xd1, 0xc0,
    0xc0, 0xb7, 0x96, 0xbb, 0xc7, 0xe1, 0xe5, 0xd7, 0xe1, 0xd9, 0xa8, 0xa8, 0xb3, 0xa8, 0xa8, 0xc0,
    0xd1, 0xe1, 0xc5, 0xd9, 0xbc, 0xd9, 0xc0, 0xbb, 0x92, 0x53, 0x53, 0x96, 0xb7, 0xc7, 0xd9, 0xb7,
    0xd9, 0xd9, 0xe5, 0xe5, 0xf3, 0xf3, 0xe1, 0xc0, 0xb7, 0xb7, 0x96, 0xaa, 0xb7, 0xb7, 0x96, 0xb7,
    0xc7, 0xe5, 0xf3, 0xeb, 0xf3, 0xeb, 0xc7, 0xc0, 0xb7, 0x96, 0x96, 0xc0, 0xd1, 0xc7, 0xc7, 0xd9,
    0xe1, 0xf3, 0xf3, 0xef, 0xeb, 0xeb, 0xd9, 0xb7, 0x96, 0x53, 0x92, 0x91, 0x91, 0x84, 0x91, 0xb7,
    0xb7, 0xb3, 0xc5, 0xc2, 0xbb, 0xd1, 0xe5, 0xd7, 0xe1, 0xd9, 0xc2, 0xc0, 0xc2, 0x96, 0x96, 0xc0,
    0xc7, 0xe5, 0xf3, 0xeb, 0xf3, 0xeb, 0xc7, 0xc0, 0xb7, 0x96, 0x96, 0xc0, 0xd1, 0xc7, 0xc7, 0xd9,
    0xd1, 0xd9, 0xe5, 0xe5, 0xf3, 0xf3, 0xe1, 0xc0, 0xb7, 0xb7, 0x96, 0xaa, 0xb7, 0xb7, 0x96, 0xb7,
    0x6f, 0x5c, 0x73, 0x91, 0x93, 0x9e, 0x9a, 0xa8, 0xb3, 0xb7, 0xb7, 0xb7, 0xb7, 0xb7, 0xb7, 0xb7,
    0xd1, 0xe5, 0xf3, 0xeb, 0xf3, 0xe5, 0xd1, 0xd5, 0xb7, 0xbb, 0xbc, 0xb3, 0xa8, 0x91, 0x3e, 0x4b,
    0x4b, 0x6b, 0x6f, 0x73, 0x91, 0x73, 0x91, 0x91, 0x9e, 0x93, 0x93, 0x91, 0x84, 0x91, 0x9e, 0x9e,
    0xc7, 0xd1, 0xb3, 0xb3, 0xa8, 0x93, 0x91, 0x93, 0x91, 0x73, 0x69, 0x73, 0x4b, 0x4b, 0xb0, 0x6f,
    0xdc, 0xe5, 0xe5, 0xe5, 0xf3, 0xf3, 0xdc, 0xd1, 0xc0, 0xc0, 0xb7, 0xbb, 0xb7, 0xb7, 0xbb, 0xb7,
    0xd1, 0xe5, 0xf3, 0xeb, 0xf3, 0xe5, 0xe5, 0xe1, 0xc0, 0xb7, 0xb7, 0xc7, 0xd7, 0xd1, 0xd1, 0xdc,
    0xc7, 0xc7, 0xb7, 0xc7, 0xd1, 0xdc, 0xe5, 0xdc, 0xdc, 0xdc, 0xd1, 0xd1, 0xc7, 0xb7, 0xb7, 0xd1,
    0xe1, 0xf3, 0xf3, 0xeb, 0xeb, 0xe5, 0xe3, 0xd7, 0x96, 0x53, 0x53, 0x96, 0xc7, 0xd1, 0xdc, 0xc7,
    0xc7, 0xb7, 0xb7, 0x96, 0xb7, 0xc7, 0xc7, 0xc0, 0xc0, 0xc2, 0xc2, 0xa8, 0x9e, 0x9e, 0x93, 0xb7,
    0xc2, 0xb3, 0xb3, 0xb3, 0x9e, 0x9e, 0x9e, 0xc2, 0xbc, 0x96, 0x96, 0x96, 0x96, 0xbb, 0xe5, 0xd9,
    0xe1, 0xd5, 0xc7, 0xd7, 0xe5, 0xf3, 0xf3, 0xf3, 0xd9, 0xb7, 0xb7, 0xb7, 0x96, 0xaa, 0xaa, 0x96,
    0xb7, 0xbb, 0xe1, 0xf3, 0xf3, 0xf3, 0xe5, 0xe1, 0xd5, 0xb7, 0xc2, 0xc0, 0xd9, 0xd9, 0xe1, 0xc7,
    0xc7, 0xe1, 0xe5, 0xe5, 0xf3, 0xf3, 0xeb, 0xe5, 0xc7, 0x96, 0xa8, 0x91, 0x91, 0x73, 0x91, 0xa8,
    0x9e, 0x9e, 0x9e, 0xb3, 0xa8, 0x9e, 0xc7, 0xc7, 0xc7, 0xc2, 0xc0, 0xc0, 0xb7, 0xb7, 0xb7, 0xb7,
    0xaa, 0xb7, 0xe1, 0xf3, 0xf3, 0xf3, 0xe5, 0xe1, 0xd5, 0xb7, 0xc2, 0xc0, 0xd9, 0xd9, 0xe1, 0xc7,
    0xe1, 0xd1, 0xc7, 0xd7, 0xe5, 0xf3, 0xf3, 0xf3, 0xd9, 0xb7, 0xb7, 0xb7, 0x96, 0xaa, 0xaa, 0x96,
    0x6f, 0x73, 0x73, 0x73, 0x8a, 0x9e, 0x9e, 0xa8, 0xa8, 0xc2, 0xb7, 0xc0, 0xb7, 0xb7, 0xb7, 0xb7,
    0xb7, 0xc0, 0xdc, 0xf3, 0xf3, 0xf3, 0xe5, 0xdc, 0xd5, 0xc5, 0xbc, 0xbc, 0xb3, 0xa8, 0x73, 0x58,
    0x6f, 0x6f, 0x6f, 0x6f, 0x6f, 0x6f, 0x73, 0x91, 0x91, 0x9e, 0x91, 0x93, 0x91, 0x73, 0x91, 0x91,
    0xc2, 0xb3, 0xa8, 0xa8, 0x9e, 0x93, 0x91, 0x91, 0x91, 0x91, 0x4b, 0x58, 0x3e, 0x4b, 0x6f, 0xb0,
    0xd1, 0xdc, 0xd7, 0xdc, 0xe5, 0xf3, 0xef, 0xf3, 0xdc, 0xc0, 0xc0, 0xc0, 0xb7, 0xc0, 0xb7, 0xb7,
    0xb7, 0xc7, 0xdc, 0xf3, 0xf3, 0xf3, 0xe5, 0xdc, 0xd1, 0xc7, 0xd1, 0xd7, 0xe1, 0xe3, 0xe5, 0xdc,
    0xd7, 0xd1, 0xc0, 0xb7, 0xc7, 0xc7, 0xd7, 0xdc, 0xdc, 0xd1, 0xd1, 0xd1, 0xc7, 0xc7, 0xc0, 0xc7,
    0xd1, 0xdc, 0xe5, 0xeb, 0xf3, 0xf3, 0xeb, 0xdc, 0xd1, 0x96, 0x96, 0x96, 0x96, 0xc7, 0xe5, 0xe1,
    0xd9, 0xc7, 0xc0, 0x96, 0x96, 0xb7, 0xc7, 0xb7, 0xc0, 0xc0, 0xbb, 0xa8, 0x91, 0x73, 0x91, 0x91,
    0x73, 0x9e, 0x9e, 0x93, 0x9e, 0x9e, 0x9e, 0xe5, 0xe5, 0xc7, 0x96, 0x96, 0x96, 0xb7, 0xc0, 0xe5,
    0xd9, 0xd1, 0xc0, 0xc0, 0xe5, 0xe5, 0xf3, 0xf3, 0xf3, 0xe1, 0xc7, 0xb7, 0xb7, 0xb7, 0x96, 0x96,
    0x96, 0x96, 0xaa, 0xc0, 0xe1, 0xe5, 0xe5, 0xe1, 0xd9, 0xc2, 0xc0, 0xc0, 0xc7, 0xd9, 0xe5, 0xe5,
    0xc0, 0xc7, 0xd1, 0xe5, 0xe5, 0xeb, 0xf3, 0xe5, 0xe3, 0xc7, 0xc2, 0x93, 0x73, 0x73, 0x91, 0x91,
    0x73, 0x91, 0x91, 0x91, 0x93, 0x9e, 0x9e, 0xc0, 0xc0, 0xc0, 0xc0, 0xb7, 0xb7, 0xc0, 0xc0, 0xb7,
    0x96, 0x96, 0xaa, 0xc0, 0xe1, 0xe5, 0xe5, 0xe1, 0xd9, 0xc2, 0xc0, 0xc0, 0xc7, 0xd9, 0xe5, 0xe5,
    0xe1, 0xd5, 0xc0, 0xc0, 0xe5, 0xe5, 0xf3, 0xf3, 0xf3, 0xe1, 0xc7, 0xb7, 0xb7, 0xb7, 0x96, 0x96,
    0x5a, 0x69, 0x91, 0x91, 0x91, 0x9e, 0xa8, 0x9e, 0xa8, 0xe1, 0xd1, 0xc0, 0xb7, 0xb7, 0xb7, 0xb7,
    0xb7, 0xc0, 0xc0, 0xc7, 0xdc, 0xe5, 0xe5, 0xdc, 0xc2, 0xc2, 0xbc, 0xbc, 0xbc, 0xbe, 0x84, 0x3e,
    0x67, 0x67, 0x6f, 0x79, 0x79, 0x79, 0x6f, 0x73, 0x69, 0x91, 0x91, 0x91, 0x73, 0x73, 0x91, 0x91,
    0xa8, 0x9e, 0x9e, 0x84, 0x91, 0x91, 0x91, 0x73, 0x6f, 0x3e, 0x6f, 0x5c, 0x6f, 0x6f, 0xa9, 0x6f,
    0xdc, 0xe1, 0xd1, 0xd1, 0xe5, 0xe5, 0xef, 0xef, 0xf3, 0xdc, 0xd1, 0xc7, 0xc0, 0xc7, 0xb7, 0xc0,
    0x96, 0xb7, 0xc0, 0xd1, 0xdc, 0xe5, 0xe5, 0xdc, 0xdc, 0xd1, 0xd1, 0xd1, 0xdc, 0xdc, 0xe5, 0xe5,
    0xdc, 0xd1, 0xd1, 0xb7, 0xb7, 0xc7, 0xd1, 0xc7, 0xd1, 0xd1, 0xc0, 0xc7, 0xc7, 0xd1, 0xd1, 0xc7,
    0xc0, 0xd1, 0xdc, 0xe5, 0xe5, 0xeb, 0xf3, 0xeb, 0xe5, 0xd1, 0xb7, 0x96, 0x96, 0xb7, 0xc7, 0xe5,
    0xe5, 0xe1, 0xc7, 0xb7, 0xb7, 0x96, 0xbb, 0xb7, 0xc7, 0xc0, 0xbb, 0x9e, 0x9e, 0x84, 0x73, 0x73,
    0x73, 0x73, 0x91, 0x91, 0x9e, 0xbc, 0xe5, 0xe5, 0xe5, 0xe3, 0xc7, 0xb7, 0x96, 0xb7, 0x96, 0xe5,
    0xe1, 0xe1, 0xd5, 0xc0, 0xc0, 0xe5, 0xf3, 0xf3, 0xef, 0xeb, 0xe1, 0xd9, 0xd9, 0xd5, 0xcb, 0xb7,
    0x96, 0x96, 0xbb, 0x96, 0xb7, 0xb7, 0xc0, 0xc0, 0xc0, 0xc0, 0xbb, 0xc0, 0xc0, 0xd9, 0xe1, 0xe5,
    0xb7, 0xb7, 0xc7, 0xe1, 0xd9, 0xe5, 0xe5, 0xe5, 0xe5, 0xe1, 0xd5, 0xa8, 0x93, 0x91, 0x73, 0x69,
    0x73, 0x73, 0x91, 0x91, 0x93, 0x9e, 0xb7, 0xb7, 0xc7, 0xc7, 0xc0, 0xb7, 0xc0, 0xb7, 0xb7, 0xb7,
    0x96, 0x96, 0xbb, 0x96, 0xb7, 0xb7, 0xc0, 0xc0, 0xc0, 0xc0, 0xbb, 0xc0, 0xc0, 0xd9, 0xe1, 0xe5,
    0xd1, 0xe1, 0xd5, 0xc0, 0xc0, 0xe5, 0xf3, 0xf3, 0xef, 0xeb, 0xe1, 0xd9, 0xd9, 0xd5, 0xcb, 0xb7,
    0x4b, 0x73, 0x91, 0x91, 0x91, 0xa8, 0xb3, 0xbc, 0xbe, 0xe5, 0xe1, 0xdc, 0xe1, 0xe1, 0xd1, 0xb7,
    0xd1, 0xc0, 0xbb, 0xc0, 0xb7, 0xc0, 0xc7, 0xbb, 0xbc, 0xbc, 0xbe, 0xbc, 0xb3, 0xc5, 0x73, 0x32,
    0x6f, 0x5c, 0x6f, 0x90, 0x5c, 0xa9, 0x4b, 0x58, 0x4b, 0x4b, 0x4b, 0x5c, 0x6f, 0x73, 0x73, 0x91,
    0x91, 0x91, 0x91, 0x73, 0x69, 0x73, 0x91, 0x73, 0x6f, 0x5c, 0x6f, 0x79, 0x79, 0x79, 0x6f, 0xa7,
    0xdc, 0xdc, 0xe1, 0xd1, 0xd1, 0xe5, 0xf3, 0xf3, 0xef, 0xeb, 0xdc, 0xdc, 0xd1, 0xd7, 0xd7, 0xc0,
    0xb7, 0xc0, 0xb7, 0xc0, 0xc0, 0xc7, 0xd1, 0xd1, 0xd1, 0xd1, 0xc7, 0xd1, 0xd1, 0xdc, 0xdc, 0xe5,
    0xe5, 0xe1, 0xd1, 0xc7, 0xc0, 0xc0, 0xc0, 0xc7, 0xd1, 0xd1, 0xd7, 0xc0, 0xc0, 0xc0, 0xc0, 0xc7,
    0xc7, 0xc7, 0xd1, 0xdc, 0xe5, 0xe5, 0xe6, 0xe5, 0xe5, 0xdc, 0xd1, 0xc0, 0xb7, 0x96, 0xb7, 0xc7,
    0xe5, 0xe5, 0xd9, 0xc7, 0xc7, 0xb7, 0x96, 0xaa, 0xc0, 0xc7, 0xc0, 0xbb, 0x93, 0x84, 0x73, 0x73,
    0x73, 0x91, 0x91, 0x91, 0xc2, 0xe1, 0xe1, 0xe5, 0xeb, 0xe5, 0xe5, 0xc7, 0xc7, 0xc7, 0xc7, 0xc0,
    0xc0, 0xc0, 0xd9, 0xd9, 0xc0, 0xc0, 0xe5, 0xf3, 0xf3, 0xf3, 0xeb, 0xdc, 0xc7, 0xd5, 0xd9, 0xd9,
    0xc0, 0xb7, 0xb7, 0xb7, 0xb7, 0xaa, 0xaa, 0xaa, 0x96, 0xaa, 0x96, 0xaa, 0x96, 0xaa, 0xbb, 0xd9,
    0xb7, 0xb7, 0xc0, 0xc7, 0xd1, 0xe1, 0xe5, 0xe5, 0xeb, 0xe5, 0xe5, 0xc2, 0x92, 0x91, 0x73, 0x73,
    0x73, 0x91, 0x91, 0x9e, 0xb3, 0xb7, 0xb7, 0xb7, 0xc0, 0xc7, 0xc0, 0xc7, 0xc0, 0xb7, 0xb7, 0xb7,
    0xc0, 0xb7, 0xb7, 0xb7, 0xb7, 0xaa, 0xaa, 0xaa, 0x96, 0xaa, 0x96, 0xaa, 0x96, 0xaa, 0xbb, 0xd9,
    0xc0, 0xc0, 0xd9, 0xd9, 0xc0, 0xc0, 0xe5, 0xf3, 0xf3, 0xf3, 0xeb, 0xdc, 0xc7, 0xd5, 0xd9, 0xd9,
    0x4b, 0x91, 0x91, 0x84, 0x9e, 0xa8, 0xbe, 0xbe, 0xc5, 0xc5, 0xe5, 0xdc, 0xd1, 0xe1, 0xe1, 0xe1,
    0xe5, 0xd1, 0xc7, 0xc0, 0xb7, 0xb7, 0xb7, 0xaa, 0xa8, 0x93, 0x9e, 0x9a, 0x91, 0x84, 0x69, 0x3e,
    0x6f, 0x6f, 0x6f, 0x6f, 0x67, 0x67, 0x5c, 0x5c, 0x5a, 0x4b, 0x4b, 0x4b, 0x90, 0x73, 0x6f, 0x73,
    0x91, 0x91, 0x73, 0x73, 0x6f, 0x6f, 0x6f, 0x6f, 0x6f, 0x6f, 0x79, 0x90, 0x79, 0x79, 0x90, 0x79,
    0xd1, 0xd7, 0xdc, 0xd7, 0xd7, 0xd1, 0xe5, 0xf3, 0xf3, 0xf3, 0xeb, 0xdc, 0xd1, 0xd7, 0xdc, 0xdc,
    0xc7, 0xc7, 0xc0, 0xc0, 0xc0, 0xc0, 0xb7, 0xb7, 0xb7, 0xb7, 0xb7, 0xb7, 0xb7, 0xc0, 0xc7, 0xdc,
    0xe5, 0xe5, 0xe3, 0xdc, 0xd1, 0xc0, 0xb7, 0xc0, 0xc7, 0xdc, 0xd7, 0xd1, 0xc7, 0xc0, 0xc0, 0xc0,
    0xc7, 0xc7, 0xd1, 0xd1, 0xdc, 0xe5, 0xe5, 0xeb, 0xe5, 0xeb, 0xe5, 0xe3, 0xdc, 0xc0, 0xb7, 0xb7,
    0x3e, 0x6f, 0x79, 0x79, 0x6f, 0x90, 0x90, 0x79, 0x67, 0x5c, 0x5c, 0x58, 0x4b, 0x4b, 0x58, 0x6f,
    0x4b, 0x4b, 0x5c, 0x5c, 0x3e, 0x4b, 0x5c, 0x6b, 0x65, 0x5c, 0x65, 0x67, 0x6f, 0x90, 0x4b, 0x67,
    0x7b, 0x7b, 0x87, 0xb7, 0x87, 0xbf, 0xa1, 0x9b, 0x9b, 0xd6, 0xe7, 0xee, 0xfb, 0xfe, 0xe7, 0xb5,
    0xdb, 0xad, 0xc3, 0xc3, 0x7b, 0xa1, 0x8e, 0x06, 0x06, 0x7b, 0x2b, 0x06, 0x15, 0x15, 0x15, 0x20,
    0x3e, 0x6f, 0x79, 0x79, 0x6f, 0x90, 0x90, 0x6f, 0x6f, 0x6f, 0x5c, 0x58, 0x4b, 0x4b, 0x58, 0x67,
    0xa3, 0x64, 0x53, 0x47, 0x3c, 0x3c, 0xc4, 0xda, 0xda, 0xda, 0x85, 0x53, 0x64, 0x43, 0x43, 0x3c,
    0x5e, 0x34, 0x3f, 0x3f, 0x4a, 0x5e, 0x7c, 0x8f, 0x53, 0x7f, 0x64, 0x53, 0x53, 0x53, 0x53, 0x92,
    0x75, 0x6d, 0x87, 0xa5, 0x87, 0xb9, 0xa1, 0x9b, 0x9b, 0xd6, 0xe7, 0xe7, 0xfb, 0xfe, 0xe4, 0xad,
    0xd6, 0xa2, 0xba, 0xba, 0x7b, 0xa1, 0x8e, 0x06, 0x06, 0x59, 0x27, 0x06, 0x15, 0x06, 0x1b, 0x1b,
    0x46, 0x6f, 0x79, 0x83, 0x76, 0x90, 0x90, 0x83, 0x70, 0x67, 0x65, 0x5a, 0x58, 0x58, 0x65, 0x6f,
    0x58, 0x58, 0x65, 0x52, 0x46, 0x58, 0x65, 0x76, 0x6f, 0x71, 0x6f, 0x6b, 0x76, 0x90, 0x58, 0x76,
    0x75, 0x6d, 0x87, 0xa5, 0x87, 0xb9, 0xa1, 0x9b, 0x9b, 0xd6, 0xe7, 0xe7, 0xfb, 0xfe, 0xe4, 0xad,
    0xdb, 0xa2, 0xba, 0xba, 0x7b, 0xa1, 0x8e, 0x06, 0x06, 0x59, 0x27, 0x06, 0x15, 0x06, 0x1b, 0x1b,
    0x75, 0x6d, 0x87, 0xa5, 0x87, 0xb9, 0xa1, 0x9b, 0x9b, 0xd6, 0xe7, 0xe7, 0xfb, 0xfe, 0xe4, 0xad,
    0xdb, 0xa2, 0xba, 0xba, 0x7b, 0xa1, 0x8e, 0x06, 0x06, 0x59, 0x27, 0x06, 0x15, 0x06, 0x1b, 0x1b,
    0x29, 0x29, 0x29, 0x17, 0x03, 0x0f, 0x03, 0x0f, 0x0f, 0x6c, 0x6c, 0xa4, 0x6c, 0x6c, 0xa4, 0x5d,
    0x3e, 0xa9, 0x6f, 0x6f, 0xb0, 0x6f, 0x90, 0x76, 0x67, 0x5c, 0x5a, 0x5a, 0x58, 0x3e, 0x4b, 0x5c,
    0xc3, 0x7b, 0x6f, 0x6f, 0x76, 0xa7, 0xa7, 0x5c, 0x46, 0x4b, 0x6f, 0x6f, 0x6f, 0x6f, 0x79, 0x6f,
    0x70, 0x78, 0x78, 0xbf, 0xb7, 0x86, 0x93, 0xb2, 0xd6, 0xce, 0xb9, 0xee, 0xfb, 0xfb, 0xe7, 0xc3,
    0xa1, 0x68, 0x56, 0xc3, 0x8e, 0xc3, 0x2b, 0x15, 0x06, 0x06, 0x56, 0x1c, 0x06, 0x15, 0x20, 0x20,
    0x3e, 0xa9, 0x6f, 0x6f, 0xb0, 0x6f, 0x90, 0x6f, 0xb5, 0x7b, 0x5c, 0x5c, 0x46, 0x46, 0x52, 0x6f,
    0x43, 0x53, 0x5b, 0x43, 0x5b, 0xae, 0xa3, 0xda, 0x85, 0xa3, 0x85, 0xa3, 0x7f, 0x85, 0x43, 0x1d,
    0xba, 0x7b, 0x34, 0x34, 0x5e, 0x4a, 0x78, 0x5e, 0x7f, 0x53, 0x53, 0x64, 0x53, 0x53, 0x64, 0x53,
    0x3c, 0x3f, 0xa5, 0xa5, 0x7a, 0x7a, 0xa1, 0xb2, 0xcc, 0xbf, 0xb9, 0xe7, 0xfb, 0xfb, 0xe7, 0xba,
    0xa1, 0x68, 0x56, 0xba, 0x8e, 0xba, 0x1c, 0x1c, 0x06, 0x06, 0x41, 0x20, 0x06, 0x20, 0x2f, 0x2f,
    0x43, 0xa9, 0x76, 0x76, 0xb0, 0x76, 0x90, 0x76, 0x6f, 0x67, 0x5a, 0x58, 0x58, 0x46, 0x58, 0x76,
    0xba, 0x7b, 0x58, 0x46, 0x58, 0xbd, 0xbd, 0x65, 0x65, 0x65, 0x76, 0x76, 0x53, 0x53, 0x64, 0x53,
    0x3c, 0x3f, 0xa5, 0xa5, 0x7a, 0x7a, 0xa1, 0xb2, 0xcc, 0xbf, 0xb9, 0xe7, 0xfb, 0xfb, 0xe7, 0xba,
    0xa1, 0x68, 0x56, 0xba, 0x8e, 0xba, 0x1c, 0x1c, 0x06, 0x06, 0x41, 0x20, 0x06, 0x20, 0x2f, 0x2f,
    0x3c, 0x3f, 0xa5, 0xa5, 0x7a, 0x7a, 0xa1, 0xb2, 0xcc, 0xbf, 0xb9, 0xe7, 0xfb, 0xfb, 0xe7, 0xba,
    0xa1, 0x68, 0x56, 0xba, 0x8e, 0xba, 0x1c, 0x1c, 0x06, 0x06, 0x41, 0x20, 0x06, 0x20, 0x2f, 0x2f,
    0x32, 0x38, 0x0f, 0x21, 0x17, 0x03, 0x03, 0x03, 0x0f, 0xd0, 0xa4, 0xd0, 0x29, 0x6c, 0x6c, 0x29,
    0x6f, 0xa9, 0x6f, 0x6f, 0xa9, 0x6f, 0x76, 0x67, 0x67, 0x5c, 0x4b, 0x67, 0x5c, 0x5c, 0x4b, 0xba,
    0xc8, 0x87, 0x7b, 0x6f, 0x5c, 0x6f, 0xa7, 0x3e, 0x46, 0x3e, 0x58, 0x6f, 0x6f, 0x79, 0x6f, 0xa9,
    0x3f, 0x6f, 0x5c, 0x6f, 0x4b, 0x75, 0x91, 0x9b, 0xb7, 0xb9, 0xa1, 0xd8, 0xee, 0xf6, 0xe7, 0xd8,
    0x8e, 0x41, 0x41, 0x7b, 0x8e, 0x7b, 0xc3, 0x2b, 0x20, 0x06, 0x15, 0x20, 0x20, 0x1c, 0x15, 0x2b,
    0x6f, 0xa9, 0x6f, 0x6f, 0xa9, 0x6f, 0xe0, 0xf5, 0xe7, 0x7b, 0xb5, 0x3e, 0x4b, 0x38, 0x3e, 0x6f,
    0xa3, 0x43, 0x43, 0x43, 0xae, 0xa3, 0x89, 0x89, 0x89, 0xa3, 0x7f, 0x85, 0x53, 0x53, 0x92, 0xba,
    0xc3, 0x87, 0x7b, 0x34, 0x34, 0x3f, 0x53, 0x55, 0x3f, 0x53, 0x53, 0xc0, 0xc4, 0xd7, 0xc9, 0xc9,
    0x3c, 0x55, 0x81, 0x74, 0x81, 0x8e, 0xa1, 0x8e, 0xa1, 0xb9, 0xb2, 0xd8, 0xe7, 0xf6, 0xe7, 0xd8,
    0x8e, 0x41, 0x41, 0x7b, 0x8e, 0x75, 0xba, 0x1c, 0x1c, 0x06, 0x13, 0x1b, 0x15, 0x25, 0x3c, 0x3c,
    0xa3, 0x43, 0x43, 0x43, 0xa9, 0x76, 0x83, 0x6f, 0x76, 0x65, 0x58, 0x46, 0x58, 0xfb, 0xfb, 0xba,
    0xc3, 0x87, 0x7b, 0x34, 0x58, 0x58, 0xbd, 0x46, 0x58, 0x53, 0x53, 0xc0, 0xc4, 0xd7, 0xc9, 0xc9,
    0x3c, 0x47, 0x81, 0x74, 0x81, 0x8e, 0xa1, 0x8e, 0xa1, 0xb9, 0xb2, 0xd8, 0xe7, 0xf6, 0xe7, 0xd8,
    0x8e, 0x41, 0x41, 0x7b, 0x8e, 0x75, 0xba, 0x1c, 0x1c, 0x06, 0x13, 0x1b, 0x15, 0x25, 0x3c, 0x3c,
    0x3c, 0x55, 0x81, 0x74, 0x81, 0x8e, 0xa1, 0x8e, 0xa1, 0xb9, 0xb2, 0xd8, 0xe7, 0xf6, 0xe7, 0xd8,
    0x8e, 0x41, 0x41, 0x7b, 0x8e, 0x75, 0xba, 0x1c, 0x1c, 0x06, 0x13, 0x1b, 0x15, 0x25, 0x3c, 0x3c,
    0x29, 0x6c, 0x6c, 0x29, 0x32, 0x03, 0x03, 0x5d, 0xa4, 0xa4, 0xd0, 0x71, 0x6c, 0x29, 0x0f, 0xba,
    0x6f, 0x79, 0x90, 0xb0, 0x6f, 0xa7, 0x6f, 0x5c, 0x5c, 0x90, 0x90, 0x6f, 0x6f, 0xfb, 0xf7, 0xf5,
    0xe4, 0xc8, 0x94, 0x7b, 0x7b, 0x6f, 0x6f, 0x3e, 0x5c, 0x5c, 0x3e, 0x6f, 0x4b, 0xa9, 0x6f, 0xa9,
    0x4b, 0x6f, 0x4b, 0x51, 0x6f, 0x78, 0x7a, 0x7a, 0xa1, 0xa1, 0x8e, 0xbf, 0xd8, 0xea, 0xcc, 0xb2,
    0x7b, 0x56, 0x39, 0x39, 0x41, 0x41, 0x41, 0x44, 0x15, 0x15, 0x1c, 0x20, 0x1b, 0x1c, 0x2b, 0x3b,
    0x6f, 0x79, 0x90, 0xb0, 0xd6, 0xee, 0xe4, 0xfe, 0xfe, 0x41, 0x7b, 0x56, 0x3e, 0x29, 0x38, 0x3e,
    0xc9, 0x92, 0x5b, 0x43, 0x43, 0x85, 0x85, 0x53, 0xae, 0x85, 0x53, 0x64, 0x64, 0xfb, 0xf5, 0xf5,
    0xe0, 0xba, 0x94, 0x7b, 0x75, 0x3f, 0x34, 0x3f, 0x53, 0xc4, 0xc4, 0xdc, 0xe2, 0xec, 0xdc, 0xda,
    0x3c, 0x43, 0x55, 0x74, 0x84, 0xa1, 0x93, 0xa1, 0xa1, 0x8a, 0x7a, 0xb6, 0xd6, 0xea, 0xbf, 0xa1,
    0x7b, 0x41, 0x39, 0x2b, 0x39, 0x41, 0x39, 0x39, 0x13, 0x2b, 0x2b, 0x2b, 0x2b, 0x2b, 0x34, 0x3c,
    0xc9, 0x92, 0x5b, 0x43, 0x43, 0xbd, 0x76, 0x6b, 0x65, 0x65, 0x58, 0x46, 0xf5, 0xfb, 0xf5, 0xf5,
    0xe0, 0xba, 0x94, 0x7b, 0x75, 0x65, 0x58, 0x46, 0x53, 0xc4, 0xc4, 0xdc, 0xe2, 0xec, 0xdc, 0xda,
    0x3c, 0x3c, 0x55, 0x74, 0x84, 0xa1, 0x93, 0xa1, 0xa1, 0x8a, 0x7a, 0xb6, 0xd6, 0xea, 0xbf, 0xa1,
    0x7b, 0x41, 0x39, 0x2b, 0x39, 0x41, 0x39, 0x39, 0x13, 0x2b, 0x2b, 0x2b, 0x2b, 0x2b, 0x34, 0x3c,
    0x3c, 0x43, 0x55, 0x74, 0x84, 0xa1, 0x93, 0xa1, 0xa1, 0x8a, 0x7a, 0xb6, 0xd6, 0xea, 0xbf, 0xa1,
    0x7b, 0x41, 0x39, 0x2b, 0x39, 0x41, 0x39, 0x39, 0x13, 0x2b, 0x2b, 0x2b, 0x2b, 0x2b, 0x34, 0x3c,
    0x9d, 0xa4, 0x6c, 0xa4, 0x29, 0x6c, 0x29, 0x6c, 0xd0, 0xd0, 0x29, 0x29, 0xa4, 0xfb, 0xf7, 0xf5,
    0x79, 0x6f, 0x90, 0x6f, 0x5c, 0xa7, 0xa7, 0x70, 0x6f, 0x90, 0x6f, 0xfb, 0xf5, 0xf1, 0xf5, 0xf5,
    0xe7, 0xc3, 0x7b, 0x87, 0xb5, 0x56, 0x5c, 0x6f, 0x67, 0x67, 0x65, 0x6f, 0x3e, 0x5c, 0x6f, 0x6f,
    0x6f, 0x4b, 0x42, 0x51, 0x51, 0x55, 0x78, 0xa7, 0xa1, 0x8a, 0x7a, 0xb9, 0xd8, 0xe7, 0xc6, 0x8e,
    0x7b, 0x56, 0x2b, 0x1c, 0x56, 0x41, 0x41, 0x41, 0x44, 0x39, 0x2b, 0x2b, 0x15, 0x15, 0x2b, 0x4b,
    0x79, 0x6f, 0x90, 0x6f, 0xd6, 0xd6, 0xf5, 0xfe, 0xfe, 0xb5, 0x94, 0x41, 0x1c, 0x29, 0x38, 0x38,
    0xa3, 0x92, 0x5b, 0x66, 0x53, 0x53, 0x43, 0x2f, 0x85, 0x53, 0x53, 0xfb, 0xf5, 0xf1, 0xf5, 0xf5,
    0xe7, 0xba, 0x7b, 0x87, 0xad, 0x56, 0x3f, 0xc4, 0xc9, 0xc4, 0xda, 0xec, 0xec, 0xec, 0xda, 0xae,
    0x3c, 0x2f, 0x5e, 0x74, 0x78, 0x74, 0x8e, 0x8e, 0x9b, 0x86, 0x7a, 0xb6, 0xd8, 0xe7, 0xba, 0x8e,
    0x59, 0x41, 0x1c, 0x27, 0x41, 0x41, 0x41, 0x39, 0x2d, 0x34, 0x34, 0x34, 0x34, 0x3c, 0x3c, 0x3c,
    0xa3, 0x92, 0x5b, 0x66, 0x53, 0x53, 0x43, 0x76, 0x65, 0x65, 0x58, 0xfb, 0xf5, 0xf1, 0xf5, 0xf5,
    0xe7, 0xba, 0x7b, 0x87, 0xad, 0x56, 0x65, 0x53, 0xc9, 0xc4, 0xda, 0xec, 0xec, 0xec, 0xda, 0xae,
    0x3c, 0x2f, 0x5e, 0x74, 0x74, 0x84, 0x8e, 0x8e, 0x9b, 0x86, 0x7a, 0xb6, 0xd8, 0xe7, 0xba, 0x8e,
    0x59, 0x41, 0x1c, 0x27, 0x41, 0x41, 0x41, 0x39, 0x2d, 0x34, 0x34, 0x34, 0x34, 0x3c, 0x3c, 0x3c,
    0x3c, 0x2f, 0x5e, 0x74, 0x78, 0x74, 0x8e, 0x8e, 0x9b, 0x86, 0x7a, 0xb6, 0xd8, 0xe7, 0xba, 0x8e,
    0x59, 0x41, 0x1c, 0x27, 0x41, 0x41, 0x41, 0x39, 0x2d, 0x34, 0x34, 0x34, 0x34, 0x3c, 0x3c, 0x3c,
    0xa4, 0x6c, 0xa4, 0x7d, 0x6c, 0x6c, 0x29, 0x29, 0x6c, 0x29, 0x29, 0xfb, 0xf5, 0xf1, 0xf5, 0xf5,
    0x6f, 0xa9, 0x6f, 0x6f, 0x6f, 0x83, 0x79, 0x6f, 0xd6, 0xf5, 0xf5, 0xee, 0xee, 0xee, 0xfb, 0xfe,
    0xfb, 0xcc, 0x56, 0x87, 0x87, 0x87, 0x41, 0x5c, 0x5c, 0x73, 0x67, 0x4b, 0x67, 0x6f, 0x6f, 0x6f,
    0x38, 0x51, 0x38, 0x51, 0x51, 0x6f, 0x51, 0x51, 0x7a, 0x7a, 0x7a, 0xbf, 0xdd, 0xf6, 0xbf, 0x8e,
    0x7b, 0x41, 0x39, 0x2b, 0x41, 0x41, 0x56, 0x78, 0x41, 0x44, 0x1c, 0x2b, 0x2f, 0x3f, 0x3b, 0x3e,
    0x6f, 0xa9, 0x6f, 0xc3, 0xd6, 0xc3, 0xf6, 0xfb, 0xf5, 0xf5, 0x41, 0x7b, 0x56, 0x4b, 0x36, 0x29,
    0xae, 0x9c, 0x89, 0x5b, 0x5b, 0x53, 0x47, 0x2f, 0xd6, 0xf5, 0xf5, 0xe9, 0xe9, 0xe9, 0xfb, 0xfd,
    0xfb, 0xcc, 0x56, 0x87, 0x87, 0x87, 0x41, 0xc4, 0xc9, 0xe2, 0xe2, 0xec, 0xe2, 0xe2, 0xb8, 0xae,
    0x2f, 0x55, 0x6a, 0x74, 0x74, 0x6a, 0x5e, 0x8e, 0x84, 0x81, 0x7a, 0xb9, 0xd8, 0xf6, 0xb9, 0x97,
    0x7b, 0x41, 0x1c, 0x27, 0x2b, 0x39, 0x41, 0x44, 0x44, 0x3a, 0x3f, 0x2b, 0x3c, 0x3f, 0x47, 0x3c,
    0xae, 0x9c, 0x89, 0x5b, 0x5b, 0x53, 0x43, 0x76, 0xcc, 0xf5, 0xf5, 0xe9, 0xe9, 0xe9, 0xfb, 0xfd,
    0xfb, 0xcc, 0x56, 0x87, 0x87, 0x87, 0x41, 0xc4, 0xc9, 0xe2, 0xe2, 0xec, 0xe2, 0xe2, 0xb8, 0xae,
    0x2f, 0x55, 0x5e, 0x84, 0x74, 0x6a, 0x5e, 0x8e, 0x84, 0x81, 0x7a, 0xb9, 0xd8, 0xf6, 0xb9, 0x97,
    0x7b, 0x41, 0x1c, 0x27, 0x2b, 0x39, 0x41, 0x44, 0x44, 0x3a, 0x3f, 0x2b, 0x3f, 0x3c, 0x3f, 0x3c,
    0x2f, 0x55, 0x6a, 0x74, 0x74, 0x6a, 0x5e, 0x8e, 0x84, 0x81, 0x7a, 0xb9, 0xd8, 0xf6, 0xb9, 0x97,
    0x7b, 0x41, 0x1c, 0x27, 0x2b, 0x39, 0x41, 0x44, 0x44, 0x3a, 0x3f, 0x2b, 0x3c, 0x3f, 0x47, 0x3c,
    0x6c, 0x29, 0x29, 0x6c, 0xa4, 0x5d, 0x6c, 0x6c, 0xd6, 0xf5, 0xf5, 0xee, 0xee, 0xee, 0xfb, 0xfe,
    0x6f, 0x6f, 0x67, 0x67, 0x6f, 0x90, 0x90, 0x6f, 0xe4, 0xf5, 0xee, 0xee, 0xe4, 0xf5, 0xfe, 0xfe,
    0xfe, 0xdb, 0x41, 0x68, 0x7b, 0x59, 0x41, 0x6f, 0x5c, 0x6f, 0x67, 0x6f, 0x6f, 0x6f, 0x6f, 0x67,
    0x3e, 0x73, 0x3b, 0x3e, 0x51, 0x6f, 0x5c, 0x60, 0x78, 0x84, 0x8e, 0xb9, 0xd8, 0xea, 0xb9, 0x7b,
    0x56, 0x39, 0x2b, 0x27, 0x27, 0x41, 0x39, 0x56, 0x78, 0x3f, 0x3f, 0x2b, 0x2b, 0x3b, 0x3e, 0x42,
    0x67, 0x6f, 0x8e, 0xdb, 0xe4, 0xfb, 0xf5, 0xfb, 0xdb, 0xee, 0x41, 0x56, 0x56, 0x1c, 0x4b, 0x29,
    0xa3, 0x92, 0xa3, 0x53, 0x53, 0x66, 0x5b, 0x53, 0xe0, 0xf5, 0xe7, 0xe9, 0xe0, 0xf2, 0xfe, 0xfe,
    0xfe, 0xdb, 0x41, 0x56, 0x7b, 0x59, 0x41, 0xda, 0xda, 0xec, 0xec, 0xec, 0xec, 0xda, 0x89, 0x92,
    0x3f, 0x55, 0x84, 0x78, 0x84, 0x80, 0x5e, 0x8f, 0x78, 0x7a, 0x93, 0xb9, 0xd8, 0xd8, 0xb9, 0x75,
    0x56, 0x41, 0x1c, 0x1c, 0x34, 0x3f, 0x3f, 0x44, 0x5b, 0x47, 0x3c, 0x3c, 0x47, 0x55, 0x55, 0x3f,
    0xa3, 0x92, 0xa3, 0x53, 0x53, 0x66, 0x5b, 0x53, 0xe0, 0xf5, 0xe7, 0xe9, 0xe0, 0xf2, 0xfe, 0xfe,
    0xfe, 0xdb, 0x41, 0x56, 0x7b, 0x59, 0x41, 0xda, 0xda, 0xec, 0xec, 0xec, 0xec, 0xda, 0x89, 0x92,
    0x3f, 0x55, 0x84, 0x78, 0x78, 0x84, 0x5e, 0x8f, 0x78, 0x7a, 0x93, 0xb9, 0xd8, 0xd8, 0xb9, 0x75,
    0x56, 0x41, 0x1c, 0x1c, 0x34, 0x3f, 0x3f, 0x44, 0x5b, 0x47, 0x3c, 0x3c, 0x47, 0x55, 0x3f, 0x4a,
    0x3f, 0x55, 0x84, 0x78, 0x84, 0x80, 0x5e, 0x8f, 0x78, 0x7a, 0x93, 0xb9, 0xd8, 0xd8, 0xb9, 0x75,
    0x56, 0x41, 0x1c, 0x1c, 0x34, 0x3f, 0x3f, 0x44, 0x5b, 0x47, 0x47, 0x3c, 0x3f, 0x55, 0x55, 0x3f,
    0x29, 0x0f, 0x0f, 0x3d, 0x6c, 0x29, 0x29, 0x6c, 0xe4, 0xf5, 0xee, 0xee, 0xe4, 0xf2, 0xfe, 0xfe,
    0x67, 0x6f, 0x76, 0x5c, 0x4b, 0x6f, 0x6f, 0xd6, 0xf5, 0xd6, 0xe7, 0xdb, 0xe4, 0xfa, 0xfd, 0xfe,
    0xfe, 0xee, 0x7b, 0x56, 0x7b, 0x68, 0x41, 0x41, 0x3e, 0x6f, 0x5c, 0x6f, 0x79, 0x6f, 0x6f, 0x6f,
    0x3e, 0x58, 0x3e, 0xa7, 0x6f, 0x5c, 0x51, 0x3f, 0x47, 0x78, 0x90, 0x8e, 0xb9, 0xd8, 0xb7, 0x7b,
    0x56, 0x41, 0x2b, 0x1c, 0x1c, 0x2b, 0x2b, 0x3b, 0x42, 0x45, 0x3f, 0x45, 0x51, 0x3e, 0x42, 0x4b,
    0x5c, 0x6f, 0xce, 0xea, 0xee, 0xe9, 0xee, 0xf5, 0xe4, 0xba, 0x8e, 0x1c, 0x56, 0x1c, 0x29, 0x36,
    0x7f, 0x7f, 0x92, 0x53, 0x5f, 0x96, 0x64, 0xd6, 0xf5, 0xd6, 0xe7, 0xdb, 0xe0, 0xf7, 0xfe, 0xfe,
    0xfe, 0xe7, 0x7b, 0x56, 0x7b, 0x59, 0x41, 0x41, 0xda, 0xda, 0xdc, 0xec, 0xe2, 0xc4, 0xa3, 0x7f,
    0x3f, 0x3f, 0x5e, 0x6a, 0x78, 0x8f, 0x8f, 0xa0, 0xa8, 0x78, 0x8e, 0x8e, 0xb9, 0xbf, 0x9b, 0x5e,
    0x45, 0x44, 0x41, 0x3a, 0x25, 0x3a, 0x3f, 0x55, 0x64, 0x53, 0x3c, 0x53, 0x43, 0x3c, 0x34, 0x3f,
    0x7f, 0x7f, 0x92, 0x53, 0x5f, 0x96, 0x64, 0xd6, 0xf5, 0xd6, 0xe7, 0xdb, 0xe0, 0xf7, 0xfe, 0xfe,
    0xfe, 0xe7, 0x7b, 0x56, 0x7b, 0x59, 0x41, 0x41, 0xda, 0xda, 0xdc, 0xec, 0xe2, 0xc4, 0xa3, 0x7f,
    0x3f, 0x3c, 0x5e, 0x78, 0x78, 0x8f, 0x8f, 0xa0, 0xa8, 0x78, 0x8e, 0x8e, 0xb9, 0xbf, 0x9b, 0x5e,
    0x45, 0x44, 0x41, 0x3a, 0x25, 0x3a, 0x3f, 0x55, 0x64, 0x53, 0x3c, 0x47, 0x3c, 0x47, 0x34, 0x5e,
    0x3f, 0x3f, 0x5e, 0x6a, 0x78, 0x8f, 0x8f, 0xa0, 0xa8, 0x78, 0x8e, 0x8e, 0xb9, 0xbf, 0x9b, 0x5e,
    0x45, 0x44, 0x41, 0x3a, 0x25, 0x3a, 0x3f, 0x55, 0x6a, 0x53, 0x3c, 0x3c, 0x3c, 0x34, 0x3f, 0x3f,
    0x9d, 0xa4, 0x6c, 0x32, 0x29, 0x0f, 0x29, 0xd6, 0xf5, 0xd6, 0xe7, 0xdb, 0xe4, 0xfa, 0xfe, 0xfe,
    0x6f, 0x67, 0x6b, 0xa7, 0x6f, 0x90, 0x55, 0xee, 0xd6, 0xe7, 0xd6, 0xd6, 0xf5, 0xfe, 0xfd, 0xfe,
    0xfe, 0xfb, 0xb5, 0x41, 0x87, 0x56, 0x41, 0x56, 0x1c, 0x3e, 0x4b, 0x5c, 0xb0, 0x4b, 0x6f, 0x67,
    0xb0, 0x3e, 0x6f, 0x79, 0xb0, 0x6f, 0x3f, 0x4a, 0x78, 0x55, 0x8e, 0xb7, 0xb9, 0xb7, 0x8a, 0x7b,
    0x4a, 0x45, 0x2b, 0x2b, 0x2b, 0x2b, 0x45, 0x51, 0x3e, 0x51, 0x51, 0x3b, 0x51, 0x3e, 0x51, 0x4b,
    0x73, 0x8a, 0xd8, 0xb7, 0xb7, 0xe7, 0xfb, 0xe4, 0xdb, 0x7b, 0x8e, 0x1c, 0x27, 0x20, 0x1c, 0x4b,
    0xa3, 0xa3, 0x7f, 0x7f, 0x5f, 0xa3, 0x55, 0xe9, 0xd6, 0xe7, 0xd6, 0xd6, 0xf5, 0xfe, 0xfb, 0xfe,
    0xfe, 0xfb, 0xad, 0x41, 0x87, 0x56, 0x41, 0x56, 0x1c, 0xda, 0xda, 0xda, 0xb8, 0xb8, 0xae, 0xae,
    0x3f, 0x3f, 0x6a, 0x78, 0x98, 0xa0, 0x8f, 0xbe, 0xa8, 0x8f, 0x98, 0x9a, 0xa5, 0x8a, 0x84, 0x75,
    0x3f, 0x41, 0x45, 0x45, 0x4a, 0x5e, 0x84, 0x84, 0x7c, 0x64, 0x53, 0x53, 0x3c, 0x3f, 0x3f, 0x3f,
    0xa3, 0xa3, 0x7f, 0x7f, 0x5f, 0xa3, 0x55, 0xe9, 0xd6, 0xe7, 0xd6, 0xd6, 0xf5, 0xfe, 0xfb, 0xfe,
    0xfe, 0xfb, 0xad, 0x41, 0x87, 0x56, 0x41, 0x56, 0x1c, 0xda, 0xda, 0xda, 0xb8, 0xb8, 0xae, 0xae,
    0x78, 0x55, 0x5e, 0x80, 0x98, 0xb1, 0x8f, 0xbe, 0xa8, 0x8f, 0x98, 0x9a, 0xa5, 0x8a, 0x84, 0x75,
    0x3f, 0x41, 0x45, 0x3a, 0x45, 0x5e, 0x84, 0x84, 0x7c, 0x64, 0x53, 0x53, 0x55, 0x55, 0x6a, 0x58,
    0x3f, 0x4a, 0x6a, 0x78, 0x98, 0xa0, 0x8f, 0xbe, 0xa8, 0x8f, 0x98, 0x9a, 0xa5, 0x8a, 0x84, 0x75,
    0x3f, 0x41, 0x45, 0x45, 0x4a, 0x5e, 0x84, 0x88, 0x72, 0x64, 0x53, 0x53, 0x3f, 0x34, 0x3f, 0x3c,
    0xa4, 0x6c, 0x6c, 0x0f, 0x29, 0x01, 0x4a, 0xee, 0xd6, 0xe7, 0xdb, 0xd6, 0xf5, 0xfe, 0xfb, 0xfe,
    0x6f, 0x5c, 0x58, 0x3e, 0x90, 0x55, 0xb2, 0xb2, 0xee, 0xdb, 0xc3, 0xdb, 0xf6, 0xfb, 0xfe, 0xfd,
    0xfa, 0xf5, 0xdb, 0x41, 0x56, 0x87, 0x56, 0x56, 0x1c, 0x1c, 0x6f, 0x5c, 0x67, 0x67, 0x5c, 0x5a,
    0x6f, 0x4b, 0x58, 0x5a, 0x5c, 0x6b, 0x3f, 0x3f, 0x51, 0x51, 0x8a, 0xb0, 0xb7, 0x93, 0x74, 0x7a,
    0x4a, 0x4a, 0x45, 0x2b, 0x2b, 0x51, 0x3b, 0x51, 0x51, 0x51, 0x3e, 0x3e, 0x5c, 0x90, 0x90, 0x51,
    0x6f, 0x5c, 0x5c, 0x7a, 0xb7, 0xa1, 0xee, 0xe7, 0x8e, 0x56, 0x44, 0x78, 0x15, 0x15, 0x15, 0x4b,
    0xae, 0x92, 0x85, 0x89, 0x5f, 0x55, 0xa1, 0xa1, 0xe9, 0xdb, 0xba, 0xdb, 0xf6, 0xfb, 0xfe, 0xfb,
    0xfa, 0xf5, 0xdb, 0x41, 0x56, 0x87, 0x56, 0x56, 0x1c, 0x1c, 0xc9, 0xb8, 0xbe, 0xae, 0xb8, 0xb8,
    0x34, 0x34, 0x78, 0x8f, 0xa8, 0xb1, 0xa0, 0xb1, 0xa0, 0x8f, 0x8f, 0xa0, 0x8f, 0x7c, 0x6d, 0x5e,
    0x3f, 0x45, 0x4a, 0x4a, 0x45, 0x5e, 0x72, 0xa3, 0x7f, 0x64, 0x53, 0x53, 0x53, 0x3f, 0x3f, 0x3f,
    0xae, 0x92, 0x85, 0x89, 0x5f, 0x55, 0xa1, 0xa1, 0xe9, 0xdb, 0xba, 0xdb, 0xf6, 0xfb, 0xfe, 0xfb,
    0xfa, 0xf5, 0xdb, 0x41, 0x56, 0x87, 0x56, 0x56, 0x1c, 0x1c, 0xc9, 0xb8, 0xbe, 0xae, 0xb8, 0xb8,
    0x76, 0x78, 0x78, 0x78, 0xa8, 0x78, 0x8f, 0xb1, 0xa0, 0x8f, 0x8f, 0xa0, 0x8f, 0x7c, 0x6d, 0x5e,
    0x3f, 0x45, 0x45, 0x4a, 0x45, 0x5e, 0x72, 0xa3, 0x7f, 0x64, 0x53, 0x53, 0x3c, 0x6a, 0x58, 0x6a,
    0x34, 0x34, 0x8f, 0x8f, 0xa8, 0xb1, 0xa0, 0xb1, 0xa0, 0x8f, 0x8f, 0xa0, 0x8f, 0x7c, 0x6d, 0x5e,
    0x3f, 0x3f, 0x4a, 0x4a, 0x45, 0x6a, 0x72, 0xa3, 0x72, 0x6a, 0x5b, 0x34, 0x34, 0x3f, 0x3f, 0x2f,
    0x29, 0x6c, 0x29, 0x0f, 0x0f, 0x4a, 0xb2, 0xb2, 0xee, 0xdb, 0xc3, 0xdb, 0xf6, 0xfb, 0xfe, 0xfb,
    0x58, 0x5a, 0x6f, 0x4b, 0x6f, 0x78, 0xc3, 0xee, 0xd6, 0xb2, 0xc3, 0xe9, 0xf6, 0xfb, 0xfb, 0xf5,
    0xfa, 0xfb, 0xf5, 0x56, 0x1c, 0x7b, 0x75, 0x87, 0x41, 0x1c, 0x3e, 0x6f, 0x5c, 0x6f, 0x5c, 0x4b,
    0xb0, 0x76, 0x4b, 0x4b, 0x6f, 0x5c, 0xb0, 0x6f, 0x4b, 0x51, 0xb0, 0x90, 0x90, 0x8a, 0x7a, 0x44,
    0x4a, 0x4a, 0x51, 0x3b, 0x51, 0x3e, 0x4b, 0x3e, 0x3e, 0x4b, 0x6f, 0x3e, 0x90, 0x90, 0x6f, 0x6f,
    0x58, 0x58, 0x6f, 0x78, 0xa1, 0x7a, 0xd8, 0xce, 0x75, 0x1c, 0x56, 0x44, 0x44, 0x2b, 0x51, 0xb0,
    0xb8, 0xb1, 0x92, 0xa3, 0xaa, 0x78, 0xba, 0xe9, 0xd6, 0xa1, 0xba, 0xe7, 0xf6, 0xfb, 0xfb, 0xf1,
    0xfa, 0xfb, 0xf5, 0x56, 0x1c, 0x7b, 0x59, 0x87, 0x41, 0x1c, 0xbe, 0xbe, 0x8f, 0xae, 0xae, 0xb8,
    0x7c, 0x7c, 0x8f, 0x8f, 0x8f, 0x8f, 0x8f, 0xa0, 0xbe, 0x8f, 0xbe, 0xb1, 0x80, 0x6a, 0x4a, 0x55,
    0x45, 0x4a, 0x45, 0x5e, 0x6a, 0x6a, 0x6a, 0x89, 0x72, 0x64, 0x53, 0x5b, 0x53, 0x53, 0xb8, 0xc4,
    0xb8, 0xb1, 0x92, 0xa3, 0xaa, 0x78, 0xba, 0xe9, 0xd6, 0xa1, 0xba, 0xe7, 0xf6, 0xfb, 0xfb, 0xf1,
    0xfa, 0xfb, 0xf5, 0x56, 0x1c, 0x7b, 0x59, 0x87, 0x41, 0x1c, 0xbe, 0xbe, 0x8f, 0xae, 0xae, 0xb8,
    0xb0, 0x65, 0x58, 0x58, 0x76, 0x8f, 0x8f, 0x98, 0xbe, 0x8f, 0xbe, 0xb1, 0x80, 0x6a, 0x4a, 0x55,
    0x45, 0x4a, 0x4a, 0x4a, 0x6a, 0x6a, 0x7c, 0x89, 0x72, 0x64, 0x5e, 0x5b, 0x5e, 0x5e, 0x69, 0x65,
    0x7c, 0x78, 0x58, 0x58, 0x8f, 0x98, 0x8f, 0x98, 0xbe, 0x8f, 0xbe, 0xb1, 0x8f, 0x6a, 0x4a, 0x55,
    0x45, 0x4a, 0x45, 0x5e, 0x6a, 0x5e, 0x6a, 0x89, 0x7f, 0x78, 0x5e, 0x46, 0x65, 0x53, 0xb8, 0xc4,
    0x29, 0x29, 0x6c, 0x29, 0x03, 0x78, 0xc3, 0xee, 0xd6, 0xb2, 0xc3, 0xe9, 0xf6, 0xfb, 0xfb, 0xf5,
    0x4b, 0x3e, 0x5a, 0x5a, 0x3e, 0xb9, 0xf5, 0xdb, 0xdb, 0xc3, 0xe7, 0xf5, 0xe7, 0xfb, 0xfb, 0xee,
    0xe9, 0xf5, 0xf5, 0xba, 0x1c, 0x56, 0x56, 0x7b, 0x41, 0x1c, 0x1c, 0x3e, 0x6f, 0x5c, 0x5a, 0x58,
    0x4b, 0x6f, 0x6f, 0x5c, 0xb0, 0x5c, 0x90, 0xa7, 0x6f, 0x6f, 0x5c, 0x90, 0x6f, 0x78, 0x44, 0x55,
    0x45, 0x51, 0x60, 0x51, 0x3e, 0x58, 0x4b, 0x67, 0x6f, 0x90, 0x51, 0x42, 0x3e, 0x6f, 0x4b, 0x6f,
    0x4b, 0x3e, 0x5a, 0x73, 0x91, 0x8e, 0xd8, 0xb7, 0x56, 0x1c, 0x1c, 0x41, 0x78, 0x44, 0x6f, 0x6f,
    0xb1, 0x9a, 0xb8, 0xae, 0xa3, 0xb9, 0xf5, 0xdb, 0xd6, 0xba, 0xe7, 0xf5, 0xe7, 0xfb, 0xfb, 0xe7,
    0xe9, 0xf5, 0xf5, 0xba, 0x1c, 0x56, 0x56, 0x7b, 0x41, 0x1c, 0x1c, 0x5e, 0x8f, 0xae, 0xbe, 0xb1,
    0x7c, 0x7c, 0x72, 0x6a, 0x78, 0x78, 0x8f, 0xb1, 0x8f, 0xbe, 0xb1, 0x78, 0x78, 0x6a, 0x47, 0x4a,
    0x42, 0x4a, 0x5e, 0x6a, 0x72, 0x72, 0x5e, 0x89, 0x89, 0x64, 0x53, 0x64, 0x5b, 0xc4, 0xda, 0xda,
    0xb1, 0x9a, 0xb8, 0xae, 0xa3, 0xb9, 0xf5, 0xdb, 0xd6, 0xba, 0xe7, 0xf5, 0xe7, 0xfb, 0xfb, 0xe7,
    0xe9, 0xf5, 0xf5, 0xba, 0x1c, 0x56, 0x56, 0x7b, 0x41, 0x1c, 0x1c, 0x5e, 0x8f, 0xae, 0xbe, 0xb1,
    0x58, 0x76, 0x76, 0x65, 0xb0, 0x65, 0x6b, 0x78, 0x8f, 0x78, 0xb1, 0x78, 0x78, 0x6a, 0x47, 0x4a,
    0x42, 0x4a, 0x6a, 0x72, 0x6a, 0x6a, 0x6a, 0x89, 0x89, 0x53, 0x4a, 0x5e, 0x5e, 0x58, 0x58, 0x76,
    0x7c, 0x88, 0x6a, 0x65, 0xb0, 0x8f, 0x8f, 0x8f, 0x98, 0xbe, 0xb1, 0x8f, 0x80, 0x6a, 0x47, 0x4a,
    0x51, 0x4a, 0x5e, 0x6a, 0x6a, 0x6a, 0x61, 0x5e, 0x5e, 0x5e, 0x76, 0x46, 0x46, 0xc4, 0xda, 0xda,
    0x29, 0x29, 0x6c, 0xa4, 0x0f, 0xbf, 0xf5, 0xdb, 0xdb, 0xc3, 0xe7, 0xf5, 0xe7, 0xfb, 0xfb, 0xe7,
    0x58, 0x5c, 0x65, 0x70, 0x8e, 0xee, 0xdb, 0xe4, 0xe4, 0xe4, 0xfb, 0xfb, 0xf4, 0xfe, 0xfb, 0xe9,
    0xdb, 0xee, 0xee, 0xdb, 0x41, 0x1c, 0x56, 0x56, 0x56, 0x1c, 0x20, 0x27, 0x5c, 0x4b, 0x6f, 0x4b,
    0x67, 0x5c, 0x5c, 0x5a, 0x4b, 0x5c, 0x6f, 0x67, 0x6f, 0x90, 0x5c, 0x67, 0x6b, 0x78, 0x55, 0x45,
    0x3b, 0x51, 0x51, 0x5a, 0x5c, 0x76, 0x5c, 0x79, 0x6f, 0xa7, 0x3e, 0x4b, 0x3e, 0x4b, 0x6f, 0xb0,
    0x58, 0x5c, 0x5c, 0x69, 0x78, 0x8e, 0xb9, 0x8e, 0x51, 0x2b, 0x1c, 0x51, 0x51, 0x5c, 0x5c, 0x6f,
    0xae, 0x5e, 0x5e, 0xa3, 0x7a, 0xe9, 0xdb, 0xe0, 0xe0, 0xe0, 0xfb, 0xfb, 0xf2, 0xfe, 0xfb, 0xe0,
    0xdb, 0xe9, 0xe9, 0xdb, 0x41, 0x1c, 0x56, 0x56, 0x56, 0x1c, 0x1c, 0x1c, 0x8f, 0x8f, 0xa3, 0x89,
    0xae, 0x89, 0x7f, 0x4a, 0x55, 0x5e, 0x8f, 0xb1, 0x5e, 0x8f, 0x8f, 0x78, 0x7c, 0x8f, 0x7c, 0x3f,
    0x42, 0x5e, 0x51, 0x7f, 0x72, 0x72, 0x7f, 0x5e, 0x6a, 0x4a, 0x3c, 0x5f, 0xc4, 0xda, 0xc9, 0xc4,
    0xae, 0x5e, 0x5e, 0xa3, 0x7a, 0xe9, 0xdb, 0xe0, 0xe0, 0xe0, 0xfb, 0xfb, 0xf2, 0xfe, 0xfb, 0xe0,
    0xdb, 0xe9, 0xe9, 0xdb, 0x41, 0x1c, 0x56, 0x56, 0x56, 0x1c, 0x1c, 0x1c, 0x8f, 0x8f, 0xa3, 0x89,
    0x71, 0x65, 0x67, 0x65, 0x58, 0x65, 0x71, 0x71, 0x6b, 0x65, 0x8f, 0x78, 0x72, 0x8f, 0x7c, 0x3f,
    0x42, 0x5e, 0x6a, 0x7f, 0x64, 0x5e, 0x5e, 0x5e, 0x5e, 0x5e, 0x46, 0x5e, 0x46, 0x58, 0x76, 0xb0,
    0xae, 0x89, 0x7f, 0x4a, 0x58, 0x65, 0x79, 0x65, 0x8f, 0x8f, 0x65, 0x65, 0x72, 0x8f, 0x7c, 0x3f,
    0x42, 0x60, 0x51, 0x7f, 0x64, 0x5e, 0x60, 0x5e, 0x76, 0xbd, 0x46, 0x65, 0xc4, 0xda, 0xc9, 0xc4,
    0x5d, 0x6c, 0x6c, 0x6c, 0x8e, 0xee, 0xdb, 0xe4, 0xe4, 0xe4, 0xfb, 0xfb, 0xf4, 0xfe, 0xfb, 0xe9,
    0x4b, 0x4b, 0x76, 0x70, 0xba, 0xd8, 0xe4, 0xe7, 0xe7, 0xce, 0xfb, 0xce, 0xee, 0xf5, 0xfb, 0xd6,
    0xa2, 0xba, 0xc3, 0xba, 0x87, 0x1c, 0x41, 0x41, 0x41, 0x27, 0x1c, 0x1c, 0x1c, 0x3b, 0x4b, 0x6f,
    0x67, 0x67, 0x6f, 0x5c, 0x4b, 0xa9, 0x5c, 0x6f, 0x5c, 0x6f, 0x6f, 0x5c, 0x6f, 0x5a, 0x4b, 0x44,
    0x4b, 0x65, 0x5c, 0x76, 0x76, 0xa7, 0x5c, 0x90, 0x90, 0x3e, 0x6f, 0x5c, 0x6f, 0x6f, 0xa9, 0x6f,
    0x4b, 0x5a, 0x67, 0x67, 0x67, 0x5c, 0x6f, 0x78, 0x55, 0x51, 0xa7, 0x6f, 0x6f, 0x6f, 0xa7, 0x5c,
    0x8f, 0x6a, 0x5e, 0x72, 0xba, 0xd8, 0xd8, 0xe7, 0xe7, 0xbf, 0xfb, 0xbf, 0xe9, 0xf5, 0xfb, 0xd6,
    0xa2, 0xba, 0xc3, 0xba, 0x87, 0x1c, 0x41, 0x41, 0x41, 0x2b, 0x1c, 0x15, 0x1c, 0x8f, 0x92, 0x7c,
    0xae, 0x7c, 0x3c, 0x7f, 0x53, 0x6a, 0x8f, 0x98, 0x78, 0xdc, 0xc9, 0x92, 0x53, 0x8f, 0x92, 0x47,
    0x8f, 0x5e, 0x55, 0x6a, 0x7c, 0x64, 0x72, 0x6a, 0x6a, 0x55, 0x3c, 0xc4, 0xc4, 0xa3, 0xc4, 0x89,
    0x8f, 0x6a, 0x5e, 0x72, 0xba, 0xd8, 0xd8, 0xe7, 0xe7, 0xbf, 0xfb, 0xbf, 0xe9, 0xf5, 0xfb, 0xd6,
    0xa2, 0xba, 0xc3, 0xba, 0x87, 0x1c, 0x41, 0x41, 0x41, 0x2b, 0x1c, 0x15, 0x1c, 0x8f, 0x92, 0x7c,
    0x67, 0x70, 0x76, 0x71, 0x58, 0xa9, 0x65, 0x76, 0x67, 0x76, 0x6b, 0x67, 0x65, 0x8f, 0x92, 0x47,
    0x8f, 0x5e, 0x5e, 0x7c, 0x76, 0x5e, 0x5e, 0x5e, 0x76, 0x46, 0x76, 0x65, 0x76, 0x76, 0xa9, 0x76,
    0xae, 0x7c, 0x3c, 0x7f, 0x55, 0xa9, 0x6f, 0x76, 0x67, 0x76, 0x67, 0x67, 0x65, 0x8f, 0x92, 0x47,
    0x8f, 0x78, 0x5e, 0x5e, 0x5e, 0x5e, 0x69, 0x6b, 0x76, 0x46, 0x76, 0xc4, 0xc4, 0xa3, 0xc4, 0x89,
    0x6c, 0x29, 0xa4, 0x6c, 0xba, 0xd8, 0xe4, 0xe7, 0xe7, 0xce, 0xfb, 0xce, 0xee, 0xf5, 0xfb, 0xd6,
    0x4b, 0x70, 0x6f, 0xbf, 0x8e, 0xd8, 0xea, 0xd8, 0xbf, 0xa1, 0xe7, 0xce, 0xee, 0xee, 0xf5, 0xd6,
    0xa2, 0xa2, 0xdb, 0xba, 0x7b, 0x7b, 0x1c, 0x7b, 0x41, 0x1c, 0x1c, 0x1c, 0x06, 0x1c, 0x3b, 0x4b,
    0x6f, 0x5c, 0x6f, 0x90, 0x5c, 0xa9, 0x4b, 0x58, 0x4b, 0x4b, 0x4b, 0x5c, 0x65, 0x5a, 0x4b, 0x3b,
    0x46, 0x69, 0xa7, 0x76, 0x5c, 0x6b, 0x4b, 0x6b, 0x67, 0x6f, 0x79, 0x79, 0x79, 0x79, 0x6f, 0xa7,
    0x58, 0x5c, 0x67, 0x6f, 0x5c, 0x6b, 0x4b, 0x4b, 0x3b, 0x4b, 0x5c, 0x6f, 0xa7, 0xa9, 0x79, 0x67,
    0x6a, 0x3f, 0x5e, 0xb9, 0x8e, 0xd8, 0xea, 0xd8, 0xbf, 0xa1, 0xe7, 0xbf, 0xe9, 0xe9, 0xf5, 0xcc,
    0xa2, 0xa2, 0xdb, 0xba, 0x7b, 0x7b, 0x1c, 0x7b, 0x41, 0x1c, 0x1c, 0x1c, 0x15, 0x06, 0x78, 0x7c,
    0x7c, 0xae, 0x7c, 0x43, 0x47, 0x55, 0x78, 0x8f, 0xdc, 0xe2, 0xda, 0xae, 0x53, 0x64, 0x78, 0x6a,
    0x6a, 0x3f, 0x4a, 0x55, 0x7c, 0x5f, 0x6a, 0x7c, 0x6a, 0x55, 0xc4, 0x89, 0x64, 0xc4, 0x92, 0x89,
    0x6a, 0x3f, 0x5e, 0xb9, 0x8e, 0xd8, 0xea, 0xd8, 0xbf, 0xa1, 0xe7, 0xbf, 0xe9, 0xe9, 0xf5, 0xcc,
    0xa2, 0xa2, 0xdb, 0xba, 0x7b, 0x7b, 0x1c, 0x7b, 0x41, 0x1c, 0x1c, 0x1c, 0x15, 0x06, 0x78, 0x7c,
    0x76, 0x65, 0x79, 0x90, 0x65, 0xa9, 0x58, 0x65, 0x5a, 0x58, 0x5a, 0x6b, 0x67, 0x58, 0x78, 0x6a,
    0x78, 0x65, 0x4a, 0x5e, 0x65, 0x76, 0x58, 0x76, 0x67, 0x6f, 0x76, 0x79, 0x76, 0x76, 0x76, 0xbd,
    0x7c, 0xae, 0x7c, 0x43, 0x43, 0x55, 0x58, 0x5a, 0x5a, 0x5c, 0x5c, 0x67, 0x6b, 0x65, 0x58, 0x8f,
    0x78, 0x5e, 0x5e, 0x76, 0x65, 0x76, 0x58, 0x76, 0x6b, 0x65, 0xc4, 0x89, 0x64, 0xc4, 0x92, 0x89,
    0x29, 0x29, 0x29, 0xbf, 0x8e, 0xd8, 0xea, 0xd8, 0xc6, 0xa5, 0xe7, 0xce, 0xee, 0xee, 0xf5, 0xd6,
    0x70, 0x70, 0x8e, 0x8e, 0xbf, 0xee, 0xb9, 0xb9, 0xbf, 0xce, 0xb5, 0xa1, 0xe7, 0xfe, 0xd6, 0xd6,
    0xa2, 0xa2, 0xa2, 0xa2, 0x41, 0x7b, 0x7b, 0x7b, 0x68, 0x68, 0x56, 0x1c, 0x15, 0x06, 0x1c, 0x3b,
    0x6f, 0x6f, 0x6f, 0x6f, 0x67, 0x67, 0x5c, 0x5c, 0x5a, 0x4b, 0x4b, 0x4b, 0x90, 0x4b, 0x4b, 0x4b,
    0x3e, 0x4b, 0x5c, 0x67, 0x6f, 0x6f, 0xa7, 0x5c, 0x67, 0x67, 0x79, 0x90, 0x79, 0x79, 0x90, 0x79,
    0x58, 0x6f, 0x5c, 0x5a, 0x4b, 0xa7, 0x4b, 0x4b, 0x4b, 0x5a, 0x5c, 0x5c, 0x67, 0x5c, 0x67, 0x5c,
    0x8f, 0x3f, 0x8e, 0x8e, 0xb9, 0xe0, 0xb9, 0xb9, 0xbf, 0xbf, 0xad, 0xa1, 0xe7, 0xfe, 0xd6, 0xd6,
    0xa2, 0xa2, 0xa2, 0xa2, 0x41, 0x7b, 0x7b, 0x7b, 0x7b, 0x41, 0x56, 0x15, 0x15, 0x15, 0x1c, 0x7c,
    0xa3, 0xae, 0xa3, 0x3c, 0x3c, 0x55, 0x6a, 0xda, 0xda, 0xda, 0xae, 0x89, 0x53, 0x55, 0x7c, 0x7c,
    0x8f, 0x3f, 0x4a, 0x55, 0x6a, 0x72, 0x72, 0x6a, 0x5e, 0x7f, 0x72, 0x64, 0x89, 0x89, 0x53, 0x92,
    0x8f, 0x3f, 0x8e, 0x8e, 0xb9, 0xe0, 0xb9, 0xb9, 0xbf, 0xbf, 0xad, 0xa1, 0xe7, 0xfe, 0xd6, 0xd6,
    0xa2, 0xa2, 0xa2, 0xa2, 0x41, 0x7b, 0x7b, 0x7b, 0x7b, 0x41, 0x56, 0x15, 0x15, 0x15, 0x1c, 0x7c,
    0x76, 0x76, 0x76, 0x76, 0x76, 0x67, 0x65, 0x65, 0x65, 0x5a, 0x58, 0x58, 0x90, 0x58, 0x58, 0x7c,
    0x52, 0x58, 0x65, 0x71, 0x76, 0x76, 0xbd, 0x65, 0x6b, 0x71, 0x83, 0x90, 0x83, 0x83, 0x90, 0x83,
    0xa3, 0xae, 0xa3, 0x3c, 0x47, 0x55, 0x60, 0x65, 0x65, 0x5a, 0x58, 0x58, 0x90, 0x58, 0x58, 0x7c,
    0x52, 0x58, 0x65, 0x71, 0x76, 0x76, 0xbd, 0x65, 0x65, 0x7f, 0x72, 0x64, 0x89, 0x89, 0x53, 0x92,
    0x29, 0x29, 0x8e, 0x8e, 0xc6, 0xe7, 0xbf, 0xbf, 0xc6, 0xce, 0xb5, 0xa5, 0xe7, 0xfe, 0xd6, 0xd6,
    0x6c, 0x29, 0x29, 0x29, 0x29, 0x29, 0x29, 0x21, 0x29, 0x29, 0x6c, 0x6c, 0x29, 0x5d, 0xa4, 0x7d,
    0x75, 0x75, 0x87, 0xb7, 0x87, 0xbf, 0xa1, 0x9b, 0x9b, 0xd6, 0xe7, 0xe7, 0xfb, 0xfe, 0xe7, 0xb5,
    0xdb, 0xad, 0xc3, 0xc3, 0x7b, 0xa1, 0x8e, 0x06, 0x06, 0x7b, 0x2b, 0x06, 0x15, 0x15, 0x15, 0x20,
    0xeb, 0xf3, 0xe5, 0xd1, 0xb7, 0x96, 0x96, 0xb7, 0xb7, 0xdc, 0xe5, 0xd1, 0xc7, 0xc0, 0xc0, 0xc7,
    0xd1, 0xe5, 0xe5, 0xdc, 0xe3, 0xe2, 0xdc, 0xe5, 0xeb, 0xeb, 0xeb, 0xe5, 0xe5, 0xdc, 0xd1, 0xd1,
    0x75, 0x75, 0x87, 0xb7, 0x87, 0xbf, 0xa1, 0x9b, 0x9b, 0xd6, 0xe7, 0xe7, 0xfb, 0xfe, 0xe7, 0xb5,
    0xdb, 0xad, 0xc3, 0xc3, 0x7b, 0xa1, 0x8e, 0x06, 0x06, 0x7b, 0x2b, 0x06, 0x15, 0x15, 0x15, 0x20,
    0x22, 0x22, 0x22, 0x22, 0x36, 0x4b, 0x4b, 0x76, 0x76, 0xb0, 0x65, 0x5a, 0x58, 0x58, 0x58, 0x6f,
    0x46, 0x36, 0x22, 0x36, 0x46, 0x36, 0x22, 0x0f, 0x22, 0x36, 0x36, 0x36, 0x3e, 0x3e, 0x22, 0x22,
    0x75, 0x73, 0x87, 0xb7, 0x87, 0xbf, 0xa1, 0x9b, 0x9b, 0xd6, 0xe7, 0xe7, 0xfb, 0xfe, 0xe7, 0xb5,
    0xdb, 0xad, 0xc3, 0xc3, 0x7b, 0xa1, 0x8e, 0x06, 0x06, 0x7b, 0x2b, 0x06, 0x15, 0x15, 0x15, 0x20,
    0x58, 0x4b, 0x58, 0x46, 0x3e, 0x4b, 0x58, 0x6b, 0x5a, 0x5c, 0x65, 0x58, 0x6f, 0x90, 0x4b, 0x67,
    0x3e, 0x6f, 0x79, 0x79, 0x6f, 0x90, 0x90, 0x79, 0x6b, 0x5a, 0x58, 0x4b, 0x4b, 0x4b, 0x5a, 0x67,
    0x58, 0x4b, 0x65, 0x67, 0x5c, 0x4b, 0x4b, 0x3e, 0x46, 0x3e, 0x4b, 0x58, 0xa7, 0xa7, 0x58, 0xb0,
    0x02, 0x22, 0xa9, 0x6f, 0x6f, 0x79, 0x76, 0x6f, 0x67, 0x65, 0x5a, 0x4b, 0x3e, 0xa7, 0xa7, 0x3e,
    0x6b, 0x6f, 0x74, 0x45, 0x74, 0x93, 0xa1, 0xb2, 0xbf, 0xd8, 0xce, 0x9b, 0x6d, 0x6d, 0x8a, 0x86,
    0xc3, 0x7b, 0x6c, 0x0f, 0x29, 0x29, 0x38, 0x26, 0x0f, 0x0f, 0x29, 0x29, 0x29, 0x6c, 0x65, 0x6c,
    0x6b, 0xd2, 0x78, 0xbf, 0xb7, 0x7a, 0x8e, 0xb2, 0xd6, 0xce, 0xbf, 0xe7, 0xfb, 0xfb, 0xe7, 0xc3,
    0xa1, 0x68, 0x56, 0xc3, 0x8e, 0xc3, 0x2b, 0x15, 0x06, 0x06, 0x56, 0x1c, 0x06, 0x15, 0x1c, 0x2b,
    0xdc, 0xe5, 0xeb, 0xeb, 0xe5, 0xc0, 0xb7, 0x96, 0x96, 0x96, 0xc7, 0xe5, 0xeb, 0xe5, 0xd1, 0xc7,
    0xc3, 0x7b, 0xd1, 0xe5, 0xe5, 0xe3, 0xe5, 0xe5, 0xeb, 0xeb, 0xf3, 0xeb, 0xeb, 0xeb, 0xeb, 0xdc,
    0x96, 0x96, 0x78, 0xbf, 0xb7, 0x7a, 0x8e, 0xb2, 0xd6, 0xce, 0xbf, 0xe7, 0xfb, 0xfb, 0xe7, 0xc3,
    0xa1, 0x68, 0x56, 0xc3, 0x8e, 0xc3, 0x2b, 0x15, 0x06, 0x06, 0x56, 0x1c, 0x06, 0x1c, 0x15, 0x2b,
    0x46, 0x36, 0x58, 0x4b, 0x76, 0x83, 0x90, 0x4b, 0x76, 0x65, 0x65, 0x58, 0x4b, 0x4b, 0x5c, 0x4b,
    0xc3, 0x7b, 0x36, 0x36, 0x22, 0x2a, 0x22, 0x22, 0x22, 0x36, 0x22, 0x36, 0x42, 0x76, 0x3e, 0x36,
    0x65, 0x46, 0x78, 0xbf, 0xb7, 0x7a, 0x8e, 0xb2, 0xd6, 0xce, 0xbf, 0xe7, 0xfb, 0xfb, 0xe7, 0xc3,
    0xa1, 0x68, 0x56, 0xc3, 0x8e, 0xc3, 0x2b, 0x15, 0x06, 0x06, 0x56, 0x1c, 0x06, 0x15, 0x15, 0x2b,
    0x58, 0x3e, 0x4b, 0x3e, 0x4b, 0xa7, 0xa7, 0x58, 0x4b, 0x4b, 0x6f, 0x6f, 0x6f, 0x6f, 0x79, 0x6f,
    0x3e, 0xa9, 0x6f, 0x6f, 0xb0, 0x6f, 0x90, 0x6f, 0x67, 0x5c, 0x4b, 0x4b, 0x4b, 0x46, 0x58, 0x67,
    0x5a, 0x65, 0x67, 0x6f, 0x58, 0x4b, 0x4b, 0x4b, 0x4b, 0x3e, 0xa9, 0x4b, 0xa7, 0xa7, 0x6f, 0xe0,
    0x02, 0x02, 0x6f, 0x5c, 0xa9, 0x6f, 0x76, 0x6f, 0x6f, 0x58, 0x6f, 0x4b, 0x3e, 0x3e, 0xa7, 0x3e,
    0x73, 0x74, 0x45, 0x84, 0x8a, 0xa1, 0x9b, 0xb2, 0xbf, 0xd8, 0xbf, 0x74, 0x54, 0x6d, 0x5e, 0x8e,
    0xc8, 0x87, 0x87, 0x29, 0x6b, 0x9f, 0x29, 0x0f, 0x6b, 0x0f, 0x0f, 0x6c, 0x6c, 0xa4, 0x6c, 0x6c,
    0xbd, 0xd2, 0x6b, 0x9f, 0xd2, 0x56, 0x91, 0x9b, 0xb7, 0xbf, 0xa5, 0xd8, 0xe7, 0xf6, 0xe7, 0xd8,
    0x8e, 0x41, 0x41, 0x7b, 0x8e, 0x7b, 0xc3, 0x2b, 0x20, 0x06, 0x15, 0x20, 0x20, 0x1c, 0x15, 0x29,
    0xeb, 0xe5, 0xe5, 0xeb, 0xf3, 0xeb, 0xe1, 0xb7, 0x96, 0x5f, 0x96, 0xb7, 0xc7, 0xdc, 0xdc, 0xba,
    0xc8, 0x87, 0x7b, 0xd1, 0xd1, 0xe5, 0xe5, 0xe3, 0xe5, 0xe3, 0xeb, 0xf3, 0xf3, 0xf3, 0xe5, 0xe3,
    0x5f, 0x64, 0x64, 0x96, 0x96, 0x56, 0x91, 0x9b, 0xb7, 0xbf, 0xa5, 0xd8, 0xe7, 0xf6, 0xe7, 0xd8,
    0x8e, 0x41, 0x41, 0x7b, 0x8e, 0x7b, 0xc3, 0x2b, 0x20, 0x06, 0x1c, 0x15, 0x20, 0x20, 0x15, 0x64,
    0x76, 0x90, 0x4b, 0x83, 0x90, 0x90, 0x76, 0x67, 0x76, 0x4b, 0x4b, 0x4b, 0x58, 0x36, 0x58, 0xba,
    0xc8, 0x87, 0x7b, 0x65, 0x36, 0x22, 0x22, 0x22, 0x36, 0x4b, 0x3e, 0x3b, 0x36, 0x36, 0x36, 0x36,
    0x5a, 0x36, 0x46, 0x65, 0x36, 0x56, 0x91, 0x9b, 0xb7, 0xbf, 0xa5, 0xd8, 0xe7, 0xf6, 0xe7, 0xd8,
    0x8e, 0x41, 0x41, 0x7b, 0x8e, 0x7b, 0xc3, 0x2b, 0x20, 0x06, 0x15, 0x20, 0x20, 0x20, 0x15, 0x76,
    0x4b, 0x4b, 0x5a, 0x5c, 0x5c, 0x4b, 0xa7, 0x3e, 0x46, 0x3e, 0x58, 0x6f, 0x6f, 0x79, 0x6f, 0xa9,
    0x6f, 0xa9, 0x6f, 0x6f, 0xa9, 0x6f, 0x76, 0x67, 0x6f, 0x5a, 0x4b, 0x46, 0x4b, 0x3e, 0x3e, 0x6f,
    0x4b, 0x6f, 0x6f, 0x4b, 0x4b, 0x46, 0x46, 0x4b, 0x5a, 0x58, 0x3e, 0x4b, 0x58, 0x58, 0xd6, 0xe0,
    0x44, 0x02, 0x02, 0x6f, 0x5c, 0x90, 0xa9, 0x6f, 0x90, 0x58, 0x65, 0x6b, 0x6f, 0x3e, 0x4b, 0x4b,
    0x6f, 0x6d, 0x78, 0x81, 0x7a, 0x8e, 0xa1, 0xa1, 0xbf, 0xbf, 0x8e, 0x54, 0x3a, 0x54, 0x6d, 0x86,
    0xe4, 0xc8, 0x94, 0x7b, 0x7b, 0xd2, 0x6b, 0xd2, 0x9f, 0x6b, 0x38, 0x29, 0xa4, 0x6c, 0x6c, 0x6c,
    0xd2, 0x9f, 0xd2, 0xd2, 0x6b, 0x78, 0x7a, 0x7a, 0xa5, 0xa1, 0x8e, 0xbf, 0xd6, 0xea, 0xc6, 0xb2,
    0x7b, 0x56, 0x39, 0x39, 0x41, 0x41, 0x41, 0x44, 0x15, 0x15, 0x1c, 0x20, 0x1b, 0x1c, 0x2b, 0x9f,
    0xeb, 0xe5, 0xe5, 0xdc, 0xe3, 0xeb, 0xeb, 0xe3, 0xc7, 0xb7, 0x96, 0xb7, 0xc0, 0xfb, 0xf7, 0xf5,
    0xe4, 0xc8, 0x94, 0x7b, 0x7b, 0xd1, 0xdc, 0xdc, 0xdc, 0xdc, 0xe5, 0xe5, 0xeb, 0xf3, 0xeb, 0xdc,
    0x96, 0x5f, 0x5f, 0x5f, 0x5f, 0x96, 0x7a, 0x7a, 0xa5, 0xa1, 0x8e, 0xbf, 0xd6, 0xea, 0xc6, 0xb2,
    0x7b, 0x56, 0x39, 0x39, 0x41, 0x41, 0x41, 0x44, 0x15, 0x15, 0x2b, 0x20, 0x1b, 0x1c, 0x5f, 0x96,
    0x71, 0x76, 0x90, 0xb0, 0x58, 0x4b, 0x76, 0x65, 0x4b, 0x36, 0x22, 0x36, 0x22, 0xfb, 0xf7, 0xf5,
    0xe4, 0xc8, 0x94, 0x7b, 0x75, 0x36, 0x58, 0x46, 0x3e, 0x36, 0x36, 0x46, 0x3e, 0x22, 0x36, 0x36,
    0x90, 0x36, 0x36, 0x6f, 0x65, 0x65, 0x7a, 0x7a, 0xa5, 0xa1, 0x8e, 0xbf, 0xd6, 0xea, 0xc6, 0xb2,
    0x7b, 0x56, 0x39, 0x39, 0x41, 0x41, 0x41, 0x44, 0x15, 0x15, 0x1c, 0x27, 0x20, 0x22, 0x2d, 0x4b,
    0xa7, 0x4b, 0x5a, 0x65, 0x65, 0x5c, 0x5a, 0x3e, 0x5c, 0x5c, 0x3e, 0x6f, 0x4b, 0xa9, 0x6f, 0xa9,
    0x79, 0x76, 0x90, 0xb0, 0x6f, 0xa7, 0x6f, 0x58, 0x5a, 0x58, 0x4b, 0x46, 0x38, 0x29, 0x38, 0x3e,
    0x38, 0x4b, 0x46, 0x46, 0x3e, 0x4b, 0x4b, 0x3e, 0x90, 0x4b, 0x4b, 0x5a, 0x4b, 0xcc, 0xe0, 0xe7,
    0xad, 0x06, 0x02, 0x04, 0x6f, 0x6b, 0x6f, 0x6f, 0xa9, 0x79, 0x6b, 0x65, 0x5c, 0x5a, 0x4b, 0x4b,
    0x4a, 0x5e, 0x84, 0x8a, 0x8a, 0xa1, 0xa1, 0xa1, 0xa1, 0x8e, 0x54, 0x3f, 0x45, 0x5e, 0x86, 0x97,
    0xe7, 0xc3, 0x7b, 0x87, 0xb5, 0x56, 0x9f, 0xd2, 0x6b, 0x46, 0x0f, 0x21, 0x6c, 0x6c, 0x29, 0x29,
    0x6b, 0x9f, 0x9f, 0x6b, 0x46, 0x46, 0x78, 0xa7, 0xa5, 0x8a, 0x7a, 0xbf, 0xd8, 0xe7, 0xc3, 0x8e,
    0x7b, 0x56, 0x2b, 0x1c, 0x56, 0x41, 0x56, 0x41, 0x44, 0x39, 0x2b, 0x2b, 0x15, 0x15, 0x2b, 0xd2,
    0xe5, 0xe5, 0xe3, 0xe5, 0xdc, 0xdc, 0xe5, 0xe5, 0xdc, 0xc7, 0xc7, 0xfb, 0xf5, 0xf1, 0xf5, 0xf5,
    0xe7, 0xc3, 0x7b, 0x87, 0xb5, 0x56, 0xe5, 0xdc, 0xd1, 0xc7, 0xdc, 0xe5, 0xe5, 0xe3, 0xe5, 0xe5,
    0xc0, 0xb7, 0x96, 0x96, 0x5f, 0x5f, 0x89, 0x8e, 0xa5, 0x8a, 0x7a, 0xbf, 0xd8, 0xe7, 0xc3, 0x8e,
    0x7b, 0x56, 0x2b, 0x1c, 0x56, 0x41, 0x56, 0x41, 0x44, 0x39, 0x2b, 0x34, 0x15, 0x5f, 0x96, 0xc0,
    0x76, 0x4b, 0x65, 0x46, 0x22, 0x36, 0x90, 0x36, 0x36, 0x36, 0x22, 0xfb, 0xf5, 0xf1, 0xf5, 0xf5,
    0xe7, 0xc3, 0x7b, 0x87, 0xb5, 0x56, 0x65, 0x4b, 0x36, 0x3e, 0x46, 0x76, 0x3e, 0x36, 0x42, 0x5c,
    0x36, 0x65, 0x76, 0x90, 0x90, 0x76, 0x36, 0x36, 0xa5, 0x8a, 0x7a, 0xbf, 0xd8, 0xe7, 0xc3, 0x8e,
    0x7b, 0x56, 0x2b, 0x1c, 0x56, 0x41, 0x56, 0x41, 0x44, 0x39, 0x2b, 0x25, 0x15, 0x15, 0x36, 0x22,
    0x3e, 0x4b, 0x6f, 0x58, 0x6f, 0x67, 0x5a, 0x6f, 0x65, 0x67, 0x6f, 0x6f, 0x3e, 0x6f, 0x6f, 0x6f,
    0x79, 0x6f, 0x90, 0x6f, 0x58, 0xa7, 0xa7, 0x6f, 0x67, 0x58, 0x4b, 0x46, 0x3e, 0x29, 0x38, 0x38,
    0x29, 0x3e, 0x3e, 0x46, 0x46, 0x4b, 0x4b, 0x5c, 0x6f, 0x5a, 0x58, 0x3e, 0xb2, 0xdb, 0xe4, 0xe9,
    0xba, 0x94, 0x02, 0x02, 0x19, 0x6f, 0xa7, 0x76, 0x67, 0x65, 0x5a, 0x5c, 0x6f, 0x58, 0x4b, 0x46,
    0x45, 0x51, 0x5e, 0x60, 0x7a, 0x8a, 0xa1, 0xa1, 0xa1, 0x74, 0x3f, 0x34, 0x2d, 0x74, 0x86, 0xa1,
    0xfb, 0xcc, 0x56, 0x87, 0x87, 0x87, 0x41, 0x6b, 0x9f, 0x46, 0x46, 0x0f, 0x03, 0x0f, 0x0f, 0x29,
    0x9f, 0x6b, 0x6b, 0xd2, 0x9f, 0xd2, 0x6b, 0x51, 0x7a, 0x81, 0x7a, 0xbf, 0xdd, 0xf6, 0xbf, 0x97,
    0x7b, 0x41, 0x39, 0x2b, 0x41, 0x41, 0x56, 0x78, 0x41, 0x3a, 0x1c, 0x2b, 0x2f, 0x3f, 0xd2, 0x9f,
    0xe3, 0xdc, 0xe5, 0xdc, 0xdc, 0xdc, 0xe3, 0xe5, 0xd6, 0xf5, 0xf5, 0xee, 0xee, 0xee, 0xfb, 0xfe,
    0xfb, 0xcc, 0x56, 0x87, 0x87, 0x87, 0x41, 0xe5, 0xdc, 0xc7, 0xd1, 0xc7, 0xdc, 0xdc, 0xe5, 0xe5,
    0xdc, 0xc7, 0xc7, 0xb7, 0x96, 0x96, 0x96, 0x96, 0x7a, 0x8a, 0x7a, 0xbf, 0xdd, 0xf6, 0xbf, 0x97,
    0x7b, 0x41, 0x39, 0x2b, 0x41, 0x41, 0x56, 0x78, 0x41, 0x44, 0x5f, 0x2b, 0x5f, 0x96, 0xe5, 0xdc,
    0x4b, 0xa9, 0x65, 0x4b, 0x36, 0x76, 0xb0, 0x4b, 0xcc, 0xf5, 0xf5, 0xee, 0xee, 0xee, 0xfb, 0xfe,
    0xfb, 0xcc, 0x56, 0x87, 0x87, 0x87, 0x41, 0x36, 0x2d, 0x2a, 0x36, 0x46, 0x2a, 0x2a, 0x4b, 0x36,
    0x46, 0x36, 0x65, 0x65, 0x4b, 0x36, 0x4b, 0x51, 0x7a, 0x7a, 0x7a, 0xbf, 0xdd, 0xf6, 0xbf, 0x97,
    0x7b, 0x41, 0x39, 0x2b, 0x41, 0x41, 0x56, 0x78, 0x41, 0x45, 0x1c, 0x2b, 0x2f, 0x36, 0x36, 0x38,
    0x3e, 0x4b, 0x58, 0x67, 0xa9, 0x4b, 0x4b, 0x4b, 0x6f, 0x58, 0x6f, 0x9b, 0xa1, 0xe7, 0x6f, 0x6f,
    0x6f, 0xa9, 0x79, 0x6f, 0x6f, 0x79, 0xb0, 0x83, 0x6b, 0x5a, 0x3e, 0x4b, 0x3e, 0x46, 0x3e, 0x32,
    0x29, 0x29, 0x4b, 0x4b, 0x46, 0x3e, 0x5a, 0x5c, 0x5c, 0x5a, 0x58, 0x6d, 0xc3, 0xdb, 0xe4, 0xe9,
    0xc3, 0xd6, 0x62, 0x02, 0x08, 0x2d, 0x6f, 0x6f, 0x58, 0x65, 0x65, 0x5a, 0x5a, 0x58, 0x46, 0x46,
    0x45, 0x45, 0x60, 0x60, 0x45, 0x6d, 0x8a, 0x84, 0x7a, 0x25, 0x25, 0x2b, 0x4a, 0x6d, 0x7a, 0x97,
    0xfe, 0xdb, 0x41, 0x68, 0x7b, 0x59, 0x41, 0x46, 0x6b, 0x29, 0x46, 0x6b, 0x03, 0x03, 0x09, 0x0f,
    0x76, 0x6b, 0xd2, 0xbd, 0xd2, 0xa7, 0x6b, 0x46, 0x78, 0x7a, 0x8e, 0xbf, 0xd8, 0xea, 0xbf, 0x75,
    0x56, 0x39, 0x2b, 0x27, 0x27, 0x41, 0x39, 0x56, 0x78, 0x45, 0x2d, 0x2b, 0x2b, 0xd2, 0x9f, 0xd2,
    0xe5, 0xdc, 0xdc, 0xdc, 0xd1, 0xdc, 0xdc, 0xe5, 0xe4, 0xf5, 0xee, 0xee, 0xe4, 0xf2, 0xfe, 0xfe,
    0xfe, 0xdb, 0x41, 0x68, 0x7b, 0x59, 0x41, 0xdc, 0xe5, 0xe3, 0xd7, 0xc0, 0xc7, 0xc7, 0xc7, 0xd1,
    0xf3, 0xeb, 0xe5, 0xe5, 0xc7, 0xb7, 0xb7, 0x96, 0x96, 0x96, 0x8e, 0xbf, 0xd8, 0xea, 0xbf, 0x75,
    0x56, 0x39, 0x27, 0x27, 0x27, 0x41, 0x39, 0x56, 0x78, 0x3f, 0x3f, 0x96, 0xc0, 0xeb, 0xf3, 0xf3,
    0x4b, 0x58, 0x76, 0xb0, 0x76, 0x67, 0x76, 0x90, 0xe4, 0xf5, 0xee, 0xee, 0xe4, 0xf2, 0xfe, 0xfe,
    0xfe, 0xdb, 0x41, 0x68, 0x7b, 0x59, 0x41, 0x22, 0x22, 0x2a, 0x36, 0x22, 0x22, 0x22, 0x36, 0x36,
    0x58, 0x36, 0x36, 0x22, 0x2a, 0x2a, 0x36, 0x22, 0x22, 0x7a, 0x8e, 0xbf, 0xd8, 0xea, 0xbf, 0x75,
    0x56, 0x41, 0x2b, 0x27, 0x27, 0x41, 0x41, 0x56, 0x78, 0x3f, 0x4b, 0x2b, 0x2b, 0x3b, 0x36, 0x32,
    0x3e, 0x46, 0x58, 0x4b, 0x4b, 0x4b, 0x4b, 0x3e, 0x3e, 0x6f, 0xb2, 0xd8, 0xee, 0xe7, 0xba, 0xa1,
    0x6f, 0x6f, 0x6f, 0x65, 0x6f, 0x5c, 0x67, 0x79, 0x79, 0x58, 0x4b, 0x5a, 0x58, 0x52, 0x46, 0x29,
    0x3e, 0xa7, 0x3e, 0x46, 0x4b, 0x5a, 0x6f, 0x6b, 0x6f, 0x73, 0x5e, 0x9b, 0xcc, 0xe7, 0xe9, 0xdb,
    0xc8, 0xe0, 0xb5, 0x06, 0x02, 0x1b, 0x3b, 0x6f, 0x6f, 0x67, 0x65, 0x65, 0x58, 0x4b, 0x3e, 0x4b,
    0x6b, 0x76, 0x69, 0x5e, 0x78, 0x6d, 0x6d, 0x6d, 0x45, 0x1b, 0x19, 0x2d, 0x3a, 0x8a, 0x9b, 0xa1,
    0xfe, 0xee, 0x7b, 0x56, 0x7b, 0x68, 0x41, 0x41, 0xd2, 0x6b, 0x46, 0x40, 0x46, 0x01, 0x03, 0x52,
    0x6b, 0x9f, 0xd2, 0xd2, 0x9f, 0x9f, 0xd2, 0xd2, 0x9f, 0x78, 0x90, 0x8e, 0xbf, 0xd8, 0xb7, 0x75,
    0x56, 0x44, 0x2b, 0x1c, 0x1c, 0x2b, 0x2b, 0x3b, 0x3b, 0x45, 0x3f, 0x3f, 0x6b, 0xd2, 0xd2, 0x46,
    0xd1, 0xdc, 0xdc, 0xd1, 0xd1, 0xd1, 0xd1, 0xd6, 0xf5, 0xd6, 0xe7, 0xdb, 0xe4, 0xfa, 0xfe, 0xfe,
    0xfe, 0xee, 0x7b, 0x56, 0x7b, 0x68, 0x41, 0x41, 0xdc, 0xe5, 0xdc, 0xe1, 0xc7, 0xc0, 0xc7, 0xc0,
    0xf3, 0xf3, 0xf3, 0xf3, 0xe5, 0xe5, 0xc7, 0xb7, 0x96, 0x96, 0xb7, 0x8e, 0xbf, 0xd8, 0xb7, 0x75,
    0x56, 0x41, 0x1c, 0x1c, 0x1c, 0x1c, 0x2b, 0x66, 0x96, 0x5f, 0x5f, 0xc7, 0xeb, 0xeb, 0xeb, 0xf3,
    0x4b, 0x4b, 0x65, 0x76, 0x4b, 0x65, 0x65, 0xd6, 0xf5, 0xd6, 0xe7, 0xdb, 0xe4, 0xfa, 0xfe, 0xfe,
    0xfe, 0xee, 0x7b, 0x56, 0x7b, 0x68, 0x41, 0x41, 0x22, 0x22, 0x22, 0x13, 0x0f, 0x19, 0x22, 0x36,
    0x58, 0x76, 0x58, 0x42, 0x36, 0x2a, 0x19, 0x19, 0x22, 0x78, 0x90, 0x8e, 0xbf, 0xd8, 0xb7, 0x75,
    0x56, 0x39, 0x2b, 0x1c, 0x1c, 0x2b, 0x2b, 0x51, 0x3b, 0x45, 0x58, 0x3f, 0x36, 0x5a, 0x4b, 0x46,
    0x3e, 0x42, 0x46, 0x3e, 0x4b, 0x58, 0x4b, 0x4b, 0xa1, 0xd8, 0xe0, 0xee, 0xf5, 0xfb, 0xfb, 0xfa,
    0xba, 0x87, 0x6f, 0x58, 0x4b, 0x5a, 0x67, 0x79, 0xa9, 0x76, 0x6b, 0x65, 0x5c, 0x58, 0x4b, 0x4b,
    0x4b, 0x46, 0x46, 0x46, 0x4b, 0x4b, 0x58, 0x5c, 0x6f, 0x6f, 0x8e, 0xb2, 0xdb, 0xe9, 0xe0, 0xcc,
    0xb5, 0xba, 0xd6, 0x62, 0x04, 0x13, 0x22, 0x90, 0x6f, 0x5c, 0x67, 0x5a, 0x58, 0x4b, 0x4b, 0x4b,
    0x6b, 0x6b, 0x6b, 0x69, 0x69, 0x51, 0x51, 0x3a, 0x3b, 0x19, 0x2d, 0x2d, 0x45, 0x86, 0xa1, 0xa1,
    0xfe, 0xfb, 0xb5, 0x41, 0x87, 0x56, 0x41, 0x56, 0x1c, 0x6b, 0x3e, 0x29, 0x46, 0x03, 0x6c, 0x5d,
    0x46, 0x6b, 0xd2, 0xd2, 0x9f, 0xd2, 0x6b, 0x52, 0x6b, 0x9f, 0x8e, 0xb7, 0xbf, 0xb7, 0x8a, 0x75,
    0x4a, 0x45, 0x2b, 0x2b, 0x2b, 0x2b, 0x45, 0x51, 0x29, 0x46, 0xd2, 0x9f, 0x52, 0x52, 0x9f, 0x76,
    0xc0, 0xd1, 0xdc, 0xd1, 0xc7, 0xc0, 0x4a, 0xee, 0xd6, 0xe7, 0xdb, 0xd6, 0xf5, 0xfe, 0xfb, 0xfe,
    0xfe, 0xfb, 0xb5, 0x41, 0x87, 0x56, 0x41, 0x56, 0x1c, 0xe5, 0xeb, 0xe5, 0xe3, 0xd1, 0xc7, 0xc0,
    0xe5, 0xe5, 0xf3, 0xf3, 0xef, 0xf3, 0xe5, 0xdc, 0xb7, 0x96, 0x96, 0xb7, 0xbf, 0xb7, 0x8a, 0x75,
    0x4a, 0x45, 0xb7, 0x1c, 0x1c, 0x2b, 0x5f, 0x5f, 0x96, 0x96, 0xc0, 0xd1, 0xd1, 0xe5, 0xe5, 0xe5,
    0x2a, 0x36, 0x46, 0x65, 0x4b, 0x4b, 0x4a, 0xee, 0xd6, 0xe7, 0xdb, 0xd6, 0xf5, 0xfe, 0xfb, 0xfe,
    0xfe, 0xfb, 0xb5, 0x41, 0x87, 0x56, 0x41, 0x56, 0x1c, 0x22, 0x0f, 0x0f, 0x19, 0x0f, 0x2a, 0x36,
    0x36, 0x58, 0x4b, 0x36, 0x36, 0x22, 0x19, 0x19, 0x0f, 0x22, 0x22, 0xb7, 0xbf, 0xb7, 0x8a, 0x75,
    0x4a, 0x45, 0x2b, 0x2b, 0x2b, 0x2b, 0x4b, 0x51, 0x90, 0x67, 0x6b, 0x90, 0x90, 0x67, 0x58, 0x3e,
    0x3e, 0x46, 0x4b, 0x3e, 0x6f, 0x58, 0x4b, 0xd6, 0xf1, 0xf1, 0xee, 0xf5, 0xfa, 0xfb, 0xfb, 0xfc,
    0xfd, 0xfa, 0xba, 0x87, 0x56, 0x4b, 0x6f, 0x6f, 0x6f, 0x67, 0x5a, 0x5c, 0x5a, 0x58, 0x4b, 0x4b,
    0x58, 0x3e, 0x4b, 0x4b, 0x3e, 0x4b, 0x58, 0x6f, 0x60, 0x45, 0x8e, 0xd6, 0xe9, 0xe4, 0xcc, 0xa2,
    0xad, 0xb5, 0xb5, 0xb5, 0x1c, 0x04, 0x13, 0x19, 0x22, 0x6f, 0x6f, 0x58, 0x4b, 0x46, 0x46, 0x4b,
    0x67, 0x65, 0x6b, 0x91, 0x69, 0x5c, 0x60, 0x69, 0x45, 0x3a, 0x2d, 0x3a, 0x86, 0x97, 0xa1, 0xa1,
    0xfa, 0xf5, 0xdb, 0x41, 0x56, 0x87, 0x56, 0x56, 0x1c, 0x1c, 0x46, 0x46, 0x29, 0x0f, 0x29, 0x6c,
    0x9f, 0x6b, 0x67, 0x9f, 0x9f, 0x9f, 0x46, 0x52, 0x29, 0x6b, 0x5a, 0x69, 0xb7, 0x8e, 0x78, 0x7a,
    0x4a, 0x51, 0x45, 0x2b, 0x2b, 0x51, 0x90, 0x90, 0x6c, 0x0f, 0x46, 0x6b, 0x29, 0x29, 0x52, 0x65,
    0xc7, 0xd1, 0xdc, 0xe3, 0xdc, 0x4a, 0xb2, 0xb2, 0xee, 0xdb, 0xc3, 0xdb, 0xf6, 0xfb, 0xfe, 0xfb,
    0xfa, 0xf5, 0xdb, 0x41, 0x56, 0x87, 0x56, 0x56, 0x1c, 0x1c, 0xdc, 0xe5, 0xeb, 0xe3, 0xdc, 0xdc,
    0xd1, 0xe5, 0xe1, 0xf3, 0xeb, 0xeb, 0xe5, 0xdc, 0xd1, 0xb7, 0x96, 0x96, 0xb7, 0x93, 0x78, 0x7a,
    0x55, 0x51, 0xb7, 0xb7, 0x2b, 0xc7, 0x96, 0x5f, 0x5f, 0x96, 0xb7, 0xc7, 0xdc, 0xc7, 0xc0, 0xd1,
    0x2a, 0x2a, 0x36, 0x4b, 0x51, 0x4a, 0xb2, 0xb2, 0xee, 0xdb, 0xc3, 0xdb, 0xf6, 0xfb, 0xfe, 0xfb,
    0xfa, 0xf5, 0xdb, 0x41, 0x56, 0x87, 0x56, 0x56, 0x1c, 0x27, 0x19, 0x0f, 0x0f, 0x2a, 0x36, 0x36,
    0x22, 0x36, 0x36, 0x36, 0x22, 0x2a, 0x0f, 0x0f, 0x22, 0x22, 0x22, 0x0f, 0xb7, 0x8e, 0x78, 0x7a,
    0x4a, 0x51, 0x45, 0x2b, 0x2b, 0x51, 0x42, 0x4b, 0x76, 0x4b, 0x46, 0x65, 0x76, 0x5a, 0x3e, 0x36,
    0x58, 0x3e, 0x3e, 0x6f, 0x6f, 0x58, 0xd6, 0xf4, 0xf2, 0xf4, 0xf4, 0xf5, 0xfa, 0xfb, 0xfa, 0xfd,
    0xfb, 0xfa, 0xf1, 0xee, 0xba, 0x87, 0x56, 0x59, 0x6f, 0x6f, 0x58, 0x58, 0x6b, 0x58, 0x3e, 0x4b,
    0x83, 0x4b, 0x4b, 0x4b, 0x4b, 0xb0, 0x51, 0x45, 0x45, 0x6d, 0xb9, 0xe4, 0xe7, 0xcc, 0x8e, 0x8e,
    0x94, 0xa2, 0xad, 0xb5, 0x68, 0x06, 0x13, 0x08, 0x13, 0x1b, 0x4b, 0x58, 0x4b, 0x3e, 0x4b, 0x4b,
    0x65, 0x5a, 0x58, 0x3e, 0x5a, 0x5c, 0x5a, 0x51, 0x45, 0x2d, 0x45, 0x6d, 0xa1, 0xa1, 0xa1, 0xa1,
    0xfa, 0xfb, 0xf5, 0x56, 0x1c, 0x7b, 0x75, 0x87, 0x41, 0x1c, 0x29, 0x0f, 0x0f, 0x0f, 0x29, 0x29,
    0x6b, 0x9f, 0x29, 0x32, 0x6b, 0x9f, 0x9f, 0x6b, 0x29, 0x40, 0x4b, 0x6b, 0x0f, 0x8a, 0x7a, 0x44,
    0x4a, 0x60, 0x6c, 0x3b, 0x51, 0xa4, 0x9d, 0xd0, 0x71, 0x6c, 0x0f, 0x0f, 0x29, 0x9f, 0x46, 0x46,
    0xe3, 0xe5, 0xdc, 0xeb, 0xeb, 0x78, 0xc3, 0xee, 0xd6, 0xb2, 0xc3, 0xe9, 0xf6, 0xfb, 0xfb, 0xf5,
    0xfa, 0xfb, 0xf5, 0x56, 0x1c, 0x7b, 0x75, 0x87, 0x41, 0x1c, 0xc0, 0xd1, 0xdc, 0xe5, 0xe3, 0xe5,
    0xc7, 0xc0, 0xc7, 0xdc, 0xeb, 0xe5, 0xeb, 0xeb, 0xe5, 0xd1, 0xc0, 0xb7, 0x96, 0x8a, 0x7a, 0x44,
    0x55, 0x51, 0xc2, 0xe5, 0xc7, 0xf3, 0xc7, 0x96, 0x5f, 0x5f, 0x96, 0xc0, 0xd1, 0xdc, 0xc7, 0xc0,
    0x22, 0x36, 0x36, 0x36, 0x36, 0x78, 0xc3, 0xee, 0xd6, 0xb2, 0xc3, 0xe9, 0xf6, 0xfb, 0xfb, 0xf5,
    0xfa, 0xfb, 0xf5, 0x56, 0x1c, 0x7b, 0x75, 0x87, 0x41, 0x1c, 0x22, 0x22, 0x22, 0x3e, 0x46, 0x36,
    0x2a, 0x22, 0x3e, 0x4b, 0x4b, 0x3e, 0x22, 0x36, 0x36, 0x22, 0x2a, 0x2a, 0x22, 0x8a, 0x7a, 0x44,
    0x4a, 0x51, 0x51, 0x51, 0x51, 0x4b, 0x36, 0x42, 0x46, 0x36, 0x3e, 0x36, 0x76, 0x5a, 0x3e, 0x22,
    0x58, 0x58, 0x58, 0x4b, 0x4b, 0xb5, 0xee, 0xf1, 0xf1, 0xf4, 0xf6, 0xf6, 0xfa, 0xfb, 0xfd, 0xfd,
    0xfc, 0xf5, 0xe7, 0xe9, 0xee, 0xd8, 0xa2, 0x56, 0x56, 0x56, 0x56, 0xa7, 0x6b, 0x58, 0x3e, 0xb0,
    0xb0, 0x58, 0x4b, 0x4b, 0x6b, 0x58, 0x45, 0x3f, 0x5e, 0xb9, 0xdb, 0xe0, 0xdb, 0x8e, 0x7a, 0xa1,
    0x7a, 0xb5, 0xad, 0x7b, 0x87, 0x39, 0x04, 0x13, 0x04, 0x13, 0x25, 0x36, 0x58, 0x4b, 0x58, 0x5c,
    0x4b, 0x58, 0x6f, 0x4b, 0x6f, 0x6f, 0x60, 0x60, 0x51, 0x45, 0x8a, 0xa1, 0x97, 0xa1, 0x97, 0x9b,
    0xe9, 0xf5, 0xf5, 0xba, 0x1c, 0x56, 0x56, 0x7b, 0x41, 0x1c, 0x2b, 0xa4, 0x0f, 0xa4, 0x6c, 0x71,
    0x9f, 0x46, 0x0f, 0x21, 0x29, 0x9f, 0x6b, 0x29, 0x46, 0x52, 0x46, 0x46, 0x03, 0x78, 0x45, 0x47,
    0x51, 0x51, 0x51, 0x6c, 0x6c, 0x6c, 0xa4, 0x29, 0x29, 0x6c, 0x03, 0x0f, 0x9f, 0x6b, 0x52, 0x46,
    0xdc, 0xe5, 0xe3, 0xeb, 0xf3, 0xbf, 0xf5, 0xdb, 0xdb, 0xc3, 0xe7, 0xf5, 0xe7, 0xfb, 0xfb, 0xe7,
    0xe9, 0xf5, 0xf5, 0xba, 0x1c, 0x56, 0x56, 0x7b, 0x41, 0x1c, 0x2b, 0xc7, 0xd1, 0xdc, 0xdc, 0xdc,
    0xd1, 0xc0, 0xb7, 0xc7, 0xdc, 0xe5, 0xeb, 0xe3, 0xe5, 0xdc, 0xd1, 0xd1, 0xc7, 0xb7, 0x44, 0x55,
    0x51, 0xc7, 0xc7, 0xeb, 0xe5, 0xeb, 0xdc, 0xc7, 0x96, 0x5f, 0x5f, 0x96, 0xc7, 0xdc, 0xd7, 0xc7,
    0x36, 0x4b, 0x36, 0x36, 0x4b, 0xbf, 0xf5, 0xdb, 0xdb, 0xc3, 0xe7, 0xf5, 0xe7, 0xfb, 0xfb, 0xe7,
    0xe9, 0xf5, 0xf5, 0xba, 0x1c, 0x56, 0x56, 0x7b, 0x41, 0x1c, 0x1c, 0x22, 0x36, 0x46, 0x65, 0x4b,
    0x3e, 0x36, 0x4b, 0x4b, 0x65, 0x58, 0x3e, 0x36, 0x3e, 0x36, 0x36, 0x22, 0x3b, 0x78, 0x44, 0x4a,
    0x51, 0x51, 0x4b, 0x51, 0x4b, 0x58, 0x4b, 0x58, 0x36, 0x5a, 0x4b, 0x36, 0x76, 0x6f, 0x4b, 0x22,
    0x5a, 0x5a, 0x58, 0x4b, 0x58, 0xe4, 0xf4, 0xf1, 0xf1, 0xf2, 0xfa, 0xf5, 0xf4, 0xfc, 0xfd, 0xfd,
    0xfc, 0xfa, 0xf2, 0xe9, 0xdb, 0xba, 0x87, 0xa2, 0x87, 0x56, 0x39, 0x2b, 0x58, 0x5c, 0x65, 0x67,
    0x4b, 0x6f, 0x6f, 0x58, 0xb0, 0x4a, 0x3f, 0x45, 0xb2, 0xc8, 0xdb, 0xdb, 0xb9, 0x7a, 0x86, 0x9b,
    0x56, 0xb5, 0x94, 0x87, 0xad, 0x87, 0x06, 0x04, 0x13, 0x08, 0x13, 0x3e, 0x42, 0x4b, 0x4b, 0x6f,
    0x4b, 0x3e, 0x5a, 0x6f, 0x6b, 0x60, 0x51, 0x69, 0x6d, 0x6d, 0x7a, 0x8a, 0xa1, 0x7a, 0x86, 0xa1,
    0xdb, 0xee, 0xee, 0xdb, 0x41, 0x1c, 0x56, 0x56, 0x56, 0x1c, 0x1c, 0x1c, 0xa4, 0x65, 0xa4, 0x65,
    0x46, 0x40, 0x46, 0x29, 0x0f, 0x6b, 0x21, 0x0f, 0x0f, 0x9f, 0x32, 0x29, 0x0f, 0x0f, 0x4a, 0x45,
    0x36, 0x51, 0x6c, 0x6c, 0x3d, 0x0f, 0x0f, 0x29, 0x32, 0x6c, 0x03, 0x0f, 0x29, 0x46, 0x46, 0x46,
    0xd1, 0xdc, 0xe1, 0xdc, 0x8e, 0xee, 0xdb, 0xe4, 0xe4, 0xe4, 0xfb, 0xfb, 0xf4, 0xfe, 0xfb, 0xe9,
    0xdb, 0xee, 0xee, 0xdb, 0x41, 0x1c, 0x56, 0x56, 0x56, 0x1c, 0x1c, 0x1c, 0xdc, 0xdc, 0xdc, 0xdc,
    0xd7, 0xc7, 0xc0, 0xb7, 0xc7, 0xdc, 0xd1, 0xdc, 0xdc, 0xd1, 0xc7, 0xd1, 0xc7, 0xc7, 0xb7, 0x3f,
    0x3b, 0xc7, 0xeb, 0xeb, 0xf3, 0xf3, 0xef, 0xe5, 0xd1, 0x96, 0x96, 0x96, 0x96, 0xc7, 0xe5, 0xe1,
    0x6f, 0x5a, 0x4b, 0x4b, 0x8e, 0xee, 0xdb, 0xe4, 0xe4, 0xe4, 0xfb, 0xfb, 0xf4, 0xfe, 0xfb, 0xe9,
    0xdb, 0xee, 0xee, 0xdb, 0x41, 0x1c, 0x56, 0x56, 0x56, 0x1c, 0x1c, 0x1c, 0x36, 0x3e, 0x58, 0x36,
    0x36, 0x67, 0x6f, 0x46, 0x76, 0x5c, 0x36, 0x36, 0x4b, 0x3e, 0x22, 0x22, 0x36, 0x3e, 0x22, 0x3f,
    0x3b, 0x51, 0x51, 0x5a, 0x58, 0x4b, 0x76, 0x76, 0x4b, 0x76, 0x90, 0xb0, 0x90, 0x79, 0x6f, 0x36,
    0x65, 0x58, 0x6f, 0x3e, 0xdb, 0xf4, 0xf1, 0xf1, 0xf0, 0xf0, 0xf4, 0xee, 0xfb, 0xfd, 0xfe, 0xfe,
    0xfc, 0xfa, 0xf5, 0xee, 0xe0, 0xba, 0xa2, 0x87, 0x44, 0x41, 0x39, 0x2b, 0x44, 0x6f, 0x58, 0x6f,
    0x65, 0x5a, 0x58, 0x4b, 0x45, 0x3f, 0x45, 0x7a, 0xb9, 0xd6, 0xcc, 0xd6, 0x8e, 0x5e, 0x8e, 0x97,
    0x39, 0x7b, 0x87, 0x94, 0xb5, 0xb5, 0x41, 0x13, 0x04, 0x08, 0x04, 0x2d, 0x42, 0x4b, 0x6f, 0xb0,
    0x58, 0x58, 0x5c, 0x5a, 0x5a, 0x60, 0x51, 0x5e, 0x6d, 0x68, 0x7a, 0x8a, 0xa1, 0x86, 0x7a, 0x9b,
    0xa2, 0xba, 0xc3, 0xba, 0x87, 0x1c, 0x41, 0x41, 0x41, 0x27, 0x1c, 0x1c, 0x19, 0x6c, 0x38, 0x29,
    0x46, 0x46, 0x29, 0x29, 0x29, 0x46, 0x0f, 0x03, 0x05, 0x0f, 0x17, 0x0f, 0x29, 0x0f, 0x29, 0x44,
    0x0f, 0xa4, 0x29, 0x29, 0x32, 0x6c, 0x0f, 0x0f, 0x29, 0x29, 0x29, 0x6c, 0x29, 0x0f, 0x32, 0x29,
    0xe5, 0xe1, 0xd1, 0xd1, 0xba, 0xd8, 0xe4, 0xe7, 0xe7, 0xce, 0xfb, 0xce, 0xee, 0xf5, 0xfb, 0xd6,
    0xa2, 0xba, 0xc3, 0xba, 0x87, 0x1c, 0x41, 0x41, 0x41, 0x27, 0x1c, 0x1c, 0x1c, 0xe5, 0xeb, 0xe5,
    0xe3, 0xdc, 0xd1, 0xb7, 0xb7, 0xc7, 0xdc, 0xd1, 0xd1, 0xd1, 0xc0, 0xc7, 0xc7, 0xd1, 0xd1, 0xb7,
    0xc0, 0xdc, 0xdc, 0xeb, 0xeb, 0xeb, 0xf3, 0xeb, 0xe5, 0xdc, 0xb7, 0x96, 0x96, 0xb7, 0xc7, 0xe5,
    0x58, 0x5a, 0x6b, 0x76, 0xba, 0xd8, 0xe4, 0xe7, 0xe7, 0xce, 0xfb, 0xce, 0xee, 0xf5, 0xfb, 0xd6,
    0xa2, 0xba, 0xc3, 0xba, 0x87, 0x1c, 0x41, 0x41, 0x41, 0x27, 0x1c, 0x1c, 0x22, 0x58, 0x32, 0x46,
    0x67, 0x76, 0x90, 0x65, 0x58, 0x76, 0x5a, 0x4b, 0x36, 0x4b, 0x4b, 0x4b, 0x65, 0x52, 0x32, 0x44,
    0x58, 0x58, 0x65, 0x76, 0x46, 0x65, 0x76, 0x65, 0x65, 0x36, 0x36, 0x4b, 0x65, 0x76, 0x90, 0x6f,
    0x6f, 0x6f, 0x90, 0xdb, 0xf4, 0xf1, 0xee, 0xf0, 0xf4, 0xee, 0xe4, 0xf5, 0xfc, 0xfe, 0xfe, 0xfe,
    0xfd, 0xfa, 0xfa, 0xf1, 0xe4, 0xdb, 0xc3, 0xa2, 0x44, 0x41, 0x1c, 0x39, 0x2b, 0x39, 0x44, 0x58,
    0x65, 0x6b, 0x5a, 0x58, 0x2f, 0x3a, 0x6d, 0x8e, 0xa1, 0xbf, 0xd6, 0xcc, 0x8e, 0x6d, 0x7a, 0x9b,
    0x15, 0x7b, 0x7b, 0x87, 0x94, 0x87, 0x68, 0x2b, 0x13, 0x13, 0x13, 0x19, 0x6f, 0x6f, 0xa9, 0x6f,
    0x58, 0x5a, 0x65, 0x67, 0x6b, 0x6b, 0x60, 0x74, 0x6d, 0x6d, 0x8a, 0x8a, 0x81, 0x81, 0x7a, 0x9b,
    0xa2, 0xa2, 0xdb, 0xba, 0x7b, 0x7b, 0x1c, 0x7b, 0x41, 0x1c, 0x1c, 0x1c, 0x06, 0x15, 0x29, 0x29,
    0x29, 0x29, 0x29, 0x0f, 0x03, 0x17, 0x17, 0x0f, 0x03, 0x03, 0x0f, 0x6c, 0x6c, 0xa4, 0x6c, 0x6c,
    0x0f, 0x6c, 0x29, 0x0f, 0x6c, 0x03, 0x0f, 0x0f, 0x29, 0x0f, 0x6c, 0x6c, 0xa4, 0xa4, 0x29, 0x29,
    0xe5, 0xe5, 0xdc, 0xbf, 0x8e, 0xd8, 0xea, 0xd8, 0xc6, 0xa5, 0xe7, 0xce, 0xee, 0xee, 0xf5, 0xd6,
    0xa2, 0xa2, 0xdb, 0xba, 0x7b, 0x7b, 0x1c, 0x7b, 0x41, 0x1c, 0x1c, 0x1c, 0x06, 0x1c, 0xe5, 0xe5,
    0xe5, 0xdc, 0xdc, 0xc7, 0xc0, 0xc0, 0xc0, 0xc7, 0xdc, 0xd1, 0xd1, 0xc0, 0xc0, 0xc0, 0xc0, 0xc7,
    0xc7, 0xd1, 0xdc, 0xe5, 0xe3, 0xeb, 0xeb, 0xeb, 0xe6, 0xe5, 0xdc, 0xc0, 0xb7, 0x96, 0xb7, 0xc7,
    0x58, 0x65, 0x36, 0xbf, 0x8e, 0xd8, 0xea, 0xd8, 0xc6, 0xa5, 0xe7, 0xce, 0xee, 0xee, 0xf5, 0xd6,
    0xa2, 0xa2, 0xdb, 0xba, 0x7b, 0x7b, 0x1c, 0x7b, 0x41, 0x1c, 0x1c, 0x1c, 0x06, 0x19, 0x46, 0x32,
    0x76, 0x4b, 0x36, 0x36, 0x4b, 0x4b, 0x76, 0x36, 0x5a, 0x76, 0xbd, 0x90, 0x76, 0x5a, 0x46, 0x32,
    0x58, 0x65, 0x36, 0x36, 0x2a, 0x22, 0x36, 0x46, 0x2a, 0x2a, 0x22, 0x3e, 0x42, 0x4b, 0x36, 0x36,
    0x6f, 0x6f, 0xd6, 0xe4, 0xe9, 0xee, 0xf2, 0xf4, 0xe4, 0xd8, 0xf0, 0xfb, 0xfd, 0xfe, 0xfe, 0xfe,
    0xfe, 0xfe, 0xfd, 0xf4, 0xdb, 0xcc, 0xcc, 0xba, 0x87, 0x56, 0x1c, 0x1c, 0x2b, 0x20, 0x06, 0x19,
    0x6b, 0x5c, 0x6f, 0x45, 0x3f, 0x45, 0x7a, 0x8e, 0x9b, 0xbf, 0xd8, 0xb6, 0x8e, 0x86, 0x86, 0xa1,
    0x06, 0x56, 0x75, 0xa1, 0x97, 0x8e, 0x87, 0x59, 0x15, 0x13, 0x08, 0x04, 0x2d, 0x6f, 0x6f, 0xa7,
    0x5a, 0x65, 0x65, 0x6f, 0x6b, 0x58, 0x69, 0x4a, 0x60, 0x5e, 0x6d, 0x6d, 0x81, 0x84, 0x8a, 0x9b,
    0xa2, 0xa2, 0xa2, 0xa2, 0x41, 0x7b, 0x7b, 0x7b, 0x68, 0x68, 0x56, 0x1c, 0x15, 0x06, 0x1c, 0x6c,
    0x0f, 0x29, 0x29, 0x65, 0x6c, 0x0f, 0x0f, 0x46, 0x46, 0x29, 0x6c, 0xa4, 0xa4, 0x6c, 0x6c, 0x6c,
    0x6c, 0x29, 0x29, 0x29, 0x0f, 0x0f, 0x0f, 0x03, 0x0f, 0x0f, 0x29, 0xa4, 0xa4, 0x6c, 0x6c, 0xa4,
    0xd1, 0xd1, 0x8e, 0x8e, 0xc6, 0xe7, 0xbf, 0xbf, 0xc6, 0xce, 0xb5, 0xa5, 0xe7, 0xfe, 0xd6, 0xd6,
    0xa2, 0xa2, 0xa2, 0xa2, 0x41, 0x7b, 0x7b, 0x7b, 0x68, 0x68, 0x56, 0x1c, 0x15, 0x06, 0x1c, 0xdc,
    0xe5, 0xe5, 0xe3, 0xdc, 0xd1, 0xc0, 0xb7, 0xc0, 0xc7, 0xdc, 0xd7, 0xd1, 0xc7, 0xc0, 0xc0, 0xc0,
    0xc7, 0xc7, 0xd1, 0xd1, 0xdc, 0xe5, 0xe5, 0xeb, 0xe5, 0xeb, 0xe5, 0xe3, 0xdc, 0xc0, 0xb7, 0xb7,
    0x58, 0x36, 0x8e, 0x8e, 0xc6, 0xe7, 0xbf, 0xbf, 0xc6, 0xce, 0xb5, 0xa5, 0xe7, 0xfe, 0xd6, 0xd6,
    0xa2, 0xa2, 0xa2, 0xa2, 0x41, 0x7b, 0x7b, 0x7b, 0x68, 0x68, 0x56, 0x1c, 0x15, 0x06, 0x1c, 0x46,
    0x36, 0x22, 0x36, 0x22, 0x36, 0x42, 0x58, 0x65, 0x76, 0x4b, 0x4b, 0x58, 0x58, 0x58, 0x52, 0x4b,
    0x58, 0x3e, 0x36, 0x2a, 0x22, 0x22, 0x22, 0x22, 0x2a, 0x36, 0x3e, 0x42, 0x42, 0x36, 0x2a, 0x22,
    0x6f, 0xd6, 0xe0, 0xe7, 0xee, 0xf1, 0xf4, 0xea, 0xb9, 0xd8, 0xf6, 0xfc, 0xfe, 0xfe, 0xfe, 0xfe,
    0xfe, 0xfe, 0xf0, 0xce, 0xb5, 0xa2, 0x94, 0x87, 0x87, 0x56, 0x1c, 0x1c, 0x1c, 0x41, 0x1c, 0x02,
    0x6f, 0x6f, 0x2f, 0x22, 0x45, 0x74, 0x6d, 0x97, 0xb6, 0xc6, 0xd8, 0xb2, 0x7a, 0x84, 0x7a, 0x9b,
    0x13, 0x15, 0x7a, 0x9b, 0x97, 0x87, 0x87, 0x7b, 0x39, 0x15, 0x13, 0x02, 0x22, 0x6f, 0x90, 0x79,
    0x5a, 0x6f, 0x5a, 0x58, 0x4b, 0x9f, 0x51, 0x69, 0x60, 0x60, 0x6d, 0x74, 0x8a, 0x88, 0x8a, 0x84,
    0x56, 0x41, 0x56, 0x87, 0x87, 0x8e, 0x94, 0x94, 0xa2, 0xba, 0x7a, 0x04, 0x06, 0x06, 0x1c, 0x15,
    0x15, 0x06, 0x44, 0x8e, 0x75, 0x7a, 0x7b, 0x75, 0x56, 0x41, 0x15, 0x04, 0x04, 0x90, 0x5c, 0x6f,
    0x58, 0x4b, 0x65, 0x65, 0x5c, 0x4b, 0x4b, 0x51, 0x51, 0x60, 0x6d, 0x74, 0x84, 0x81, 0x84, 0x7a,
    0x6d, 0x7a, 0x6d, 0x6d, 0x7a, 0x84, 0x86, 0xa1, 0xa1, 0xa1, 0x9b, 0x6d, 0x39, 0x20, 0x15, 0x41,
    0x59, 0x27, 0x06, 0x15, 0x13, 0x25, 0x2d, 0x2d, 0x2d, 0x36, 0x2d, 0x45, 0x3a, 0x2d, 0x22, 0x3b,
    0x4b, 0x4b, 0x5c, 0x4b, 0xa1, 0x8a, 0xa1, 0x9b, 0xb9, 0xea, 0xf4, 0xf4, 0xa1, 0xbf, 0xea, 0xea,
    0xee, 0xad, 0xad, 0xba, 0xad, 0x8e, 0x8e, 0x13, 0x15, 0x04, 0x2b, 0x13, 0x8e, 0x5c, 0x5a, 0x67,
    0x2b, 0x44, 0x8e, 0x59, 0x41, 0x56, 0x87, 0x87, 0x7b, 0x59, 0x59, 0x56, 0x56, 0x06, 0xa7, 0x3e,
    0x4b, 0x87, 0x8e, 0x5c, 0x5c, 0xcc, 0xcc, 0xb2, 0xad, 0x8e, 0x8e, 0xe9, 0xf4, 0xf4, 0xe4, 0xad,
    0x3e, 0xad, 0xa2, 0x51, 0x3f, 0x86, 0x9b, 0x9b, 0xb9, 0xd8, 0xb9, 0x9b, 0x44, 0x44, 0x6d, 0x6d,
    0x15, 0x15, 0x44, 0x9b, 0x7b, 0x56, 0x7b, 0x75, 0x59, 0x3f, 0x2b, 0x13, 0x8e, 0x90, 0x4b, 0x67,
    0xdb, 0xad, 0xcc, 0xcc, 0x7b, 0xa1, 0x8e, 0x06, 0x06, 0x7b, 0x2b, 0x06, 0x15, 0x1c, 0x1c, 0x20,
    0x56, 0x39, 0x13, 0xa1, 0x87, 0xb9, 0xa1, 0x9b, 0x9b, 0xd6, 0xe4, 0xee, 0xfb, 0xfe, 0xe7, 0xad,
    0x13, 0x13, 0x13, 0x39, 0x3e, 0x4b, 0x5c, 0x6b, 0x65, 0x5a, 0x65, 0x67, 0x6f, 0x90, 0x4b, 0x67,
    0x3e, 0x6f, 0x79, 0x79, 0x6f, 0x90, 0x90, 0x79, 0x6f, 0x5c, 0x5c, 0x13, 0x13, 0x8e, 0x7b, 0x7b,
    0x87, 0x87, 0x87, 0x6f, 0x5c, 0x4b, 0x46, 0x46, 0x42, 0x3e, 0x4b, 0x5c, 0xa7, 0xa7, 0x5c, 0xb0,
    0x44, 0x68, 0x87, 0x7a, 0x86, 0x94, 0xa2, 0x8e, 0xa2, 0xa2, 0x87, 0x06, 0x02, 0x06, 0x15, 0x15,
    0x15, 0x15, 0x39, 0x7a, 0x6d, 0x6d, 0x8e, 0x7a, 0x7a, 0x56, 0x39, 0x13, 0x02, 0x04, 0x6f, 0x79,
    0x5a, 0x65, 0x67, 0x6f, 0x58, 0x46, 0x4b, 0x4b, 0x69, 0x45, 0x7a, 0x6d, 0x8a, 0x8a, 0x6d, 0x7a,
    0x5e, 0x5e, 0x5e, 0x60, 0x54, 0x6d, 0x86, 0xa1, 0x9b, 0xa1, 0xa1, 0x6d, 0x2b, 0x13, 0x1c, 0x2b,
    0x1c, 0x20, 0x1c, 0x1b, 0x13, 0x22, 0x2d, 0x2d, 0x3b, 0x22, 0x51, 0x36, 0x2d, 0x3b, 0x22, 0x51,
    0x4b, 0x3e, 0x46, 0x3e, 0x58, 0x58, 0xa1, 0xa1, 0xa1, 0xb2, 0xf2, 0x9b, 0xa1, 0xb9, 0xb9, 0xd8,
    0xd6, 0xad, 0xa1, 0xb2, 0xb2, 0x8e, 0x8e, 0x87, 0x8e, 0x13, 0x8e, 0x2d, 0x42, 0x46, 0x4b, 0x6f,
    0x02, 0x02, 0x87, 0x59, 0x1c, 0x41, 0x41, 0x59, 0x87, 0x8e, 0x56, 0x3e, 0x59, 0x3e, 0xa7, 0x3e,
    0x5a, 0x5c, 0x67, 0x6f, 0x5c, 0xa1, 0x3e, 0xcc, 0xa2, 0xa1, 0x8e, 0xf4, 0xf4, 0xe4, 0xd6, 0xa2,
    0x3e, 0xad, 0x7a, 0x6d, 0x84, 0x8a, 0xb2, 0x9b, 0xb9, 0xb9, 0x8e, 0xe4, 0xe9, 0xfe, 0xfe, 0xfe,
    0x7b, 0x7b, 0x44, 0x22, 0x44, 0x06, 0x8a, 0x7a, 0x6d, 0x44, 0x2f, 0x13, 0x04, 0x6f, 0x6f, 0x6f,
    0xa1, 0x68, 0x56, 0xcc, 0x8e, 0xcc, 0x2b, 0x15, 0x06, 0x06, 0x56, 0x1c, 0x06, 0x15, 0x20, 0x20,
    0x2b, 0x2b, 0x56, 0x59, 0xa1, 0x7a, 0x8a, 0xb2, 0xd6, 0xce, 0xb2, 0xee, 0xfb, 0xfb, 0xe7, 0xcc,
    0x7b, 0x7b, 0x39, 0x13, 0x06, 0xa7, 0xa7, 0x4b, 0x4b, 0x4b, 0x6f, 0x6f, 0x6f, 0x6f, 0x79, 0x6f,
    0x3e, 0xa9, 0x6f, 0x6f, 0xb0, 0x6f, 0x90, 0x73, 0x6f, 0x5c, 0x8e, 0xe4, 0xe9, 0xfe, 0xfe, 0xfe,
    0xba, 0xc3, 0x87, 0x56, 0x56, 0x3e, 0x42, 0x3e, 0x4b, 0x3e, 0xa9, 0x4b, 0xa7, 0xa7, 0x6f, 0xa2,
    0x68, 0x68, 0x7b, 0x87, 0x87, 0x7a, 0xb2, 0xb5, 0xa2, 0x7b, 0x87, 0x39, 0x02, 0x06, 0x15, 0x15,
    0x15, 0x13, 0x2d, 0x44, 0x7a, 0x7a, 0x6d, 0x7a, 0x7a, 0x47, 0x3f, 0x25, 0x13, 0x04, 0x22, 0xa9,
    0x4b, 0x6f, 0x6f, 0x4b, 0x4b, 0x46, 0x3e, 0x4b, 0x51, 0x4a, 0x4a, 0x5e, 0x6d, 0x60, 0x60, 0x60,
    0x5e, 0x6d, 0x6d, 0x54, 0x45, 0x6d, 0x7a, 0xa1, 0x8e, 0x93, 0xa1, 0x54, 0x15, 0x13, 0x06, 0x06,
    0x1c, 0x2b, 0x2b, 0x13, 0x13, 0x22, 0x2d, 0x2d, 0x2d, 0x2d, 0x22, 0x2d, 0x36, 0x19, 0x2d, 0x36,
    0x4b, 0x4b, 0x5a, 0x5c, 0x5c, 0x5a, 0x69, 0x8a, 0x86, 0xa1, 0xbf, 0x9b, 0xa1, 0xa1, 0xa1, 0xad,
    0xad, 0x87, 0x8e, 0x86, 0x8e, 0x7a, 0x7b, 0xa2, 0x2d, 0x8e, 0x5a, 0x4b, 0x4b, 0x3e, 0x3e, 0x6f,
    0x41, 0x02, 0x06, 0x2b, 0x1c, 0x1c, 0x41, 0x39, 0x7b, 0x59, 0x41, 0x3e, 0x6f, 0x3e, 0x4b, 0x4b,
    0x4b, 0x6f, 0x6f, 0x4b, 0x4b, 0x4b, 0x5c, 0x5c, 0x8e, 0x8e, 0xc8, 0xfb, 0xf4, 0xe0, 0xcc, 0xd6,
    0x2d, 0x6d, 0x7a, 0x7a, 0x6d, 0x8a, 0x8a, 0xb2, 0xb9, 0x9b, 0xfb, 0xfa, 0xfd, 0xfe, 0xfe, 0xfe,
    0xcc, 0xcc, 0x7b, 0x87, 0x15, 0x15, 0x20, 0x44, 0x6d, 0x44, 0x39, 0x25, 0x04, 0x04, 0x6f, 0xa9,
    0x8e, 0x44, 0x56, 0x7b, 0x8e, 0x7b, 0xcc, 0x2b, 0x20, 0x06, 0x1c, 0x20, 0x15, 0x20, 0x15, 0x2b,
    0x2b, 0x2b, 0x15, 0x45, 0x7a, 0x7a, 0x74, 0x9b, 0xa1, 0xb2, 0xa1, 0xd8, 0xee, 0xf4, 0xe4, 0xd8,
    0xcc, 0xcc, 0x7b, 0x87, 0x1c, 0x15, 0x06, 0x3e, 0x42, 0x3e, 0x58, 0x6f, 0x6f, 0x79, 0x6f, 0xa9,
    0x6f, 0xa9, 0x6f, 0x6f, 0xa9, 0x6f, 0x76, 0x6f, 0x6f, 0x8e, 0xfb, 0xfa, 0xfd, 0xfe, 0xfe, 0xfe,
    0xf4, 0xd6, 0x87, 0x7b, 0x87, 0x75, 0x3e, 0x5a, 0x5a, 0x58, 0x3e, 0x4b, 0x4b, 0x5c, 0xcc, 0xd6,
    0x59, 0x7b, 0x75, 0x87, 0x87, 0x8e, 0x7a, 0x59, 0x59, 0x68, 0x87, 0x7b, 0x02, 0x06, 0x13, 0x13,
    0x06, 0x13, 0x06, 0x44, 0x54, 0x5e, 0x5e, 0x74, 0x56, 0x74, 0x3f, 0x3f, 0x13, 0x13, 0x13, 0x2f,
    0x38, 0x4b, 0x46, 0x46, 0x3e, 0x4b, 0x4b, 0x58, 0x5a, 0x60, 0x51, 0x74, 0x60, 0x69, 0x60, 0x69,
    0x7a, 0x74, 0x74, 0x4a, 0x54, 0x6d, 0x74, 0x84, 0x6d, 0xa1, 0xa1, 0x44, 0x06, 0x04, 0x04, 0x04,
    0x15, 0x15, 0x1c, 0x15, 0x13, 0x22, 0x2d, 0x36, 0x3b, 0x3b, 0x36, 0x22, 0x36, 0x36, 0x2d, 0x42,
    0xa7, 0x4b, 0x5a, 0x67, 0x67, 0x5c, 0x5a, 0x3e, 0xa1, 0x8a, 0xa1, 0x9b, 0x9b, 0x8e, 0x75, 0x8e,
    0x8e, 0x75, 0x6d, 0x8a, 0x7a, 0x7a, 0x6d, 0x6d, 0x8a, 0x5c, 0x4b, 0x3e, 0x38, 0x29, 0x38, 0x3e,
    0xad, 0x1c, 0x02, 0x2b, 0x15, 0x04, 0x15, 0x39, 0x2b, 0x3b, 0x3e, 0x6f, 0x5c, 0x5a, 0x4b, 0x4b,
    0x38, 0x4b, 0x46, 0x46, 0x46, 0x4b, 0x46, 0x3e, 0x8e, 0x8e, 0xcc, 0xba, 0xe4, 0xcc, 0xd6, 0xe4,
    0x6f, 0x56, 0x6d, 0x7a, 0x6d, 0x7a, 0x6d, 0x8a, 0x9b, 0xe4, 0xfb, 0xfe, 0xfe, 0xfe, 0xfd, 0xfe,
    0xfe, 0xf1, 0xcc, 0xcc, 0x87, 0x04, 0x04, 0x44, 0x39, 0x3f, 0x44, 0x2f, 0x15, 0x13, 0x6f, 0xa9,
    0x7b, 0x56, 0x39, 0x41, 0x41, 0x44, 0x44, 0x39, 0x15, 0x15, 0x2b, 0x2b, 0x22, 0x2b, 0x2b, 0x2b,
    0x13, 0x15, 0x15, 0x56, 0x15, 0x56, 0x7a, 0x8e, 0xa1, 0x8e, 0x8a, 0xb9, 0xd6, 0xee, 0xcc, 0xb2,
    0xfe, 0xf1, 0xcc, 0xcc, 0x87, 0x02, 0x06, 0x39, 0x5c, 0x5a, 0x3e, 0x6f, 0x4b, 0xa9, 0x6f, 0xa9,
    0x6f, 0x79, 0x90, 0xb0, 0x6f, 0xa7, 0x6f, 0x5c, 0x44, 0xe4, 0xfa, 0xfe, 0xfe, 0xfe, 0xfd, 0xfe,
    0xfc, 0xf4, 0xcc, 0x41, 0x87, 0x7b, 0x68, 0x3e, 0x90, 0x4b, 0x4b, 0x4b, 0x5a, 0x4b, 0xdb, 0xe4,
    0x56, 0x59, 0x7b, 0x7b, 0x7b, 0x44, 0x56, 0x56, 0x44, 0x56, 0x7b, 0x7b, 0x02, 0x04, 0x25, 0x06,
    0x13, 0x08, 0x13, 0x34, 0x74, 0x5e, 0x74, 0x4a, 0x45, 0x45, 0x3f, 0x34, 0x13, 0x13, 0x13, 0x13,
    0x29, 0x3e, 0x3e, 0x46, 0x46, 0x4b, 0x58, 0x58, 0x69, 0x60, 0x5a, 0x60, 0x51, 0x51, 0x51, 0x51,
    0x45, 0x3b, 0x3a, 0x45, 0x45, 0x5e, 0x8a, 0x8a, 0x45, 0xa1, 0x7a, 0x3f, 0x13, 0x02, 0x04, 0x04,
    0x15, 0x15, 0x1c, 0x15, 0x19, 0x2d, 0x2d, 0x3b, 0x42, 0x4b, 0x2d, 0x42, 0x42, 0x36, 0x4b, 0x4b,
    0x3e, 0x4b, 0x6f, 0x5c, 0x6f, 0x67, 0x5a, 0x6f, 0x5c, 0x41, 0x8a, 0x7a, 0x44, 0x44, 0x41, 0x7b,
    0x7b, 0x68, 0x75, 0x68, 0x75, 0x7a, 0x7a, 0x8a, 0x69, 0x5a, 0x4b, 0x3e, 0x3e, 0x29, 0x38, 0x38,
    0xcc, 0x87, 0x02, 0x2b, 0x1c, 0x04, 0x06, 0x15, 0x2b, 0x4b, 0x6f, 0x67, 0x6f, 0x58, 0x46, 0x46,
    0x29, 0x3e, 0x3e, 0x46, 0x4b, 0x46, 0x4b, 0x58, 0x3e, 0xa2, 0x94, 0x94, 0xad, 0xad, 0xdb, 0xe4,
    0x79, 0x6f, 0x90, 0x44, 0x6d, 0x7a, 0x8a, 0x7a, 0xb2, 0xf4, 0xfe, 0xfe, 0xf4, 0xf4, 0xfe, 0xfe,
    0xfe, 0xf4, 0xe0, 0xad, 0x87, 0x04, 0x04, 0x1c, 0x44, 0x2f, 0x3f, 0x34, 0x22, 0x2b, 0x6f, 0x6f,
    0x7b, 0x44, 0x39, 0x2b, 0x56, 0x56, 0x44, 0x44, 0x44, 0x39, 0x2b, 0x2b, 0x15, 0x15, 0x2b, 0x2b,
    0x08, 0x1b, 0x2b, 0x15, 0x25, 0x3f, 0x54, 0x75, 0xa1, 0x8a, 0x7a, 0xb6, 0xd6, 0xe4, 0xc8, 0x8e,
    0xfe, 0xf4, 0xe0, 0xad, 0x87, 0x02, 0x02, 0x06, 0x5c, 0x6f, 0x67, 0x6f, 0x3e, 0x5c, 0x6f, 0x6f,
    0x79, 0x6f, 0x90, 0x6f, 0x5c, 0xa7, 0xa7, 0x44, 0xe0, 0xf4, 0xfe, 0xfe, 0xf4, 0xf4, 0xfe, 0xfe,
    0xfe, 0xfb, 0xcc, 0x41, 0x56, 0x87, 0x68, 0x7b, 0x6f, 0x5c, 0x4b, 0x3e, 0x4b, 0xad, 0xdb, 0xe4,
    0x56, 0x56, 0x59, 0x56, 0x39, 0x2b, 0x39, 0x44, 0x56, 0x44, 0x54, 0x7b, 0x1c, 0x13, 0x3f, 0x15,
    0x13, 0x13, 0x13, 0x2d, 0x45, 0x3a, 0x45, 0x3a, 0x45, 0x45, 0x3f, 0x3f, 0x2d, 0x13, 0x13, 0x13,
    0x29, 0x29, 0x4b, 0x4b, 0x46, 0x3e, 0x5a, 0x5c, 0x5a, 0x5a, 0x5a, 0x60, 0x58, 0x58, 0x51, 0x51,
    0x3b, 0x3b, 0x2d, 0x3a, 0x4a, 0x54, 0x6d, 0x6d, 0x45, 0x8a, 0x8a, 0x2b, 0x13, 0x04, 0x06, 0x08,
    0x13, 0x15, 0x1c, 0x19, 0x22, 0x2d, 0x36, 0x2d, 0x4b, 0x58, 0x4b, 0x42, 0x58, 0x58, 0x4b, 0x42,
    0x3e, 0x46, 0x52, 0x67, 0xa9, 0x4b, 0x4b, 0x4b, 0x6f, 0x5c, 0x8a, 0xad, 0xcc, 0xcc, 0xcc, 0xcc,
    0x54, 0x7b, 0x56, 0x7b, 0x68, 0x68, 0x8a, 0x5a, 0x6f, 0x58, 0x3e, 0x4b, 0x3e, 0x46, 0x3e, 0x29,
    0xcc, 0xdb, 0x59, 0x04, 0x06, 0x04, 0x04, 0x04, 0x3e, 0x6f, 0x67, 0x67, 0x5a, 0x4b, 0x46, 0x3e,
    0x29, 0x29, 0x3e, 0x46, 0x46, 0x3e, 0x5c, 0x5c, 0x67, 0x8e, 0x8e, 0x87, 0xad, 0xd6, 0xe4, 0xe7,
    0x6f, 0xa9, 0x73, 0x56, 0x44, 0x6d, 0x8e, 0xc8, 0xf4, 0xe9, 0xfe, 0xb2, 0xb2, 0xf4, 0xfe, 0xfe,
    0xfe, 0xfe, 0xe0, 0xcc, 0xad, 0x06, 0x1c, 0x06, 0x20, 0x15, 0x34, 0x34, 0x2d, 0x6f, 0x6f, 0x6f,
    0x7b, 0x44, 0x39, 0x2b, 0x44, 0x44, 0x44, 0x74, 0x44, 0x3a, 0x2b, 0x2b, 0x2f, 0x34, 0x2d, 0x2b,
    0x08, 0x13, 0x2b, 0x13, 0x25, 0x2d, 0x51, 0x60, 0x7a, 0x7a, 0x7a, 0xb9, 0xd8, 0xf4, 0xc3, 0x8e,
    0xfe, 0xfe, 0xe0, 0xcc, 0xad, 0x06, 0x1c, 0x06, 0x1c, 0x5c, 0x6f, 0x4b, 0x44, 0x2b, 0x41, 0x44,
    0x6f, 0xa9, 0x73, 0x6f, 0x67, 0x58, 0xb0, 0xcc, 0xf4, 0xe9, 0xfe, 0xb2, 0xb2, 0xf4, 0xfe, 0xfe,
    0xfd, 0xfe, 0xe0, 0x41, 0x41, 0x68, 0x59, 0x41, 0x56, 0x5c, 0x5c, 0x4b, 0x4b, 0xd6, 0xe4, 0xe7,
    0x56, 0x56, 0x39, 0x39, 0x39, 0x39, 0x44, 0x56, 0x44, 0x44, 0x44, 0x44, 0x44, 0x15, 0x2b, 0x15,
    0x08, 0x04, 0x13, 0x1b, 0x3f, 0x34, 0x2d, 0x34, 0x2d, 0x34, 0x3f, 0x3f, 0x34, 0x1b, 0x13, 0x13,
    0x3e, 0xa7, 0x3e, 0x46, 0x4b, 0x58, 0x6f, 0x5a, 0x69, 0x73, 0x69, 0x58, 0x69, 0x58, 0x51, 0x42,
    0x42, 0x3b, 0x3b, 0x3a, 0x3a, 0x74, 0x6d, 0x54, 0x55, 0x8a, 0x6d, 0x06, 0x08, 0x04, 0x08, 0x13,
    0x13, 0x13, 0x1c, 0x22, 0x2d, 0x36, 0x2d, 0x58, 0x5a, 0x5c, 0x4b, 0x5a, 0x5c, 0x5a, 0x5a, 0x36,
    0x3e, 0x46, 0x5c, 0x4b, 0x4b, 0x4b, 0x4b, 0x3e, 0x3e, 0xad, 0xad, 0xe9, 0xee, 0xcc, 0xd6, 0xd6,
    0x44, 0x44, 0x44, 0x7b, 0x59, 0x51, 0x29, 0x67, 0x58, 0x5c, 0x4b, 0x5a, 0x5a, 0x4b, 0x3e, 0x29,
    0xc8, 0xe0, 0xb5, 0x1c, 0x04, 0x06, 0x39, 0x4b, 0x4b, 0x6f, 0x67, 0x6f, 0x5a, 0x4b, 0x46, 0x42,
    0x3e, 0xa7, 0x3e, 0x42, 0x4b, 0x5a, 0x6f, 0x67, 0x6f, 0x3e, 0x3e, 0x8e, 0xad, 0xe4, 0xe9, 0xe4,
    0x6f, 0x6f, 0x6f, 0x6f, 0x44, 0x44, 0x44, 0xd6, 0xe7, 0xfb, 0xe9, 0xb2, 0xd8, 0xfd, 0xfe, 0xfe,
    0xfe, 0xfd, 0xe4, 0xe4, 0xad, 0x2b, 0x15, 0x15, 0x39, 0x39, 0x2f, 0x2f, 0x6f, 0x6f, 0x6f, 0x67,
    0x44, 0x39, 0x25, 0x2b, 0x39, 0x44, 0x39, 0x56, 0x74, 0x2d, 0x34, 0x2b, 0x2b, 0x3e, 0x2d, 0x2d,
    0x04, 0x13, 0x2b, 0x22, 0x2d, 0x2d, 0x5c, 0x51, 0x74, 0x84, 0x8a, 0xb2, 0xd8, 0xee, 0xb9, 0x7b,
    0xfe, 0xfd, 0xe4, 0xe4, 0xad, 0x1c, 0x27, 0x1c, 0x41, 0x44, 0x44, 0xe9, 0xee, 0xcc, 0xa2, 0x44,
    0x44, 0x44, 0x44, 0x6f, 0x6f, 0x5c, 0x44, 0xd6, 0xe7, 0xfb, 0xe9, 0xb2, 0xd8, 0xfd, 0xfe, 0xfe,
    0xfc, 0xfb, 0xfd, 0x59, 0x56, 0xa2, 0x56, 0x39, 0x39, 0x2b, 0x5c, 0x87, 0xad, 0xe4, 0xe9, 0xe4,
    0x44, 0x39, 0x39, 0x2b, 0x41, 0x39, 0x39, 0x44, 0x39, 0x44, 0x44, 0x44, 0x7b, 0x2b, 0x20, 0x13,
    0x08, 0x08, 0x04, 0x13, 0x25, 0x25, 0x2d, 0x2d, 0x2d, 0x3a, 0x2d, 0x2d, 0x45, 0x42, 0x2d, 0x22,
    0x4b, 0x46, 0x46, 0x46, 0x4b, 0x4b, 0x5a, 0x5c, 0x65, 0x5a, 0x58, 0x69, 0x58, 0x58, 0x69, 0x58,
    0x58, 0x2d, 0x3a, 0x3b, 0x3a, 0x74, 0x4a, 0x45, 0x45, 0x45, 0x45, 0x13, 0x13, 0x08, 0x08, 0x13,
    0x13, 0x19, 0x06, 0x22, 0x2d, 0x3b, 0x3b, 0x58, 0x5c, 0x5a, 0x5c, 0x5c, 0x65, 0x67, 0x6b, 0x5a,
    0x3e, 0x42, 0x46, 0x4b, 0x58, 0x58, 0x58, 0x4b, 0xad, 0xe9, 0xee, 0xee, 0xf5, 0xfa, 0xfa, 0xdb,
    0xdb, 0xdb, 0x44, 0x44, 0x75, 0x44, 0x6f, 0x6f, 0xa9, 0x79, 0x67, 0x5c, 0x5c, 0x58, 0x4b, 0x46,
    0xb5, 0xba, 0xdb, 0x59, 0x04, 0x04, 0x04, 0x4b, 0x67, 0x5c, 0x5c, 0x5c, 0x4b, 0x4b, 0x4b, 0x4b,
    0x3e, 0x46, 0x42, 0x46, 0x46, 0x4b, 0x5a, 0x67, 0x67, 0x6f, 0x6f, 0x5c, 0xdb, 0xe9, 0xe0, 0xcc,
    0x67, 0x6f, 0x76, 0x5c, 0x56, 0x54, 0x56, 0xd6, 0xe0, 0xf4, 0xcc, 0xd8, 0xf2, 0xfe, 0xfe, 0xfe,
    0xfe, 0xfe, 0xdb, 0xe0, 0xe4, 0x7b, 0x06, 0x2b, 0x56, 0x56, 0x15, 0x2b, 0x6f, 0x6f, 0x6f, 0x6f,
    0x54, 0x45, 0x39, 0x2b, 0x2b, 0x2b, 0x2b, 0x3b, 0x3e, 0x42, 0x2d, 0x2d, 0x51, 0x3e, 0x42, 0x2d,
    0x13, 0x13, 0x13, 0x2d, 0x6f, 0x5c, 0x51, 0x2d, 0x45, 0x6d, 0x90, 0x8a, 0xb2, 0xd8, 0xa1, 0x87,
    0xfe, 0xfe, 0xdb, 0xe0, 0xe4, 0x7b, 0x06, 0x1c, 0x56, 0xe9, 0xee, 0xee, 0xf5, 0xfa, 0xfa, 0xdb,
    0xdb, 0xdb, 0x44, 0x44, 0x4b, 0x44, 0x7b, 0xd6, 0xe0, 0xf4, 0xcc, 0xd8, 0xf2, 0xfe, 0xfe, 0xfe,
    0xfd, 0xf5, 0xfb, 0xc8, 0x06, 0x7b, 0x87, 0x41, 0x44, 0x2b, 0x41, 0xa1, 0xdb, 0xe9, 0xe0, 0xcc,
    0x39, 0x41, 0x2b, 0x1c, 0x39, 0x2b, 0x39, 0x44, 0x44, 0x39, 0x39, 0x44, 0x44, 0x2b, 0x06, 0x15,
    0x08, 0x06, 0x02, 0x04, 0x2d, 0x25, 0x2d, 0x36, 0x42, 0x25, 0x2d, 0x2d, 0x58, 0x42, 0x4b, 0x2d,
    0x58, 0x3e, 0x4b, 0x4b, 0x3e, 0x4b, 0x65, 0x5a, 0x65, 0x65, 0x58, 0x51, 0x58, 0x65, 0x5a, 0x69,
    0x58, 0x22, 0x3b, 0x3b, 0x45, 0x45, 0x45, 0x45, 0x3a, 0x45, 0x45, 0x19, 0x04, 0x08, 0x04, 0x19,
    0x36, 0x2d, 0x2d, 0x22, 0x2d, 0x3b, 0x4b, 0x6f, 0x67, 0x5a, 0x4b, 0x65, 0x5c, 0x6b, 0x8b, 0x4b,
    0x3e, 0x46, 0x46, 0x3e, 0x6f, 0x5c, 0x4b, 0x5c, 0xe9, 0xee, 0xee, 0xfa, 0xfa, 0xfb, 0xf5, 0xe9,
    0xdb, 0xdb, 0xdb, 0x44, 0x94, 0x87, 0x6f, 0x6f, 0x6f, 0x5c, 0x5c, 0x5c, 0x5a, 0x58, 0x4b, 0x4b,
    0xa2, 0xb5, 0xad, 0xb5, 0x1c, 0x04, 0x39, 0x42, 0x90, 0x79, 0x67, 0x58, 0x4b, 0x46, 0x4b, 0x4b,
    0x58, 0x3e, 0x4b, 0x4b, 0x3e, 0x4b, 0x6b, 0x67, 0x73, 0x6f, 0x5c, 0xd6, 0xe9, 0xe0, 0xcc, 0xb2,
    0x6f, 0x67, 0x6f, 0xa7, 0x6f, 0x2f, 0x8a, 0xdb, 0xcc, 0xdb, 0xe0, 0xd8, 0xfb, 0xfe, 0xfe, 0xfe,
    0xf4, 0xb9, 0x7b, 0xad, 0xe0, 0x56, 0x1c, 0x04, 0x56, 0x44, 0x15, 0x5c, 0xb0, 0x4b, 0x6f, 0x67,
    0x45, 0x45, 0x2b, 0x2b, 0x2b, 0x2b, 0x45, 0x51, 0x3e, 0x51, 0x51, 0x3e, 0x51, 0x3e, 0x51, 0x4b,
    0x45, 0x3b, 0x45, 0x6b, 0xb0, 0x6f, 0x2d, 0x45, 0x74, 0x3f, 0x8a, 0xa1, 0xb2, 0xa1, 0x86, 0x75,
    0xf4, 0xb9, 0x7b, 0xad, 0xe0, 0x56, 0x1c, 0x04, 0xe9, 0xd6, 0xf0, 0xfa, 0xfa, 0xfb, 0xf5, 0xe9,
    0xdb, 0xdb, 0xdb, 0x44, 0x15, 0x15, 0x9b, 0xdb, 0xd6, 0xdb, 0xdb, 0xd8, 0xfb, 0xfd, 0xfe, 0xfe,
    0xf4, 0xe9, 0xf4, 0xf4, 0x41, 0x06, 0x41, 0x7b, 0x59, 0x44, 0x44, 0xd6, 0xe9, 0xe0, 0xcc, 0xb2,
    0x41, 0x2b, 0x2b, 0x20, 0x27, 0x2b, 0x2b, 0x39, 0x34, 0x2d, 0x3f, 0x3f, 0x44, 0x44, 0x15, 0x15,
    0x13, 0x04, 0x13, 0x13, 0x19, 0x1b, 0x2d, 0x36, 0x42, 0x3b, 0x2d, 0x3b, 0x6b, 0x6b, 0x5a, 0x58,
    0x83, 0x4b, 0x4b, 0x4b, 0x4b, 0xb0, 0x58, 0x58, 0x5a, 0x65, 0x6f, 0xa9, 0x79, 0x6b, 0x5c, 0x65,
    0x5a, 0x42, 0x42, 0x3b, 0x45, 0x51, 0x45, 0x2d, 0x45, 0x34, 0x25, 0x13, 0x13, 0x04, 0x13, 0x19,
    0x3b, 0x22, 0x2d, 0x4b, 0x42, 0xb0, 0x58, 0x58, 0x65, 0x6f, 0x4b, 0x90, 0x67, 0x6f, 0x65, 0x65,
    0x58, 0x3e, 0x3e, 0x6f, 0x6f, 0x5c, 0xad, 0xe9, 0xf2, 0xe9, 0xf2, 0xf5, 0xfb, 0xfb, 0xfa, 0xfd,
    0xfd, 0xfa, 0xee, 0xe0, 0xa2, 0x8e, 0xa2, 0x4b, 0x6f, 0x6f, 0x5c, 0x5c, 0x6f, 0x58, 0x3e, 0x4b,
    0xa2, 0xa2, 0xad, 0xb5, 0x68, 0x06, 0x04, 0x3e, 0x65, 0x90, 0x4b, 0x4b, 0x4b, 0x3e, 0x4b, 0x4b,
    0x6f, 0x4b, 0x4b, 0x4b, 0x4b, 0xb0, 0x5c, 0x5c, 0x6f, 0xb2, 0xb9, 0xe0, 0xe4, 0xcc, 0xa1, 0x9b,
    0x6f, 0x5c, 0x58, 0x3e, 0x5c, 0x9b, 0xcc, 0xcc, 0xa1, 0xcc, 0xe0, 0xf0, 0xfe, 0xfd, 0xfd, 0xfe,
    0xee, 0xc3, 0x8e, 0x56, 0xad, 0x56, 0x15, 0x04, 0x2b, 0x15, 0x04, 0x13, 0xb0, 0x79, 0x5c, 0x5a,
    0x3f, 0x51, 0x45, 0x2b, 0x2b, 0x51, 0x3e, 0x51, 0x51, 0x51, 0x3e, 0x3e, 0x5c, 0x90, 0x90, 0x51,
    0x3e, 0x22, 0x45, 0x58, 0x6f, 0x6f, 0x2d, 0x2d, 0x51, 0x51, 0x7a, 0xb0, 0xa1, 0x8a, 0x7a, 0x7a,
    0xea, 0xb9, 0x97, 0x59, 0xad, 0x59, 0x2b, 0xe9, 0xf2, 0xe9, 0xf2, 0xf5, 0xfb, 0xfb, 0xfa, 0xfd,
    0xfd, 0xfa, 0xee, 0xe0, 0xa2, 0x8e, 0xa2, 0xb2, 0x87, 0xcc, 0xe4, 0xed, 0xfe, 0xfd, 0xfe, 0xfe,
    0xe9, 0xf4, 0xe9, 0xf4, 0xa2, 0x04, 0x1c, 0x39, 0x41, 0xa2, 0xb9, 0xe0, 0xe4, 0xcc, 0xa1, 0x9b,
    0x2b, 0x2b, 0x27, 0x20, 0x2b, 0x2b, 0x20, 0x25, 0x2f, 0x3f, 0x39, 0x34, 0x2d, 0x25, 0x25, 0x06,
    0x13, 0x13, 0x13, 0x13, 0x19, 0x19, 0x2d, 0x36, 0x4b, 0x6b, 0x42, 0x3b, 0x58, 0x6f, 0x5a, 0x58,
    0xb0, 0x58, 0x4b, 0x4b, 0x6b, 0x58, 0xb0, 0x6f, 0x58, 0x5a, 0x58, 0x5a, 0x6f, 0x5c, 0x67, 0x6b,
    0x6b, 0x6b, 0x3b, 0x2d, 0x51, 0x45, 0x45, 0x3a, 0x2d, 0x3a, 0x3f, 0x13, 0x13, 0x13, 0x22, 0x19,
    0x42, 0x5a, 0x5a, 0x4b, 0x6b, 0x58, 0xb0, 0x6f, 0x58, 0x58, 0x58, 0x4b, 0x58, 0x58, 0x65, 0x65,
    0x5c, 0x58, 0x4b, 0x4b, 0x4b, 0xad, 0xe4, 0xf0, 0xf2, 0xf4, 0xf6, 0xf6, 0xf9, 0xfd, 0xfd, 0xfe,
    0xfb, 0xfa, 0xe4, 0xe7, 0xe9, 0xdb, 0xa2, 0x56, 0x75, 0x6f, 0x5c, 0xa7, 0x73, 0x5a, 0x3e, 0xb0,
    0x87, 0xb5, 0xad, 0x7b, 0x8e, 0x39, 0x04, 0x04, 0x90, 0x90, 0x67, 0x3e, 0x5c, 0x4b, 0x4b, 0x5a,
    0xb0, 0x5c, 0x4b, 0x4b, 0x6f, 0x5c, 0xb0, 0x6f, 0xad, 0xa1, 0xdb, 0xe4, 0xdb, 0xa1, 0x7b, 0x97,
    0x58, 0x5a, 0x6f, 0x4b, 0x9b, 0xcc, 0xcc, 0xa1, 0xcc, 0xdb, 0xdb, 0xee, 0xfa, 0xfc, 0xfe, 0xfd,
    0xd8, 0xb2, 0x87, 0x75, 0x87, 0xad, 0x15, 0x04, 0x15, 0x15, 0x04, 0x04, 0x6f, 0x5c, 0x58, 0x4b,
    0x3f, 0x51, 0x51, 0x3e, 0x51, 0x3e, 0x4b, 0x3e, 0x3e, 0x4b, 0x6f, 0x3e, 0x90, 0x90, 0x6f, 0x6f,
    0xb0, 0x76, 0x4b, 0x4b, 0x6f, 0x5c, 0xb0, 0x6f, 0x4b, 0x51, 0xb0, 0x90, 0x90, 0x7a, 0x7a, 0x54,
    0xd8, 0xb2, 0x87, 0x75, 0x87, 0xad, 0xe4, 0xf0, 0xf2, 0xf4, 0xf6, 0xf6, 0xf9, 0xfd, 0xfd, 0xfe,
    0xfb, 0xfa, 0xe4, 0xe7, 0xe9, 0xdb, 0xa2, 0x56, 0x7b, 0x75, 0xad, 0xe4, 0xfa, 0xfd, 0xfe, 0xfd,
    0xe4, 0xdb, 0xe0, 0xe9, 0xf4, 0x41, 0x1c, 0x1b, 0xad, 0xa1, 0xdb, 0xe4, 0xdb, 0xa1, 0x7b, 0x97,
    0x39, 0x20, 0x2b, 0x1b, 0x15, 0x15, 0x20, 0x25, 0x34, 0x3f, 0x44, 0x3f, 0x34, 0x2b, 0x25, 0x15,
    0x13, 0x13, 0x13, 0x19, 0x22, 0x22, 0x19, 0x3e, 0x58, 0x76, 0x76, 0x4b, 0x65, 0x65, 0x4b, 0x58,
    0x4b, 0x6f, 0x6f, 0x58, 0xb0, 0x58, 0x76, 0xa7, 0x76, 0x65, 0x5c, 0x5a, 0x5a, 0x5a, 0x67, 0x6f,
    0x65, 0x5a, 0x58, 0x51, 0x45, 0x51, 0x42, 0x42, 0x3b, 0x3b, 0x36, 0x19, 0x22, 0x19, 0x2d, 0x42,
    0x3b, 0x6f, 0x6f, 0x58, 0xb0, 0x58, 0x76, 0xa7, 0x6b, 0x5a, 0x58, 0x4b, 0x58, 0x5a, 0x67, 0x67,
    0x5c, 0x5a, 0x4b, 0x58, 0xad, 0xe4, 0xf2, 0xf0, 0xf2, 0xf2, 0xfa, 0xf4, 0xf2, 0xfc, 0xfd, 0xfe,
    0xfc, 0xf7, 0xf2, 0xe4, 0xdb, 0xc3, 0x87, 0xa2, 0x87, 0x68, 0x6f, 0x5c, 0x67, 0x67, 0x67, 0x6f,
    0x44, 0xb5, 0x94, 0x94, 0xa2, 0x87, 0x1c, 0x04, 0x04, 0x90, 0x6b, 0x3e, 0x46, 0x4b, 0x4b, 0x6f,
    0x4b, 0x6f, 0x67, 0x5c, 0xb0, 0x5c, 0x6f, 0x3f, 0x8a, 0xc6, 0xdb, 0xdb, 0xb9, 0x6d, 0x8a, 0x9b,
    0x4b, 0x3e, 0x5c, 0x9b, 0xcc, 0xad, 0xa1, 0xb9, 0xd6, 0xd6, 0xcc, 0xcc, 0xee, 0xfe, 0xfe, 0xf4,
    0xb9, 0xb2, 0x87, 0x44, 0x56, 0xdb, 0x44, 0x06, 0x1c, 0x2b, 0x13, 0x04, 0x06, 0x5c, 0x4b, 0x4b,
    0x51, 0x51, 0x51, 0x51, 0x3e, 0x58, 0x4b, 0x67, 0x6f, 0x90, 0x51, 0x42, 0x3e, 0x6f, 0x4b, 0x6f,
    0x4b, 0x6f, 0x67, 0x5c, 0xb0, 0x5c, 0x90, 0xa7, 0x6f, 0x6f, 0x5c, 0x90, 0x6f, 0x74, 0x4a, 0x3f,
    0xb9, 0xb2, 0x87, 0x39, 0x56, 0xe4, 0xf2, 0xf0, 0xf2, 0xf2, 0xfa, 0xf4, 0xf2, 0xfc, 0xfd, 0xfe,
    0xfc, 0xf7, 0xf2, 0xe4, 0xdb, 0xc3, 0x87, 0xa2, 0x87, 0x56, 0x2b, 0x8e, 0xea, 0xfd, 0xfe, 0xf1,
    0xe0, 0xdb, 0xd6, 0xdb, 0xf4, 0x7b, 0x13, 0x3f, 0x8a, 0xc6, 0xdb, 0xdb, 0xb9, 0x6d, 0x8a, 0x9b,
    0x27, 0x20, 0x15, 0x13, 0x13, 0x15, 0x15, 0x25, 0x3f, 0x45, 0x3f, 0x3a, 0x34, 0x34, 0x2d, 0x34,
    0x25, 0x19, 0x19, 0x22, 0x22, 0x19, 0x4b, 0x36, 0x5a, 0x83, 0xb0, 0x65, 0x8b, 0x5a, 0x40, 0x3e,
    0x65, 0x67, 0x65, 0x5a, 0x4b, 0x58, 0x67, 0x67, 0x5c, 0x67, 0x65, 0x5c, 0x4b, 0x6f, 0x67, 0x6f,
    0x5a, 0x58, 0x58, 0x58, 0x51, 0x58, 0x51, 0x42, 0x42, 0x42, 0x3b, 0x2d, 0x36, 0x22, 0x3b, 0x51,
    0x42, 0x58, 0x5a, 0x5a, 0x4b, 0x58, 0x67, 0x5c, 0x5c, 0x5c, 0x4b, 0x58, 0x4b, 0x6f, 0x67, 0x6f,
    0x5c, 0x5c, 0x5c, 0xad, 0xe9, 0xed, 0xf0, 0xf0, 0xf0, 0xf0, 0xf4, 0xee, 0xfb, 0xfd, 0xfe, 0xfe,
    0xfc, 0xfa, 0xf5, 0xee, 0xe4, 0xba, 0xa2, 0x87, 0x56, 0x56, 0x39, 0x6f, 0x6f, 0x6f, 0x5c, 0x6f,
    0x25, 0x7b, 0x7b, 0x9b, 0xb5, 0xb5, 0x41, 0x13, 0x04, 0xa7, 0x3e, 0x4b, 0x3e, 0x4b, 0x6f, 0xb0,
    0x67, 0x5c, 0x5c, 0x5a, 0x4b, 0x5c, 0x25, 0x6d, 0xb9, 0xd6, 0xcc, 0xd6, 0x9b, 0x44, 0x8a, 0x8a,
    0x5a, 0x6f, 0x5c, 0xb2, 0x97, 0x8e, 0x97, 0x9b, 0xdb, 0xd6, 0xe4, 0xee, 0xf5, 0xfe, 0xfa, 0xe4,
    0xa2, 0x7b, 0x44, 0x44, 0x56, 0xd6, 0x7b, 0x06, 0x06, 0x15, 0x13, 0x13, 0x04, 0x04, 0x3e, 0x4b,
    0x3e, 0x51, 0x51, 0x5a, 0x5c, 0x76, 0x5c, 0x79, 0x6f, 0xa7, 0x3e, 0x4b, 0x3e, 0x4b, 0x6f, 0xb0,
    0x67, 0x5c, 0x5c, 0x5a, 0x4b, 0x5c, 0x6f, 0x67, 0x6f, 0x90, 0x5c, 0x67, 0x69, 0x74, 0x3f, 0x2d,
    0xa2, 0x7b, 0x41, 0x39, 0xe9, 0xed, 0xf0, 0xf0, 0xf0, 0xf0, 0xf4, 0xee, 0xfb, 0xfd, 0xfe, 0xfe,
    0xfc, 0xfa, 0xf5, 0xee, 0xe4, 0xba, 0xa2, 0x87, 0x56, 0x56, 0x39, 0x7b, 0xdb, 0xe9, 0xf4, 0xe7,
    0xe7, 0xcc, 0xdb, 0xdb, 0xe0, 0xd6, 0x25, 0x6d, 0xb9, 0xd6, 0xcc, 0xd6, 0x9b, 0x44, 0x8a, 0x8a,
    0x39, 0x15, 0x13, 0x13, 0x15, 0x1b, 0x2d, 0x2b, 0x34, 0x2d, 0x34, 0x3a, 0x3f, 0x3a, 0x34, 0x2d,
    0x2d, 0x19, 0x22, 0x19, 0x2a, 0x36, 0x4b, 0x4b, 0x4b, 0x90, 0x6f, 0x6b, 0x58, 0x58, 0x29, 0x3e,
    0x65, 0x6b, 0x67, 0x6b, 0x4b, 0xa9, 0x58, 0x6f, 0x65, 0x6f, 0x5a, 0x5c, 0x5c, 0x58, 0x58, 0x58,
    0x58, 0x65, 0x42, 0x6b, 0x5a, 0x58, 0x58, 0x4b, 0x3b, 0x58, 0x58, 0x22, 0x22, 0x67, 0xa9, 0x6f,
    0x5a, 0x65, 0x67, 0x6b, 0x4b, 0xa9, 0x58, 0x6f, 0x65, 0x6f, 0x5a, 0x5c, 0x5c, 0x58, 0x58, 0x58,
    0x5c, 0x6f, 0xad, 0xad, 0xe4, 0xe9, 0xee, 0xf0, 0xf2, 0xee, 0xe4, 0xf5, 0xfd, 0xfe, 0xfe, 0xfe,
    0xfd, 0xfa, 0xfa, 0xf0, 0xe4, 0xcc, 0xc3, 0xad, 0x56, 0x41, 0x1c, 0x2b, 0x6f, 0x6f, 0xa7, 0x5c,
    0x15, 0x7b, 0x7b, 0x9b, 0x97, 0x9b, 0x75, 0x2b, 0x13, 0x04, 0x6f, 0x5c, 0x6f, 0x6f, 0xa9, 0x6f,
    0x67, 0x67, 0x6b, 0x67, 0x51, 0x25, 0x44, 0x8a, 0xa1, 0xb9, 0xd6, 0xcc, 0x8a, 0x7a, 0x6d, 0x8a,
    0x58, 0x58, 0xa1, 0x9b, 0x97, 0xa1, 0xa1, 0x9b, 0xcc, 0xdb, 0xe4, 0xcc, 0xfa, 0xfd, 0xf2, 0xcc,
    0x87, 0x44, 0x2b, 0x56, 0xad, 0xcc, 0xad, 0x15, 0x04, 0x04, 0x22, 0x13, 0x06, 0x04, 0x04, 0x3e,
    0x4b, 0x65, 0x5c, 0x76, 0x76, 0xa7, 0x5c, 0x90, 0x90, 0x3e, 0x6f, 0x5c, 0x6f, 0x6f, 0xa9, 0x6f,
    0x67, 0x67, 0x6f, 0x5c, 0x4b, 0xa9, 0x5c, 0x6f, 0x5c, 0x6f, 0x6f, 0x5c, 0x6f, 0x4b, 0x4b, 0x44,
    0x87, 0x56, 0x2b, 0xad, 0xe4, 0xe9, 0xee, 0xf0, 0xf2, 0xee, 0xe4, 0xf5, 0xfd, 0xfe, 0xfe, 0xfe,
    0xfd, 0xfa, 0xfa, 0xf0, 0xe4, 0xcc, 0xc3, 0xad, 0x56, 0x41, 0x1c, 0x39, 0x2b, 0x39, 0x6d, 0xb5,
    0xf5, 0xe9, 0xd6, 0xdb, 0xcc, 0x25, 0x44, 0x8a, 0xa1, 0xb9, 0xd6, 0xcc, 0x8a, 0x7a, 0x6d, 0x8a,
    0x2b, 0x06, 0x13, 0x13, 0x13, 0x06, 0x25, 0x2d, 0x34, 0x2d, 0x34, 0x3a, 0x4a, 0x34, 0x25, 0x3a,
    0x36, 0x22, 0x22, 0x22, 0x36, 0x22, 0x4b, 0x4b, 0x4b, 0xa7, 0x6b, 0x58, 0xa7, 0x4b, 0x3e, 0x29,
    0x6b, 0x58, 0x6f, 0x90, 0x58, 0xa9, 0x4b, 0x58, 0x58, 0x58, 0x58, 0x5a, 0x65, 0x58, 0x4b, 0x4b,
    0x4b, 0x6b, 0x9f, 0x76, 0x58, 0x6b, 0x4b, 0x6b, 0x65, 0x6b, 0x76, 0x76, 0x58, 0x76, 0x6f, 0xa7,
    0x6f, 0x58, 0x6f, 0x90, 0x58, 0xa9, 0x4b, 0x58, 0x58, 0x58, 0x58, 0x5a, 0x65, 0x58, 0x4b, 0x4b,
    0x6f, 0xad, 0xcc, 0xe0, 0xe9, 0xe9, 0xf0, 0xf4, 0xe4, 0xdb, 0xf0, 0xfd, 0xfe, 0xfe, 0xfe, 0xfe,
    0xfe, 0xfe, 0xfd, 0xf2, 0xdb, 0xcc, 0xcc, 0xba, 0x87, 0x56, 0x1c, 0x1c, 0x39, 0xa9, 0x6f, 0x6f,
    0x20, 0x44, 0x75, 0xa1, 0x8e, 0x8e, 0x8e, 0x44, 0x15, 0x06, 0x6f, 0x67, 0x6f, 0x79, 0x6f, 0xa7,
    0x6f, 0x5c, 0x67, 0x90, 0x44, 0x51, 0x44, 0x86, 0xa1, 0xb9, 0xd8, 0xb6, 0x9b, 0x6d, 0x7a, 0x9b,
    0x4b, 0x8e, 0x56, 0x56, 0x8e, 0xb2, 0xb2, 0xa2, 0xa1, 0xad, 0xd6, 0xad, 0xf4, 0xf4, 0xe4, 0xad,
    0x56, 0x44, 0x44, 0x8e, 0x94, 0xa2, 0xcc, 0x44, 0x15, 0x04, 0x06, 0x15, 0x06, 0x06, 0x04, 0x29,
    0x46, 0x69, 0xa7, 0x76, 0x5c, 0x6b, 0x4b, 0x6b, 0x67, 0x6f, 0x79, 0x79, 0x79, 0x79, 0x6f, 0xa7,
    0x6f, 0x5c, 0x6f, 0x90, 0x5c, 0xa9, 0x4b, 0x58, 0x4b, 0x4b, 0x4b, 0x5c, 0x65, 0x5a, 0x4b, 0x46,
    0x59, 0x39, 0xcc, 0xe0, 0xe9, 0xe9, 0xf0, 0xf4, 0xe4, 0xdb, 0xf0, 0xfd, 0xfe, 0xfe, 0xfe, 0xfe,
    0xfe, 0xfe, 0xfd, 0xf2, 0xdb, 0xcc, 0xcc, 0xba, 0x87, 0x56, 0x1c, 0x1c, 0x39, 0x27, 0x1c, 0x7b,
    0xf4, 0xe0, 0xcc, 0xad, 0x54, 0x51, 0x44, 0x86, 0xa1, 0xb9, 0xd8, 0xb6, 0x9b, 0x6d, 0x7a, 0x9b,
    0x59, 0x1c, 0x13, 0x13, 0x13, 0x2d, 0x34, 0x2d, 0x34, 0x2d, 0x34, 0x2d, 0x2d, 0x2d, 0x3a, 0x3b,
    0x42, 0x42, 0x42, 0x42, 0x42, 0x3e, 0x42, 0x4b, 0x4b, 0x58, 0x58, 0x4b, 0x4b, 0x4b, 0x4b, 0x3e,
    0x6f, 0x6f, 0x6f, 0x6f, 0x6b, 0x65, 0x5a, 0x5a, 0x5a, 0x58, 0x4b, 0x4b, 0x90, 0x4b, 0x4b, 0x4b,
    0x4b, 0x4b, 0x58, 0x6b, 0x6f, 0x6f, 0xa7, 0x58, 0x65, 0x6f, 0x76, 0x90, 0x83, 0x83, 0x90, 0x83,
    0x6f, 0x6f, 0x6f, 0x6f, 0x6b, 0x65, 0x5a, 0x5a, 0x5a, 0x58, 0x4b, 0x4b, 0x90, 0x4b, 0x4b, 0x4b,
    0xad, 0xad, 0xe0, 0xe4, 0xe9, 0xf4, 0xf4, 0xea, 0xb9, 0xd8, 0xf4, 0xfd, 0xfe, 0xfe, 0xfe, 0xfe,
    0xfe, 0xfe, 0xf0, 0xcc, 0xba, 0xa2, 0x94, 0x87, 0x87, 0x56, 0x1c, 0x1c, 0x1c, 0x41, 0x1c, 0x5c,
    0x1c, 0x15, 0x7b, 0x9b, 0x7b, 0x87, 0x87, 0x68, 0x41, 0x15, 0x13, 0x90, 0x79, 0x79, 0x90, 0x79,
    0x6f, 0x6f, 0x6f, 0x1b, 0x34, 0x44, 0x6d, 0x86, 0xa1, 0xbf, 0xd8, 0xa1, 0x86, 0x7a, 0x7a, 0x8a,
    0x2b, 0x56, 0x56, 0x87, 0xb2, 0xb5, 0xb2, 0xa1, 0x97, 0x8e, 0xb5, 0xcc, 0xf1, 0xe4, 0xd6, 0x87,
    0x56, 0x56, 0x8e, 0x87, 0x87, 0x94, 0xad, 0x56, 0x44, 0x44, 0x44, 0x13, 0x06, 0x06, 0x04, 0x04,
    0x3e, 0x4b, 0x5c, 0x67, 0x6f, 0x6f, 0xa7, 0x5c, 0x67, 0x67, 0x79, 0x90, 0x79, 0x79, 0x90, 0x79,
    0x6f, 0x6f, 0x6f, 0x6f, 0x67, 0x67, 0x5c, 0x5c, 0x5a, 0x4b, 0x4b, 0x4b, 0x90, 0x4b, 0x4b, 0x4b,
    0x56, 0xad, 0xe0, 0xe4, 0xe9, 0xf4, 0xf4, 0xea, 0xb9, 0xd8, 0xf4, 0xfd, 0xfe, 0xfe, 0xfe, 0xfe,
    0xfe, 0xfe, 0xf0, 0xcc, 0xba, 0xa2, 0x94, 0x87, 0x87, 0x56, 0x1c, 0x1c, 0x1c, 0x41, 0x1c, 0x1c,
    0xf6, 0xd6, 0xb5, 0x1b, 0x34, 0x44, 0x6d, 0x86, 0xa1, 0xbf, 0xd8, 0xa1, 0x86, 0x7a, 0x7a, 0x8a,
    0x6f, 0x67, 0xa9, 0x6f, 0x79, 0x58, 0x6f, 0x79, 0x67, 0x67, 0x65, 0x4b, 0x6f, 0x6f, 0x6f, 0xf4,
    0x15, 0x06, 0x39, 0x87, 0x75, 0x75, 0x7b, 0x87, 0x68, 0x44, 0x20, 0x02, 0x13, 0x90, 0x4b, 0x67,
    0x06, 0x06, 0x1b, 0x19, 0x13, 0x25, 0x2d, 0x2b, 0x34, 0x2d, 0x34, 0x2d, 0x34, 0x2d, 0x2d, 0x2d,
    0x02, 0x13, 0x6d, 0x6d, 0x6d, 0x84, 0x7a, 0x8e, 0xa1, 0xa1, 0xa1, 0x7a, 0x44, 0x2b, 0x44, 0x27,
    0x5e, 0x34, 0x3f, 0x3f, 0x4a, 0x6a, 0x7c, 0x7c, 0x5f, 0x7f, 0x64, 0x7c, 0x64, 0x5f, 0x64, 0x96,
    0x92, 0x64, 0x53, 0x47, 0x3c, 0x3c, 0xc4, 0xda, 0xda, 0xda, 0x7f, 0x5f, 0x72, 0x43, 0x43, 0x3c,
    0x5e, 0x34, 0x3f, 0x3f, 0x4a, 0x6a, 0x7c, 0x7c, 0x5f, 0x7f, 0x64, 0x7c, 0x64, 0x5f, 0x5f, 0x96,
    0x02, 0x19, 0x5f, 0x53, 0x3c, 0x3c, 0xc4, 0xda, 0xda, 0xda, 0x7f, 0x5f, 0x72, 0x43, 0x43, 0x3c,
    0x92, 0x74, 0x5e, 0x45, 0x5e, 0x8a, 0x9b, 0xb2, 0xbf, 0xd8, 0xce, 0xa1, 0x81, 0x6d, 0x7a, 0x7a,
    0x56, 0x41, 0x56, 0x7b, 0x86, 0x87, 0x97, 0x94, 0x97, 0xba, 0x7a, 0x04, 0x04, 0x06, 0x1c, 0x15,
    0x13, 0x06, 0x44, 0x8e, 0x75, 0x7a, 0x75, 0x75, 0x56, 0x41, 0x15, 0x04, 0x04, 0x5f, 0x5f, 0x96,
    0x5e, 0x34, 0x3f, 0x4a, 0x6a, 0x6a, 0x7c, 0x7c, 0x5f, 0x7f, 0x5e, 0x5e, 0x8a, 0x7a, 0x6d, 0x6d,
    0x6d, 0x84, 0x6d, 0x74, 0x5e, 0x81, 0x8a, 0xa1, 0xa1, 0xa1, 0x9b, 0x6d, 0x39, 0x2b, 0x2b, 0x44,
    0x59, 0x2b, 0x20, 0x15, 0x13, 0x2f, 0x25, 0x2d, 0x2d, 0x2d, 0x2d, 0x3a, 0x3a, 0x3f, 0x2d, 0x3b,
    0x5e, 0x34, 0x3f, 0x3f, 0xa1, 0x8e, 0xa1, 0x9b, 0xb9, 0xec, 0xf6, 0xf6, 0xa1, 0xbf, 0xec, 0xea,
    0xee, 0xb5, 0xb5, 0xba, 0xad, 0x8e, 0x8e, 0x13, 0x15, 0x04, 0x3f, 0x13, 0x8e, 0x43, 0x3c, 0x53,
    0x56, 0x29, 0x65, 0x6f, 0xa9, 0x6f, 0x90, 0x6f, 0x6f, 0x5c, 0x73, 0x6f, 0xcc, 0xba, 0xf4, 0xf4,
    0x13, 0x20, 0x34, 0x7a, 0x6d, 0x6d, 0x8e, 0x7a, 0x7a, 0x44, 0x2b, 0x13, 0x02, 0x6f, 0x67, 0x6f,
    0x1b, 0x2d, 0x1b, 0x1b, 0x19, 0x2d, 0x3a, 0x2d, 0x2d, 0x34, 0x2d, 0x34, 0x2d, 0x2d, 0x2d, 0xdb,
    0x02, 0x02, 0x74, 0x74, 0x74, 0x74, 0x7a, 0x86, 0x8e, 0x8e, 0xa1, 0x6d, 0x44, 0x44, 0x1c, 0x1c,
    0x3c, 0x3f, 0x3f, 0x3f, 0x5e, 0x4a, 0x55, 0x64, 0x7f, 0x64, 0x5f, 0x64, 0x5f, 0x5f, 0x64, 0x5f,
    0x43, 0x53, 0x5b, 0x43, 0x5b, 0xae, 0xa3, 0xda, 0x7f, 0xa3, 0x7f, 0xa3, 0x7f, 0x7f, 0x43, 0x1d,
    0x3c, 0x3f, 0x3f, 0x3f, 0x5e, 0x4a, 0x55, 0x64, 0x7f, 0x64, 0x5f, 0x64, 0x5f, 0x5f, 0x64, 0xdb,
    0x02, 0x02, 0x5b, 0x53, 0x5b, 0xae, 0xa3, 0xda, 0x7f, 0xa3, 0x7f, 0xa3, 0x7f, 0x7f, 0x43, 0x1d,
    0x66, 0x5e, 0x3a, 0x84, 0x8a, 0x93, 0xa1, 0xb2, 0xbf, 0xd8, 0xbf, 0x81, 0x5b, 0x6d, 0x5e, 0x8e,
    0x44, 0x68, 0x8e, 0x87, 0x7a, 0x8e, 0xa2, 0x8e, 0x94, 0x87, 0x8e, 0x06, 0x02, 0x04, 0x15, 0x15,
    0x13, 0x1b, 0x3f, 0x7a, 0x6d, 0x6d, 0x8e, 0x7a, 0x7a, 0x56, 0x39, 0x13, 0x02, 0x45, 0x64, 0x47,
    0x3c, 0x3f, 0x34, 0x3f, 0x5e, 0x6a, 0x55, 0x64, 0x7f, 0x64, 0x64, 0x6a, 0x8a, 0x81, 0x6d, 0x5e,
    0x5e, 0x5b, 0x5e, 0x47, 0x74, 0x74, 0x7a, 0xa1, 0x97, 0x9b, 0xa1, 0x54, 0x2b, 0x13, 0x13, 0x2b,
    0x1c, 0x2b, 0x20, 0x15, 0x13, 0x22, 0x25, 0x2d, 0x34, 0x2d, 0x2d, 0x2d, 0x3f, 0x3f, 0x64, 0x5f,
    0x43, 0x3c, 0x3c, 0x3f, 0x5e, 0x74, 0xa1, 0xa1, 0xa1, 0xb2, 0xf2, 0x9b, 0xa1, 0xb9, 0xb9, 0xd8,
    0xd8, 0xad, 0xa1, 0xb2, 0xb2, 0x8e, 0x8e, 0x8e, 0x8e, 0x13, 0x8e, 0x3f, 0x72, 0x92, 0x43, 0x1d,
    0x56, 0x6f, 0x90, 0x6f, 0x79, 0x90, 0xa9, 0x6f, 0x90, 0x5c, 0x6f, 0xcc, 0xf4, 0xf4, 0xf2, 0xf1,
    0x13, 0x15, 0x2d, 0x3a, 0x7a, 0x7a, 0x6d, 0x7a, 0x7a, 0x44, 0x39, 0x2d, 0x13, 0x13, 0x6f, 0xa9,
    0x06, 0x15, 0x1c, 0x19, 0x51, 0x56, 0x2d, 0x3a, 0x3a, 0x2d, 0x2d, 0x34, 0x2d, 0x2d, 0xcc, 0xe0,
    0x41, 0x02, 0x02, 0x3a, 0x3a, 0x5e, 0x7a, 0x8e, 0x7a, 0x8e, 0x9b, 0x84, 0x84, 0x6d, 0x44, 0x2b,
    0x43, 0x3c, 0x2f, 0x34, 0x3f, 0x3c, 0x5f, 0x55, 0x3f, 0x5f, 0x5f, 0xc0, 0xc4, 0xda, 0xc7, 0xc7,
    0xa3, 0x43, 0x43, 0x43, 0xae, 0xa3, 0x7f, 0x89, 0x89, 0xa3, 0x7f, 0x7f, 0x64, 0x64, 0x96, 0x3c,
    0x3c, 0x2f, 0x2f, 0x34, 0x34, 0x3f, 0x5f, 0x55, 0x3f, 0x5f, 0x5f, 0xc4, 0xc4, 0xda, 0xd6, 0xdb,
    0x44, 0x02, 0x02, 0x43, 0xae, 0xa3, 0x7f, 0x89, 0x89, 0xa3, 0x7f, 0x7f, 0x64, 0x64, 0x96, 0x3c,
    0x7f, 0x5e, 0x6d, 0x81, 0x8a, 0xa1, 0xa1, 0xa5, 0xbf, 0xbf, 0x8e, 0x44, 0x45, 0x5b, 0x6d, 0x86,
    0x68, 0x68, 0x7b, 0x7b, 0x87, 0x7a, 0xb2, 0xb5, 0x87, 0x7b, 0x8e, 0x39, 0x02, 0x06, 0x15, 0x13,
    0x15, 0x13, 0x27, 0x56, 0x7a, 0x7a, 0x7a, 0x7a, 0x7a, 0x54, 0x3f, 0x25, 0x13, 0x04, 0x45, 0x43,
    0x2f, 0x3f, 0x2f, 0x3f, 0x3f, 0x3f, 0x5f, 0x55, 0x3f, 0x5f, 0x5f, 0x5e, 0x5e, 0x5e, 0xc7, 0xc4,
    0xa3, 0x43, 0x43, 0x53, 0x74, 0x74, 0x7a, 0xa1, 0x7a, 0x9b, 0xa1, 0x54, 0x15, 0x13, 0x08, 0x13,
    0x1c, 0x20, 0x2b, 0x13, 0x13, 0x1b, 0x34, 0x2f, 0x2f, 0x2d, 0x2d, 0xc4, 0xc4, 0xd7, 0xc7, 0xc7,
    0x53, 0x3c, 0x3c, 0x3c, 0x34, 0x3f, 0x64, 0x8e, 0x8e, 0xa1, 0xbf, 0x9b, 0xa1, 0xa1, 0xa1, 0xb5,
    0xb5, 0x8e, 0x87, 0x86, 0x86, 0x7a, 0x7a, 0x87, 0x3f, 0x8e, 0x92, 0x92, 0x72, 0x72, 0x92, 0x53,
    0xad, 0x29, 0x29, 0x67, 0x79, 0x6f, 0x6f, 0x6f, 0xa9, 0x5c, 0xcc, 0xf4, 0xf2, 0xf1, 0xf4, 0xf4,
    0x06, 0x06, 0x06, 0x3a, 0x3a, 0x74, 0x74, 0x74, 0x44, 0x74, 0x3f, 0x2d, 0x13, 0x06, 0x6f, 0xa9,
    0x02, 0x08, 0x19, 0x3b, 0x4b, 0x42, 0x42, 0x3b, 0x45, 0x3a, 0x34, 0x2d, 0x2d, 0xcc, 0xdb, 0xe4,
    0xad, 0x1c, 0x02, 0x04, 0x3a, 0x74, 0x6d, 0x84, 0x7a, 0x8e, 0x9b, 0x91, 0x84, 0x84, 0x2b, 0x39,
    0x2c, 0x34, 0x3f, 0x3c, 0x34, 0x3f, 0x34, 0x3f, 0x5f, 0xc4, 0xc4, 0xe1, 0xe5, 0xec, 0xdc, 0xda,
    0xc7, 0x92, 0x5b, 0x43, 0x43, 0x7f, 0x7f, 0x5f, 0xae, 0x7f, 0x5f, 0x72, 0x64, 0x3c, 0x7f, 0x43,
    0x2c, 0x34, 0x2f, 0x3c, 0x3c, 0x3f, 0x34, 0x3f, 0x5f, 0xc4, 0xc4, 0xe2, 0xe2, 0xc3, 0xdb, 0xe4,
    0xad, 0x06, 0x02, 0x08, 0x43, 0x7f, 0x7f, 0x5f, 0xae, 0x7f, 0x5f, 0x72, 0x64, 0x3c, 0x7f, 0x47,
    0x60, 0x5e, 0x6d, 0x8a, 0x84, 0x8a, 0xa1, 0xa1, 0xa1, 0x8e, 0x45, 0x34, 0x45, 0x5e, 0x7a, 0x97,
    0x59, 0x7b, 0x75, 0x7b, 0x8e, 0x8e, 0x7a, 0x59, 0x56, 0x68, 0x8e, 0x75, 0x02, 0x06, 0x13, 0x13,
    0x06, 0x13, 0x06, 0x44, 0x45, 0x4a, 0x5e, 0x54, 0x47, 0x5e, 0x3f, 0x3f, 0x13, 0x13, 0x2d, 0x92,
    0x34, 0x34, 0x3f, 0x3c, 0x34, 0x3f, 0x34, 0x3f, 0x5f, 0xc4, 0xc4, 0xdc, 0xe2, 0xec, 0xdc, 0xda,
    0xc7, 0x92, 0x5b, 0x43, 0x43, 0x74, 0x7a, 0x74, 0x7a, 0xa1, 0xa1, 0x54, 0x1b, 0x13, 0x04, 0x02,
    0x13, 0x15, 0x15, 0x15, 0x13, 0x3f, 0x34, 0x3f, 0x2f, 0xc4, 0xc4, 0xdc, 0xe2, 0xec, 0xdc, 0xda,
    0x3c, 0x2f, 0x2f, 0x53, 0x3f, 0x3c, 0x34, 0x3f, 0xa1, 0x8e, 0xa1, 0x9b, 0x9b, 0x8e, 0x75, 0x8e,
    0x8e, 0x75, 0x7a, 0x8e, 0x7a, 0x86, 0x7a, 0x8a, 0x8e, 0x92, 0x64, 0x7c, 0x72, 0x55, 0x72, 0x47,
    0xcc, 0x87, 0x6f, 0x6f, 0xa9, 0x6f, 0xa7, 0x6f, 0x73, 0xa2, 0xcc, 0xf4, 0xf4, 0xf1, 0xf1, 0xf4,
    0x13, 0x13, 0x13, 0x34, 0x74, 0x3a, 0x3f, 0x44, 0x3f, 0x3f, 0x44, 0x25, 0x13, 0x13, 0x02, 0x6f,
    0x02, 0x1c, 0x1b, 0x6b, 0x4b, 0x42, 0x42, 0x3b, 0x3a, 0x3a, 0x45, 0x2d, 0xb2, 0xdb, 0xe0, 0xe7,
    0xcc, 0x87, 0x02, 0x02, 0x13, 0x56, 0x6d, 0x5e, 0x6d, 0x69, 0x69, 0xa1, 0x69, 0x60, 0x84, 0x2b,
    0x2f, 0x34, 0x2c, 0x34, 0x2f, 0x2f, 0x3f, 0xc4, 0xc9, 0xc4, 0xda, 0xec, 0xec, 0xec, 0xda, 0xae,
    0xa3, 0x92, 0x5b, 0x66, 0x5b, 0x43, 0x43, 0x2f, 0x7f, 0x53, 0x64, 0xa3, 0x72, 0x3c, 0x3c, 0x2f,
    0x34, 0x2c, 0x34, 0x2c, 0x2f, 0x2f, 0x3f, 0xc4, 0xc9, 0xc4, 0xe2, 0xec, 0xa1, 0xdb, 0xe4, 0xe9,
    0xba, 0x8e, 0x02, 0x02, 0x19, 0x43, 0x3c, 0x2f, 0x7f, 0x53, 0x64, 0xa3, 0x72, 0x3c, 0x3c, 0x2f,
    0x54, 0x5e, 0x5e, 0x6d, 0x8a, 0x86, 0xa1, 0x93, 0xa1, 0x54, 0x34, 0x34, 0x34, 0x5b, 0x86, 0xa1,
    0x56, 0x59, 0x7b, 0x7b, 0x75, 0x41, 0x56, 0x56, 0x44, 0x54, 0x7b, 0x7b, 0x02, 0x04, 0x25, 0x06,
    0x13, 0x13, 0x13, 0x25, 0x5e, 0x54, 0x5e, 0x45, 0x3f, 0x3f, 0x3a, 0x34, 0x19, 0x13, 0x84, 0x9c,
    0x2c, 0x34, 0x2c, 0x34, 0x2f, 0x2f, 0x3f, 0xc4, 0xc9, 0xc4, 0xda, 0xec, 0xe5, 0xec, 0xda, 0xae,
    0xa3, 0x92, 0x5b, 0x66, 0x5b, 0x5b, 0x5b, 0x84, 0x45, 0xa1, 0x7a, 0x3a, 0x13, 0x02, 0x06, 0x08,
    0x15, 0x13, 0x13, 0x19, 0x19, 0x2f, 0x3f, 0xc4, 0xc9, 0xc4, 0xda, 0xec, 0xe5, 0xec, 0xda, 0xae,
    0x3f, 0x3f, 0x34, 0x3f, 0x3c, 0x3c, 0x3f, 0xc4, 0xc4, 0xc4, 0x8e, 0x7a, 0x55, 0x44, 0x41, 0x75,
    0x75, 0x68, 0x75, 0x7a, 0x7a, 0x7a, 0x7a, 0x8e, 0x92, 0x64, 0x64, 0xae, 0x7c, 0x55, 0x47, 0x47,
    0xcc, 0xdb, 0x59, 0x29, 0x6f, 0x58, 0x6f, 0x6f, 0x29, 0xa2, 0xe9, 0xe0, 0xe0, 0xf1, 0xf4, 0xfd,
    0x13, 0x08, 0x13, 0x2d, 0x3a, 0x44, 0x3f, 0x44, 0x3a, 0x54, 0x3f, 0x8e, 0x8e, 0xdb, 0x41, 0x39,
    0x02, 0x19, 0x19, 0x3e, 0x42, 0x3e, 0x4b, 0x2d, 0x41, 0x39, 0x2d, 0x6d, 0xc3, 0xe0, 0xe4, 0xe4,
    0xcc, 0xdb, 0x59, 0x02, 0x13, 0x2d, 0x5e, 0x51, 0x60, 0x7a, 0x69, 0x5c, 0x58, 0x4b, 0x3b, 0x2b,
    0x34, 0x2c, 0x34, 0x34, 0x34, 0x2f, 0xc4, 0xc4, 0xc7, 0xe2, 0xe2, 0xec, 0xea, 0xe2, 0xb8, 0xae,
    0xae, 0x9c, 0x7f, 0x5b, 0x66, 0x53, 0x43, 0x2f, 0x2f, 0x5f, 0x2f, 0x96, 0x8f, 0x3c, 0x3c, 0x3c,
    0x2f, 0x2f, 0x34, 0x34, 0x34, 0x2f, 0xc4, 0xc4, 0xc7, 0xe2, 0xe2, 0x6d, 0xc3, 0xdb, 0xe4, 0xe9,
    0xc3, 0xd6, 0x56, 0x02, 0x08, 0x2d, 0x43, 0x2f, 0x2f, 0x5f, 0x2f, 0x96, 0x8f, 0x3c, 0x3c, 0x3f,
    0x45, 0x74, 0x6d, 0x5e, 0x5e, 0x6d, 0x8a, 0x8a, 0x84, 0x34, 0x25, 0x2d, 0x44, 0x6d, 0x7a, 0x9b,
    0x56, 0x56, 0x59, 0x56, 0x39, 0x2b, 0x41, 0x39, 0x44, 0x44, 0x56, 0x7b, 0x1c, 0x13, 0x3f, 0x15,
    0x13, 0x13, 0x13, 0x25, 0x44, 0x3a, 0x44, 0x3a, 0x45, 0x3f, 0x3a, 0x34, 0x2f, 0x2d, 0x92, 0xae,
    0x34, 0x2c, 0x34, 0x34, 0x34, 0x2f, 0xc4, 0xc4, 0xc7, 0xe2, 0xec, 0xec, 0xe2, 0xe2, 0xb8, 0xae,
    0xae, 0x9c, 0x7f, 0x5b, 0x66, 0x53, 0x43, 0x53, 0x44, 0x84, 0x84, 0x25, 0x1b, 0x08, 0x04, 0x08,
    0x13, 0x13, 0x15, 0x1b, 0x19, 0x2f, 0xc4, 0xc4, 0xc7, 0xe2, 0xec, 0xec, 0xe2, 0xe2, 0xb8, 0xae,
    0x2c, 0x34, 0x3f, 0x34, 0x34, 0x3c, 0xc4, 0xc4, 0xd1, 0xe2, 0x8e, 0xb5, 0xc3, 0xc3, 0xc3, 0xcc,
    0x44, 0x75, 0x59, 0x75, 0x7a, 0x7a, 0x8e, 0x3c, 0x3c, 0x64, 0x3c, 0x92, 0x8f, 0x55, 0x55, 0x3c,
    0xc8, 0xe0, 0xb5, 0x29, 0x29, 0x90, 0x71, 0x73, 0x6f, 0xb5, 0xf4, 0xf4, 0xfb, 0xfb, 0xe9, 0xfa,
    0x13, 0x02, 0x13, 0x1b, 0x44, 0x34, 0x34, 0x3a, 0x2d, 0x3f, 0xb2, 0xdb, 0xe9, 0xe0, 0xb5, 0x8e,
    0x1c, 0x2d, 0x6b, 0x3e, 0x4b, 0x58, 0x65, 0x42, 0x39, 0x15, 0x68, 0xa1, 0xd6, 0xe7, 0xe7, 0xe0,
    0xcc, 0xdb, 0xb5, 0x1c, 0x02, 0x13, 0x3b, 0x4b, 0x6b, 0x5c, 0x6b, 0x65, 0x5a, 0x4b, 0x42, 0x2b,
    0x34, 0x34, 0x3f, 0x34, 0x34, 0xc4, 0xc4, 0xda, 0xda, 0xec, 0xa5, 0xd8, 0xf0, 0xe7, 0xba, 0xa3,
    0xa3, 0x92, 0xa3, 0x5b, 0x53, 0x72, 0x66, 0x64, 0x53, 0x2f, 0x2f, 0x2f, 0x7f, 0x47, 0x55, 0x34,
    0x34, 0x34, 0x3f, 0x34, 0x34, 0xc4, 0xc4, 0xd7, 0xe2, 0xec, 0x5e, 0x9b, 0xcc, 0xe7, 0xe9, 0xe0,
    0xc3, 0xdb, 0xb5, 0x06, 0x02, 0x1b, 0x2d, 0x5f, 0x53, 0x2f, 0x2f, 0x2f, 0x7f, 0x3c, 0x55, 0x34,
    0x5e, 0x5e, 0x5e, 0x5e, 0x6d, 0x6d, 0x74, 0x6d, 0x3a, 0x25, 0x13, 0x34, 0x3a, 0x7a, 0xa1, 0x9b,
    0x44, 0x56, 0x39, 0x2b, 0x39, 0x41, 0x39, 0x44, 0x44, 0x44, 0x56, 0x44, 0x41, 0x15, 0x2b, 0x15,
    0x08, 0x04, 0x13, 0x1b, 0x3f, 0x34, 0x2f, 0x34, 0x3f, 0x2d, 0x3f, 0x2d, 0x2d, 0x92, 0x92, 0xae,
    0x34, 0x34, 0x3f, 0x34, 0x34, 0xc4, 0xc4, 0xd7, 0xe2, 0xec, 0xe3, 0xec, 0xec, 0xda, 0x89, 0x89,
    0xa3, 0x92, 0xa3, 0x5b, 0x53, 0x72, 0x66, 0x66, 0x53, 0x2f, 0x43, 0x2f, 0x13, 0x08, 0x04, 0x13,
    0x13, 0x13, 0x1b, 0x19, 0x34, 0xc4, 0xc4, 0xd7, 0xe2, 0xec, 0xe3, 0xec, 0xec, 0xda, 0x89, 0x89,
    0x3f, 0x3f, 0x3f, 0x34, 0x34, 0xc4, 0xc4, 0xda, 0xda, 0xb5, 0xb5, 0xe9, 0xe9, 0xc3, 0xd6, 0xd6,
    0x44, 0x44, 0x44, 0x75, 0x59, 0x54, 0x5b, 0x66, 0x5b, 0x3c, 0x47, 0x3c, 0x72, 0x6a, 0x6a, 0x3f,
    0xb5, 0xba, 0xdb, 0x59, 0x29, 0x90, 0x79, 0x29, 0xcc, 0xe9, 0xe9, 0xf1, 0xf1, 0xe9, 0xf6, 0xfc,
    0x06, 0x04, 0x04, 0x08, 0x2d, 0x2d, 0x2d, 0x2d, 0xa1, 0xe0, 0xe0, 0xe7, 0xf5, 0xfa, 0xfb, 0xfa,
    0x19, 0x19, 0x36, 0x42, 0x46, 0x4b, 0x5a, 0x51, 0x44, 0x15, 0x8e, 0xb2, 0xe0, 0xe7, 0xdb, 0xb5,
    0xb5, 0xb5, 0xdb, 0x59, 0x04, 0x13, 0x13, 0x8b, 0x5a, 0x6b, 0x65, 0x5a, 0x4b, 0x4b, 0x4b, 0x4b,
    0x2f, 0x3c, 0x3f, 0x3c, 0xc4, 0xcf, 0xd1, 0xda, 0xa1, 0xd8, 0xe0, 0xf0, 0xf5, 0xfa, 0xfb, 0xba,
    0xba, 0x87, 0x92, 0x53, 0x5f, 0x96, 0x64, 0x5b, 0x66, 0x5b, 0x47, 0x2f, 0x34, 0x3f, 0x3f, 0x34,
    0x2f, 0x3c, 0x3f, 0x3c, 0xc4, 0xd4, 0xc7, 0xda, 0xe2, 0xda, 0x8e, 0xa5, 0xdb, 0xe9, 0xdb, 0xc3,
    0xb5, 0xba, 0xd6, 0x56, 0x04, 0x13, 0x22, 0x5b, 0x64, 0x64, 0x53, 0x2f, 0x34, 0x3f, 0x3f, 0x34,
    0x5e, 0x5e, 0x5e, 0x6a, 0x6a, 0x6a, 0x6d, 0x55, 0x2d, 0x19, 0x2d, 0x2d, 0x5e, 0x8e, 0x9b, 0xa1,
    0x44, 0x39, 0x2b, 0x1c, 0x41, 0x39, 0x39, 0x39, 0x39, 0x39, 0x44, 0x44, 0x75, 0x2b, 0x20, 0x15,
    0x08, 0x04, 0x04, 0x13, 0x25, 0x25, 0x2b, 0x2d, 0x34, 0x3a, 0x2d, 0x74, 0x84, 0x92, 0xae, 0x5b,
    0x2f, 0x3c, 0x3f, 0x3c, 0xc4, 0xd4, 0xc7, 0xda, 0xe2, 0xdc, 0xe2, 0xec, 0xe2, 0xb8, 0xa3, 0x7f,
    0x7f, 0x7f, 0x92, 0x53, 0x5f, 0x96, 0x64, 0x5b, 0x66, 0x5b, 0x5b, 0x2f, 0x13, 0x04, 0x08, 0x1b,
    0x13, 0x19, 0x06, 0x3c, 0xc4, 0xd4, 0xc7, 0xda, 0xe2, 0xdc, 0xe2, 0xec, 0xe2, 0xb8, 0xa3, 0x7f,
    0x3c, 0x34, 0x4a, 0x3c, 0xc4, 0xd4, 0xc7, 0xda, 0xb5, 0xe9, 0xee, 0xee, 0xf5, 0xfa, 0xfa, 0xdb,
    0xdb, 0xdb, 0x55, 0x44, 0x75, 0x44, 0x64, 0x5b, 0x66, 0x66, 0x5b, 0x3c, 0x55, 0x34, 0x34, 0x3f,
    0xa2, 0xb5, 0xad, 0xb5, 0x29, 0x90, 0x90, 0x6f, 0xb2, 0xf4, 0xf4, 0xf4, 0xf5, 0xfc, 0xfe, 0xfe,
    0x13, 0x04, 0x02, 0x02, 0x2d, 0x2d, 0x2d, 0xd6, 0xf1, 0xf1, 0xe7, 0xfa, 0xfb, 0xfa, 0xfb, 0xfe,
    0x19, 0x36, 0x42, 0x4b, 0x3e, 0x4b, 0x6b, 0x6b, 0x45, 0x3a, 0x8e, 0xcc, 0xe7, 0xe0, 0xcc, 0xb2,
    0xa2, 0xb5, 0xba, 0xb5, 0x1c, 0x02, 0x06, 0x13, 0x6f, 0x6f, 0x65, 0x58, 0x4b, 0x46, 0x4b, 0x4b,
    0x43, 0x1b, 0x4a, 0x78, 0xd4, 0xda, 0xc7, 0xcc, 0xf1, 0xf2, 0xee, 0xf5, 0xf9, 0xfa, 0xfb, 0xfc,
    0xfb, 0xfa, 0xba, 0x87, 0x56, 0xa3, 0xa3, 0xa3, 0x5b, 0x64, 0x53, 0x53, 0x5b, 0x34, 0x3f, 0x34,
    0x43, 0x1b, 0x4a, 0x78, 0xd4, 0xda, 0xc7, 0xda, 0xbe, 0x45, 0x8e, 0xcc, 0xe9, 0xe0, 0xcc, 0xa2,
    0xa2, 0xb5, 0xb5, 0xb5, 0x1c, 0x04, 0x13, 0x19, 0x19, 0x5b, 0x47, 0x5b, 0x5b, 0x34, 0x3f, 0x34,
    0x6a, 0x6a, 0x6a, 0x6a, 0x72, 0x5e, 0x6d, 0x74, 0x4a, 0x45, 0x2d, 0x3a, 0x7a, 0x9b, 0xa1, 0xa2,
    0x39, 0x2b, 0x2b, 0x2b, 0x2b, 0x2b, 0x2b, 0x39, 0x44, 0x44, 0x3f, 0x44, 0x3f, 0x2b, 0x06, 0x15,
    0x08, 0x06, 0x02, 0x13, 0x2f, 0x25, 0x2d, 0x34, 0x45, 0x2d, 0x5e, 0x74, 0x7c, 0x89, 0x89, 0x5b,
    0x43, 0x1b, 0x4a, 0x78, 0xd4, 0xda, 0xc7, 0xda, 0xbe, 0xda, 0xe2, 0xda, 0xb8, 0xb8, 0xae, 0xae,
    0xa3, 0xa3, 0x7f, 0x7f, 0x64, 0xa3, 0xa3, 0x92, 0x5b, 0x53, 0x53, 0x5b, 0x53, 0x04, 0x04, 0x25,
    0x2d, 0x1b, 0x4a, 0x78, 0xd4, 0xda, 0xc7, 0xda, 0xbe, 0xda, 0xe2, 0xda, 0xb8, 0xb8, 0xae, 0xae,
    0x43, 0x2f, 0x6a, 0x8f, 0xd4, 0xda, 0xd1, 0xda, 0xe9, 0xee, 0xee, 0xf5, 0xfb, 0xfa, 0xf5, 0xe9,
    0xdb, 0xdb, 0xdb, 0x44, 0x8e, 0x97, 0xa3, 0xa3, 0x5b, 0x66, 0x53, 0x5b, 0x5b, 0x3f, 0x34, 0x3f,
    0xa2, 0xa2, 0xad, 0xb5, 0x59, 0x39, 0x29, 0x2b, 0xcc, 0xcc, 0xd6, 0xdb, 0xf4, 0xfe, 0xfe, 0xfe,
    0x06, 0x02, 0x02, 0x13, 0x1b, 0x2d, 0xd6, 0xee, 0xee, 0xf1, 0xf5, 0xf6, 0xfa, 0xfb, 0xfa, 0xfc,
    0x19, 0x4b, 0x4b, 0x4b, 0x4b, 0xb0, 0x5c, 0x45, 0x3a, 0x6d, 0xb9, 0xe0, 0xe7, 0xcc, 0x87, 0x8e,
    0x87, 0xa2, 0xad, 0xb5, 0x59, 0x04, 0x06, 0x13, 0x6f, 0x90, 0x4b, 0x4b, 0x4b, 0x3e, 0x4b, 0x4b,
    0x2d, 0x22, 0x6a, 0x98, 0xbe, 0xbe, 0xcc, 0xf4, 0xf4, 0xf2, 0xf6, 0xf5, 0xfa, 0xfb, 0xfa, 0xfd,
    0xfb, 0xfa, 0xf0, 0xee, 0xba, 0x87, 0x56, 0x59, 0x7f, 0x5f, 0x43, 0x53, 0x53, 0x53, 0x34, 0x34,
    0x2d, 0x22, 0x6a, 0x98, 0xbe, 0xbe, 0x8f, 0x8f, 0x44, 0x6d, 0xb9, 0xe0, 0xe7, 0xcc, 0x8e, 0x8e,
    0x94, 0xa2, 0xa2, 0xb5, 0x56, 0x06, 0x08, 0x06, 0x13, 0x22, 0x2f, 0x53, 0x53, 0x53, 0x34, 0x34,
    0xae, 0x6a, 0x7f, 0x89, 0x7f, 0x7f, 0x74, 0x5e, 0x4a, 0x3a, 0x45, 0x6d, 0x8e, 0xa1, 0xa1, 0xa1,
    0x41, 0x2b, 0x27, 0x2b, 0x20, 0x2b, 0x2b, 0x34, 0x39, 0x3f, 0x44, 0x3a, 0x3f, 0x44, 0x15, 0x13,
    0x08, 0x04, 0x08, 0x13, 0x19, 0x25, 0x2d, 0x2d, 0x5e, 0x5e, 0x84, 0x5e, 0x92, 0x84, 0x84, 0x89,
    0x2d, 0x22, 0x6a, 0x98, 0xbe, 0xbe, 0x8f, 0x8f, 0xc4, 0xc9, 0xc7, 0xb8, 0xbe, 0xae, 0xb8, 0xb8,
    0xae, 0x92, 0x7f, 0x92, 0x64, 0x89, 0xae, 0xa3, 0x7f, 0x64, 0x43, 0x47, 0x43, 0x1b, 0x34, 0x34,
    0x2d, 0x22, 0x6a, 0x98, 0xbe, 0xbe, 0x8f, 0x8f, 0xc4, 0xc9, 0xc7, 0xb8, 0xbe, 0xae, 0xb8, 0xb8,
    0x2d, 0x22, 0x8f, 0x98, 0xbe, 0xbe, 0xb5, 0xe9, 0xf2, 0xe9, 0xf4, 0xf6, 0xfb, 0xfb, 0xfa, 0xfd,
    0xfd, 0xfa, 0xee, 0xdb, 0x87, 0x8e, 0x87, 0xae, 0x89, 0x66, 0x5b, 0x53, 0x53, 0x64, 0x3f, 0x3f,
    0x87, 0xb5, 0xad, 0x7b, 0x8e, 0x39, 0x04, 0x08, 0x08, 0x2b, 0xba, 0xf4, 0xfb, 0xfe, 0xfe, 0xfe,
    0x13, 0x13, 0x13, 0x13, 0x19, 0xba, 0xe4, 0xee, 0xee, 0xfa, 0xf6, 0xfa, 0xf5, 0xfb, 0xfe, 0xfe,
    0x2d, 0x4b, 0x4b, 0x4b, 0x6b, 0x5c, 0x2d, 0x3f, 0x74, 0xb9, 0xdb, 0xe0, 0xdb, 0xa1, 0x97, 0x97,
    0x87, 0xba, 0xad, 0x7b, 0x7b, 0x39, 0x02, 0x13, 0x13, 0x90, 0x6f, 0x3e, 0x5c, 0x58, 0x58, 0x5a,
    0x7f, 0x78, 0x8f, 0x8f, 0x8f, 0xb5, 0xee, 0xf2, 0xf2, 0xf4, 0xf6, 0xf6, 0xfa, 0xfb, 0xfc, 0xfd,
    0xfb, 0xfa, 0xe7, 0xe9, 0xee, 0xd8, 0xa2, 0x56, 0x56, 0x56, 0x56, 0x5f, 0x43, 0x53, 0xb8, 0xc4,
    0x7f, 0x78, 0x8f, 0x8f, 0x8f, 0x8f, 0x55, 0x3f, 0x5e, 0xb9, 0xdb, 0xe0, 0xdb, 0x8e, 0x7a, 0xa1,
    0x7a, 0xb5, 0xad, 0x7b, 0x8e, 0x39, 0x04, 0x08, 0x08, 0x19, 0x5f, 0x5f, 0x43, 0x53, 0xb8, 0xc4,
    0xb8, 0xb1, 0x92, 0xa3, 0x92, 0x5e, 0x5e, 0x54, 0x45, 0x74, 0x86, 0xa1, 0x9b, 0xa1, 0x97, 0x9b,
    0x2b, 0x2b, 0x20, 0x1c, 0x20, 0x2b, 0x25, 0x2f, 0x3f, 0x3f, 0x3f, 0x34, 0x25, 0x25, 0x25, 0x06,
    0x13, 0x13, 0x13, 0x19, 0x19, 0x22, 0x3a, 0x3b, 0x8f, 0x98, 0x78, 0x8f, 0x92, 0xb1, 0x84, 0xa0,
    0x7f, 0x78, 0x8f, 0x8f, 0x8f, 0x8f, 0x3f, 0x8f, 0xd4, 0xc7, 0xbe, 0xbe, 0x8f, 0xae, 0xae, 0xb8,
    0xb8, 0xb1, 0x92, 0xa3, 0x9c, 0x64, 0xa3, 0x7f, 0x72, 0x64, 0x64, 0x5f, 0x43, 0x53, 0xb8, 0xc4,
    0x7f, 0x78, 0x8f, 0x8f, 0x8f, 0x8f, 0x3f, 0x8f, 0xd4, 0xc7, 0xbe, 0xbe, 0x8f, 0xae, 0xae, 0xb8,
    0x89, 0x8f, 0x8f, 0x80, 0x8f, 0xb5, 0xe4, 0xf0, 0xf2, 0xf2, 0xf6, 0xf6, 0xf7, 0xfd, 0xfd, 0xfe,
    0xfb, 0xfa, 0xe7, 0xe9, 0xe9, 0xdb, 0xa2, 0x44, 0x75, 0x64, 0x5b, 0x64, 0x53, 0x53, 0xb8, 0xc4,
    0x44, 0xb5, 0x94, 0x97, 0xa2, 0x87, 0x1c, 0x04, 0x04, 0x04, 0x97, 0xfa, 0xfc, 0xfd, 0xfe, 0xfd,
    0x13, 0x13, 0x13, 0x2d, 0x2d, 0xe0, 0xf2, 0xf0, 0xf2, 0xf2, 0xfa, 0xf6, 0xee, 0xfd, 0xfd, 0xfe,
    0x4b, 0x6f, 0x67, 0x5c, 0xb0, 0x3a, 0x45, 0x3a, 0xa1, 0xc8, 0xdb, 0xdb, 0xb9, 0x7a, 0x8e, 0xa1,
    0x56, 0xba, 0x94, 0x87, 0xad, 0x87, 0x06, 0x02, 0x08, 0x13, 0x6f, 0x42, 0x46, 0x4b, 0x4b, 0x6f,
    0x7f, 0x7f, 0x55, 0x5e, 0x5e, 0xe0, 0xf4, 0xf2, 0xf2, 0xf2, 0xfa, 0xf4, 0xf4, 0xfb, 0xfd, 0xfd,
    0xfd, 0xf6, 0xf2, 0xe9, 0xdb, 0xba, 0x87, 0x87, 0x87, 0x41, 0x39, 0x2b, 0x5b, 0xc4, 0xda, 0xda,
    0x7f, 0x7f, 0x55, 0x6a, 0x5e, 0x55, 0x3f, 0x44, 0xb2, 0xc8, 0xdb, 0xdb, 0xb9, 0x7a, 0x8e, 0x9b,
    0x56, 0xb5, 0x87, 0x94, 0xa2, 0x87, 0x06, 0x04, 0x08, 0x13, 0x53, 0x53, 0x5b, 0xc4, 0xda, 0xda,
    0xb1, 0x8f, 0xae, 0x89, 0x92, 0x5e, 0x5e, 0x54, 0x6d, 0x6d, 0x7a, 0x8a, 0xa1, 0x7a, 0x8e, 0xa1,
    0x39, 0x27, 0x2b, 0x1b, 0x15, 0x15, 0x20, 0x25, 0x34, 0x3a, 0x3a, 0x34, 0x2f, 0x34, 0x25, 0x22,
    0x19, 0x13, 0x13, 0x19, 0x25, 0x19, 0x2d, 0x78, 0x93, 0xbb, 0x9a, 0x92, 0x98, 0xb1, 0xbb, 0xb1,
    0x7f, 0x7f, 0x55, 0x55, 0x5e, 0x3f, 0x5e, 0xbe, 0xc7, 0xbe, 0xb1, 0x5e, 0x7c, 0xae, 0xbe, 0xb1,
    0xb1, 0x8f, 0xb8, 0x9c, 0xae, 0xa3, 0x89, 0x92, 0x96, 0x5f, 0x53, 0x5b, 0x5b, 0xc4, 0xda, 0xda,
    0x7f, 0x7f, 0x55, 0x55, 0x5e, 0x3f, 0x5e, 0xbe, 0xc7, 0xbe, 0xb1, 0x5e, 0x7c, 0xae, 0xbe, 0xb1,
    0x89, 0x89, 0x6a, 0x5e, 0xb5, 0xe4, 0xf2, 0xf0, 0xf2, 0xf2, 0xfa, 0xf6, 0xf2, 0xfc, 0xfd, 0xfe,
    0xfc, 0xfa, 0xf2, 0xe7, 0xdb, 0xba, 0x87, 0x87, 0x87, 0x54, 0x53, 0x66, 0x5b, 0xc4, 0xda, 0xda,
    0x25, 0x7b, 0x7b, 0x9b, 0xb5, 0xb5, 0x41, 0x13, 0x04, 0x04, 0x44, 0xf6, 0xfb, 0xfe, 0xfe, 0xfa,
    0x13, 0x13, 0x13, 0x2d, 0xe0, 0xe9, 0xee, 0xf2, 0xe7, 0xee, 0xf2, 0xe7, 0xfa, 0xfd, 0xfe, 0xfe,
    0x65, 0x65, 0x65, 0x5a, 0x4b, 0x3f, 0x3a, 0x7a, 0xb9, 0xd6, 0xcc, 0xd6, 0x87, 0x74, 0x86, 0xa1,
    0x39, 0x7b, 0x87, 0x97, 0xb5, 0xb5, 0x41, 0x13, 0x13, 0x13, 0x15, 0x5c, 0x3e, 0x4b, 0x6f, 0xb0,
    0xae, 0x89, 0x7f, 0x3f, 0xd8, 0xf4, 0xf2, 0xf0, 0xf0, 0xf0, 0xf4, 0xee, 0xfa, 0xfd, 0xfd, 0xfd,
    0xfb, 0xfa, 0xf5, 0xee, 0xe0, 0xba, 0x87, 0x87, 0x44, 0x41, 0x2b, 0x2b, 0x44, 0xda, 0xc7, 0xc4,
    0xae, 0x89, 0x7f, 0x3f, 0x3f, 0x3f, 0x44, 0x86, 0xb9, 0xd6, 0xcc, 0xd6, 0x8e, 0x5e, 0x86, 0x93,
    0x39, 0x7b, 0x87, 0x94, 0xb5, 0xb5, 0x41, 0x13, 0x04, 0x08, 0x04, 0x47, 0xc4, 0xda, 0xc7, 0xc4,
    0xae, 0x5e, 0x6a, 0x92, 0x5e, 0x5e, 0x6d, 0x60, 0x6d, 0x6d, 0x7a, 0x8a, 0xa1, 0x86, 0x7a, 0x9b,
    0x27, 0x20, 0x13, 0x15, 0x15, 0x15, 0x15, 0x25, 0x34, 0x3f, 0x34, 0x3f, 0x3a, 0x34, 0x34, 0x25,
    0x25, 0x19, 0x19, 0x34, 0x34, 0x2d, 0x45, 0x8f, 0x9e, 0xa0, 0x8f, 0x78, 0x8f, 0x98, 0xb1, 0x9a,
    0xae, 0x89, 0x7f, 0x3f, 0x4a, 0x3f, 0x8f, 0xb1, 0x98, 0x8f, 0x5e, 0x5e, 0x8f, 0x7c, 0xa3, 0x88,
    0xae, 0x5e, 0x6a, 0x92, 0x92, 0x7f, 0x72, 0x72, 0x64, 0x55, 0x55, 0x5f, 0xc4, 0xda, 0xc7, 0xc4,
    0xae, 0x89, 0x7f, 0x3f, 0x4a, 0x3f, 0x8f, 0xb1, 0x98, 0x8f, 0x5e, 0x5e, 0x8f, 0x7c, 0xa3, 0x88,
    0xae, 0x89, 0x89, 0xb5, 0xe9, 0xee, 0xf0, 0xf0, 0xf2, 0xf0, 0xf6, 0xee, 0xfb, 0xfd, 0xfe, 0xfe,
    0xfc, 0xfb, 0xf5, 0xf0, 0xe7, 0xba, 0x87, 0x87, 0x44, 0x44, 0x39, 0x5f, 0xc4, 0xda, 0xc7, 0xc4,
    0x15, 0x7b, 0x7b, 0x9b, 0x97, 0x9b, 0x75, 0x2b, 0x13, 0x04, 0x15, 0xdb, 0xfe, 0xfe, 0xf4, 0xea,
    0x1b, 0x13, 0x02, 0xdb, 0xee, 0xee, 0xe7, 0xf2, 0xf2, 0xee, 0xe0, 0xf6, 0xfd, 0xfe, 0xfe, 0xfe,
    0x67, 0x6b, 0x67, 0x5c, 0x74, 0x3f, 0x6d, 0x8e, 0xb2, 0xbf, 0xd6, 0xcc, 0x97, 0x6d, 0x7a, 0x8e,
    0x15, 0x7b, 0x87, 0x8e, 0x97, 0x8e, 0x75, 0x39, 0x13, 0x13, 0x22, 0x5c, 0x5c, 0x79, 0xa9, 0x6f,
    0xae, 0x72, 0x3c, 0xd6, 0xf4, 0xf1, 0xee, 0xf0, 0xf2, 0xee, 0xe4, 0xf5, 0xfc, 0xfd, 0xfe, 0xfe,
    0xfd, 0xfa, 0xf6, 0xf0, 0xe4, 0xdb, 0xc3, 0x87, 0x44, 0x39, 0x1c, 0x20, 0x27, 0x2b, 0xc4, 0x89,
    0xae, 0x72, 0x3c, 0x7f, 0x25, 0x45, 0x5e, 0x86, 0xa1, 0xbf, 0xd6, 0xcc, 0x8e, 0x6d, 0x86, 0x9b,
    0x15, 0x7b, 0x7b, 0x8e, 0x8e, 0x8e, 0x75, 0x2b, 0x13, 0x13, 0x13, 0x19, 0xc4, 0xae, 0xc4, 0x89,
    0x8f, 0x6a, 0x55, 0x6a, 0x5e, 0x6d, 0x5e, 0x54, 0x5e, 0x6d, 0x8a, 0x81, 0x7a, 0x8a, 0x7a, 0x9b,
    0x39, 0x1c, 0x15, 0x13, 0x13, 0x13, 0x20, 0x2b, 0x2d, 0x34, 0x2d, 0x3a, 0x3f, 0x3f, 0x34, 0x34,
    0x2d, 0x22, 0x34, 0x55, 0x3f, 0x55, 0x6a, 0x8f, 0x78, 0xbe, 0x9e, 0x9e, 0x9a, 0x8f, 0x92, 0x7c,
    0xae, 0x72, 0x3c, 0x7f, 0x55, 0x3f, 0x8f, 0x8f, 0x5e, 0xdc, 0xc9, 0x89, 0x5f, 0x8f, 0x92, 0x7c,
    0x8f, 0x6a, 0x5e, 0x7c, 0x72, 0x72, 0x72, 0x72, 0x7c, 0x3c, 0x3c, 0xc4, 0xc4, 0xae, 0xc4, 0x89,
    0xae, 0x72, 0x3c, 0x7f, 0x55, 0x3f, 0x8f, 0x8f, 0x5e, 0xdc, 0xc9, 0x89, 0x5f, 0x8f, 0x92, 0x7c,
    0xae, 0x72, 0xb6, 0xb5, 0xe7, 0xed, 0xf0, 0xf0, 0xf2, 0xee, 0xe0, 0xf6, 0xfd, 0xfe, 0xfe, 0xfe,
    0xfd, 0xfa, 0xfa, 0xf0, 0xe4, 0xcc, 0xba, 0x87, 0x44, 0x39, 0x1c, 0x39, 0xc4, 0xa3, 0xc4, 0x92,
    0x20, 0x44, 0x75, 0xa1, 0x8e, 0x8e, 0x8e, 0x44, 0x15, 0x15, 0x04, 0xd8, 0xfe, 0xfd, 0xbf, 0xf2,
    0x2d, 0x13, 0xdb, 0xe0, 0xe9, 0xee, 0xf0, 0xf2, 0xe0, 0xe0, 0xe7, 0xfb, 0xfd, 0xfe, 0xfe, 0xfe,
    0x6f, 0x5c, 0x6f, 0x90, 0x2d, 0x2d, 0x7a, 0xa1, 0xa1, 0xb9, 0xd6, 0xb2, 0x8e, 0x7b, 0x7a, 0x8e,
    0x06, 0x44, 0x75, 0xa1, 0x94, 0x87, 0x87, 0x56, 0x15, 0x13, 0x13, 0x44, 0x6f, 0x6f, 0x6f, 0xa7,
    0x72, 0xae, 0xd8, 0xe4, 0xe9, 0xf0, 0xf2, 0xf4, 0xe4, 0xd8, 0xf0, 0xfb, 0xfd, 0xfe, 0xfe, 0xfe,
    0xfe, 0xfe, 0xfd, 0xf2, 0xdb, 0xcc, 0xc3, 0xba, 0x87, 0x56, 0x1c, 0x1c, 0x2b, 0x20, 0x06, 0x19,
    0x72, 0xae, 0x64, 0x3f, 0x25, 0x45, 0x5e, 0x8e, 0x9b, 0xbf, 0xd8, 0xb6, 0x9b, 0x86, 0x8a, 0xa1,
    0x06, 0x56, 0x75, 0xa1, 0x97, 0x87, 0x8e, 0x59, 0x15, 0x13, 0x06, 0x04, 0x64, 0xc4, 0x92, 0x89,
    0x6a, 0x3f, 0x5e, 0x5e, 0x7c, 0x6a, 0x5e, 0x45, 0x5e, 0x54, 0x6d, 0x84, 0x84, 0x81, 0x8a, 0x9b,
    0x2b, 0x06, 0x1c, 0x13, 0x13, 0x06, 0x25, 0x2d, 0x34, 0x2d, 0x34, 0x34, 0x3a, 0x34, 0x2f, 0x3a,
    0x25, 0x25, 0x25, 0x25, 0x25, 0x3f, 0x5e, 0x8f, 0xd1, 0xdc, 0xda, 0x9e, 0x9e, 0x92, 0x92, 0x7c,
    0x72, 0xae, 0x7f, 0x43, 0x3c, 0x55, 0x5e, 0x8f, 0xdc, 0xe2, 0xda, 0xae, 0x5f, 0x64, 0x78, 0x6a,
    0x78, 0x3f, 0x5e, 0x6a, 0x7c, 0x64, 0x72, 0x7f, 0x72, 0x55, 0xc4, 0x89, 0x64, 0xc4, 0x92, 0x89,
    0x72, 0xae, 0x7f, 0x43, 0x3c, 0x55, 0x5e, 0x8f, 0xdc, 0xe2, 0xda, 0xae, 0x5f, 0x64, 0x78, 0x6a,
    0x72, 0xb2, 0xc3, 0xe7, 0xe9, 0xe9, 0xf2, 0xf6, 0xe0, 0xdb, 0xf2, 0xfd, 0xfe, 0xfe, 0xfe, 0xfe,
    0xfe, 0xfe, 0xfd, 0xf2, 0xdb, 0xcc, 0xc3, 0xba, 0x87, 0x56, 0x1c, 0x1c, 0x39, 0xc4, 0x92, 0x92,
    0x1c, 0x15, 0x7b, 0x9b, 0x7b, 0x87, 0x87, 0x68, 0x41, 0x15, 0x13, 0x8e, 0xfb, 0xb9, 0xea, 0xf6,
    0x2d, 0xdb, 0xe0, 0xe4, 0xe7, 0xf1, 0xf2, 0xe7, 0xce, 0xd6, 0xf0, 0xfe, 0xfe, 0xfe, 0xfe, 0xfe,
    0x6f, 0x6f, 0x6f, 0x74, 0x3f, 0x74, 0x6d, 0xa1, 0xb9, 0xc6, 0xd6, 0xad, 0x86, 0x7a, 0x7a, 0x8e,
    0x1c, 0x15, 0x7a, 0xa1, 0x94, 0x87, 0x87, 0x59, 0x39, 0x20, 0x13, 0x36, 0x6f, 0x79, 0x90, 0x79,
    0x92, 0xdb, 0xe0, 0xe7, 0xee, 0xf1, 0xf4, 0xea, 0xb9, 0xd8, 0xf6, 0xfc, 0xfe, 0xfe, 0xfe, 0xfe,
    0xfe, 0xfe, 0xf2, 0xc3, 0xb5, 0xa2, 0x94, 0x87, 0x87, 0x56, 0x1c, 0x1c, 0x1c, 0x41, 0x1c, 0x02,
    0x9c, 0xae, 0x25, 0x34, 0x3f, 0x54, 0x6d, 0x9b, 0xb6, 0xce, 0xd8, 0xa1, 0x8a, 0x86, 0x7a, 0x9b,
    0x13, 0x15, 0x7a, 0x9b, 0x97, 0x8e, 0x87, 0x68, 0x39, 0x15, 0x13, 0x02, 0x19, 0x89, 0x5f, 0x96,
    0x8f, 0x5e, 0x3f, 0x55, 0x6a, 0x6a, 0x74, 0x6d, 0x6d, 0x6d, 0x5e, 0x84, 0x81, 0x84, 0x8a, 0x84,
    0x59, 0x1c, 0x15, 0x13, 0x13, 0x25, 0x2b, 0x2d, 0x34, 0x2d, 0x34, 0x2d, 0x2d, 0x36, 0x3a, 0x3b,
    0x25, 0x25, 0x92, 0x53, 0x25, 0x3f, 0x55, 0xda, 0xdc, 0xda, 0xae, 0x89, 0x64, 0x5f, 0x92, 0x7c,
    0xa3, 0xae, 0x92, 0x3c, 0x3c, 0x47, 0x55, 0xe2, 0xe2, 0xda, 0xae, 0x89, 0x5f, 0x64, 0x6a, 0x7c,
    0x8f, 0x3f, 0x4a, 0x6a, 0x6a, 0x7c, 0x7c, 0x6a, 0x6a, 0x7f, 0x72, 0x64, 0x89, 0x89, 0x5f, 0x96,
    0xa3, 0xae, 0x92, 0x3c, 0x3c, 0x47, 0x55, 0xe2, 0xe2, 0xda, 0xae, 0x89, 0x5f, 0x64, 0x6a, 0x7c,
    0xb5, 0xb5, 0xe0, 0xe4, 0xe9, 0xf0, 0xf6, 0xea, 0xb9, 0xd8, 0xf6, 0xfc, 0xfe, 0xfe, 0xfe, 0xfe,
    0xfe, 0xfe, 0xf0, 0xcc, 0xb5, 0xb5, 0x87, 0x87, 0x87, 0x56, 0x1c, 0x1c, 0x1c, 0x41, 0x1c, 0x92,
    0x19, 0x87, 0x8e, 0x8e, 0xa1, 0xcc, 0xcc, 0xb2, 0xad, 0x8e, 0x8e, 0xe9, 0xf0, 0xf6, 0xe0, 0xb5,
    0x1c, 0x44, 0x8e, 0x59, 0x41, 0x44, 0x87, 0x87, 0x7b, 0x59, 0x59, 0x56, 0x59, 0x59, 0x59, 0x53,
    0xa3, 0xb5, 0x87, 0x3b, 0x55, 0x8a, 0x9b, 0x9b, 0xb9, 0xd8, 0xb9, 0x9b, 0x55, 0x44, 0x7a, 0x7a,
    0x15, 0x15, 0x55, 0x9b, 0x75, 0x44, 0x59, 0x6d, 0x56, 0x55, 0x1c, 0x13, 0x8e, 0x64, 0x64, 0x92,
    0xdb, 0xad, 0xc3, 0xc3, 0x75, 0xa1, 0x8e, 0x06, 0x06, 0x75, 0x1c, 0x06, 0x15, 0x1c, 0x1c, 0x15,
    0x75, 0x75, 0x87, 0xa1, 0x87, 0xb9, 0xa1, 0x9b, 0x9b, 0xd6, 0xe7, 0xe7, 0xfb, 0xfe, 0xe7, 0xb5,
    0x13, 0x13, 0x13, 0x3f, 0x6a, 0x6a, 0x8f, 0x8f, 0x64, 0x89, 0x72, 0x7c, 0x64, 0x64, 0x64, 0x92,
    0xa3, 0x72, 0x64, 0x53, 0x3c, 0x53, 0xc4, 0xda, 0xda, 0xda, 0x92, 0x64, 0xe0, 0xe9, 0xe9, 0xe9,
    0x87, 0x87, 0x8e, 0x3f, 0x6a, 0x6a, 0x8f, 0x8f, 0x64, 0x89, 0x72, 0x7c, 0x64, 0x64, 0x64, 0x92,
    0xa3, 0x72, 0x53, 0x53, 0x3c, 0x53, 0xc4, 0xda, 0xda, 0xda, 0x92, 0x64, 0x64, 0x43, 0xba, 0xba,
    0xa3, 0x72, 0x5b, 0x45, 0x84, 0x8f, 0xa1, 0xb6, 0xc6, 0xd8, 0xce, 0xa1, 0x7a, 0x74, 0x84, 0x86,
    0x5e, 0x34, 0x3f, 0x13, 0x13, 0x2f, 0x34, 0x3a, 0x45, 0x45, 0x34, 0x3f, 0x3f, 0x3f, 0x3f, 0x45,
    0x02, 0x13, 0x64, 0x6d, 0x84, 0x6d, 0x7a, 0x8e, 0xa1, 0xa1, 0x8e, 0x7a, 0x5e, 0x39, 0x15, 0x2b,
    0x6c, 0x21, 0x21, 0x21, 0x21, 0x21, 0x29, 0x21, 0x21, 0x21, 0x6c, 0x6c, 0x21, 0x6c, 0x8b, 0x6c,
    0x21, 0x21, 0x21, 0x0f, 0x01, 0x09, 0x01, 0x09, 0x09, 0x6c, 0x6c, 0x8b, 0x71, 0x6c, 0x8b, 0x6c,
    0x21, 0x21, 0x09, 0x01, 0x21, 0x21, 0x09, 0x01, 0x21, 0x8b, 0x6c, 0x21, 0x8b, 0xd0, 0xd0, 0x8b,
    0x43, 0x3c, 0x3c, 0x34, 0x8e, 0x7a, 0xcc, 0xcc, 0xa1, 0xa2, 0x8e, 0xf6, 0xf2, 0xe0, 0xcc, 0x87,
    0x02, 0x02, 0x87, 0x59, 0x1c, 0x41, 0x41, 0x56, 0x87, 0x8e, 0x56, 0x56, 0x5b, 0x92, 0x43, 0x1d,
    0x7a, 0xb5, 0x7a, 0x81, 0x86, 0x8e, 0xa1, 0x9b, 0xb9, 0xb9, 0x8e, 0xe0, 0xe9, 0xfe, 0xfe, 0xfe,
    0x75, 0x75, 0x44, 0x22, 0x44, 0x06, 0x8e, 0x7a, 0x7a, 0x5b, 0x34, 0x13, 0x04, 0x64, 0x72, 0x64,
    0xa1, 0x68, 0x56, 0xc3, 0x8e, 0xc3, 0x1c, 0x15, 0x1c, 0x06, 0x56, 0x20, 0x06, 0x15, 0x15, 0x1c,
    0x56, 0x2b, 0x13, 0x75, 0xa1, 0x7a, 0x8e, 0xa1, 0xd6, 0xce, 0xb9, 0xe7, 0xfb, 0xfb, 0xe7, 0xc3,
    0x7b, 0x7b, 0x39, 0x13, 0x5e, 0x6a, 0x78, 0x64, 0x89, 0x64, 0x64, 0x72, 0x64, 0x64, 0x72, 0x64,
    0x43, 0x53, 0x5b, 0x53, 0x5b, 0xae, 0xae, 0xda, 0x92, 0xae, 0xfb, 0xe0, 0xe9, 0xfe, 0xfe, 0xfe,
    0xba, 0xc3, 0x87, 0x44, 0x44, 0x6a, 0x78, 0x64, 0x89, 0x64, 0x64, 0x72, 0x64, 0x64, 0x72, 0x87,
    0x44, 0x64, 0x5b, 0x53, 0x5b, 0xae, 0xae, 0xda, 0x92, 0xae, 0x92, 0xa3, 0xba, 0xba, 0xf1, 0xf1,
    0x43, 0x66, 0x74, 0x74, 0x8f, 0x9b, 0xa1, 0xb2, 0xb9, 0xd8, 0xb9, 0x81, 0x74, 0x59, 0x7a, 0x8e,
    0x43, 0x3c, 0x3c, 0x3f, 0x56, 0x3f, 0x3a, 0x3a, 0x2d, 0x3a, 0x34, 0x3f, 0x3f, 0x3f, 0x45, 0xe0,
    0x02, 0x02, 0x5e, 0x5e, 0x5b, 0x5e, 0x81, 0x8e, 0x8e, 0x8e, 0x8e, 0x6d, 0x5b, 0x44, 0x3f, 0x2b,
    0x6c, 0x6c, 0x6c, 0x09, 0x21, 0x21, 0x29, 0x21, 0x09, 0x09, 0x21, 0x21, 0x21, 0x6c, 0x6c, 0x6c,
    0x29, 0x21, 0x09, 0x21, 0x0f, 0x01, 0x01, 0x01, 0x09, 0xd0, 0x8b, 0xd0, 0x21, 0x6c, 0x6c, 0x21,
    0x58, 0xd2, 0x21, 0x09, 0x9f, 0x01, 0x01, 0x03, 0x0f, 0x6c, 0x8b, 0x65, 0x71, 0xd0, 0x8b, 0xe0,
    0x53, 0x3c, 0x3c, 0x3c, 0x34, 0x55, 0x8e, 0x8e, 0x87, 0x8e, 0xcc, 0xfb, 0xf4, 0xdb, 0xcc, 0xd6,
    0x44, 0x02, 0x06, 0x1c, 0x1c, 0x1c, 0x41, 0x39, 0x75, 0x59, 0x41, 0x41, 0x59, 0x74, 0x92, 0x53,
    0x7a, 0x7a, 0x81, 0x74, 0x81, 0x8e, 0x8e, 0xa1, 0xb9, 0x9b, 0xfb, 0xfa, 0xfd, 0xfe, 0xfe, 0xfe,
    0xc3, 0xc3, 0x75, 0x87, 0x15, 0x15, 0x20, 0x44, 0x7a, 0x55, 0x3f, 0x25, 0x04, 0x04, 0xc4, 0xcf,
    0x8e, 0x44, 0x44, 0x75, 0x8e, 0x75, 0xc3, 0x1c, 0x1c, 0x06, 0x1c, 0x15, 0x20, 0x1c, 0x15, 0x15,
    0x1c, 0x1c, 0x15, 0x13, 0x15, 0x44, 0x5e, 0x9b, 0xa1, 0xb9, 0xa1, 0xd8, 0xe7, 0xf6, 0xe7, 0xd8,
    0xc3, 0xc3, 0x7b, 0x87, 0x1c, 0x02, 0x64, 0x3f, 0x3f, 0x64, 0x64, 0xc4, 0xc4, 0xda, 0xc7, 0xc7,
    0xa3, 0x43, 0x43, 0x43, 0xae, 0xae, 0x92, 0x92, 0x92, 0xe4, 0xfb, 0xfa, 0xfd, 0xfe, 0xfe, 0xfe,
    0xf1, 0xd6, 0x87, 0x7b, 0x87, 0x75, 0x64, 0x3f, 0x3f, 0x64, 0x64, 0xc0, 0xc4, 0xda, 0xcc, 0xd6,
    0x44, 0x44, 0x43, 0x43, 0xae, 0xae, 0x92, 0x92, 0xa3, 0xae, 0x92, 0x92, 0xf1, 0xf1, 0xee, 0xf1,
    0xa3, 0x43, 0x7a, 0x74, 0x7a, 0x9b, 0xa1, 0xa5, 0xb9, 0xb9, 0x9b, 0x5e, 0x47, 0x5e, 0x7a, 0x7a,
    0x53, 0x3c, 0x3c, 0x3c, 0x34, 0x75, 0x45, 0x45, 0x45, 0x45, 0x3f, 0x3f, 0x3f, 0x45, 0xcc, 0xe4,
    0x44, 0x02, 0x02, 0x55, 0x3a, 0x74, 0x84, 0x8e, 0x86, 0x8e, 0x86, 0x7a, 0x81, 0x5b, 0x3f, 0x15,
    0x21, 0x6c, 0x21, 0x21, 0x58, 0x9f, 0x21, 0x09, 0x4b, 0x09, 0x09, 0x6c, 0x6c, 0x8b, 0x6c, 0x6c,
    0x21, 0x6c, 0x5d, 0x21, 0x29, 0x01, 0x01, 0x4c, 0x8b, 0x8b, 0xd0, 0x71, 0x6c, 0x21, 0x09, 0x09,
    0xbd, 0xd2, 0x58, 0x9f, 0xd2, 0x58, 0x01, 0x01, 0x01, 0x21, 0x8b, 0x6c, 0x21, 0x6c, 0xd6, 0xe0,
    0x3c, 0x2f, 0x2f, 0x53, 0x3f, 0x3c, 0x34, 0x3f, 0x8e, 0x8e, 0xc3, 0xba, 0xe0, 0xcc, 0xdb, 0xe4,
    0xb5, 0x1c, 0x02, 0x1c, 0x1c, 0x04, 0x15, 0x39, 0x1c, 0x59, 0x41, 0x72, 0x72, 0x55, 0x72, 0x47,
    0xc7, 0x96, 0x81, 0x74, 0x84, 0x81, 0x86, 0x8e, 0x9b, 0xe4, 0xfa, 0xfe, 0xfe, 0xfe, 0xfd, 0xfe,
    0xfe, 0xf6, 0xc3, 0xc3, 0x87, 0x04, 0x04, 0x44, 0x3f, 0x55, 0x55, 0x2f, 0x15, 0xc4, 0xda, 0xda,
    0x75, 0x41, 0x41, 0x39, 0x39, 0x44, 0x44, 0x39, 0x15, 0x15, 0x2b, 0x20, 0x22, 0x1c, 0x1c, 0x15,
    0x1c, 0x13, 0x25, 0x13, 0x56, 0x6d, 0x7a, 0x7a, 0xa1, 0x9b, 0x8e, 0xb9, 0xd6, 0xee, 0xcc, 0xb2,
    0xfe, 0xf6, 0xc3, 0xc3, 0x87, 0x02, 0x06, 0x3f, 0x64, 0xc4, 0xc4, 0xe2, 0xe5, 0xec, 0xdc, 0xda,
    0xc7, 0x96, 0x5b, 0x43, 0x43, 0x92, 0x92, 0x64, 0xe0, 0xe0, 0xfa, 0xfe, 0xfe, 0xfe, 0xfd, 0xfe,
    0xfc, 0xf4, 0xc3, 0x41, 0x87, 0x75, 0x75, 0x3f, 0x64, 0xc4, 0xc4, 0xe2, 0xe2, 0xec, 0xe0, 0xe4,
    0xb5, 0x44, 0x5b, 0x43, 0x43, 0x92, 0x92, 0x64, 0xae, 0x92, 0xc3, 0xf1, 0xf1, 0xf1, 0xf1, 0xf1,
    0xc7, 0x92, 0x72, 0x8f, 0x7a, 0x9e, 0x9e, 0xa1, 0xa1, 0x9b, 0x4a, 0x3f, 0x4a, 0x55, 0x81, 0x97,
    0x3c, 0x2f, 0x2f, 0x53, 0x3c, 0x3f, 0x56, 0x45, 0x45, 0x45, 0x45, 0x3f, 0x45, 0xcc, 0xe7, 0xe9,
    0xad, 0x1c, 0x02, 0x08, 0x55, 0x54, 0x6d, 0x84, 0x7a, 0x86, 0x86, 0x7a, 0x64, 0x5b, 0x3f, 0x13,
    0x09, 0x09, 0x21, 0xd2, 0x9f, 0xd2, 0x58, 0xd2, 0x9f, 0x58, 0x29, 0x21, 0x8b, 0x6c, 0x6c, 0x6c,
    0x8b, 0x8b, 0x6c, 0x8b, 0x21, 0x6c, 0x21, 0x52, 0xd0, 0xd0, 0x21, 0x21, 0x8b, 0x8b, 0x01, 0x09,
    0xd2, 0x9f, 0xd2, 0xd2, 0x58, 0x58, 0x09, 0x01, 0x9f, 0x6c, 0x29, 0x21, 0x6c, 0xcc, 0xe0, 0xe7,
    0x3f, 0x3f, 0x34, 0x3f, 0x3c, 0x3c, 0x3f, 0xc4, 0xc0, 0x87, 0x8e, 0x94, 0xb5, 0xb5, 0xdb, 0xe7,
    0xba, 0x87, 0x02, 0x1c, 0x1c, 0x04, 0x06, 0x15, 0x1c, 0x59, 0x64, 0xae, 0x7c, 0x55, 0x47, 0x47,
    0xae, 0x9c, 0x5b, 0x55, 0x7a, 0x7a, 0x8e, 0x84, 0xa1, 0xf4, 0xfe, 0xfe, 0xf6, 0xf6, 0xfe, 0xfe,
    0xfd, 0xf6, 0xe4, 0xb5, 0x87, 0x04, 0x04, 0x1b, 0x55, 0x2f, 0x3c, 0x2f, 0xc4, 0xc4, 0xda, 0xae,
    0x75, 0x41, 0x1c, 0x1c, 0x56, 0x56, 0x44, 0x44, 0x44, 0x44, 0x1c, 0x20, 0x15, 0x15, 0x20, 0x1c,
    0x13, 0x15, 0x7a, 0x13, 0x56, 0x5b, 0x7a, 0xa1, 0xa1, 0x86, 0x7a, 0xb9, 0xd8, 0xe7, 0xc8, 0x8e,
    0xfd, 0xf6, 0xe4, 0xb5, 0x87, 0x02, 0x02, 0x06, 0xc4, 0xc4, 0xe2, 0xec, 0xea, 0xec, 0xda, 0xae,
    0xae, 0x9c, 0x5b, 0x66, 0x53, 0x43, 0x43, 0x3c, 0xe0, 0xf1, 0xfe, 0xfe, 0xf6, 0xf6, 0xfe, 0xfe,
    0xfe, 0xfb, 0xcc, 0x41, 0x56, 0x87, 0x56, 0x6d, 0xc4, 0xc4, 0xe2, 0xec, 0xec, 0xb5, 0xdb, 0xe7,
    0xba, 0x87, 0x59, 0x5b, 0x53, 0x43, 0x43, 0x3c, 0x92, 0x64, 0xc3, 0xf1, 0xf1, 0xee, 0xf5, 0xf1,
    0xae, 0x55, 0x47, 0x74, 0x84, 0x84, 0x9e, 0x9e, 0x9b, 0x74, 0x3f, 0x3f, 0x3f, 0x74, 0x7a, 0xa1,
    0x3f, 0x3f, 0x3f, 0x34, 0x3f, 0x3f, 0x3f, 0x45, 0x45, 0x45, 0x45, 0x45, 0xa1, 0xdb, 0xe7, 0xe9,
    0xba, 0x94, 0x02, 0x02, 0x13, 0x59, 0x7a, 0x84, 0x5e, 0x8e, 0x8e, 0x97, 0x86, 0x5e, 0x54, 0x2d,
    0x01, 0x09, 0x09, 0x09, 0xd2, 0x9f, 0x9f, 0xd2, 0x58, 0x3e, 0x09, 0x21, 0x6c, 0x6c, 0x21, 0x21,
    0x8b, 0x6c, 0x8b, 0x6c, 0x6c, 0x5d, 0x21, 0x21, 0x6c, 0x21, 0x21, 0x21, 0xd0, 0xd0, 0x6c, 0x01,
    0x58, 0x9f, 0x9f, 0x58, 0x3e, 0x3e, 0x21, 0x58, 0x58, 0x21, 0x09, 0x21, 0xa2, 0xdb, 0xe4, 0xe9,
    0x2c, 0x34, 0x3f, 0x34, 0x34, 0x3c, 0xc4, 0xc4, 0xc7, 0xe2, 0x8e, 0x8e, 0xb5, 0xd6, 0xe4, 0xe9,
    0xc3, 0xdb, 0x59, 0x04, 0x06, 0x06, 0x04, 0x04, 0x3c, 0x64, 0x3c, 0x92, 0x8f, 0x55, 0x55, 0x3c,
    0xae, 0xae, 0x7f, 0x72, 0x55, 0x7a, 0x8e, 0xc8, 0xf1, 0xe9, 0xfe, 0xb2, 0xb2, 0xf6, 0xfe, 0xfe,
    0xfe, 0xfe, 0xe0, 0xc3, 0xb5, 0x06, 0x1c, 0x06, 0x20, 0x15, 0x2f, 0xc4, 0xc4, 0xe2, 0xc4, 0xa3,
    0x75, 0x41, 0x1c, 0x27, 0x44, 0x44, 0x56, 0x5e, 0x44, 0x44, 0x1c, 0x2b, 0x2f, 0x34, 0x1c, 0x27,
    0x13, 0x13, 0x56, 0x7a, 0x56, 0x3c, 0x7a, 0x7a, 0x7a, 0x81, 0x7a, 0xb9, 0xd8, 0xf6, 0xb9, 0x8e,
    0xfe, 0xfe, 0xe0, 0xc3, 0xb5, 0x06, 0x1c, 0x06, 0x06, 0xe2, 0xe2, 0xea, 0xec, 0xee, 0xee, 0xee,
    0xae, 0xae, 0x7f, 0x66, 0x5b, 0x5b, 0x43, 0xcc, 0xf1, 0xe9, 0xfe, 0xb2, 0xb2, 0xf6, 0xfe, 0xfe,
    0xfd, 0xfe, 0xe0, 0x41, 0x41, 0x59, 0x56, 0x41, 0x44, 0xe2, 0xe2, 0xec, 0xec, 0xd6, 0xe4, 0xe9,
    0xc3, 0xdb, 0x59, 0x59, 0x5b, 0x53, 0x43, 0x3c, 0x3c, 0x87, 0xe9, 0xe0, 0xe0, 0xf1, 0xf4, 0xfd,
    0x44, 0x75, 0x44, 0x55, 0x55, 0x6d, 0x7a, 0x6d, 0x84, 0x3f, 0x25, 0x2f, 0x55, 0x74, 0x7a, 0xa1,
    0x2c, 0x34, 0x3f, 0x34, 0x34, 0x3c, 0x45, 0x45, 0x56, 0x39, 0x2d, 0x7a, 0xce, 0xe7, 0xe9, 0xe4,
    0xc3, 0xdb, 0x59, 0x02, 0x06, 0x2d, 0x59, 0x59, 0x55, 0x84, 0x8e, 0xa1, 0x97, 0x7a, 0x86, 0x44,
    0x58, 0x9f, 0x09, 0x65, 0x9f, 0xd2, 0xd2, 0x58, 0x9f, 0x3e, 0x3e, 0x9b, 0xa1, 0xe7, 0x09, 0x21,
    0x6c, 0x29, 0x21, 0x6c, 0x8b, 0x6c, 0x6c, 0x6c, 0x29, 0x09, 0x09, 0x6c, 0x6c, 0x6c, 0x21, 0x09,
    0x9f, 0x58, 0x58, 0xd2, 0x9f, 0xd2, 0x58, 0xd2, 0x9f, 0x58, 0x01, 0x6d, 0xc3, 0xdb, 0xe4, 0xe9,
    0x3f, 0x3f, 0x3f, 0x34, 0x34, 0xc4, 0xc4, 0xd7, 0xe2, 0xec, 0x8e, 0x8e, 0xb5, 0xe7, 0xe9, 0xdb,
    0xc3, 0xe0, 0xad, 0x1c, 0x04, 0x06, 0x04, 0x64, 0x53, 0x3c, 0x47, 0x3c, 0x72, 0x6a, 0x6a, 0x3f,
    0xa3, 0x92, 0xa3, 0x89, 0x72, 0x56, 0x55, 0xd6, 0xe7, 0xfb, 0xe9, 0xb2, 0xd8, 0xfd, 0xfe, 0xfe,
    0xfe, 0xfd, 0xe0, 0xe7, 0xb5, 0x1c, 0x15, 0x15, 0x44, 0x15, 0xc4, 0xc4, 0xc4, 0xda, 0x92, 0xa3,
    0x44, 0x39, 0x1c, 0x1c, 0x1c, 0x44, 0xc4, 0xc4, 0xae, 0x3f, 0x47, 0x1c, 0x1c, 0x6a, 0x6a, 0x1c,
    0x44, 0x56, 0x34, 0x34, 0x34, 0x7a, 0x53, 0x75, 0x86, 0x7a, 0x8e, 0xb9, 0xd8, 0xee, 0xb9, 0x75,
    0xfe, 0xfd, 0xe0, 0xe7, 0xb5, 0x1c, 0x1c, 0x27, 0x41, 0xec, 0xe9, 0xe9, 0xe9, 0xc3, 0x87, 0x44,
    0x44, 0x44, 0x44, 0x5b, 0x5b, 0x54, 0x55, 0xd6, 0xe7, 0xfb, 0xe9, 0xb2, 0xd8, 0xfd, 0xfe, 0xfe,
    0xfc, 0xfb, 0xfd, 0x59, 0x44, 0x87, 0x44, 0x39, 0x41, 0x1c, 0xec, 0x8e, 0xb5, 0xe7, 0xe9, 0xdb,
    0xc3, 0xe0, 0xb5, 0x44, 0x53, 0x66, 0x66, 0x64, 0x87, 0xb5, 0xf1, 0xf1, 0xfb, 0xfb, 0xe9, 0xfa,
    0x44, 0x44, 0x78, 0x6d, 0x78, 0x74, 0x6d, 0x59, 0x55, 0x1b, 0x13, 0x3f, 0x55, 0x8a, 0x9b, 0xa1,
    0x3f, 0x3f, 0x3f, 0x34, 0x34, 0xc4, 0x89, 0x96, 0x44, 0x1c, 0x5e, 0xa1, 0xd6, 0xe9, 0xe9, 0xe0,
    0xc3, 0xe0, 0xb5, 0x1c, 0x02, 0x13, 0x2d, 0x55, 0x5e, 0x81, 0x7a, 0x8e, 0x9b, 0xa5, 0xa1, 0x8e,
    0xd2, 0x9f, 0x58, 0x9f, 0x58, 0xd2, 0x58, 0x3e, 0x58, 0x21, 0xb2, 0xd8, 0xee, 0xe7, 0xba, 0xa1,
    0x21, 0x09, 0x09, 0x21, 0x6c, 0x29, 0x21, 0x6c, 0x21, 0x09, 0x09, 0x6c, 0x09, 0x09, 0x09, 0xd2,
    0x65, 0x58, 0xd2, 0xbd, 0xd2, 0xa7, 0x58, 0x3e, 0x58, 0x58, 0x5e, 0x9b, 0xcc, 0xe7, 0xe9, 0xdb,
    0x3c, 0x34, 0x4a, 0x3c, 0xc4, 0xd4, 0xc7, 0xda, 0xe2, 0xda, 0xb5, 0xa1, 0xdb, 0xe9, 0xe0, 0xcc,
    0xb5, 0xba, 0xdb, 0x59, 0x04, 0x04, 0x64, 0x66, 0x66, 0x66, 0x5b, 0x3c, 0x55, 0x34, 0x34, 0x3f,
    0x7f, 0x7f, 0x7f, 0x7f, 0x7f, 0x7f, 0x7f, 0xd6, 0xe0, 0xf1, 0xcc, 0xd8, 0xf6, 0xfe, 0xfe, 0xfe,
    0xfe, 0xfe, 0xdb, 0xe0, 0xe7, 0x75, 0x06, 0x20, 0x56, 0x56, 0x15, 0xc4, 0xe2, 0xb8, 0xae, 0x7f,
    0x56, 0x41, 0x1c, 0x1c, 0x1c, 0xc4, 0xc4, 0xae, 0x89, 0x92, 0x66, 0x3f, 0x3f, 0x34, 0x34, 0x3f,
    0x56, 0x34, 0x4a, 0x3c, 0x8f, 0x8f, 0x88, 0x8f, 0x8e, 0x8e, 0xb9, 0x8e, 0xb9, 0xd8, 0xa1, 0x75,
    0xfe, 0xfe, 0xdb, 0xe0, 0xe7, 0x87, 0x06, 0x1c, 0x44, 0xe9, 0xe9, 0xee, 0xf5, 0xfa, 0xfa, 0xdb,
    0xdb, 0xdb, 0x55, 0x44, 0x5b, 0x44, 0x75, 0xd6, 0xe0, 0xf1, 0xcc, 0xd8, 0xf6, 0xfe, 0xfe, 0xfe,
    0xfd, 0xf4, 0xfb, 0xc8, 0x06, 0x7b, 0x87, 0x41, 0x41, 0x1c, 0x41, 0xa1, 0xdb, 0xe9, 0xe0, 0xcc,
    0xb5, 0xba, 0xdb, 0x59, 0x59, 0x96, 0x64, 0x5b, 0x87, 0xe9, 0xe9, 0xee, 0xf1, 0xe9, 0xf6, 0xfc,
    0xc3, 0x87, 0x44, 0x78, 0x6d, 0x74, 0x6d, 0x55, 0x3f, 0x22, 0x34, 0x4a, 0x55, 0x9e, 0xa1, 0xa1,
    0x3c, 0x34, 0x55, 0x3c, 0xc4, 0xc7, 0xc7, 0x89, 0x89, 0x1c, 0x9b, 0xb2, 0xe7, 0xe9, 0xe0, 0xc3,
    0xb5, 0xb5, 0xdb, 0x59, 0x04, 0x13, 0x1b, 0x55, 0x55, 0x7a, 0x8e, 0x8e, 0x97, 0xa1, 0x97, 0x7a,
    0xd2, 0xd2, 0x58, 0x58, 0x3e, 0x65, 0x58, 0x9f, 0xa1, 0xd8, 0xe0, 0xee, 0xf5, 0xfb, 0xfb, 0xfa,
    0xba, 0x87, 0x6c, 0x21, 0x21, 0x09, 0x21, 0x01, 0x09, 0x21, 0x21, 0x09, 0x09, 0x09, 0x09, 0x21,
    0x5a, 0x9f, 0xd2, 0xd2, 0x9f, 0x9f, 0xd2, 0xd2, 0x9f, 0x58, 0x97, 0xb2, 0xdb, 0xe9, 0xe0, 0xcc,
    0x43, 0x2f, 0x6a, 0x8f, 0xd4, 0xda, 0xc7, 0xda, 0xbe, 0xb5, 0xb5, 0xd6, 0xe9, 0xe0, 0xcc, 0xb2,
    0xb5, 0xad, 0xb5, 0xb5, 0x1c, 0x04, 0x13, 0xa3, 0x5b, 0x66, 0x5b, 0x53, 0x5b, 0x3f, 0x34, 0x3f,
    0xae, 0x9c, 0x7f, 0x7f, 0x7f, 0x7f, 0x8e, 0xdb, 0xcc, 0xdb, 0xe0, 0xd8, 0xfb, 0xfe, 0xfe, 0xfe,
    0xf6, 0xb9, 0x75, 0xb5, 0xe0, 0x56, 0x1c, 0x04, 0x56, 0x44, 0x15, 0xb8, 0xb8, 0xb8, 0xae, 0xae,
    0x45, 0x3a, 0x1c, 0x1c, 0xc4, 0xc4, 0xae, 0x89, 0x5b, 0x66, 0x5b, 0x53, 0x5b, 0x3f, 0x34, 0x3f,
    0x56, 0x2f, 0x6a, 0x8f, 0x8f, 0x8f, 0x8e, 0x5e, 0x8e, 0x8f, 0x8e, 0x84, 0xb9, 0xa1, 0x86, 0x7a,
    0xf6, 0xbf, 0x7b, 0xb5, 0xe0, 0x56, 0x1c, 0x04, 0xe9, 0xd6, 0xee, 0xf5, 0xfb, 0xfa, 0xf5, 0xe9,
    0xdb, 0xdb, 0xdb, 0x44, 0x15, 0x15, 0x9b, 0xdb, 0xd6, 0xdb, 0xe0, 0xd8, 0xfb, 0xfd, 0xfe, 0xfe,
    0xf5, 0xe9, 0xf4, 0xf4, 0x41, 0x06, 0x41, 0x7b, 0x59, 0x44, 0x44, 0xd6, 0xe9, 0xe0, 0xcc, 0xb2,
    0xb5, 0xad, 0xb5, 0xb5, 0x1c, 0xa3, 0xa3, 0x87, 0xb5, 0xf1, 0xf1, 0xf1, 0xf1, 0xfb, 0xfe, 0xfe,
    0xfd, 0xfa, 0xc3, 0x87, 0x56, 0x74, 0x7a, 0x78, 0x3a, 0x3f, 0x4a, 0x55, 0x8a, 0x9b, 0xa1, 0xad,
    0x43, 0x2f, 0x6a, 0xc7, 0xc7, 0xae, 0xae, 0xae, 0x5e, 0x86, 0x9b, 0xd6, 0xe9, 0xe7, 0xcc, 0xb2,
    0xa2, 0xb5, 0xba, 0xb5, 0x1c, 0x02, 0x06, 0x13, 0x19, 0x7a, 0x8e, 0x97, 0x9b, 0x8e, 0xa1, 0x8e,
    0x46, 0x58, 0x21, 0x3e, 0x21, 0x9f, 0x9f, 0xd6, 0xf1, 0xf1, 0xee, 0xf5, 0xfa, 0xfb, 0xfb, 0xfd,
    0xfb, 0xfa, 0xba, 0x87, 0x56, 0x01, 0x01, 0x01, 0x21, 0x01, 0x21, 0x09, 0x09, 0x01, 0x01, 0x9f,
    0x3e, 0x58, 0xd2, 0xd2, 0x9f, 0xd2, 0x58, 0x3e, 0x45, 0x45, 0x8e, 0xd6, 0xe9, 0xe4, 0xcc, 0xa2,
    0x2d, 0x22, 0x8f, 0x98, 0xbe, 0xbe, 0x8f, 0x8f, 0xb5, 0xa1, 0xb9, 0xe0, 0xe7, 0xcc, 0xa1, 0x9b,
    0x94, 0xb5, 0xa2, 0xb5, 0x68, 0x06, 0x04, 0xae, 0x89, 0x5b, 0x64, 0x53, 0x53, 0x64, 0x3f, 0x3f,
    0xae, 0xa3, 0x92, 0x92, 0x7f, 0x9b, 0xc3, 0xcc, 0xa1, 0xcc, 0xe7, 0xee, 0xfe, 0xfd, 0xfd, 0xfe,
    0xee, 0xc3, 0x8e, 0x56, 0xb5, 0x56, 0x15, 0x04, 0x1c, 0x15, 0x04, 0x13, 0xbe, 0xae, 0xb8, 0xb8,
    0x4a, 0x3b, 0x45, 0xae, 0xc4, 0x92, 0x92, 0x92, 0x89, 0x5b, 0x53, 0x53, 0x53, 0x64, 0x3f, 0x3f,
    0x2d, 0x22, 0x8f, 0x8f, 0xbe, 0xbe, 0x5e, 0x3f, 0x8f, 0x8f, 0x8e, 0x84, 0x84, 0x8e, 0x5e, 0x7a,
    0xea, 0xb9, 0x97, 0x59, 0xb5, 0x59, 0x1c, 0xe9, 0xf2, 0xe9, 0xf4, 0xf6, 0xfb, 0xfb, 0xfa, 0xfd,
    0xfd, 0xfa, 0xee, 0xdb, 0x87, 0x8e, 0x87, 0xb2, 0x94, 0xcc, 0xe7, 0xee, 0xfe, 0xfd, 0xfe, 0xfe,
    0xe7, 0xf1, 0xe9, 0xf4, 0x87, 0x04, 0x1c, 0x39, 0x41, 0xa2, 0xb9, 0xe0, 0xe7, 0xcc, 0xa1, 0x9b,
    0x94, 0xb5, 0xa2, 0xb5, 0x59, 0x39, 0x1c, 0x1c, 0xc3, 0xc3, 0xd6, 0xdb, 0xf1, 0xfe, 0xfe, 0xfe,
    0xfc, 0xf5, 0xf4, 0xe9, 0xc3, 0x87, 0x56, 0x59, 0x3f, 0x3f, 0x55, 0x59, 0x9e, 0xa5, 0xa1, 0xa1,
    0x2d, 0x22, 0x8f, 0x9a, 0xc7, 0xae, 0x8f, 0x5e, 0x5e, 0x7a, 0xb9, 0xe7, 0xe9, 0xcc, 0x8e, 0x8e,
    0x94, 0xa2, 0xa2, 0xb5, 0x75, 0x04, 0x08, 0x06, 0x13, 0x3f, 0x8e, 0x8e, 0xa1, 0xa1, 0x8e, 0xa5,
    0x58, 0x21, 0x38, 0x58, 0x21, 0x21, 0xcc, 0xf4, 0xf2, 0xf4, 0xf4, 0xf5, 0xfa, 0xfb, 0xfa, 0xfc,
    0xfb, 0xfa, 0xee, 0xee, 0xba, 0x87, 0x56, 0x59, 0x09, 0x01, 0x09, 0x09, 0x01, 0x0f, 0x01, 0x58,
    0x9f, 0x58, 0x5a, 0x9f, 0x9f, 0x9f, 0x51, 0x44, 0x6d, 0x6d, 0xb9, 0xe4, 0xe7, 0xcc, 0x8e, 0x8e,
    0x89, 0x8f, 0x8f, 0x8f, 0x8f, 0x8f, 0x3f, 0x8e, 0xb5, 0xa1, 0xdb, 0xe0, 0xdb, 0xa1, 0x75, 0x9b,
    0x87, 0xb5, 0xb5, 0x7b, 0x8e, 0x39, 0x04, 0x06, 0x89, 0x72, 0x64, 0x53, 0x53, 0x53, 0xb8, 0xc4,
    0xb8, 0xb1, 0xaa, 0xae, 0x9b, 0xc3, 0xc3, 0xa1, 0xc3, 0xdb, 0xdb, 0xee, 0xfa, 0xfc, 0xfe, 0xfc,
    0xd8, 0xb2, 0x87, 0x75, 0x87, 0xb5, 0x15, 0x04, 0x15, 0x1c, 0x04, 0x04, 0x8f, 0xae, 0xae, 0xb8,
    0x55, 0x3b, 0x7c, 0xae, 0x72, 0x7f, 0xa3, 0x89, 0x89, 0x72, 0x64, 0x53, 0x53, 0x53, 0xb8, 0xc4,
    0x89, 0x3f, 0x3f, 0x8f, 0x8f, 0x55, 0x3f, 0x5e, 0xd4, 0x8f, 0xbe, 0xbe, 0x8f, 0x84, 0x7a, 0x44,
    0xd8, 0xb2, 0x87, 0x75, 0x87, 0xb5, 0xe4, 0xf0, 0xf2, 0xf2, 0xf6, 0xf6, 0xf7, 0xfd, 0xfd, 0xfe,
    0xfb, 0xfa, 0xe7, 0xe9, 0xe9, 0xdb, 0xa2, 0x44, 0x68, 0x75, 0xb5, 0xe7, 0xfa, 0xfd, 0xfe, 0xfc,
    0xdb, 0xdb, 0xe0, 0xe9, 0xf1, 0x41, 0x1c, 0x1b, 0xb5, 0xa1, 0xdb, 0xe0, 0xdb, 0xa1, 0x75, 0x9b,
    0x87, 0xb5, 0xb5, 0x7b, 0x8e, 0x39, 0x04, 0x04, 0x13, 0x1c, 0xba, 0xf6, 0xfc, 0xfe, 0xfe, 0xfe,
    0xfc, 0xf5, 0xe7, 0xe9, 0xe9, 0xdb, 0x87, 0x56, 0x56, 0x56, 0x54, 0x9e, 0x9e, 0xa1, 0x97, 0xa1,
    0x89, 0x8f, 0x8f, 0x8f, 0x8f, 0x8f, 0x45, 0x55, 0x5e, 0xb9, 0xdb, 0xe0, 0xdb, 0xa1, 0x97, 0x9b,
    0x86, 0xba, 0x97, 0x7b, 0x7b, 0x39, 0x02, 0x13, 0x02, 0x13, 0x55, 0x8e, 0x97, 0xa5, 0x97, 0xa1,
    0x3e, 0x58, 0x58, 0x09, 0x21, 0xb5, 0xee, 0xf1, 0xf1, 0xf4, 0xf5, 0xf9, 0xf7, 0xfb, 0xfd, 0xfd,
    0xfb, 0xfa, 0xe7, 0xe9, 0xee, 0xd8, 0xa2, 0x56, 0x56, 0x56, 0x59, 0x09, 0x8b, 0x09, 0x21, 0x58,
    0x58, 0x9f, 0x21, 0x29, 0x58, 0x9f, 0x3f, 0x3f, 0x5e, 0xb9, 0xdb, 0xe0, 0xdb, 0x8e, 0x7a, 0xa1,
    0x89, 0x89, 0x6a, 0x5e, 0x5e, 0x4a, 0x47, 0x55, 0x8e, 0xc3, 0xdb, 0xdb, 0xb9, 0x7a, 0x86, 0x9b,
    0x44, 0xb5, 0x94, 0x97, 0xb5, 0x87, 0x1c, 0x04, 0x92, 0x64, 0x53, 0x5b, 0x5b, 0xc4, 0xda, 0xda,
    0xb1, 0x8f, 0xb8, 0x9b, 0xc3, 0xa1, 0xa1, 0xb9, 0xd6, 0xdb, 0xcc, 0xcc, 0xee, 0xfe, 0xfe, 0xf6,
    0xb9, 0xb2, 0x87, 0x44, 0x56, 0xdb, 0x44, 0x06, 0x1c, 0x1c, 0x15, 0x04, 0x06, 0xae, 0xbe, 0xb1,
    0x45, 0x72, 0x6a, 0x72, 0xae, 0xa3, 0xa3, 0xa3, 0x92, 0x72, 0x55, 0x5b, 0x5b, 0xc4, 0xda, 0xda,
    0x89, 0x89, 0x6a, 0x5e, 0x5e, 0x3f, 0x3f, 0xbe, 0xb1, 0x8f, 0xb1, 0x5e, 0x8f, 0x5e, 0x44, 0x5e,
    0xb9, 0xb2, 0x87, 0x39, 0x56, 0xe7, 0xf2, 0xf0, 0xf2, 0xf2, 0xfa, 0xf6, 0xf2, 0xfc, 0xfd, 0xfe,
    0xfc, 0xfa, 0xf2, 0xe7, 0xdb, 0xba, 0x87, 0x87, 0x87, 0x41, 0x1c, 0x94, 0xea, 0xfd, 0xfe, 0xf6,
    0xe0, 0xdb, 0xd6, 0xdb, 0xf4, 0x7b, 0x13, 0x55, 0x8e, 0xc3, 0xdb, 0xdb, 0xb9, 0x7a, 0x86, 0x9b,
    0x44, 0xb5, 0x94, 0x97, 0xb5, 0x87, 0x1c, 0x04, 0x04, 0x04, 0x8e, 0xfa, 0xfb, 0xfd, 0xfe, 0xfd,
    0xfc, 0xfb, 0xf4, 0xe9, 0xdb, 0xba, 0x87, 0x87, 0x87, 0x56, 0x39, 0x39, 0x9e, 0x84, 0x8a, 0x9b,
    0x89, 0x89, 0x6a, 0x55, 0x5e, 0x4a, 0x55, 0x5e, 0xb2, 0xc8, 0xdb, 0xdb, 0xb9, 0x7a, 0x8e, 0xa1,
    0x44, 0xba, 0x94, 0x7a, 0xad, 0x87, 0x06, 0x02, 0x06, 0x13, 0x13, 0x7a, 0x8e, 0xa1, 0x8e, 0x2d,
    0x3e, 0x21, 0x09, 0x09, 0x09, 0xe4, 0xf4, 0xf1, 0xf1, 0xf2, 0xfa, 0xf4, 0xf4, 0xfc, 0xfd, 0xfd,
    0xfc, 0xfa, 0xf2, 0xe9, 0xdb, 0xba, 0x87, 0xa2, 0x87, 0x41, 0x39, 0x27, 0x01, 0x01, 0x05, 0x21,
    0x9f, 0x3e, 0x09, 0x21, 0x21, 0x3f, 0x3f, 0x4a, 0xb2, 0xc8, 0xdb, 0xdb, 0xb9, 0x7a, 0x86, 0x9b,
    0xae, 0x89, 0x89, 0x3f, 0x55, 0x3c, 0x2f, 0x81, 0xb9, 0xd6, 0xcc, 0xd6, 0xa1, 0x55, 0x8e, 0x8e,
    0x2f, 0x7b, 0x7b, 0x9b, 0xb5, 0xb5, 0x41, 0x13, 0x04, 0x5f, 0x55, 0x5f, 0xc4, 0xda, 0xc7, 0xc4,
    0xae, 0x5e, 0x6a, 0xb2, 0x97, 0x8e, 0x97, 0x9b, 0xdb, 0xd6, 0xe7, 0xee, 0xf5, 0xfe, 0xfa, 0xe0,
    0x87, 0x75, 0x41, 0x44, 0x56, 0xd6, 0x75, 0x06, 0x06, 0x15, 0x13, 0x06, 0x06, 0x04, 0xa3, 0x92,
    0x2d, 0x5e, 0x7c, 0x72, 0xa3, 0x7f, 0x89, 0x7f, 0x7c, 0x55, 0x55, 0x5f, 0xc4, 0xda, 0xc7, 0xc4,
    0xae, 0x89, 0x89, 0x3f, 0x4a, 0x4a, 0x3f, 0xb1, 0x98, 0x8f, 0x5e, 0x5e, 0x8f, 0x8f, 0x5e, 0x3f,
    0x87, 0x75, 0x56, 0x39, 0xe9, 0xee, 0xf0, 0xf0, 0xf2, 0xf0, 0xf6, 0xee, 0xfb, 0xfd, 0xfe, 0xfe,
    0xfc, 0xfb, 0xf5, 0xf0, 0xe7, 0xba, 0x87, 0x87, 0x44, 0x44, 0x39, 0x75, 0xdb, 0xe9, 0xf6, 0xe0,
    0xe0, 0xcc, 0xdb, 0xdb, 0xe0, 0xd6, 0x2f, 0x81, 0xb9, 0xd6, 0xcc, 0xd6, 0xa1, 0x55, 0x8e, 0x8e,
    0x2f, 0x7b, 0x7b, 0x9b, 0xb5, 0xb5, 0x41, 0x13, 0x04, 0x04, 0x44, 0xf6, 0xfb, 0xfe, 0xfe, 0xfa,
    0xfc, 0xfb, 0xfa, 0xe9, 0xe0, 0xc3, 0x87, 0x87, 0x56, 0x41, 0x39, 0x2b, 0x44, 0x8f, 0x74, 0x9b,
    0xae, 0x89, 0x89, 0x3f, 0x3f, 0x55, 0x6d, 0x7a, 0xb9, 0xd6, 0xcc, 0xd6, 0x8e, 0x5e, 0x9b, 0xa1,
    0x39, 0x7b, 0x87, 0x94, 0xb5, 0xb5, 0x41, 0x13, 0x13, 0x13, 0x13, 0x5e, 0x8e, 0x8e, 0x2d, 0x2d,
    0x21, 0x09, 0x21, 0x09, 0xdb, 0xf4, 0xf1, 0xf1, 0xf0, 0xf0, 0xf4, 0xee, 0xfb, 0xfd, 0xfd, 0xfd,
    0xfc, 0xfa, 0xf5, 0xee, 0xe0, 0xba, 0xa2, 0x87, 0x44, 0x41, 0x39, 0x2b, 0x44, 0x01, 0x01, 0x21,
    0x3e, 0x38, 0x3e, 0x21, 0x3b, 0x45, 0x6d, 0x7a, 0xb9, 0xd6, 0xcc, 0xd6, 0x8e, 0x5e, 0x8e, 0x9b,
    0xae, 0x72, 0x53, 0x89, 0x3f, 0x2f, 0x5b, 0x8e, 0xa1, 0xb9, 0xd6, 0xcc, 0x8e, 0x8a, 0x86, 0x8e,
    0x15, 0x7b, 0x7b, 0x9b, 0x97, 0x9b, 0x68, 0x1c, 0x13, 0x55, 0x3c, 0xc4, 0xc4, 0xae, 0xc4, 0x92,
    0x8f, 0x5e, 0xa1, 0x9b, 0x97, 0xa1, 0xa1, 0x9b, 0xcc, 0xdb, 0xe7, 0xcc, 0xfa, 0xfd, 0xf2, 0xc3,
    0x87, 0x56, 0x1c, 0x56, 0xb5, 0xc3, 0xb5, 0x15, 0x04, 0x04, 0x22, 0x15, 0x04, 0x04, 0x04, 0x72,
    0x8f, 0x5e, 0x6a, 0x6a, 0x7c, 0x7c, 0x7f, 0x92, 0x72, 0x55, 0x3c, 0xc4, 0xc4, 0xae, 0xc4, 0x92,
    0xae, 0x72, 0x53, 0x89, 0x3f, 0x3f, 0x8f, 0x8f, 0x5e, 0xda, 0xc9, 0x92, 0x64, 0x8f, 0x92, 0x44,
    0x87, 0x44, 0x1c, 0xb5, 0xe7, 0xed, 0xf0, 0xf0, 0xf2, 0xee, 0xe0, 0xf6, 0xfd, 0xfe, 0xfe, 0xfe,
    0xfd, 0xfa, 0xfa, 0xf0, 0xe4, 0xcc, 0xba, 0x87, 0x44, 0x39, 0x1c, 0x39, 0x1c, 0x39, 0x7a, 0xb5,
    0xf1, 0xe9, 0xd6, 0xdb, 0xcc, 0x2f, 0x5b, 0x8e, 0xa1, 0xb9, 0xd6, 0xcc, 0x8e, 0x8a, 0x86, 0x8e,
    0x15, 0x7b, 0x7b, 0x9b, 0x97, 0x9b, 0x68, 0x1c, 0x13, 0x04, 0x15, 0xdb, 0xfe, 0xfe, 0xf6, 0xec,
    0xfd, 0xfa, 0xfa, 0xf0, 0xe4, 0xe0, 0xc3, 0x87, 0x56, 0x56, 0x1c, 0x27, 0x39, 0x34, 0x55, 0x9b,
    0xae, 0x72, 0x53, 0x89, 0x55, 0x55, 0x6d, 0x8a, 0xb2, 0xbf, 0xd6, 0xcc, 0x9b, 0x7a, 0x8e, 0x9b,
    0x15, 0x7b, 0x87, 0x8e, 0x8e, 0x8e, 0x75, 0x39, 0x13, 0x13, 0x13, 0x2d, 0x2d, 0x36, 0x2d, 0x36,
    0x8b, 0x6c, 0x21, 0xd6, 0xf4, 0xf1, 0xee, 0xf0, 0xf4, 0xee, 0xe4, 0xf5, 0xfb, 0xfe, 0xfe, 0xfe,
    0xfd, 0xfa, 0xfa, 0xf1, 0xe4, 0xdb, 0xc3, 0xa2, 0x44, 0x41, 0x1c, 0x39, 0x2b, 0x39, 0x44, 0x6c,
    0x3e, 0x3e, 0x21, 0x21, 0x2f, 0x3a, 0x74, 0x8e, 0xa1, 0xbf, 0xd6, 0xcc, 0x8e, 0x6d, 0x7a, 0xa1,
    0x72, 0xae, 0x7c, 0x43, 0x55, 0x3b, 0x55, 0x7a, 0xa1, 0xbf, 0xd8, 0xb9, 0x9b, 0x86, 0x7a, 0x9b,
    0x1c, 0x55, 0x6d, 0xa1, 0x8e, 0x87, 0x8e, 0x44, 0x15, 0x06, 0xc4, 0x89, 0x72, 0xc4, 0xa3, 0x92,
    0x78, 0x8e, 0x56, 0x56, 0x8e, 0xb2, 0xb2, 0xa2, 0x97, 0xb2, 0xd6, 0xb5, 0xf4, 0xf6, 0xe0, 0xb5,
    0x56, 0x44, 0x44, 0x8e, 0x94, 0xb5, 0xc3, 0x44, 0x15, 0x04, 0x06, 0x15, 0x06, 0x06, 0x04, 0x7c,
    0x78, 0x3f, 0x5e, 0x6a, 0x8f, 0x7f, 0x7c, 0x92, 0x7c, 0x6a, 0xc4, 0x92, 0x72, 0xc4, 0xa3, 0x92,
    0x72, 0xae, 0x72, 0x43, 0x3c, 0x47, 0x5e, 0x8f, 0xda, 0xe2, 0xda, 0xae, 0x64, 0x7c, 0x78, 0x7c,
    0x59, 0x39, 0xc3, 0xe7, 0xe9, 0xe9, 0xf2, 0xf6, 0xe0, 0xdb, 0xf2, 0xfd, 0xfe, 0xfe, 0xfe, 0xfe,
    0xfe, 0xfe, 0xfd, 0xf2, 0xdb, 0xcc, 0xc3, 0xba, 0x87, 0x56, 0x1c, 0x1c, 0x39, 0x27, 0x1c, 0x75,
    0xf6, 0xe0, 0xc3, 0xb5, 0x55, 0x3b, 0x55, 0x7a, 0xa1, 0xbf, 0xd8, 0xb9, 0x9b, 0x86, 0x7a, 0x9b,
    0x1c, 0x55, 0x6d, 0xa1, 0x8e, 0x87, 0x8e, 0x44, 0x15, 0x15, 0x04, 0xd8, 0xfe, 0xfd, 0xbf, 0xf2,
    0xfe, 0xfe, 0xfd, 0xf2, 0xdb, 0xcc, 0xcc, 0xc3, 0x87, 0x56, 0x1c, 0x1c, 0x27, 0x27, 0x20, 0x1c,
    0x72, 0xae, 0x72, 0x43, 0x45, 0x45, 0x5e, 0xa1, 0xa1, 0xc6, 0xd8, 0xb9, 0x9b, 0x7a, 0x86, 0x9b,
    0x06, 0x44, 0x75, 0xa1, 0x8e, 0x7a, 0x7a, 0x44, 0x15, 0x13, 0x13, 0x02, 0x2d, 0x2d, 0x3b, 0x2d,
    0xd0, 0x8b, 0xd6, 0xe4, 0xe9, 0xee, 0xf2, 0xf4, 0xe4, 0xd8, 0xf0, 0xfb, 0xfe, 0xfe, 0xfe, 0xfe,
    0xfe, 0xfe, 0xfd, 0xf4, 0xdb, 0xcc, 0xcc, 0xba, 0x87, 0x56, 0x1c, 0x1c, 0x2b, 0x20, 0x06, 0x19,
    0x21, 0x21, 0x21, 0x3f, 0x3f, 0x45, 0x7a, 0x8e, 0x9b, 0xbf, 0xd8, 0xb6, 0x97, 0x86, 0x86, 0xa1,
    0xa3, 0xae, 0xa3, 0x1b, 0x3f, 0x5b, 0x74, 0x97, 0xa1, 0xbf, 0xd8, 0xa1, 0x8e, 0x86, 0x81, 0x8e,
    0x1c, 0x15, 0x75, 0x9b, 0x75, 0x87, 0x87, 0x68, 0x41, 0x15, 0x13, 0x72, 0x92, 0x92, 0x64, 0x92,
    0x1c, 0x56, 0x56, 0x87, 0xb2, 0xb5, 0xb2, 0xa1, 0x97, 0x8e, 0xb5, 0xcc, 0xf4, 0xe7, 0xd6, 0x87,
    0x56, 0x56, 0x8e, 0x87, 0x87, 0x8e, 0xb5, 0x56, 0x44, 0x44, 0x44, 0x13, 0x06, 0x06, 0x04, 0x04,
    0x8f, 0x3f, 0x4a, 0x55, 0x72, 0x72, 0x8f, 0x7c, 0x6a, 0x89, 0x89, 0x72, 0x92, 0x92, 0x64, 0x92,
    0xa3, 0xae, 0xa3, 0x53, 0x47, 0x3c, 0x6a, 0xe2, 0xe2, 0xda, 0xae, 0xa3, 0x64, 0x64, 0x64, 0x72,
    0x56, 0xad, 0xe0, 0xe4, 0xe9, 0xf0, 0xf6, 0xea, 0xb9, 0xd8, 0xf6, 0xfc, 0xfe, 0xfe, 0xfe, 0xfe,
    0xfe, 0xfe, 0xf0, 0xcc, 0xb5, 0xb5, 0x87, 0x87, 0x87, 0x56, 0x1c, 0x1c, 0x1c, 0x41, 0x1c, 0x1c,
    0xf6, 0xd6, 0xb5, 0x1b, 0x3f, 0x5b, 0x74, 0x97, 0xa1, 0xbf, 0xd8, 0xa1, 0x8e, 0x86, 0x81, 0x8e,
    0x1c, 0x15, 0x75, 0x9b, 0x75, 0x87, 0x87, 0x68, 0x41, 0x15, 0x13, 0x8e, 0xfb, 0xb9, 0xea, 0xf6,
    0xfe, 0xfe, 0xf0, 0xcc, 0xb5, 0xb5, 0x87, 0x87, 0x87, 0x56, 0x1c, 0x1c, 0x1c, 0x41, 0x1c, 0x02,
    0xa3, 0xae, 0xa3, 0x5e, 0x5e, 0x5e, 0x86, 0xa1, 0xb9, 0xc6, 0xd8, 0xa1, 0x8e, 0x86, 0x7a, 0x9b,
    0x1c, 0x15, 0x7a, 0xa1, 0x7a, 0x7a, 0x75, 0x75, 0x39, 0x20, 0x13, 0x02, 0x2d, 0x2d, 0x36, 0x2d,
    0x8b, 0xd6, 0xe0, 0xe7, 0xee, 0xf1, 0xf4, 0xea, 0xb9, 0xd8, 0xf6, 0xfc, 0xfe, 0xfe, 0xfe, 0xfe,
    0xfe, 0xfe, 0xf0, 0xce, 0xb5, 0xa2, 0x94, 0x87, 0x87, 0x56, 0x1c, 0x1c, 0x1c, 0x41, 0x1c, 0x02,
    0x09, 0x21, 0x3f, 0x22, 0x45, 0x74, 0x6d, 0x97, 0xb6, 0xc6, 0xd8, 0xb2, 0x7a, 0x7a, 0x7a, 0x9b,
    0x02, 0x19, 0x09, 0x21, 0x21, 0x01, 0x01, 0x6c, 0x6c, 0x21, 0x09, 0x09, 0x21, 0x29, 0x21, 0x6c,
    0x21, 0x21, 0xa1, 0x45, 0x74, 0x93, 0xa1, 0xb2, 0xbf, 0xd8, 0xce, 0x9b, 0x7a, 0x6d, 0x8a, 0x86,
    0x56, 0x41, 0x56, 0x87, 0x87, 0x8e, 0x94, 0x94, 0xa2, 0xba, 0x7a, 0x04, 0x06, 0x06, 0x1c, 0x15,
    0x15, 0x06, 0x44, 0x8e, 0x75, 0x7b, 0x87, 0x75, 0x56, 0x44, 0x1b, 0x04, 0x04, 0x6c, 0x8b, 0x6c,
    0x21, 0x21, 0x09, 0x01, 0x21, 0x21, 0x09, 0x01, 0x21, 0x45, 0x5e, 0x7a, 0x84, 0x81, 0x7a, 0x7a,
    0x6d, 0x7a, 0x6d, 0x6d, 0x7a, 0x84, 0x7a, 0xa1, 0xa1, 0xa1, 0x9b, 0x6d, 0x39, 0x20, 0x15, 0x41,
    0x59, 0x27, 0x06, 0x13, 0x13, 0x25, 0x09, 0x01, 0x21, 0x8b, 0x6c, 0x21, 0x8b, 0xd0, 0xd0, 0x99,
    0x6c, 0x21, 0x21, 0x2a, 0x39, 0x44, 0xa1, 0x97, 0xb9, 0xea, 0xf4, 0xf4, 0xa1, 0xbf, 0xea, 0xea,
    0xee, 0xad, 0xad, 0xba, 0xad, 0x8e, 0x8e, 0x13, 0x15, 0x04, 0x3f, 0x13, 0x6c, 0x6c, 0x8b, 0x6c,
    0x21, 0x87, 0x8e, 0x8e, 0xa1, 0xcc, 0xcc, 0xc3, 0xad, 0x8e, 0x8e, 0xe9, 0xf4, 0xf4, 0xe4, 0xad,
    0x2b, 0x44, 0x8e, 0x59, 0x41, 0x56, 0x87, 0x87, 0x7b, 0x59, 0x59, 0x56, 0x56, 0x06, 0x06, 0x6c,
    0x21, 0xad, 0xa2, 0x51, 0x3f, 0x86, 0x9b, 0x9b, 0xb9, 0xd8, 0xb9, 0x9b, 0x44, 0x44, 0x6d, 0x6d,
    0x1c, 0x15, 0x44, 0x9b, 0x7b, 0x56, 0x7b, 0x75, 0x59, 0x3f, 0x2b, 0x13, 0x8e, 0x6c, 0x8b, 0x6c,
    0xdb, 0xb5, 0xcc, 0xcc, 0x7b, 0xa1, 0x8e, 0x06, 0x06, 0x7b, 0x2b, 0x06, 0x15, 0x1c, 0x1c, 0x1b,
    0x7b, 0x7b, 0x87, 0xa1, 0x87, 0xb9, 0x9b, 0x9b, 0x9b, 0xd6, 0xe4, 0xe4, 0xfb, 0xfe, 0xe7, 0xb5,
    0x1c, 0x13, 0x13, 0x39, 0x21, 0x21, 0x21, 0x21, 0x21, 0x21, 0x6c, 0x6c, 0x21, 0x6c, 0x8b, 0x6c,
    0x02, 0x02, 0x09, 0x01, 0x09, 0x01, 0x01, 0x03, 0x03, 0x05, 0x21, 0x09, 0x21, 0x29, 0x6c, 0x21,
    0x21, 0x74, 0x45, 0x84, 0x86, 0xa1, 0x9b, 0xb2, 0xbf, 0xd8, 0xbf, 0x81, 0x5b, 0x6d, 0x5e, 0x8e,
    0x44, 0x68, 0x87, 0x7a, 0x86, 0x94, 0xa2, 0x8e, 0xa2, 0xa2, 0x87, 0x06, 0x02, 0x06, 0x15, 0x15,
    0x15, 0x15, 0x39, 0x7a, 0x6d, 0x6d, 0x8e, 0x7a, 0x7a, 0x54, 0x39, 0x13, 0x02, 0x19, 0x6c, 0x6c,
    0x58, 0xd2, 0x21, 0x09, 0x9f, 0x01, 0x01, 0x03, 0x09, 0x45, 0x7a, 0x6d, 0x8a, 0x8a, 0x6d, 0x7a,
    0x60, 0x54, 0x5e, 0x60, 0x5e, 0x68, 0x86, 0xa1, 0x9b, 0xa1, 0xa1, 0x6d, 0x2b, 0x13, 0x1c, 0x2b,
    0x1c, 0x20, 0x20, 0x15, 0x13, 0x01, 0x03, 0x01, 0x0f, 0x6c, 0x8b, 0x21, 0x67, 0xd0, 0x8b, 0x6c,
    0x6c, 0x6c, 0x6c, 0x09, 0x21, 0x21, 0x21, 0xa1, 0xa1, 0xb2, 0xf2, 0x9b, 0xa1, 0xb9, 0xb9, 0xd8,
    0xd8, 0xb2, 0xa1, 0xb2, 0xb2, 0x8e, 0x8e, 0x8e, 0x21, 0x13, 0x8b, 0xd0, 0x21, 0x6c, 0x6c, 0x21,
    0x58, 0xd0, 0x21, 0x09, 0x9f, 0x21, 0xcc, 0xcc, 0xa1, 0xa1, 0x8e, 0xf4, 0xf4, 0xe4, 0xd6, 0xa2,
    0x02, 0x02, 0x87, 0x59, 0x1c, 0x41, 0x41, 0x59, 0x87, 0x8e, 0x56, 0x41, 0x59, 0x21, 0x6c, 0x21,
    0x21, 0xad, 0x7a, 0x6d, 0x84, 0x8a, 0xb2, 0x9b, 0xb9, 0xb9, 0x8e, 0xe4, 0xe9, 0xfe, 0xfe, 0xfe,
    0x7b, 0x7b, 0x44, 0x22, 0x44, 0x06, 0x8a, 0x7a, 0x6d, 0x44, 0x2f, 0x13, 0x04, 0x6c, 0x6c, 0x6c,
    0xa1, 0x68, 0x56, 0xcc, 0x8e, 0xcc, 0x2b, 0x15, 0x06, 0x06, 0x56, 0x1c, 0x06, 0x15, 0x1c, 0x2b,
    0x56, 0x2b, 0x13, 0x7b, 0xa1, 0x6d, 0x8a, 0xb2, 0xd6, 0xce, 0xb9, 0xe4, 0xfb, 0xfb, 0xe7, 0xcc,
    0x7b, 0x7b, 0x39, 0x13, 0x06, 0x21, 0x21, 0x21, 0x09, 0x09, 0x21, 0x21, 0x21, 0x6c, 0x6c, 0x6c,
    0x44, 0x02, 0x02, 0x8b, 0x09, 0x09, 0x21, 0x01, 0x01, 0x03, 0x09, 0x21, 0x21, 0x09, 0x21, 0x21,
    0x21, 0x74, 0x74, 0x81, 0x7a, 0x93, 0xa1, 0xa5, 0xbf, 0xbf, 0x8e, 0x55, 0x55, 0x47, 0x7a, 0x86,
    0x68, 0x68, 0x7b, 0x87, 0x87, 0x7a, 0xb2, 0xb5, 0xa2, 0x7b, 0x87, 0x39, 0x02, 0x06, 0x15, 0x15,
    0x15, 0x15, 0x3f, 0x44, 0x7a, 0x7a, 0x6d, 0x7a, 0x7a, 0x47, 0x44, 0x25, 0x13, 0x04, 0x6c, 0x6c,
    0xbd, 0xd2, 0x58, 0x9f, 0xd2, 0x58, 0x01, 0x01, 0x01, 0x21, 0x3f, 0x74, 0x5e, 0x51, 0x5e, 0x51,
    0x5e, 0x5e, 0x5e, 0x54, 0x45, 0x6d, 0x7a, 0xa1, 0x8e, 0x93, 0xa1, 0x44, 0x15, 0x13, 0x06, 0x06,
    0x1c, 0x2b, 0x2b, 0x15, 0x13, 0x21, 0x01, 0x01, 0x01, 0x21, 0x8b, 0x6c, 0x21, 0x6c, 0x6c, 0x21,
    0x21, 0x6c, 0x21, 0x21, 0x58, 0x9f, 0x21, 0x21, 0xa1, 0xa1, 0xbf, 0x9b, 0xa1, 0xa1, 0xa1, 0xad,
    0xad, 0x87, 0x8e, 0x86, 0x8e, 0x7a, 0x75, 0xa2, 0x3f, 0x8e, 0xd0, 0x71, 0x6c, 0x21, 0x09, 0x09,
    0xd0, 0xd0, 0x58, 0x9f, 0xd0, 0x21, 0x21, 0x21, 0x8e, 0x8e, 0xc8, 0xfb, 0xf4, 0xe0, 0xcc, 0xd6,
    0x56, 0x02, 0x06, 0x2b, 0x1c, 0x1c, 0x41, 0x39, 0x7b, 0x59, 0x41, 0x41, 0x21, 0x09, 0x21, 0x21,
    0x2d, 0x6d, 0x7a, 0x7a, 0x6d, 0x8a, 0x8a, 0xb2, 0xb9, 0x9b, 0xfb, 0xfa, 0xfd, 0xfe, 0xfe, 0xfe,
    0xcc, 0xcc, 0x7b, 0x87, 0x15, 0x15, 0x20, 0x44, 0x6d, 0x44, 0x39, 0x25, 0x04, 0x04, 0x6c, 0x6c,
    0x8e, 0x44, 0x56, 0x7b, 0x8e, 0x7b, 0xcc, 0x2b, 0x20, 0x06, 0x1c, 0x20, 0x15, 0x20, 0x1c, 0x15,
    0x27, 0x20, 0x2b, 0x13, 0x15, 0x54, 0x6d, 0x9b, 0xa1, 0xb9, 0xa1, 0xd8, 0xe4, 0xf4, 0xe4, 0xd8,
    0xcc, 0xcc, 0x7b, 0x87, 0x1c, 0x15, 0x15, 0x09, 0x58, 0x09, 0x09, 0x6c, 0x6c, 0x8b, 0x6c, 0x6c,
    0xad, 0x06, 0x02, 0x04, 0x09, 0x01, 0x09, 0x01, 0x01, 0x01, 0x01, 0x03, 0x09, 0x21, 0x58, 0x9f,
    0x8e, 0x5e, 0x84, 0x8a, 0x86, 0xa1, 0x97, 0xa1, 0xa1, 0x8e, 0x54, 0x3a, 0x3f, 0x54, 0x7a, 0x97,
    0x59, 0x7b, 0x75, 0x87, 0x87, 0x8e, 0x7a, 0x59, 0x59, 0x68, 0x87, 0x7b, 0x02, 0x06, 0x13, 0x13,
    0x06, 0x13, 0x06, 0x44, 0x47, 0x74, 0x5b, 0x5e, 0x56, 0x74, 0x3a, 0x3f, 0x13, 0x13, 0x13, 0x3f,
    0xd2, 0x9f, 0xd2, 0xd2, 0x58, 0x58, 0x09, 0x01, 0x9f, 0x6c, 0x21, 0x74, 0x5e, 0x5e, 0x21, 0x5e,
    0x21, 0x74, 0x74, 0x4a, 0x4a, 0x6d, 0x74, 0x84, 0x6d, 0xa1, 0xa1, 0x44, 0x06, 0x04, 0x04, 0x04,
    0x15, 0x1c, 0x1c, 0x06, 0x13, 0x58, 0x09, 0x01, 0x9f, 0x6c, 0x29, 0x21, 0x6c, 0x21, 0x21, 0x0f,
    0x05, 0x0f, 0x29, 0xd0, 0x9f, 0xd0, 0x58, 0xd0, 0x21, 0x8a, 0xa1, 0x9b, 0x9b, 0x8e, 0x75, 0x8e,
    0x8e, 0x75, 0x6d, 0x8a, 0x7a, 0x7a, 0x6d, 0x21, 0x21, 0xd0, 0x21, 0x21, 0x8b, 0x8b, 0x04, 0x09,
    0xd0, 0x9f, 0xd0, 0xd0, 0x58, 0x58, 0x09, 0x21, 0x21, 0x8e, 0xcc, 0xba, 0xe4, 0xcc, 0xd6, 0xe4,
    0xad, 0x1c, 0x02, 0x2b, 0x15, 0x04, 0x15, 0x39, 0x1c, 0x21, 0x41, 0x21, 0x21, 0x21, 0x58, 0x9f,
    0x8b, 0x56, 0x6d, 0x7a, 0x6d, 0x7a, 0x6d, 0x8a, 0x9b, 0xe4, 0xfb, 0xfe, 0xfe, 0xfe, 0xfd, 0xfe,
    0xfe, 0xf1, 0xcc, 0xcc, 0x87, 0x04, 0x04, 0x44, 0x39, 0x3f, 0x44, 0x34, 0x15, 0x13, 0x6c, 0x6c,
    0x7b, 0x56, 0x39, 0x41, 0x41, 0x44, 0x44, 0x39, 0x15, 0x15, 0x2b, 0x2b, 0x22, 0x2b, 0x20, 0x1c,
    0x2b, 0x13, 0x2b, 0x13, 0x56, 0x74, 0x6d, 0x6d, 0xa1, 0x8e, 0x8a, 0xb9, 0xd6, 0xee, 0xcc, 0xb2,
    0xfe, 0xf1, 0xcc, 0xcc, 0x87, 0x02, 0x06, 0x39, 0x9f, 0x58, 0x29, 0x21, 0x8b, 0x6c, 0x6c, 0x6c,
    0xba, 0x94, 0x02, 0x02, 0x19, 0x01, 0x09, 0x01, 0x01, 0x01, 0x01, 0x01, 0x09, 0x21, 0xd2, 0xd2,
    0x51, 0x6c, 0x6c, 0x5e, 0x7a, 0x86, 0xa1, 0xa1, 0xa1, 0x74, 0x3f, 0x34, 0x34, 0x5e, 0x86, 0xa1,
    0x56, 0x59, 0x7b, 0x7b, 0x7b, 0x44, 0x56, 0x56, 0x44, 0x56, 0x7b, 0x7b, 0x02, 0x04, 0x25, 0x06,
    0x13, 0x13, 0x13, 0x34, 0x74, 0x4a, 0x4a, 0x74, 0x55, 0x47, 0x3f, 0x25, 0x13, 0x13, 0x13, 0x13,
    0x58, 0x9f, 0x9f, 0x58, 0x3e, 0x3e, 0x21, 0x58, 0x58, 0x21, 0x09, 0x21, 0x21, 0x51, 0x2a, 0x21,
    0x09, 0x45, 0x45, 0x45, 0x45, 0x5e, 0x8a, 0x8a, 0x45, 0xa1, 0x7a, 0x3f, 0x13, 0x02, 0x04, 0x04,
    0x06, 0x06, 0x1c, 0x13, 0x6c, 0x3e, 0x21, 0x58, 0x58, 0x21, 0x09, 0x21, 0x8b, 0x8b, 0x09, 0x09,
    0x04, 0x09, 0x09, 0x09, 0xd0, 0x9f, 0x9f, 0xd0, 0x58, 0x41, 0x8a, 0x7a, 0x44, 0x44, 0x44, 0x7b,
    0x7b, 0x68, 0x75, 0x68, 0x75, 0x7a, 0x7a, 0x21, 0x6c, 0x26, 0x21, 0x21, 0xd0, 0xd0, 0x6c, 0x04,
    0x58, 0x9f, 0x9f, 0x58, 0x3e, 0x3e, 0x21, 0x52, 0x21, 0xa2, 0x8e, 0x94, 0xad, 0xad, 0xdb, 0xe4,
    0xcc, 0x87, 0x02, 0x2b, 0x1c, 0x04, 0x06, 0x15, 0x2b, 0x06, 0x01, 0x04, 0x09, 0x21, 0xd0, 0xd0,
    0x8b, 0x6c, 0x8b, 0x44, 0x6d, 0x7a, 0x8a, 0x7a, 0xb2, 0xf4, 0xfe, 0xfe, 0xf4, 0xf4, 0xfe, 0xfe,
    0xfe, 0xf4, 0xe0, 0xad, 0x87, 0x04, 0x04, 0x1c, 0x44, 0x2f, 0x3f, 0x34, 0x25, 0x2b, 0x21, 0x21,
    0x7b, 0x44, 0x39, 0x2b, 0x56, 0x56, 0x44, 0x44, 0x44, 0x39, 0x2b, 0x2b, 0x15, 0x15, 0x20, 0x15,
    0x13, 0x15, 0x6d, 0x13, 0x56, 0x3e, 0x74, 0x9f, 0xa1, 0x8a, 0x6d, 0xb9, 0xd6, 0xe4, 0xcc, 0x8e,
    0xfe, 0xf4, 0xe0, 0xad, 0x87, 0x02, 0x02, 0x06, 0x58, 0x3e, 0x09, 0x2a, 0x6c, 0x6c, 0x21, 0x21,
    0xc3, 0xd6, 0x62, 0x02, 0x06, 0x2d, 0x01, 0x01, 0x01, 0x01, 0x58, 0x21, 0x9f, 0xd2, 0xd2, 0x9f,
    0x6c, 0x8b, 0x51, 0x6c, 0x60, 0x6d, 0x8a, 0x84, 0x7a, 0x3f, 0x1b, 0x25, 0x4a, 0x6d, 0x7a, 0x97,
    0x56, 0x56, 0x59, 0x56, 0x39, 0x2b, 0x39, 0x44, 0x56, 0x44, 0x56, 0x7b, 0x1c, 0x13, 0x3f, 0x15,
    0x13, 0x13, 0x13, 0x3f, 0x4a, 0x3f, 0x3a, 0x3a, 0x4a, 0x4a, 0x3a, 0x3a, 0x25, 0x13, 0x13, 0x13,
    0x9f, 0x58, 0x58, 0xd2, 0x9f, 0xd2, 0x58, 0xd2, 0x9f, 0x58, 0x01, 0x01, 0x6c, 0x21, 0x09, 0x21,
    0x03, 0x09, 0x2d, 0x45, 0x45, 0x54, 0x5e, 0x6d, 0x45, 0x8a, 0x8a, 0x2b, 0x13, 0x08, 0x04, 0x08,
    0x04, 0x06, 0x65, 0x6c, 0x9f, 0xd2, 0x58, 0xd2, 0x9f, 0x58, 0x01, 0x01, 0x6c, 0x21, 0x09, 0x01,
    0x58, 0x9f, 0x09, 0x65, 0x9f, 0xd0, 0xd0, 0x58, 0x9f, 0x3e, 0x25, 0x44, 0x44, 0x2b, 0x41, 0x44,
    0x44, 0x7b, 0x56, 0x7b, 0x68, 0x59, 0x8a, 0x6c, 0x29, 0x09, 0x09, 0x6c, 0x6c, 0x6c, 0x21, 0x09,
    0x9f, 0x58, 0x58, 0xd0, 0x9f, 0xd0, 0x58, 0xd0, 0x21, 0x21, 0x8e, 0x87, 0xad, 0xd6, 0xe4, 0xe7,
    0xcc, 0xdb, 0x59, 0x04, 0x06, 0x06, 0x04, 0x04, 0x21, 0x21, 0x58, 0x21, 0x99, 0xd0, 0xd0, 0x9f,
    0x6c, 0x21, 0x22, 0x56, 0x44, 0x6d, 0x8e, 0xc8, 0xf4, 0xe9, 0xfe, 0xb2, 0xb2, 0xf4, 0xfe, 0xfe,
    0xfe, 0xfe, 0xe0, 0xcc, 0xad, 0x06, 0x1c, 0x06, 0x20, 0x15, 0x2f, 0x3f, 0x2d, 0x09, 0x09, 0x21,
    0x7b, 0x41, 0x39, 0x2b, 0x44, 0x44, 0x44, 0x74, 0x44, 0x39, 0x34, 0x2b, 0x2f, 0x3f, 0x2b, 0x2b,
    0x06, 0x13, 0x56, 0x6d, 0x56, 0xd2, 0x6c, 0x5a, 0x6d, 0x6d, 0x6d, 0xb9, 0xd8, 0xf4, 0xb9, 0x8e,
    0xfe, 0xfe, 0xe0, 0xcc, 0xad, 0x06, 0x1c, 0x06, 0x1c, 0x3e, 0x3e, 0x09, 0x44, 0x2b, 0x41, 0x44,
    0xc8, 0xe0, 0xb5, 0x06, 0x02, 0x1b, 0x2d, 0x09, 0x01, 0x01, 0x09, 0x58, 0xd2, 0xd2, 0x9f, 0xd2,
    0x21, 0x6c, 0x09, 0x21, 0x7a, 0x6d, 0x6d, 0x6d, 0x4a, 0x1b, 0x19, 0x2d, 0x3a, 0x8a, 0x9b, 0xa1,
    0x56, 0x56, 0x39, 0x39, 0x39, 0x39, 0x44, 0x56, 0x44, 0x3c, 0x44, 0x56, 0x41, 0x15, 0x2b, 0x13,
    0x08, 0x04, 0x13, 0x1b, 0x3f, 0x34, 0x3f, 0x34, 0x34, 0x3f, 0x3f, 0x45, 0x3a, 0x1b, 0x13, 0x13,
    0x65, 0x58, 0xd2, 0xbd, 0xd2, 0xa7, 0x58, 0x3e, 0x58, 0x58, 0x9f, 0x01, 0x01, 0x09, 0x09, 0x09,
    0x21, 0x29, 0x2a, 0x2d, 0x3a, 0x74, 0x6d, 0x54, 0x5e, 0x8a, 0x6d, 0x06, 0x08, 0x06, 0x08, 0x08,
    0x13, 0x6c, 0x6c, 0xd2, 0xd2, 0xa7, 0x58, 0x3e, 0x58, 0x58, 0x9f, 0x01, 0x01, 0x09, 0x09, 0x09,
    0xd0, 0x9f, 0x58, 0x9f, 0x58, 0xd0, 0x58, 0x3e, 0x58, 0x44, 0x44, 0xe9, 0xee, 0xcc, 0xa2, 0x44,
    0x56, 0x44, 0x44, 0x7b, 0x59, 0x56, 0x21, 0x6c, 0x21, 0x09, 0x09, 0x6c, 0x09, 0x09, 0x09, 0xd0,
    0x65, 0x58, 0xd0, 0xd0, 0xd0, 0x9f, 0x58, 0x3e, 0x58, 0x58, 0x21, 0x87, 0xad, 0xe4, 0xe9, 0xe4,
    0xc8, 0xe0, 0xb5, 0x1c, 0x04, 0x06, 0x04, 0x06, 0x21, 0x04, 0x09, 0x58, 0xd0, 0xd0, 0x9f, 0xd0,
    0x21, 0x09, 0x09, 0x21, 0x44, 0x44, 0x44, 0xd6, 0xe7, 0xfb, 0xe9, 0xb2, 0xd8, 0xfd, 0xfe, 0xfe,
    0xfe, 0xfd, 0xe4, 0xe4, 0xad, 0x2b, 0x15, 0x15, 0x39, 0x39, 0x2f, 0x2f, 0x01, 0x01, 0x09, 0x09,
    0x41, 0x44, 0x25, 0x2b, 0x2b, 0x44, 0x41, 0x56, 0x74, 0x45, 0x2d, 0x2b, 0x2b, 0xd2, 0x9f, 0x2b,
    0x59, 0x56, 0xd2, 0xbd, 0xd2, 0xa7, 0x6c, 0x3e, 0x74, 0x6d, 0x8a, 0xb9, 0xd8, 0xee, 0xb9, 0x7b,
    0xfe, 0xfd, 0xe4, 0xe4, 0xad, 0x1c, 0x27, 0x1c, 0x41, 0x44, 0x44, 0xe9, 0xee, 0xcc, 0xa2, 0x44,
    0xb5, 0xba, 0xd6, 0x62, 0x04, 0x13, 0x22, 0x6c, 0x09, 0xd2, 0xd2, 0x9f, 0x58, 0xd2, 0xd2, 0x3b,
    0x8b, 0x8b, 0x6c, 0x21, 0x21, 0x6c, 0x6c, 0x3a, 0x2a, 0x19, 0x2d, 0x34, 0x45, 0x86, 0xa1, 0xa1,
    0x44, 0x39, 0x39, 0x2b, 0x41, 0x39, 0x39, 0x39, 0x44, 0x39, 0x44, 0x44, 0x7b, 0x2b, 0x20, 0x13,
    0x08, 0x08, 0x04, 0x13, 0x25, 0x2b, 0x2d, 0x34, 0x2d, 0x34, 0x3f, 0x45, 0x3b, 0x6c, 0x2d, 0x6c,
    0x5a, 0x9f, 0xd2, 0xd2, 0x9f, 0x9f, 0xd2, 0xd2, 0x9f, 0x58, 0x38, 0x01, 0x01, 0x01, 0x01, 0x01,
    0x8b, 0x09, 0x21, 0x6c, 0x45, 0x74, 0x4a, 0x45, 0x45, 0x45, 0x45, 0x13, 0x13, 0x04, 0x04, 0x13,
    0x13, 0x9f, 0xd2, 0xd2, 0x9f, 0x9f, 0xd2, 0xd2, 0x9f, 0x58, 0x38, 0x01, 0x01, 0x01, 0x01, 0x01,
    0xd0, 0xd0, 0x58, 0x58, 0x3e, 0x65, 0x58, 0x9f, 0x56, 0xe9, 0xee, 0xee, 0xf5, 0xfa, 0xfa, 0xdb,
    0xdb, 0xdb, 0x44, 0x44, 0x7b, 0x41, 0x21, 0x04, 0x09, 0x21, 0x21, 0x09, 0x09, 0x05, 0x09, 0x21,
    0x5a, 0x9f, 0xd0, 0xd0, 0x9f, 0x9f, 0xd0, 0xd0, 0x9f, 0x58, 0x41, 0xa1, 0xdb, 0xe9, 0xe0, 0xcc,
    0xb5, 0xba, 0xdb, 0x59, 0x04, 0x06, 0x04, 0x21, 0x09, 0xd0, 0xd0, 0x9f, 0x58, 0xd0, 0xd0, 0x36,
    0x8b, 0x8b, 0x6c, 0x21, 0x56, 0x44, 0x56, 0xd6, 0xe0, 0xf4, 0xcc, 0xd8, 0xf2, 0xfe, 0xfe, 0xfe,
    0xfe, 0xfe, 0xdb, 0xe0, 0xe4, 0x7b, 0x06, 0x2b, 0x56, 0x56, 0x15, 0x2b, 0x3e, 0x01, 0x01, 0x6c,
    0x54, 0x3a, 0x39, 0x2b, 0x2b, 0x2b, 0x2b, 0x3a, 0x3b, 0x45, 0x3f, 0x3f, 0x6c, 0xd2, 0xd2, 0x3b,
    0x56, 0x9f, 0xd2, 0xd2, 0x9f, 0x9f, 0xd2, 0xd2, 0x9f, 0x74, 0x9f, 0x8a, 0xb9, 0xd8, 0xa1, 0x7b,
    0xfe, 0xfe, 0xdb, 0xe0, 0xe4, 0x7b, 0x06, 0x1c, 0x56, 0xe9, 0xee, 0xee, 0xf5, 0xfa, 0xfa, 0xdb,
    0xad, 0xb5, 0xb5, 0xb5, 0x1c, 0x13, 0x13, 0x19, 0x22, 0x3e, 0xd2, 0x9f, 0x46, 0x3e, 0x9f, 0x58,
    0x8b, 0x5d, 0x6c, 0x09, 0x21, 0x01, 0x6c, 0x21, 0x22, 0x3b, 0x34, 0x3a, 0x86, 0x97, 0xa1, 0xa1,
    0x39, 0x41, 0x2b, 0x1c, 0x39, 0x2b, 0x34, 0x44, 0x39, 0x44, 0x44, 0x39, 0x44, 0x2b, 0x06, 0x15,
    0x13, 0x04, 0x02, 0x04, 0x3f, 0x25, 0x2d, 0x2d, 0x3b, 0x25, 0x2d, 0x6c, 0x6c, 0x01, 0x6c, 0x5d,
    0x3e, 0x58, 0xd2, 0xd2, 0x9f, 0xd2, 0x58, 0x3e, 0x52, 0x9f, 0x58, 0x21, 0x01, 0x01, 0x01, 0x01,
    0x09, 0x21, 0x5d, 0x67, 0x3b, 0x51, 0x45, 0x45, 0x3a, 0x45, 0x4a, 0x19, 0x21, 0x13, 0x04, 0x58,
    0x3e, 0x58, 0xd2, 0xd2, 0x9f, 0xd2, 0x58, 0x3e, 0x52, 0x9f, 0x58, 0x21, 0x01, 0x01, 0x01, 0x01,
    0x46, 0x58, 0x21, 0x3e, 0x21, 0x9f, 0x9f, 0x58, 0xe9, 0xd6, 0xf0, 0xfa, 0xfa, 0xfb, 0xf5, 0xe9,
    0xdb, 0xdb, 0xdb, 0x44, 0x15, 0x15, 0x9b, 0x04, 0x21, 0x04, 0x21, 0x0f, 0x09, 0x04, 0x04, 0x9f,
    0x3e, 0x58, 0xd0, 0xd0, 0x9f, 0xd0, 0x58, 0x4b, 0x58, 0x44, 0x44, 0xd6, 0xe9, 0xe0, 0xcc, 0xb2,
    0xa2, 0xb5, 0xad, 0xb5, 0x1c, 0x04, 0x13, 0x6c, 0x21, 0x3e, 0xd0, 0x9f, 0x46, 0x3e, 0x9f, 0x58,
    0x8b, 0x5d, 0x6c, 0x09, 0x21, 0x2f, 0x8a, 0xdb, 0xcc, 0xdb, 0xe0, 0xd8, 0xfb, 0xfe, 0xfe, 0xfe,
    0xf4, 0xb9, 0x7b, 0xad, 0xe0, 0x56, 0x1c, 0x04, 0x56, 0x44, 0x15, 0x21, 0x3e, 0x01, 0x6c, 0x5d,
    0x51, 0x45, 0x2b, 0x2b, 0x34, 0x2b, 0x45, 0x51, 0x21, 0x3e, 0xd2, 0x9f, 0x52, 0x46, 0x9f, 0x71,
    0x3e, 0x6c, 0xd2, 0xd2, 0x9f, 0xd2, 0x6c, 0x4c, 0x6c, 0x9f, 0x8a, 0xa1, 0xb9, 0xa1, 0x6d, 0x7b,
    0xf4, 0xb9, 0x7b, 0xad, 0xe0, 0x56, 0x1c, 0x04, 0xe9, 0xd6, 0xf0, 0xfa, 0xfa, 0xfb, 0xf5, 0xe9,
    0x94, 0xa2, 0xad, 0xb5, 0x68, 0x06, 0x15, 0x13, 0x13, 0x22, 0x3e, 0x58, 0x21, 0x21, 0x46, 0x58,
    0x21, 0x6c, 0x21, 0x09, 0x09, 0x01, 0x21, 0x09, 0x09, 0x2d, 0x45, 0x6d, 0xa1, 0xa1, 0xa1, 0xa1,
    0x41, 0x2b, 0x2b, 0x20, 0x27, 0x2b, 0x2b, 0x39, 0x34, 0x3a, 0x44, 0x3f, 0x39, 0x44, 0x15, 0x15,
    0x13, 0x04, 0x04, 0x21, 0x6c, 0x25, 0x2a, 0x2d, 0x3e, 0x21, 0x3e, 0x3e, 0x21, 0x09, 0x21, 0x6c,
    0x9f, 0x58, 0x5a, 0x9f, 0x9f, 0x9f, 0x3e, 0x46, 0x21, 0x58, 0x4b, 0x58, 0x3e, 0x01, 0x21, 0x8b,
    0x8b, 0x6c, 0x21, 0xd0, 0x6c, 0x51, 0x45, 0x3a, 0x45, 0x21, 0x2a, 0x13, 0x2a, 0x21, 0x19, 0x58,
    0x9f, 0x58, 0x5a, 0x9f, 0x9f, 0x9f, 0x3e, 0x46, 0x21, 0x58, 0x4b, 0x58, 0x3e, 0x01, 0x21, 0x8b,
    0x58, 0x21, 0x38, 0x58, 0x21, 0x21, 0x2b, 0xe9, 0xf2, 0xe9, 0xf2, 0xf5, 0xfb, 0xfb, 0xfa, 0xfd,
    0xfb, 0xfa, 0xee, 0xe0, 0xa2, 0x8e, 0xa2, 0x09, 0x09, 0x04, 0x0f, 0x09, 0x04, 0x09, 0x04, 0x58,
    0x9f, 0x58, 0x5a, 0x9f, 0x9f, 0x9f, 0x3e, 0x3e, 0x41, 0xa2, 0xb9, 0xe0, 0xe4, 0xcc, 0xa1, 0x9b,
    0xa2, 0xa2, 0xad, 0xb5, 0x68, 0x06, 0x04, 0x8b, 0x6c, 0x09, 0x3e, 0x58, 0x21, 0x21, 0x46, 0x58,
    0x21, 0x6c, 0x21, 0x09, 0x09, 0x9b, 0xcc, 0xcc, 0xa1, 0xcc, 0xe0, 0xf0, 0xfe, 0xfd, 0xfd, 0xfe,
    0xee, 0xc3, 0x8e, 0x56, 0xad, 0x56, 0x15, 0x04, 0x2b, 0x15, 0x04, 0x13, 0x21, 0x09, 0x21, 0x6c,
    0x3f, 0x51, 0x45, 0x2b, 0x2b, 0x51, 0x90, 0x8b, 0x6c, 0x09, 0x3e, 0x6c, 0x21, 0x21, 0x3e, 0x6c,
    0x9f, 0x6c, 0x65, 0x9f, 0x9f, 0x9f, 0x3e, 0x46, 0x21, 0x6c, 0x6c, 0x6c, 0xa1, 0x8a, 0x6d, 0x54,
    0xea, 0xb9, 0x97, 0x59, 0xad, 0x59, 0x2b, 0xe9, 0xf2, 0xe9, 0xf2, 0xf5, 0xfb, 0xfb, 0xfa, 0xfd,
    0x7a, 0xb5, 0xad, 0x7b, 0x87, 0x39, 0x13, 0x08, 0x06, 0x13, 0x25, 0x09, 0x21, 0x9f, 0x3e, 0x3e,
    0x21, 0x21, 0x6c, 0x21, 0x01, 0x09, 0x01, 0x01, 0x91, 0x45, 0x8a, 0xa1, 0x9b, 0xa1, 0x97, 0x9b,
    0x2b, 0x2b, 0x27, 0x20, 0x2b, 0x2b, 0x20, 0x2b, 0x34, 0x3f, 0x3f, 0x44, 0x34, 0x25, 0x25, 0x06,
    0x13, 0x13, 0x13, 0x6c, 0x21, 0x6c, 0x09, 0x21, 0x3e, 0x21, 0x21, 0x09, 0x09, 0x09, 0x21, 0x21,
    0x58, 0x9f, 0x21, 0x29, 0x4b, 0x9f, 0x9f, 0x58, 0x21, 0x38, 0x3e, 0x58, 0x09, 0x8b, 0x21, 0x21,
    0x6c, 0x21, 0x21, 0x6c, 0x6c, 0x8b, 0x21, 0x21, 0x21, 0x21, 0x6c, 0x21, 0x6c, 0x21, 0x3e, 0x3e,
    0x58, 0x9f, 0x21, 0x29, 0x4b, 0x9f, 0x9f, 0x58, 0x21, 0x38, 0x3e, 0x58, 0x09, 0x8b, 0x21, 0x21,
    0x3e, 0x58, 0x58, 0x09, 0x21, 0xad, 0xe4, 0xf0, 0xf2, 0xf4, 0xf6, 0xf6, 0xf9, 0xfd, 0xfd, 0xfe,
    0xfc, 0xfa, 0xe4, 0xe7, 0xe9, 0xdb, 0xa2, 0x56, 0x75, 0x6c, 0x09, 0x09, 0x8b, 0x09, 0x21, 0x58,
    0x58, 0x9f, 0x21, 0x29, 0x4b, 0x9f, 0x9f, 0x1b, 0xad, 0xa1, 0xdb, 0xe4, 0xdb, 0xa1, 0x7b, 0x97,
    0x87, 0xb5, 0xad, 0x7b, 0x8e, 0x39, 0x04, 0x06, 0x6c, 0x6c, 0x09, 0x09, 0x21, 0x9f, 0x3e, 0x3e,
    0x21, 0x21, 0x6c, 0x21, 0x9b, 0xcc, 0xcc, 0xa1, 0xcc, 0xdb, 0xdb, 0xee, 0xfa, 0xfc, 0xfe, 0xfd,
    0xd8, 0xb2, 0x87, 0x75, 0x87, 0xad, 0x15, 0x04, 0x15, 0x15, 0x04, 0x04, 0x09, 0x09, 0x21, 0x21,
    0x3f, 0x51, 0x6c, 0x3b, 0x51, 0x8b, 0x90, 0xd0, 0x67, 0x6c, 0x09, 0x09, 0x21, 0x9f, 0x3e, 0x3e,
    0x6c, 0x9f, 0x21, 0x29, 0x6c, 0x9f, 0x9f, 0x6c, 0x21, 0x38, 0x46, 0x6c, 0x09, 0x7a, 0x6d, 0x54,
    0xd8, 0xb2, 0x87, 0x75, 0x87, 0xad, 0xe4, 0xf0, 0xf2, 0xf4, 0xf6, 0xf6, 0xf9, 0xfd, 0xfd, 0xfe,
    0x56, 0xb5, 0x94, 0x87, 0xad, 0x87, 0x06, 0x13, 0x08, 0x13, 0x13, 0x09, 0x9f, 0x4b, 0x3e, 0x3e,
    0x21, 0x21, 0x6c, 0x8b, 0x09, 0x01, 0x8b, 0x6c, 0x8b, 0x6d, 0x84, 0x8a, 0xa1, 0x7a, 0x86, 0xa1,
    0x39, 0x20, 0x2b, 0x1b, 0x15, 0x15, 0x20, 0x25, 0x3f, 0x44, 0x3a, 0x34, 0x2f, 0x25, 0x25, 0x15,
    0x13, 0x13, 0x22, 0x21, 0x09, 0x09, 0x21, 0x29, 0x09, 0x09, 0xd0, 0x8b, 0x09, 0x8b, 0x6c, 0x6c,
    0x9f, 0x3e, 0x09, 0x21, 0x21, 0x9f, 0x58, 0x2a, 0x3e, 0x3e, 0x3e, 0x3e, 0x01, 0x09, 0x58, 0x58,
    0x21, 0x29, 0x21, 0x6c, 0x6c, 0x6c, 0x21, 0x6c, 0x6c, 0x21, 0x6c, 0x21, 0x29, 0x58, 0x3e, 0x3e,
    0x9f, 0x3e, 0x09, 0x21, 0x21, 0x9f, 0x58, 0x2a, 0x3e, 0x3e, 0x3e, 0x3e, 0x01, 0x09, 0x58, 0x58,
    0x3e, 0x21, 0x09, 0x09, 0x56, 0xe4, 0xf2, 0xf0, 0xf2, 0xf2, 0xfa, 0xf4, 0xf2, 0xfc, 0xfd, 0xfe,
    0xfc, 0xf7, 0xf2, 0xe4, 0xdb, 0xc3, 0x87, 0xa2, 0x87, 0x56, 0x04, 0x21, 0x04, 0x05, 0x09, 0x21,
    0x9f, 0x3e, 0x09, 0x21, 0x21, 0x9f, 0x13, 0x3f, 0x8a, 0xc6, 0xdb, 0xdb, 0xb9, 0x6d, 0x8a, 0x9b,
    0x44, 0xb5, 0x94, 0x97, 0xa2, 0x87, 0x1c, 0x04, 0x21, 0x6c, 0x04, 0x09, 0x9f, 0x4b, 0x3e, 0x3e,
    0x21, 0x21, 0x6c, 0x9b, 0xcc, 0xad, 0xa1, 0xb9, 0xd6, 0xd6, 0xcc, 0xcc, 0xee, 0xfe, 0xfe, 0xf4,
    0xb9, 0xb2, 0x87, 0x44, 0x56, 0xdb, 0x44, 0x06, 0x1c, 0x2b, 0x13, 0x04, 0x06, 0x8b, 0x6c, 0x6c,
    0x51, 0x51, 0x51, 0x6c, 0x6c, 0x6c, 0x8b, 0x21, 0x21, 0x6c, 0x01, 0x09, 0x9f, 0x6c, 0x46, 0x3e,
    0x9f, 0x3e, 0x09, 0x21, 0x21, 0x9f, 0x6c, 0x29, 0x3e, 0x3e, 0x3e, 0x3e, 0x01, 0x74, 0x3f, 0x45,
    0xb9, 0xb2, 0x87, 0x39, 0x56, 0xe4, 0xf2, 0xf0, 0xf2, 0xf2, 0xfa, 0xf4, 0xf2, 0xfc, 0xfd, 0xfe,
    0x39, 0x7b, 0x87, 0x94, 0xb5, 0xb5, 0x41, 0x13, 0x04, 0x08, 0x04, 0x34, 0x21, 0x3e, 0x3e, 0x3e,
    0x6c, 0x5d, 0x6c, 0x5d, 0x21, 0x8b, 0x8b, 0x6c, 0x21, 0x59, 0x74, 0x8a, 0xa1, 0x86, 0x7a, 0x9b,
    0x27, 0x20, 0x15, 0x15, 0x1c, 0x20, 0x15, 0x25, 0x3a, 0x3a, 0x45, 0x34, 0x34, 0x3a, 0x45, 0x2d,
    0x1b, 0x19, 0x6c, 0x09, 0x05, 0x01, 0x09, 0x67, 0x6c, 0x21, 0x5d, 0x8b, 0x8b, 0x6c, 0x8b, 0x6c,
    0x3e, 0x38, 0x3e, 0x21, 0x09, 0x58, 0x21, 0x09, 0x09, 0x9f, 0x29, 0x21, 0x09, 0x09, 0x58, 0x58,
    0x21, 0x09, 0x8b, 0x6c, 0x21, 0x09, 0x09, 0x21, 0x29, 0x6c, 0x01, 0x09, 0x21, 0x3e, 0x3e, 0x3e,
    0x3e, 0x38, 0x3e, 0x21, 0x09, 0x58, 0x21, 0x09, 0x09, 0x9f, 0x29, 0x21, 0x09, 0x09, 0x58, 0x58,
    0x21, 0x09, 0x21, 0x39, 0xe9, 0xed, 0xf0, 0xf0, 0xf0, 0xf0, 0xf4, 0xee, 0xfb, 0xfd, 0xfe, 0xfe,
    0xfc, 0xfa, 0xf5, 0xee, 0xe4, 0xba, 0xa2, 0x87, 0x56, 0x56, 0x39, 0x8b, 0x09, 0x04, 0x04, 0x2a,
    0x3e, 0x38, 0x3e, 0x21, 0x09, 0x58, 0x25, 0x6d, 0xb9, 0xd6, 0xcc, 0xd6, 0x9b, 0x44, 0x8a, 0x8a,
    0x25, 0x7b, 0x7b, 0x9b, 0xb5, 0xb5, 0x41, 0x13, 0x04, 0x6c, 0x04, 0x09, 0x21, 0x3e, 0x3e, 0x3e,
    0x6c, 0x5c, 0x6c, 0xb2, 0x97, 0x8e, 0x97, 0x9b, 0xdb, 0xd6, 0xe4, 0xee, 0xf5, 0xfe, 0xfa, 0xe4,
    0xa2, 0x7b, 0x44, 0x44, 0x56, 0xd6, 0x7b, 0x06, 0x06, 0x15, 0x13, 0x13, 0x04, 0x04, 0x8b, 0x6c,
    0x3b, 0x51, 0x6c, 0x6c, 0x21, 0x09, 0x09, 0x21, 0x29, 0x6c, 0x01, 0x09, 0x21, 0x3e, 0x3e, 0x3e,
    0x3e, 0x38, 0x3e, 0x21, 0x09, 0x6c, 0x21, 0x09, 0x09, 0x9f, 0x29, 0x21, 0x09, 0x09, 0x4a, 0x3f,
    0xa2, 0x7b, 0x41, 0x39, 0xe9, 0xed, 0xf0, 0xf0, 0xf0, 0xf0, 0xf4, 0xee, 0xfb, 0xfd, 0xfe, 0xfe,
    0x15, 0x7b, 0x7b, 0x87, 0x94, 0x87, 0x68, 0x2b, 0x13, 0x13, 0x13, 0x13, 0x21, 0x09, 0x29, 0x21,
    0x6c, 0x21, 0x8b, 0x6c, 0x6c, 0x09, 0x09, 0x6c, 0x6d, 0x6d, 0x8a, 0x81, 0x84, 0x81, 0x7a, 0x9b,
    0x39, 0x15, 0x13, 0x13, 0x13, 0x1b, 0x3f, 0x34, 0x34, 0x3f, 0x34, 0x25, 0x25, 0x3f, 0x3f, 0x6c,
    0x25, 0x19, 0x21, 0x21, 0x01, 0x0f, 0x21, 0xd0, 0x99, 0x6c, 0x6c, 0x6c, 0x8b, 0x6c, 0x21, 0x21,
    0x3e, 0x3e, 0x21, 0x21, 0x21, 0x3e, 0x0f, 0x01, 0x03, 0x09, 0x0f, 0x09, 0x21, 0x09, 0x21, 0x21,
    0x09, 0x8b, 0x21, 0x29, 0x29, 0x6c, 0x09, 0x09, 0x21, 0x21, 0x21, 0x6c, 0x21, 0x09, 0x29, 0x21,
    0x3e, 0x3e, 0x21, 0x21, 0x21, 0x3e, 0x0f, 0x01, 0x03, 0x09, 0x0f, 0x09, 0x21, 0x09, 0x21, 0x21,
    0x8b, 0x6c, 0x2b, 0xad, 0xe4, 0xe9, 0xee, 0xf0, 0xf2, 0xee, 0xe4, 0xf5, 0xfd, 0xfe, 0xfe, 0xfe,
    0xfd, 0xfa, 0xfa, 0xf0, 0xe4, 0xcc, 0xc3, 0xad, 0x56, 0x41, 0x1c, 0x39, 0x21, 0x04, 0x04, 0x6c,
    0x3e, 0x3e, 0x21, 0x21, 0x21, 0x25, 0x44, 0x8a, 0xa1, 0xb9, 0xd6, 0xcc, 0x8a, 0x7a, 0x6d, 0x8a,
    0x15, 0x7b, 0x7b, 0x9b, 0x97, 0x9b, 0x75, 0x2b, 0x13, 0x21, 0x21, 0x6c, 0x21, 0x09, 0x29, 0x21,
    0x6c, 0x21, 0xa1, 0x9b, 0x97, 0xa1, 0xa1, 0x9b, 0xcc, 0xdb, 0xe4, 0xcc, 0xfa, 0xfd, 0xf2, 0xcc,
    0x87, 0x44, 0x2b, 0x56, 0xad, 0xcc, 0xad, 0x15, 0x04, 0x04, 0x22, 0x13, 0x06, 0x04, 0x04, 0x21,
    0x09, 0x8b, 0x21, 0x29, 0x29, 0x6c, 0x09, 0x09, 0x21, 0x21, 0x21, 0x6c, 0x21, 0x09, 0x29, 0x21,
    0x3e, 0x3e, 0x21, 0x21, 0x21, 0x3e, 0x0f, 0x01, 0x03, 0x09, 0x0f, 0x09, 0x21, 0x09, 0x21, 0x44,
    0x87, 0x56, 0x2b, 0xad, 0xe4, 0xe9, 0xee, 0xf0, 0xf2, 0xee, 0xe4, 0xf5, 0xfd, 0xfe, 0xfe, 0xfe,
    0x06, 0x56, 0x75, 0xa1, 0x97, 0x8e, 0x87, 0x59, 0x15, 0x13, 0x08, 0x04, 0x2d, 0x8b, 0x21, 0x21,
    0x21, 0x29, 0x21, 0x21, 0x8b, 0x21, 0x09, 0x09, 0x5e, 0x6d, 0x6d, 0x84, 0x81, 0x84, 0x8a, 0x9b,
    0x2b, 0x06, 0x13, 0x13, 0x13, 0x06, 0x25, 0x22, 0x3f, 0x2d, 0x2d, 0x2d, 0xd0, 0x6c, 0x21, 0x6c,
    0x6c, 0x8b, 0x71, 0x6c, 0x01, 0x09, 0x5d, 0x8b, 0x8b, 0x6c, 0x8b, 0xd0, 0x90, 0x6c, 0x21, 0x21,
    0x21, 0x21, 0x21, 0x09, 0x01, 0x0f, 0x0f, 0x09, 0x01, 0x01, 0x09, 0x6c, 0x6c, 0x8b, 0x6c, 0x6c,
    0x09, 0x6c, 0x29, 0x09, 0x6c, 0x01, 0x09, 0x09, 0x21, 0x09, 0x6c, 0x6c, 0x8b, 0x8b, 0x21, 0x21,
    0x21, 0x21, 0x21, 0x09, 0x01, 0x0f, 0x0f, 0x09, 0x01, 0x01, 0x09, 0x6c, 0x6c, 0x8b, 0x6c, 0x6c,
    0xd0, 0x39, 0xcc, 0xe0, 0xe9, 0xe9, 0xf0, 0xf4, 0xe4, 0xdb, 0xf0, 0xfd, 0xfe, 0xfe, 0xfe, 0xfe,
    0xfe, 0xfe, 0xfd, 0xf2, 0xdb, 0xcc, 0xcc, 0xba, 0x87, 0x56, 0x1c, 0x1c, 0x39, 0x21, 0x8b, 0x8b,
    0x21, 0x21, 0x21, 0x09, 0x44, 0x51, 0x44, 0x86, 0xa1, 0xb9, 0xd8, 0xb6, 0x9b, 0x6d, 0x7a, 0x9b,
    0x20, 0x44, 0x75, 0xa1, 0x8e, 0x8e, 0x8e, 0x44, 0x15, 0x06, 0x6c, 0x6c, 0x8b, 0x8b, 0x21, 0x21,
    0x21, 0x8e, 0x56, 0x56, 0x8e, 0xb2, 0xb2, 0xa2, 0xa1, 0xad, 0xd6, 0xad, 0xf4, 0xf4, 0xe4, 0xad,
    0x56, 0x44, 0x44, 0x8e, 0x94, 0xa2, 0xcc, 0x44, 0x15, 0x04, 0x06, 0x15, 0x06, 0x06, 0x04, 0x21,
    0x09, 0x6c, 0x29, 0x09, 0x6c, 0x01, 0x09, 0x09, 0x21, 0x09, 0x6c, 0x6c, 0x8b, 0x8b, 0x21, 0x21,
    0x21, 0x21, 0x21, 0x09, 0x01, 0x0f, 0x0f, 0x09, 0x01, 0x01, 0x09, 0x6c, 0x6c, 0x8b, 0x6c, 0x6c,
    0x59, 0x39, 0xcc, 0xe0, 0xe9, 0xe9, 0xf0, 0xf4, 0xe4, 0xdb, 0xf0, 0xfd, 0xfe, 0xfe, 0xfe, 0xfe,
    0x13, 0x15, 0x7a, 0x9b, 0x97, 0x87, 0x87, 0x7b, 0x39, 0x15, 0x06, 0x02, 0x22, 0x6c, 0x7d, 0x8b,
    0x21, 0x21, 0x21, 0x21, 0x6c, 0x21, 0x21, 0x21, 0x01, 0x74, 0x5e, 0x84, 0x84, 0x81, 0x8a, 0x84,
    0x59, 0x1c, 0x13, 0x13, 0x13, 0x3f, 0x3a, 0x21, 0x01, 0x6c, 0x21, 0x6c, 0x6c, 0xd0, 0xd0, 0x6c,
    0x8b, 0xd0, 0x21, 0x6c, 0x21, 0x6c, 0x8b, 0x7d, 0x6c, 0x6c, 0x21, 0x21, 0x6c, 0xd0, 0x8b, 0x7d,
    0x09, 0x21, 0x21, 0x6c, 0x6c, 0x09, 0x09, 0x3e, 0x3e, 0x21, 0x6c, 0x8b, 0x8b, 0x7d, 0x6c, 0x6c,
    0x6c, 0x21, 0x21, 0x21, 0x09, 0x09, 0x09, 0x01, 0x09, 0x09, 0x21, 0x8b, 0x8b, 0x7d, 0x7d, 0x8b,
    0x09, 0x21, 0x21, 0x6c, 0x6c, 0x09, 0x09, 0x3e, 0x3e, 0x21, 0x6c, 0x8b, 0x8b, 0x7d, 0x6c, 0x6c,
    0x56, 0xad, 0xe0, 0xe4, 0xe9, 0xf4, 0xf4, 0xea, 0xb9, 0xd8, 0xf4, 0xfd, 0xfe, 0xfe, 0xfe, 0xfe,
    0xfe, 0xfe, 0xf0, 0xcc, 0xba, 0xa2, 0x94, 0x87, 0x87, 0x56, 0x1c, 0x1c, 0x1c, 0x41, 0x1c, 0x8b,
    0x09, 0x21, 0x21, 0x1b, 0x3f, 0x54, 0x6d, 0x86, 0xa1, 0xbf, 0xd8, 0xa1, 0x86, 0x7a, 0x7a, 0x8a,
    0x1c, 0x15, 0x7b, 0x9b, 0x7b, 0x87, 0x87, 0x68, 0x41, 0x15, 0x13, 0x8b, 0x8b, 0x7d, 0x7d, 0x8b,
    0x2b, 0x56, 0x56, 0x87, 0xb2, 0xb5, 0xb2, 0xa1, 0x97, 0x8e, 0xb5, 0xcc, 0xf4, 0xe4, 0xd6, 0x87,
    0x56, 0x56, 0x8e, 0x87, 0x87, 0x94, 0xad, 0x56, 0x44, 0x44, 0x44, 0x13, 0x06, 0x06, 0x04, 0x04,
    0x6c, 0x21, 0x21, 0x21, 0x09, 0x09, 0x09, 0x01, 0x09, 0x09, 0x21, 0x8b, 0x8b, 0x7d, 0x7d, 0x8b,
    0x09, 0x21, 0x21, 0x6c, 0x6c, 0x09, 0x09, 0x3e, 0x3e, 0x21, 0x6c, 0x8b, 0x8b, 0x7d, 0x6c, 0x6c,
    0x56, 0xad, 0xe0, 0xe4, 0xe9, 0xf4, 0xf4, 0xea, 0xb9, 0xd8, 0xf4, 0xfd, 0xfe, 0xfe, 0xfe, 0xfe,
    0x21, 0x21, 0x21, 0x0f, 0x01, 0x09, 0x01, 0x09, 0x09, 0x5c, 0x6c, 0x13, 0x13, 0x8e, 0x7b, 0x7b,
    0x87, 0x87, 0x8e, 0x01, 0x21, 0x21, 0x09, 0x01, 0x21, 0x8b, 0x6c, 0x21, 0x8b, 0xd0, 0xd0, 0x8b,
    0x21, 0x21, 0x09, 0x21, 0x21, 0x01, 0x01, 0x6c, 0x6c, 0x21, 0x09, 0x09, 0x21, 0x21, 0x21, 0x06,
    0x15, 0x06, 0x39, 0x87, 0x75, 0x75, 0x7b, 0x87, 0x68, 0x44, 0x20, 0x02, 0x13, 0x6c, 0x8b, 0x6c,
    0x21, 0x21, 0x21, 0x2d, 0x6d, 0x7a, 0xa1, 0xb2, 0xc3, 0xd6, 0xce, 0xa1, 0x7a, 0x6d, 0x7a, 0x7a,
    0x21, 0x19, 0x09, 0x13, 0x13, 0x25, 0x3f, 0x34, 0x2d, 0x34, 0x2d, 0x34, 0x3a, 0x3f, 0x3f, 0x25,
    0x02, 0x13, 0x6d, 0x6d, 0x6d, 0x84, 0x7a, 0x8e, 0xa1, 0x8e, 0xa1, 0x7a, 0x44, 0x3f, 0x15, 0x41,
    0x02, 0x13, 0x6d, 0x6d, 0x6d, 0x84, 0x86, 0x8e, 0xa1, 0xa1, 0x8e, 0x7a, 0x74, 0x44, 0x19, 0x2b,
    0x59, 0x2b, 0x06, 0x15, 0x13, 0x3f, 0x34, 0x2d, 0x34, 0x2d, 0x34, 0x3a, 0x3f, 0x3f, 0x3f, 0x25,
    0x42, 0x36, 0x19, 0x2a, 0x3e, 0x2d, 0x19, 0x09, 0x22, 0x2d, 0x2a, 0x2d, 0x2d, 0x2d, 0x19, 0x19,
    0x36, 0x19, 0x19, 0x19, 0x2d, 0x42, 0x42, 0x5c, 0x6f, 0xb0, 0x6f, 0x58, 0x42, 0x4b, 0x4b, 0x6f,
    0x3e, 0x36, 0x19, 0x2a, 0x3e, 0x2d, 0x19, 0x09, 0x22, 0x2d, 0x2a, 0x2d, 0x2d, 0x2d, 0x19, 0x19,
    0x56, 0x41, 0x56, 0x7b, 0x86, 0x87, 0x97, 0x94, 0xa2, 0xba, 0x7a, 0x04, 0x04, 0x06, 0x1c, 0x15,
    0x15, 0x06, 0x44, 0x8e, 0x75, 0x7a, 0x7b, 0x7a, 0x56, 0x44, 0x25, 0x04, 0x04, 0x2d, 0x19, 0x19,
    0x59, 0x27, 0x06, 0x15, 0x19, 0x19, 0x19, 0x19, 0x22, 0x22, 0x2a, 0x2d, 0x36, 0x2d, 0x22, 0x2d,
    0x29, 0x87, 0x8e, 0x8e, 0xa1, 0xcc, 0xcc, 0xb2, 0xad, 0x8e, 0x8e, 0xe9, 0xf0, 0xf6, 0xe0, 0xb5,
    0x29, 0x21, 0x09, 0x21, 0x0f, 0x01, 0x01, 0x01, 0x09, 0xd0, 0x8e, 0xe4, 0xe9, 0xfe, 0xfe, 0xfe,
    0xba, 0xc3, 0x87, 0x56, 0x56, 0x01, 0x01, 0x03, 0x0f, 0x6c, 0x8b, 0x65, 0x71, 0xd0, 0x8b, 0xa2,
    0x21, 0x21, 0x09, 0x01, 0x09, 0x01, 0x01, 0x03, 0x03, 0x05, 0x21, 0x21, 0x59, 0xba, 0xf4, 0xf4,
    0x15, 0x15, 0x39, 0x7a, 0x6d, 0x6d, 0x8e, 0x7a, 0x7a, 0x44, 0x2b, 0x13, 0x02, 0x6c, 0x6c, 0x6c,
    0x29, 0x21, 0x09, 0x84, 0x86, 0x8e, 0xa1, 0xb2, 0xb9, 0xd6, 0xb9, 0x6d, 0x74, 0x56, 0x68, 0x7a,
    0x19, 0x19, 0x1c, 0x3f, 0x13, 0x19, 0x3f, 0x34, 0x2d, 0x34, 0x3f, 0x34, 0x34, 0x3f, 0x2d, 0xdb,
    0x02, 0x02, 0x74, 0x74, 0x74, 0x74, 0x7a, 0x86, 0x8e, 0x97, 0xa1, 0x6d, 0x3f, 0x06, 0x3f, 0x3f,
    0x02, 0x02, 0x74, 0x74, 0x74, 0x6d, 0x84, 0x86, 0x8e, 0x8e, 0x86, 0x75, 0x56, 0x44, 0x3f, 0x2d,
    0x39, 0x2b, 0x1c, 0x1b, 0x13, 0x3f, 0x34, 0x34, 0x2d, 0x34, 0x3f, 0x34, 0x34, 0x3f, 0x2d, 0xdb,
    0x42, 0x3b, 0x2d, 0x36, 0x19, 0x22, 0x19, 0x22, 0x19, 0x2a, 0x19, 0x2a, 0x3b, 0x6f, 0x3b, 0x36,
    0x42, 0x2d, 0x4b, 0x42, 0x79, 0x83, 0x90, 0x42, 0x6f, 0x5a, 0x5c, 0x4b, 0x42, 0x42, 0x4b, 0x58,
    0x42, 0x3b, 0x2d, 0x36, 0x19, 0x22, 0x19, 0x22, 0x19, 0x2a, 0x19, 0x2a, 0x3b, 0x6f, 0x42, 0xe0,
    0x44, 0x68, 0x8e, 0x87, 0x7a, 0x8e, 0xa2, 0x8e, 0x94, 0xa2, 0x8e, 0x06, 0x02, 0x04, 0x15, 0x15,
    0x13, 0x20, 0x3f, 0x7a, 0x7a, 0x6d, 0x8e, 0x7a, 0x7a, 0x54, 0x25, 0x13, 0x02, 0x13, 0x42, 0x36,
    0x1c, 0x20, 0x20, 0x20, 0x1b, 0x19, 0x19, 0x22, 0x19, 0x2d, 0x2a, 0x2d, 0x36, 0x6f, 0x3b, 0x36,
    0x4b, 0x36, 0x22, 0x22, 0x22, 0x29, 0xcc, 0xcc, 0xa1, 0xa1, 0x8e, 0xf6, 0xf0, 0xe4, 0xcc, 0xa2,
    0x21, 0x6c, 0x5d, 0x21, 0x29, 0x01, 0x01, 0x6c, 0x8b, 0x8e, 0xfb, 0xfa, 0xfd, 0xfe, 0xfe, 0xfe,
    0xf1, 0xd6, 0x87, 0x7b, 0x87, 0x7b, 0x01, 0x01, 0x01, 0x21, 0x8b, 0x6c, 0x21, 0x6c, 0xcc, 0xd6,
    0x68, 0x21, 0x09, 0x8b, 0x09, 0x09, 0x21, 0x01, 0x03, 0x01, 0x21, 0x59, 0xf4, 0xf4, 0xf2, 0xf1,
    0x13, 0x15, 0x3f, 0x3f, 0x7a, 0x7a, 0x6d, 0x7a, 0x7a, 0x44, 0x39, 0x2d, 0x13, 0x13, 0x6c, 0x6c,
    0x21, 0x6c, 0x7a, 0x7a, 0x81, 0x8a, 0xa1, 0xa1, 0xb9, 0xb9, 0x8e, 0x3a, 0x3a, 0x3a, 0x6d, 0x7a,
    0x13, 0x19, 0x19, 0x13, 0x3f, 0x19, 0x2d, 0x39, 0x2d, 0x2d, 0x2d, 0x3a, 0x3f, 0x2d, 0xcc, 0xe0,
    0x56, 0x02, 0x02, 0x3a, 0x3a, 0x5e, 0x7a, 0x8e, 0x7a, 0x8e, 0xa1, 0x74, 0x8e, 0x3a, 0x3f, 0x06,
    0x56, 0x02, 0x02, 0x3a, 0x3a, 0x5e, 0x7a, 0x8e, 0x86, 0x8e, 0x7a, 0x7a, 0x6d, 0x74, 0x44, 0x20,
    0x20, 0x39, 0x39, 0x15, 0x13, 0x3f, 0x34, 0x2d, 0x2d, 0x34, 0x2d, 0x34, 0x3f, 0x2d, 0xcc, 0xe0,
    0x58, 0x2d, 0x42, 0x5c, 0x2d, 0x19, 0x19, 0x19, 0x36, 0x42, 0x36, 0x36, 0x2d, 0x2a, 0x2a, 0x2d,
    0x79, 0x90, 0x42, 0x6f, 0x90, 0x90, 0x67, 0x5c, 0x6f, 0x42, 0x42, 0x42, 0x4b, 0x36, 0x4b, 0x6f,
    0x58, 0x2d, 0x42, 0x5c, 0x2d, 0x19, 0x19, 0x19, 0x36, 0x42, 0x36, 0x36, 0x2d, 0x2d, 0xd6, 0xdb,
    0x68, 0x68, 0x7b, 0x7b, 0x87, 0x7a, 0xb2, 0xb5, 0xa2, 0x87, 0x8e, 0x39, 0x02, 0x06, 0x15, 0x15,
    0x15, 0x15, 0x2d, 0x45, 0x5e, 0x7a, 0x7a, 0x7a, 0x7a, 0x45, 0x45, 0x25, 0x13, 0x04, 0x2d, 0x2d,
    0x15, 0x2b, 0x2b, 0x15, 0x19, 0x22, 0x19, 0x19, 0x36, 0x42, 0x22, 0x36, 0x2d, 0x2a, 0x2a, 0x2d,
    0x58, 0x22, 0x4b, 0x5c, 0x22, 0x29, 0x38, 0x29, 0x8e, 0x8e, 0xc8, 0xfb, 0xf4, 0xdb, 0xcc, 0xd6,
    0x8b, 0x8b, 0x6c, 0x8b, 0x21, 0x6c, 0x21, 0x6c, 0x44, 0xe4, 0xfa, 0xfe, 0xfe, 0xfe, 0xfd, 0xfe,
    0xfc, 0xf4, 0xcc, 0x41, 0x87, 0x7b, 0x7b, 0x01, 0x9f, 0x6c, 0x29, 0x21, 0x6c, 0x21, 0xdb, 0xe4,
    0xad, 0x1c, 0x21, 0x21, 0x09, 0x01, 0x09, 0x01, 0x01, 0x21, 0x41, 0xf4, 0xf2, 0xf1, 0xf4, 0xf4,
    0x06, 0x06, 0x06, 0x3a, 0x3a, 0x74, 0x74, 0x74, 0x44, 0x74, 0x3f, 0x2d, 0x13, 0x13, 0x6c, 0x6c,
    0x8b, 0x8b, 0x84, 0x74, 0x74, 0x8a, 0x8a, 0xa1, 0xa1, 0x8e, 0x3a, 0x3f, 0x3f, 0x3a, 0x7a, 0x8e,
    0x13, 0x13, 0x13, 0x2d, 0x13, 0x13, 0x59, 0x3a, 0x34, 0x2d, 0x34, 0x3a, 0x2d, 0xcc, 0xdb, 0xe4,
    0xad, 0x1c, 0x02, 0x04, 0x3a, 0x74, 0x7a, 0x84, 0x56, 0x8e, 0x8e, 0x01, 0x09, 0x3f, 0x06, 0x1c,
    0xad, 0x1c, 0x02, 0x04, 0x3a, 0x74, 0x7a, 0x84, 0x7a, 0x7a, 0x86, 0x86, 0x6d, 0x6d, 0x45, 0x13,
    0x15, 0x1c, 0x1c, 0x06, 0x13, 0x3f, 0x2d, 0x22, 0x2d, 0x2d, 0x34, 0x45, 0x2d, 0xcc, 0xdb, 0xe4,
    0x90, 0x2d, 0x2d, 0x6b, 0x6f, 0x2d, 0x4b, 0x42, 0x36, 0x36, 0x2d, 0x42, 0x2d, 0x19, 0x2d, 0x36,
    0x67, 0x6f, 0x90, 0xb0, 0x4b, 0x4b, 0x6f, 0x4b, 0x42, 0x2a, 0x19, 0x2d, 0x22, 0x19, 0x2d, 0x3b,
    0x90, 0x2d, 0x2d, 0x6b, 0x6f, 0x2d, 0x4b, 0x42, 0x36, 0x36, 0x2d, 0x51, 0x2d, 0xcc, 0xdb, 0xe4,
    0x59, 0x7b, 0x75, 0x7b, 0x8e, 0x8e, 0x7a, 0x59, 0x59, 0x68, 0x8e, 0x75, 0x02, 0x06, 0x13, 0x13,
    0x13, 0x06, 0x06, 0x3a, 0x3f, 0x45, 0x74, 0x4a, 0x5e, 0x74, 0x3a, 0x3f, 0x13, 0x13, 0x13, 0x3f,
    0x15, 0x13, 0x15, 0x06, 0x19, 0x36, 0x3e, 0x3e, 0x36, 0x36, 0x2d, 0x42, 0x36, 0x19, 0x2d, 0x36,
    0x90, 0x22, 0x22, 0x67, 0x67, 0x22, 0x4b, 0x29, 0x29, 0x8e, 0xc3, 0xba, 0xe0, 0xcc, 0xdb, 0xe4,
    0x8b, 0x6c, 0x8b, 0x6c, 0x6c, 0x6c, 0x21, 0x44, 0xe0, 0xf4, 0xfe, 0xfe, 0xf4, 0xf4, 0xfe, 0xfe,
    0xfe, 0xfb, 0xcc, 0x41, 0x56, 0x87, 0x68, 0x7b, 0x58, 0x21, 0x09, 0x21, 0x8b, 0xad, 0xdb, 0xe4,
    0xcc, 0x87, 0x21, 0x21, 0x01, 0x03, 0x09, 0x01, 0x21, 0x59, 0xcc, 0xf4, 0xf4, 0xf1, 0xf1, 0xf4,
    0x13, 0x13, 0x13, 0x25, 0x74, 0x44, 0x3f, 0x44, 0x44, 0x3a, 0x44, 0x25, 0x13, 0x13, 0x00, 0x21,
    0x8b, 0x44, 0x44, 0x74, 0x84, 0x84, 0x8a, 0x86, 0x8e, 0x74, 0x3f, 0x3f, 0x3f, 0x5e, 0x86, 0xa1,
    0x19, 0x13, 0x9f, 0x58, 0x13, 0x3e, 0x21, 0x36, 0x2d, 0x3a, 0x2d, 0x2d, 0xb2, 0xdb, 0xe0, 0xe7,
    0xcc, 0x87, 0x02, 0x02, 0x13, 0x56, 0x7a, 0x7a, 0x3a, 0x8e, 0x01, 0x01, 0x09, 0x21, 0x06, 0x06,
    0xcc, 0x87, 0x02, 0x02, 0x13, 0x56, 0x7a, 0x7a, 0x6d, 0x8e, 0x8e, 0x97, 0x8a, 0x74, 0x5e, 0x2d,
    0x1c, 0x19, 0x2b, 0x15, 0x2b, 0x34, 0x2d, 0x34, 0x2d, 0x2d, 0x3a, 0x2d, 0xb2, 0xdb, 0xe0, 0xe7,
    0x2d, 0x5c, 0x5c, 0x90, 0x90, 0x6f, 0x5c, 0x3b, 0x2d, 0x36, 0x51, 0x6f, 0x3e, 0x2d, 0x2d, 0x42,
    0x6f, 0x42, 0x5a, 0x3e, 0x19, 0x2d, 0x90, 0x2d, 0x36, 0x2d, 0x19, 0x22, 0x19, 0x09, 0x22, 0x19,
    0x2d, 0x5c, 0x5c, 0x90, 0x90, 0x6f, 0x5c, 0x42, 0x2d, 0x2a, 0x42, 0x6f, 0xa1, 0xdb, 0xe4, 0xe9,
    0x56, 0x59, 0x7b, 0x7b, 0x75, 0x41, 0x56, 0x56, 0x44, 0x59, 0x7b, 0x7b, 0x02, 0x04, 0x25, 0x06,
    0x13, 0x13, 0x13, 0x25, 0x45, 0x45, 0x3f, 0x4a, 0x45, 0x45, 0x3f, 0x2d, 0x13, 0x13, 0x13, 0x13,
    0x08, 0x15, 0x19, 0x22, 0x2d, 0x42, 0x5c, 0x3b, 0x36, 0x2d, 0x3e, 0x6f, 0x36, 0x36, 0x36, 0x3b,
    0x22, 0x5c, 0x6f, 0x90, 0x90, 0x6f, 0x5c, 0x4b, 0x29, 0xa2, 0x87, 0x94, 0xb5, 0xb5, 0xdb, 0xe7,
    0x6c, 0x21, 0x21, 0x6c, 0x8b, 0x5a, 0x6c, 0xcc, 0xf4, 0xe9, 0xfe, 0xb2, 0xb2, 0xf4, 0xfe, 0xfe,
    0xfd, 0xfe, 0xe0, 0x41, 0x41, 0x68, 0x59, 0x41, 0x56, 0x58, 0x01, 0x01, 0x6c, 0xd6, 0xe4, 0xe7,
    0xcc, 0xdb, 0x59, 0x21, 0x01, 0x01, 0x01, 0x01, 0x21, 0xa2, 0xe9, 0xe0, 0xe0, 0xf1, 0xf4, 0xfd,
    0x13, 0x08, 0x13, 0x3f, 0x34, 0x44, 0x3f, 0x3f, 0x3f, 0x3a, 0x3f, 0x8e, 0x8e, 0xdb, 0x41, 0x39,
    0x44, 0x59, 0x44, 0x3a, 0x44, 0x5e, 0x7a, 0x7a, 0x84, 0x34, 0x1b, 0x3f, 0x54, 0x6d, 0x7a, 0xa1,
    0x13, 0x13, 0x58, 0xd2, 0x9f, 0xd2, 0x58, 0x2d, 0x56, 0x39, 0x2d, 0x6d, 0xc3, 0xe0, 0xe4, 0xe4,
    0xcc, 0xdb, 0x59, 0x02, 0x08, 0x2d, 0x56, 0x56, 0x3a, 0x87, 0x58, 0x21, 0x9f, 0xd2, 0xd2, 0x1c,
    0xcc, 0xdb, 0x59, 0x02, 0x06, 0x2d, 0x56, 0x56, 0x3a, 0x7a, 0x8e, 0xa1, 0x97, 0x7a, 0x8e, 0x39,
    0x15, 0x44, 0x59, 0x44, 0x34, 0x3f, 0x34, 0x2d, 0x34, 0x2d, 0x2d, 0x6d, 0xc3, 0xe0, 0xe4, 0xe4,
    0x3e, 0x2d, 0x5c, 0x5c, 0x42, 0x36, 0x42, 0x2a, 0x2a, 0x2d, 0x2d, 0x9b, 0xa1, 0xe7, 0x42, 0x2d,
    0x42, 0xa9, 0x5c, 0x42, 0x2d, 0x6f, 0xb0, 0x42, 0x2d, 0x36, 0x2a, 0x19, 0x22, 0x19, 0x2a, 0x3b,
    0x36, 0x2d, 0x5c, 0x5c, 0x42, 0x36, 0x42, 0x2a, 0x22, 0x2d, 0x2d, 0x6d, 0xc3, 0xdb, 0xe4, 0xe9,
    0x56, 0x56, 0x59, 0x56, 0x39, 0x2b, 0x41, 0x44, 0x56, 0x44, 0x56, 0x7b, 0x1c, 0x13, 0x3f, 0x20,
    0x13, 0x13, 0x13, 0x2d, 0x45, 0x3a, 0x45, 0x3a, 0x45, 0x45, 0x3a, 0x34, 0x25, 0x13, 0x13, 0x13,
    0x04, 0x1b, 0x22, 0x22, 0x22, 0x2a, 0x42, 0x2a, 0x22, 0x2d, 0x2a, 0x3e, 0x22, 0x22, 0x42, 0x36,
    0x36, 0x22, 0x5c, 0x5c, 0x4b, 0x22, 0x4b, 0x2a, 0x29, 0x29, 0x8e, 0x94, 0xb5, 0xd6, 0xe4, 0xe9,
    0x56, 0x44, 0x44, 0x21, 0x6c, 0x21, 0x44, 0xd6, 0xe7, 0xfb, 0xe9, 0xb2, 0xd8, 0xfd, 0xfe, 0xfe,
    0xfc, 0xfb, 0xfd, 0x59, 0x56, 0xa2, 0x56, 0x39, 0x39, 0x2b, 0x9f, 0x8e, 0xad, 0xe4, 0xe9, 0xe4,
    0xc8, 0xe0, 0xb5, 0x21, 0x21, 0x6c, 0x6c, 0x09, 0x59, 0xb5, 0xf4, 0xf4, 0xfb, 0xfb, 0xe9, 0xfa,
    0x13, 0x02, 0x13, 0x1b, 0x44, 0x3f, 0x3f, 0x44, 0x3f, 0x3f, 0xb2, 0xdb, 0xe9, 0xe0, 0xb5, 0x87,
    0x44, 0x44, 0x54, 0x54, 0x6d, 0x74, 0x54, 0x56, 0x3a, 0x13, 0x13, 0x2d, 0x3a, 0x84, 0x9b, 0xa1,
    0x13, 0x13, 0xd2, 0xbd, 0xd2, 0xa7, 0x58, 0x3e, 0x39, 0x19, 0x74, 0xa1, 0xd6, 0xe7, 0xe7, 0xe0,
    0xcc, 0xdb, 0xb5, 0x1c, 0x02, 0x13, 0x2d, 0x3a, 0x01, 0x01, 0x09, 0x58, 0xd2, 0xd2, 0x9f, 0xd2,
    0xcc, 0xdb, 0xb5, 0x1c, 0x02, 0x13, 0x2d, 0x3a, 0x74, 0x7a, 0x8e, 0x8e, 0x8e, 0xb2, 0xa1, 0x8e,
    0x7a, 0x44, 0x59, 0x2d, 0x3f, 0x13, 0x2d, 0x2b, 0x3f, 0x2d, 0x74, 0xa5, 0xd6, 0xe7, 0xe7, 0xe0,
    0x42, 0x2d, 0x2d, 0x19, 0x22, 0x22, 0x2d, 0x19, 0x19, 0x19, 0xa5, 0xd8, 0xf0, 0xe7, 0xba, 0xa1,
    0x42, 0x42, 0x73, 0xb0, 0x6f, 0x5c, 0x6f, 0x90, 0x42, 0x2d, 0x42, 0x19, 0x36, 0x36, 0x2d, 0x29,
    0x42, 0x2d, 0x2d, 0x19, 0x22, 0x22, 0x2d, 0x19, 0x19, 0x19, 0x68, 0x9b, 0xcc, 0xe7, 0xe9, 0xdb,
    0x44, 0x56, 0x39, 0x2b, 0x39, 0x41, 0x39, 0x39, 0x44, 0x3c, 0x44, 0x56, 0x41, 0x15, 0x2b, 0x1b,
    0x13, 0x04, 0x13, 0x1b, 0x3f, 0x34, 0x2d, 0x2d, 0x34, 0x34, 0x3a, 0x34, 0x2d, 0x25, 0x13, 0x13,
    0x19, 0x22, 0x2d, 0x22, 0x22, 0x22, 0x2d, 0x19, 0x19, 0x19, 0x2d, 0x19, 0x19, 0x19, 0x2d, 0x2d,
    0x46, 0x22, 0x22, 0x22, 0x2a, 0x22, 0x22, 0x22, 0x22, 0x2a, 0x29, 0x87, 0xb5, 0xe7, 0xe9, 0xdb,
    0xdb, 0xdb, 0x44, 0x56, 0x21, 0x41, 0x7b, 0xd6, 0xe0, 0xf4, 0xcc, 0xd8, 0xf2, 0xfe, 0xfe, 0xfe,
    0xfd, 0xf5, 0xfb, 0xc8, 0x06, 0x7b, 0x87, 0x41, 0x44, 0x2b, 0x41, 0xa1, 0xdb, 0xe9, 0xe0, 0xcc,
    0xb5, 0xba, 0xdb, 0x59, 0x21, 0x6c, 0x8b, 0x21, 0x2b, 0xe9, 0xe9, 0xf1, 0xf1, 0xe9, 0xf6, 0xfc,
    0x06, 0x04, 0x04, 0x13, 0x3f, 0x3f, 0x3f, 0x3f, 0xa1, 0xe0, 0xe0, 0xe7, 0xf5, 0xfa, 0xfb, 0xfa,
    0xb5, 0x87, 0x44, 0x5e, 0x5e, 0x6d, 0x5e, 0x3a, 0x45, 0x19, 0x34, 0x3f, 0x3a, 0x8a, 0xa1, 0xa1,
    0x13, 0x9f, 0xd2, 0xd2, 0x9f, 0x9f, 0xd2, 0xd2, 0x44, 0x19, 0x8e, 0xb2, 0xe0, 0xe7, 0xdb, 0xb5,
    0xb5, 0xb5, 0xdb, 0x59, 0x04, 0x06, 0x19, 0x6c, 0x09, 0xd2, 0xd2, 0x9f, 0x58, 0xd2, 0xd2, 0x3b,
    0xb5, 0xb5, 0xdb, 0x59, 0x04, 0x13, 0x13, 0x3a, 0x3a, 0x7a, 0x8e, 0x8e, 0x97, 0xa1, 0x97, 0x7a,
    0x7a, 0x5b, 0x44, 0x34, 0x34, 0x2d, 0x34, 0x15, 0x34, 0x3f, 0x8e, 0xb2, 0xe0, 0xe7, 0xdb, 0xb5,
    0x42, 0x6f, 0x4b, 0x42, 0x2a, 0x22, 0x19, 0x09, 0xa1, 0xd8, 0xe0, 0xf0, 0xf5, 0xfa, 0xfb, 0xfa,
    0xba, 0x87, 0x5c, 0x6f, 0x42, 0x5c, 0x58, 0x90, 0xa9, 0x90, 0x6f, 0x42, 0x2d, 0x4b, 0x46, 0x3b,
    0x42, 0x6f, 0x4b, 0x42, 0x2a, 0x22, 0x19, 0x09, 0x22, 0x19, 0x8e, 0xa5, 0xdb, 0xe9, 0xe0, 0xc8,
    0x39, 0x39, 0x2b, 0x1c, 0x41, 0x39, 0x2b, 0x39, 0x44, 0x39, 0x44, 0x44, 0x75, 0x2b, 0x20, 0x13,
    0x13, 0x19, 0x1b, 0x22, 0x2d, 0x2d, 0x2d, 0x34, 0x2d, 0x2d, 0x2d, 0x2d, 0x45, 0x2d, 0x1b, 0x22,
    0x19, 0x22, 0x22, 0x2d, 0x2a, 0x19, 0x19, 0x19, 0x19, 0x19, 0x19, 0x13, 0x0f, 0x09, 0x19, 0x2a,
    0x4b, 0x6f, 0x4b, 0x4b, 0x2d, 0x22, 0x22, 0x19, 0x22, 0x22, 0x41, 0xa1, 0xdb, 0xe9, 0xe0, 0xcc,
    0xdb, 0xdb, 0xdb, 0x44, 0x15, 0x15, 0x9b, 0xdb, 0xd6, 0xdb, 0xdb, 0xd8, 0xfb, 0xfd, 0xfe, 0xfe,
    0xf4, 0xe9, 0xf4, 0xf4, 0x41, 0x06, 0x41, 0x7b, 0x59, 0x44, 0x44, 0xd6, 0xe9, 0xe0, 0xcc, 0xb2,
    0xa2, 0xb5, 0xad, 0xb5, 0x1c, 0x6c, 0x6c, 0x21, 0xb5, 0xf4, 0xf4, 0xf4, 0xf5, 0xfc, 0xfe, 0xfe,
    0x13, 0x04, 0x02, 0x02, 0x3f, 0x2d, 0x3f, 0xd6, 0xf1, 0xf1, 0xe7, 0xfa, 0xfb, 0xfa, 0xfb, 0xfe,
    0xfb, 0xfa, 0xb5, 0x87, 0x56, 0x74, 0x7a, 0x54, 0x3a, 0x3f, 0x3f, 0x3a, 0x7a, 0x8e, 0xa1, 0xa1,
    0x3e, 0x58, 0xd2, 0xd2, 0x9f, 0xd2, 0x58, 0x42, 0x45, 0x3a, 0x8e, 0xcc, 0xe7, 0xe0, 0xcc, 0xb2,
    0xa2, 0xb5, 0xba, 0xb5, 0x1c, 0x02, 0x06, 0x13, 0x2a, 0x3e, 0xd2, 0x9f, 0x46, 0x3e, 0x9f, 0x58,
    0xa2, 0xb5, 0xba, 0xb5, 0x1c, 0x02, 0x13, 0x13, 0x19, 0x7a, 0x8e, 0x97, 0x97, 0x8e, 0x97, 0x8e,
    0x7a, 0x68, 0x3a, 0x34, 0x2d, 0x2d, 0x3a, 0x3f, 0x45, 0x3a, 0x8e, 0xcc, 0xe7, 0xe0, 0xcc, 0xb2,
    0x2a, 0x4b, 0x42, 0x2d, 0x2d, 0x19, 0x09, 0xcc, 0xf1, 0xf2, 0xee, 0xf5, 0xf9, 0xfa, 0xfb, 0xfc,
    0xfb, 0xfa, 0xba, 0x87, 0x56, 0x42, 0x2d, 0x42, 0x90, 0x5c, 0x5c, 0x90, 0x90, 0x5c, 0x4b, 0x36,
    0x2a, 0x4b, 0x42, 0x2d, 0x2d, 0x22, 0x09, 0x09, 0x51, 0x45, 0x8e, 0xcc, 0xe9, 0xe0, 0xcc, 0xa2,
    0x39, 0x39, 0x2b, 0x2b, 0x39, 0x2b, 0x2b, 0x34, 0x44, 0x39, 0x44, 0x3f, 0x44, 0x2b, 0x06, 0x13,
    0x13, 0x19, 0x19, 0x22, 0x22, 0x2d, 0x2d, 0x45, 0x2d, 0x2d, 0x2d, 0x2d, 0x2d, 0x19, 0x2a, 0x2d,
    0x19, 0x3b, 0x36, 0x2a, 0x2d, 0x19, 0x0f, 0x0f, 0x13, 0x0f, 0x19, 0x0f, 0x0f, 0x09, 0x22, 0x2a,
    0x2a, 0x4b, 0x4b, 0x2a, 0x22, 0x22, 0x19, 0x19, 0x19, 0x44, 0x44, 0xd6, 0xe9, 0xe0, 0xcc, 0xb2,
    0xfb, 0xfa, 0xee, 0xe0, 0xa2, 0x8e, 0xa2, 0xb2, 0x87, 0xcc, 0xe4, 0xed, 0xfe, 0xfd, 0xfe, 0xfe,
    0xe9, 0xf4, 0xe9, 0xf4, 0xa2, 0x04, 0x1c, 0x39, 0x41, 0xa2, 0xb9, 0xe0, 0xe4, 0xcc, 0xa1, 0x9b,
    0xa2, 0xa2, 0xad, 0xb5, 0x59, 0x39, 0x21, 0x2b, 0xcc, 0xcc, 0xd6, 0xdb, 0xf4, 0xfe, 0xfe, 0xfe,
    0x06, 0x02, 0x02, 0x13, 0x1b, 0x2d, 0xd6, 0xee, 0xee, 0xf1, 0xf5, 0xf6, 0xfa, 0xfb, 0xfa, 0xfc,
    0xfb, 0xfa, 0xf1, 0xe7, 0xb5, 0x87, 0x56, 0x59, 0x3f, 0x3f, 0x44, 0x56, 0x86, 0x9b, 0xa1, 0xa1,
    0x9f, 0x58, 0x5a, 0x9f, 0x9f, 0x9f, 0x3e, 0x45, 0x3a, 0x6d, 0xb9, 0xe0, 0xe7, 0xcc, 0x87, 0x8e,
    0x87, 0xa2, 0xad, 0xb5, 0x59, 0x04, 0x06, 0x13, 0x6c, 0x09, 0x3e, 0x58, 0x21, 0x21, 0x46, 0x58,
    0x87, 0xa2, 0xad, 0xb5, 0x59, 0x04, 0x06, 0x13, 0x13, 0x3f, 0x8e, 0x8e, 0xa1, 0xa1, 0x8e, 0xb2,
    0x97, 0x7a, 0x44, 0x1b, 0x34, 0x45, 0x3f, 0x45, 0x3a, 0x6d, 0xb9, 0xe0, 0xe7, 0xcc, 0x87, 0x8e,
    0x22, 0x22, 0x2a, 0x36, 0x19, 0x19, 0xcc, 0xf4, 0xf4, 0xf2, 0xf6, 0xf5, 0xfa, 0xfb, 0xfa, 0xfd,
    0xfb, 0xfa, 0xf0, 0xee, 0xba, 0x87, 0x56, 0x59, 0x6f, 0x42, 0x51, 0x5c, 0x6f, 0x4b, 0x36, 0x2a,
    0x22, 0x22, 0x2a, 0x36, 0x19, 0x19, 0x3b, 0x45, 0x45, 0x6d, 0xb9, 0xe0, 0xe7, 0xcc, 0x8e, 0x8e,
    0x41, 0x2b, 0x2b, 0x20, 0x2b, 0x25, 0x25, 0x2b, 0x34, 0x44, 0x3f, 0x34, 0x3f, 0x44, 0x15, 0x13,
    0x13, 0x13, 0x19, 0x19, 0x22, 0x22, 0x22, 0x2d, 0x19, 0x22, 0x22, 0x2d, 0x2a, 0x2d, 0x36, 0x2d,
    0x19, 0x2d, 0x2d, 0x36, 0x19, 0x22, 0x09, 0x09, 0x19, 0x22, 0x19, 0x09, 0x09, 0x22, 0x36, 0x2d,
    0x22, 0x22, 0x22, 0x22, 0x22, 0x22, 0x19, 0x19, 0x41, 0xa2, 0xb9, 0xe0, 0xe7, 0xcc, 0xa1, 0x9b,
    0xfc, 0xfa, 0xe4, 0xe7, 0xe9, 0xdb, 0xa2, 0x56, 0x7b, 0x75, 0xad, 0xe4, 0xfa, 0xfd, 0xfe, 0xfd,
    0xe4, 0xdb, 0xe0, 0xe9, 0xf4, 0x41, 0x1c, 0x1b, 0xad, 0xa1, 0xdb, 0xe4, 0xdb, 0xa1, 0x7b, 0x97,
    0x87, 0xb5, 0xad, 0x7b, 0x8e, 0x39, 0x04, 0x08, 0x08, 0x2b, 0xba, 0xf4, 0xfb, 0xfe, 0xfe, 0xfe,
    0x13, 0x13, 0x13, 0x13, 0x19, 0xba, 0xe4, 0xee, 0xee, 0xfa, 0xf6, 0xfa, 0xf5, 0xfc, 0xfe, 0xfe,
    0xfb, 0xfa, 0xe0, 0xe0, 0xe7, 0xdb, 0x87, 0x56, 0x56, 0x56, 0x44, 0x8a, 0x86, 0xa1, 0x8e, 0xa1,
    0x58, 0x9f, 0x21, 0x29, 0x58, 0x9f, 0x2d, 0x3f, 0x74, 0xb9, 0xdb, 0xe0, 0xdb, 0xa1, 0x97, 0x97,
    0x87, 0xba, 0xad, 0x7b, 0x7b, 0x39, 0x02, 0x13, 0x13, 0x6c, 0x09, 0x09, 0x21, 0x9f, 0x3e, 0x3e,
    0x87, 0xba, 0xad, 0x7b, 0x7b, 0x39, 0x02, 0x13, 0x02, 0x13, 0x34, 0x8e, 0x97, 0xb2, 0x97, 0xa1,
    0xa1, 0x8e, 0x86, 0x44, 0x44, 0x3a, 0x44, 0x3f, 0x74, 0xb9, 0xdb, 0xe0, 0xdb, 0xa1, 0x97, 0x97,
    0x22, 0x19, 0x36, 0x42, 0x42, 0xb5, 0xee, 0xf2, 0xf2, 0xf4, 0xf6, 0xf6, 0xfa, 0xfb, 0xfc, 0xfd,
    0xfb, 0xfa, 0xe7, 0xe9, 0xee, 0xd8, 0xa2, 0x56, 0x56, 0x56, 0x59, 0x2d, 0x6f, 0x4b, 0x36, 0x19,
    0x22, 0x19, 0x36, 0x42, 0x42, 0x2d, 0x3a, 0x3f, 0x5e, 0xb2, 0xdb, 0xe0, 0xdb, 0x8e, 0x7a, 0xa1,
    0x39, 0x2b, 0x20, 0x20, 0x1c, 0x20, 0x22, 0x2d, 0x3f, 0x2d, 0x3a, 0x3a, 0x2d, 0x25, 0x25, 0x06,
    0x13, 0x19, 0x19, 0x2d, 0x22, 0x22, 0x19, 0x2a, 0x2d, 0x19, 0x22, 0x2a, 0x2d, 0x2d, 0x3e, 0x2d,
    0x19, 0x19, 0x36, 0x42, 0x42, 0x36, 0x19, 0x2d, 0x2a, 0x19, 0x22, 0x22, 0x19, 0x36, 0x3e, 0x2d,
    0x22, 0x2a, 0x22, 0x42, 0x46, 0x22, 0x25, 0x1b, 0xb5, 0xa1, 0xdb, 0xe0, 0xdb, 0xa1, 0x75, 0x9b,
    0xfc, 0xf7, 0xf2, 0xe4, 0xdb, 0xc3, 0x87, 0xa2, 0x87, 0x56, 0x2b, 0x8e, 0xea, 0xfd, 0xfe, 0xf1,
    0xdb, 0xdb, 0xd6, 0xdb, 0xf4, 0x7b, 0x13, 0x3f, 0x8a, 0xc6, 0xdb, 0xdb, 0xb9, 0x6d, 0x8a, 0x9b,
    0x44, 0xb5, 0x94, 0x97, 0xa2, 0x87, 0x1c, 0x04, 0x04, 0x04, 0x97, 0xfa, 0xfc, 0xfd, 0xfe, 0xfd,
    0x13, 0x13, 0x13, 0x2d, 0x2d, 0xe0, 0xf2, 0xf0, 0xf2, 0xf2, 0xfa, 0xf6, 0xee, 0xfd, 0xfe, 0xfe,
    0xfc, 0xfb, 0xf1, 0xe9, 0xd6, 0xba, 0x87, 0x87, 0x87, 0x56, 0x41, 0x39, 0x8a, 0x7a, 0x86, 0x8e,
    0x9f, 0x3e, 0x09, 0x21, 0x22, 0x3a, 0x45, 0x3a, 0xa1, 0xc8, 0xdb, 0xdb, 0xb9, 0x7a, 0x7a, 0xa1,
    0x56, 0xba, 0x94, 0x87, 0xad, 0x87, 0x06, 0x02, 0x08, 0x06, 0x01, 0x09, 0x9f, 0x4b, 0x3e, 0x3e,
    0x56, 0xba, 0x94, 0x87, 0xad, 0x87, 0x06, 0x02, 0x06, 0x13, 0x13, 0x7a, 0x7a, 0xa1, 0x8e, 0x3e,
    0xb2, 0xb2, 0x8e, 0x7a, 0x74, 0x4a, 0x45, 0x3a, 0xa1, 0xc8, 0xdb, 0xdb, 0xb9, 0x7a, 0x7a, 0xa1,
    0x36, 0x2d, 0x4b, 0x42, 0x5c, 0xe0, 0xf4, 0xf2, 0xf2, 0xf2, 0xfa, 0xf4, 0xf4, 0xfb, 0xfd, 0xfd,
    0xfd, 0xf6, 0xf2, 0xe9, 0xdb, 0xba, 0x87, 0x87, 0x87, 0x41, 0x39, 0x2b, 0x5c, 0x4b, 0x42, 0x19,
    0x36, 0x2d, 0x42, 0x4b, 0x5c, 0x45, 0x3f, 0x45, 0xb2, 0xc8, 0xdb, 0xdb, 0xb9, 0x7a, 0x8e, 0x9b,
    0x41, 0x27, 0x2b, 0x20, 0x15, 0x1b, 0x2b, 0x25, 0x34, 0x3f, 0x3a, 0x3f, 0x34, 0x34, 0x2b, 0x15,
    0x13, 0x13, 0x2d, 0x3b, 0x22, 0x19, 0x2a, 0x2d, 0x36, 0x2d, 0x2d, 0x19, 0x2a, 0x3b, 0x5c, 0x42,
    0x19, 0x2d, 0x46, 0x4b, 0x4b, 0x4b, 0x36, 0x36, 0x36, 0x36, 0x2d, 0x19, 0x2a, 0x3b, 0x5c, 0x42,
    0x2a, 0x22, 0x46, 0x58, 0x4b, 0x3b, 0x13, 0x3f, 0x8e, 0xc3, 0xdb, 0xdb, 0xb9, 0x6d, 0x8e, 0x97,
    0xfc, 0xfa, 0xf5, 0xee, 0xe4, 0xba, 0xa2, 0x87, 0x56, 0x56, 0x39, 0x7b, 0xdb, 0xe9, 0xf4, 0xe4,
    0xe7, 0xcc, 0xdb, 0xdb, 0xe0, 0xd6, 0x25, 0x6d, 0xb9, 0xd6, 0xcc, 0xd6, 0x9b, 0x44, 0x8a, 0x8a,
    0x25, 0x7b, 0x7b, 0x9b, 0xb5, 0xb5, 0x41, 0x13, 0x04, 0x04, 0x44, 0xf6, 0xfb, 0xfe, 0xfe, 0xfa,
    0x13, 0x13, 0x13, 0x3f, 0xe0, 0xe9, 0xee, 0xf2, 0xe7, 0xee, 0xf2, 0xe7, 0xfa, 0xfd, 0xfe, 0xfe,
    0xfc, 0xfb, 0xfa, 0xe7, 0xdb, 0xb5, 0x87, 0x87, 0x59, 0x39, 0x2b, 0x27, 0x39, 0x7a, 0x7a, 0x8e,
    0x3e, 0x38, 0x3e, 0x21, 0x09, 0x3f, 0x3a, 0x86, 0xb9, 0xd6, 0xcc, 0xd6, 0x87, 0x74, 0x86, 0xa1,
    0x39, 0x7b, 0x87, 0x94, 0xb5, 0xb5, 0x41, 0x13, 0x13, 0x06, 0x15, 0x09, 0x21, 0x3e, 0x3e, 0x3e,
    0x39, 0x7b, 0x87, 0x94, 0xb5, 0xb5, 0x41, 0x13, 0x13, 0x13, 0x13, 0x74, 0x8e, 0x8e, 0x3e, 0x3e,
    0x3e, 0x3e, 0xb2, 0x3e, 0x3b, 0x45, 0x3a, 0x86, 0xb9, 0xd6, 0xcc, 0xd6, 0x87, 0x74, 0x86, 0xa1,
    0x2d, 0x5c, 0x6f, 0x3e, 0xdb, 0xf4, 0xf2, 0xf0, 0xf0, 0xf0, 0xf4, 0xee, 0xfa, 0xfd, 0xfd, 0xfd,
    0xfb, 0xfa, 0xf5, 0xee, 0xe0, 0xba, 0x87, 0x87, 0x44, 0x41, 0x2b, 0x2b, 0x44, 0x6f, 0x5c, 0x2d,
    0x2d, 0x5c, 0x67, 0x3e, 0x3b, 0x45, 0x45, 0x8e, 0xb9, 0xd6, 0xcc, 0xd6, 0x8e, 0x5e, 0x86, 0x93,
    0x27, 0x20, 0x13, 0x13, 0x1b, 0x1b, 0x22, 0x2d, 0x2d, 0x3a, 0x45, 0x3a, 0x2d, 0x3a, 0x3f, 0x34,
    0x25, 0x13, 0x2d, 0x3b, 0x6f, 0x4b, 0x22, 0x36, 0x3b, 0x2d, 0x19, 0x19, 0x2d, 0x2d, 0x4b, 0x2d,
    0x22, 0x5c, 0x67, 0x3e, 0x6f, 0x4b, 0x2d, 0x2d, 0x42, 0x36, 0x19, 0x19, 0x2d, 0x2d, 0x4b, 0x2d,
    0x22, 0x5c, 0x67, 0x3e, 0x6f, 0x4b, 0x25, 0x6d, 0xb9, 0xd6, 0xcc, 0xd6, 0xa1, 0x44, 0x8e, 0x8e,
    0xfd, 0xfa, 0xfa, 0xf0, 0xe4, 0xcc, 0xc3, 0xad, 0x56, 0x41, 0x1c, 0x39, 0x2b, 0x39, 0x6d, 0xb5,
    0xf4, 0xe9, 0xd6, 0xdb, 0xcc, 0x25, 0x44, 0x8a, 0xa1, 0xb9, 0xd6, 0xcc, 0x8a, 0x7a, 0x6d, 0x8a,
    0x15, 0x7b, 0x7b, 0x9b, 0x97, 0x9b, 0x75, 0x2b, 0x13, 0x04, 0x15, 0xdb, 0xfe, 0xfe, 0xf4, 0xea,
    0x1b, 0x13, 0x02, 0xdb, 0xee, 0xee, 0xe7, 0xf2, 0xf2, 0xee, 0xe0, 0xf6, 0xfd, 0xfe, 0xfe, 0xfe,
    0xfd, 0xfa, 0xfa, 0xf0, 0xe0, 0xe0, 0xc3, 0x87, 0x56, 0x41, 0x1c, 0x27, 0x39, 0x2b, 0x3a, 0x8e,
    0x3e, 0x3e, 0x21, 0x21, 0x74, 0x45, 0x6d, 0x7a, 0xa1, 0xb9, 0xd6, 0xcc, 0x97, 0x6d, 0x7a, 0x8e,
    0x15, 0x7b, 0x87, 0x87, 0x8e, 0x8e, 0x75, 0x39, 0x13, 0x13, 0x19, 0x6c, 0x21, 0x09, 0x29, 0x21,
    0x15, 0x7b, 0x87, 0x8e, 0x8e, 0x8e, 0x75, 0x39, 0x13, 0x13, 0x13, 0x6c, 0x6c, 0x21, 0x21, 0x21,
    0x3e, 0x3e, 0x21, 0x3e, 0x3e, 0x44, 0x59, 0x7a, 0xa1, 0xb9, 0xd6, 0xcc, 0x97, 0x6d, 0x7a, 0x8e,
    0x5c, 0x6f, 0x90, 0xdb, 0xf4, 0xf0, 0xee, 0xf0, 0xf2, 0xee, 0xe4, 0xf5, 0xfc, 0xfd, 0xfe, 0xfe,
    0xfd, 0xfa, 0xf6, 0xf0, 0xe4, 0xdb, 0xc3, 0x87, 0x44, 0x39, 0x1c, 0x20, 0x27, 0x2b, 0x44, 0x5c,
    0x5c, 0x6f, 0x90, 0x5c, 0x2d, 0x3a, 0x6d, 0x8a, 0xa1, 0xbf, 0xd6, 0xcc, 0x8e, 0x6d, 0x86, 0x9b,
    0x39, 0x1c, 0x15, 0x13, 0x13, 0x19, 0x1c, 0x25, 0x2d, 0x45, 0x3a, 0x3b, 0x2d, 0x2d, 0x34, 0x2d,
    0x2d, 0x19, 0x22, 0x36, 0x42, 0x6f, 0x4b, 0x42, 0x2d, 0x3b, 0x42, 0x42, 0x5c, 0x46, 0x29, 0x3e,
    0x5c, 0x6f, 0x90, 0x5c, 0x4b, 0x6f, 0x4b, 0x42, 0x2d, 0x42, 0x42, 0x42, 0x5c, 0x46, 0x29, 0x3e,
    0x67, 0x6f, 0x90, 0x5c, 0x4b, 0x25, 0x44, 0x8e, 0xa1, 0xb9, 0xd6, 0xcc, 0x8e, 0x7a, 0x6d, 0x8e,
    0xfe, 0xfe, 0xfd, 0xf2, 0xdb, 0xcc, 0xcc, 0xba, 0x87, 0x56, 0x1c, 0x1c, 0x39, 0x27, 0x1c, 0x7b,
    0xf4, 0xe0, 0xcc, 0xad, 0x54, 0x51, 0x44, 0x86, 0xa1, 0xb9, 0xd8, 0xb6, 0x9b, 0x6d, 0x7a, 0x9b,
    0x20, 0x44, 0x75, 0xa1, 0x8e, 0x8e, 0x8e, 0x44, 0x15, 0x15, 0x04, 0xd8, 0xfe, 0xfd, 0xbf, 0xf2,
    0x2d, 0x13, 0xdb, 0xe0, 0xe9, 0xee, 0xf0, 0xf2, 0xe0, 0xe0, 0xe7, 0xfb, 0xfd, 0xfe, 0xfe, 0xfe,
    0xfe, 0xfe, 0xfd, 0xf2, 0xdb, 0xcc, 0xcc, 0xb5, 0x87, 0x56, 0x1c, 0x1c, 0x39, 0x15, 0x06, 0x15,
    0x21, 0x21, 0x22, 0x09, 0x3a, 0x2d, 0x7a, 0xa1, 0xa1, 0xb9, 0xd6, 0xb2, 0x7a, 0x7a, 0x86, 0x86,
    0x06, 0x44, 0x75, 0xa1, 0x94, 0x87, 0x87, 0x56, 0x15, 0x13, 0x13, 0x44, 0x8b, 0x8b, 0x21, 0x21,
    0x06, 0x44, 0x75, 0xa1, 0x94, 0x87, 0x87, 0x56, 0x15, 0x13, 0x13, 0x02, 0x21, 0x8b, 0x21, 0x21,
    0x21, 0x21, 0x29, 0x3e, 0x25, 0x2d, 0x6d, 0x8e, 0xb2, 0xbf, 0xd6, 0xb2, 0x7a, 0x7a, 0x7b, 0x8e,
    0x6f, 0x42, 0xd6, 0xe4, 0xee, 0xf0, 0xf2, 0xf4, 0xe4, 0xd8, 0xf0, 0xfb, 0xfd, 0xfe, 0xfe, 0xfe,
    0xfe, 0xfe, 0xfd, 0xf2, 0xdb, 0xcc, 0xcc, 0xba, 0x87, 0x56, 0x1c, 0x1c, 0x2b, 0x20, 0x06, 0x19,
    0x6f, 0x42, 0x2d, 0x3a, 0x3f, 0x45, 0x7a, 0x8e, 0x9b, 0xbf, 0xd8, 0xb6, 0x8e, 0x86, 0x8e, 0xa1,
    0x2b, 0x06, 0x13, 0x13, 0x19, 0x1b, 0x19, 0x25, 0x2d, 0x45, 0x2d, 0x45, 0x3a, 0x36, 0x2d, 0x3a,
    0x36, 0x42, 0x19, 0x2d, 0x42, 0x4b, 0x6f, 0x2d, 0x4b, 0x6b, 0xa7, 0x90, 0x6f, 0x4b, 0x3e, 0x29,
    0x6f, 0x42, 0x2a, 0x2d, 0x42, 0x4b, 0x6f, 0x2d, 0x58, 0x6b, 0xa7, 0x90, 0x6f, 0x4b, 0x46, 0x29,
    0x6f, 0x4b, 0x2d, 0x22, 0x44, 0x51, 0x44, 0x86, 0xa2, 0xbf, 0xd8, 0xb9, 0x9b, 0x6d, 0x7a, 0x9b,
    0xfe, 0xfe, 0xf0, 0xcc, 0xba, 0xa2, 0x94, 0x87, 0x87, 0x56, 0x1c, 0x1c, 0x1c, 0x41, 0x1c, 0x1c,
    0xf6, 0xd6, 0xb5, 0x1b, 0x3f, 0x54, 0x6d, 0x86, 0xa1, 0xbf, 0xd8, 0xa1, 0x86, 0x7a, 0x7a, 0x8a,
    0x1c, 0x15, 0x7b, 0x9b, 0x7b, 0x87, 0x87, 0x68, 0x41, 0x15, 0x13, 0x8e, 0xfb, 0xb9, 0xea, 0xf6,
    0x2d, 0xdb, 0xe0, 0xe4, 0xe7, 0xf1, 0xf2, 0xe7, 0xce, 0xd6, 0xf0, 0xfe, 0xfe, 0xfe, 0xfe, 0xfe,
    0xfe, 0xfe, 0xf0, 0xcc, 0xad, 0xa2, 0x94, 0x87, 0x87, 0x56, 0x1c, 0x1c, 0x1c, 0x41, 0x15, 0x02,
    0x09, 0x21, 0x21, 0x74, 0x3f, 0x74, 0x6d, 0xa1, 0xb9, 0xc6, 0xd6, 0xb2, 0x7a, 0x7a, 0x86, 0x8e,
    0x1c, 0x15, 0x7a, 0xa1, 0x94, 0x87, 0x87, 0x59, 0x39, 0x20, 0x13, 0x39, 0x8b, 0x7d, 0x7d, 0x8b,
    0x1c, 0x15, 0x7a, 0xa1, 0x94, 0x87, 0x87, 0x59, 0x39, 0x20, 0x13, 0x02, 0x6c, 0x6c, 0x7d, 0x8b,
    0x09, 0x21, 0x21, 0x3e, 0x3f, 0x74, 0x6d, 0xa1, 0xb9, 0xce, 0xd6, 0xb2, 0x7a, 0x7a, 0x7a, 0x8e,
    0x2d, 0xd6, 0xe0, 0xe7, 0xee, 0xf1, 0xf4, 0xea, 0xb9, 0xd8, 0xf6, 0xfc, 0xfe, 0xfe, 0xfe, 0xfe,
    0xfe, 0xfe, 0xf0, 0xcc, 0xb5, 0xa2, 0x94, 0x87, 0x87, 0x56, 0x1c, 0x1c, 0x1c, 0x41, 0x1c, 0x02,
    0x2a, 0x19, 0x3f, 0x22, 0x45, 0x74, 0x6d, 0x9b, 0xb6, 0xce, 0xd8, 0xa1, 0x8a, 0x7a, 0x7a, 0x9b,
    0x59, 0x1c, 0x15, 0x13, 0x13, 0x1b, 0x19, 0x22, 0x3a, 0x5e, 0x5e, 0x2d, 0x36, 0x2d, 0x3b, 0x3b,
    0x2d, 0x2d, 0x22, 0x19, 0x2a, 0x42, 0x4b, 0x5c, 0x6f, 0x42, 0x42, 0x4b, 0x4b, 0x4b, 0x4b, 0x3e,
    0x2a, 0x19, 0x2d, 0x19, 0x2a, 0x3e, 0x4b, 0x5c, 0x6f, 0x58, 0x4b, 0x4b, 0x4b, 0x4b, 0x4b, 0x4b,
    0x22, 0x22, 0x22, 0x1b, 0x3f, 0x54, 0x6d, 0x8e, 0xa1, 0xbf, 0xd8, 0xa1, 0x8e, 0x6d, 0x6d, 0x8e,
    0x1c, 0x44, 0x8e, 0x59, 0x41, 0x44, 0x87, 0x87, 0x7b, 0x59, 0x59, 0x56, 0x56, 0x06, 0x06, 0x6f,
    0x2d, 0xb5, 0xa2, 0x51, 0x3f, 0x86, 0x9b, 0x9b, 0xb9, 0xd8, 0xb9, 0x9b, 0x44, 0x44, 0x6d, 0x6d,
    0xdb, 0xad, 0xc3, 0xc3, 0x75, 0xa1, 0x8e, 0x06, 0x06, 0x75, 0x1c, 0x06, 0x15, 0x1c, 0x1c, 0x15,
    0x29, 0x22, 0x22, 0x22, 0x2d, 0x4b, 0x4b, 0x67, 0x76, 0xb0, 0x67, 0x5c, 0x2d, 0x4b, 0x06, 0x06,
    0xee, 0xb5, 0xb5, 0xba, 0xb2, 0x8e, 0x8e, 0x13, 0x1b, 0x04, 0x3f, 0x13, 0x13, 0x8e, 0x75, 0x75,
    0x13, 0x13, 0x13, 0x39, 0x39, 0x74, 0xa5, 0xb9, 0xce, 0xec, 0xf6, 0xf6, 0xa1, 0xc6, 0xec, 0xee,
    0x87, 0x87, 0x87, 0x8e, 0xa1, 0xcc, 0xcc, 0xc3, 0xb2, 0x8e, 0x8e, 0xee, 0xf5, 0xf5, 0xe4, 0xb5,
    0x56, 0x56, 0x8e, 0x59, 0x41, 0x56, 0x87, 0x87, 0x7b, 0x59, 0x59, 0x56, 0x56, 0x06, 0x06, 0x06,
    0x13, 0x13, 0x13, 0x39, 0x39, 0x44, 0xa5, 0xb9, 0xce, 0xec, 0xf6, 0xf6, 0xa1, 0xc6, 0xec, 0xee,
    0xee, 0xb5, 0xb5, 0xba, 0xb2, 0x8e, 0x8e, 0x13, 0x1b, 0x04, 0x3f, 0x13, 0x13, 0x8e, 0x75, 0x75,
    0x87, 0x87, 0x87, 0x8e, 0xa1, 0xcc, 0xcc, 0xc3, 0xb2, 0x8e, 0x8e, 0xee, 0xf5, 0xf6, 0xe4, 0xb5,
    0x56, 0xee, 0xe9, 0xe9, 0xee, 0xf2, 0xf2, 0xce, 0xa5, 0xea, 0xf6, 0xfe, 0xfe, 0xfe, 0xfe, 0xfe,
    0xfd, 0xfd, 0xe4, 0x87, 0xa1, 0xb5, 0x56, 0x41, 0x41, 0x56, 0x2b, 0x27, 0x1c, 0x39, 0x56, 0x1c,
    0x2b, 0x44, 0x8e, 0x59, 0x41, 0x56, 0x87, 0x87, 0x7b, 0x59, 0x59, 0x56, 0x56, 0x06, 0x06, 0x06,
    0xee, 0xb5, 0xa2, 0x51, 0x55, 0x8a, 0x9b, 0x9b, 0xb9, 0xd8, 0xb9, 0x9b, 0x47, 0x44, 0x81, 0x81,
    0xa5, 0xb9, 0xd6, 0xdb, 0xe7, 0xdb, 0xa2, 0xc3, 0xf1, 0xfb, 0xf1, 0xe9, 0xe4, 0xbf, 0x75, 0x59,
    0x02, 0x02, 0x87, 0x59, 0x1c, 0x41, 0x41, 0x56, 0x87, 0x8e, 0x56, 0x41, 0x59, 0x42, 0x4b, 0x58,
    0x3e, 0xb5, 0x86, 0x6d, 0x7a, 0x8e, 0xa1, 0x9b, 0xb9, 0xb9, 0x8e, 0xe0, 0xe9, 0xfe, 0xfe, 0xfe,
    0xa1, 0x68, 0x56, 0xc3, 0x8e, 0xc3, 0x1c, 0x15, 0x15, 0x06, 0x56, 0x20, 0x06, 0x15, 0x15, 0x1c,
    0x02, 0x29, 0x4b, 0x4b, 0x6f, 0x90, 0x90, 0x4b, 0x6f, 0x5c, 0x51, 0x2d, 0xb5, 0xba, 0xf1, 0xf1,
    0xd8, 0xb2, 0xa1, 0xb9, 0xb9, 0x97, 0x8e, 0x8e, 0x04, 0x13, 0x8e, 0xe4, 0xee, 0xfe, 0xfe, 0xfe,
    0x7b, 0x7b, 0x39, 0x13, 0x06, 0x06, 0xa5, 0xa5, 0xa5, 0xb9, 0xf2, 0x9b, 0xa5, 0xbf, 0xb9, 0xd8,
    0xba, 0xc3, 0x87, 0x56, 0x56, 0xa1, 0xcc, 0xcc, 0xa1, 0xa1, 0x8e, 0xf5, 0xf5, 0xe4, 0xd6, 0x87,
    0x56, 0x56, 0x8e, 0x59, 0x1c, 0x41, 0x41, 0x56, 0x87, 0x8e, 0x59, 0x41, 0x59, 0xba, 0xf1, 0xf1,
    0x7b, 0x7b, 0x39, 0x13, 0x06, 0x06, 0xa5, 0xa5, 0xa5, 0xb9, 0xf2, 0x9b, 0xa5, 0xbf, 0xb9, 0xd8,
    0xd8, 0xb2, 0xa1, 0xb9, 0xb9, 0x8e, 0x8e, 0x8e, 0x04, 0x13, 0x8e, 0xe4, 0xee, 0xfe, 0xfe, 0xfe,
    0xba, 0xc3, 0x87, 0x56, 0x56, 0xa1, 0xcc, 0xcc, 0xa1, 0xa1, 0x8e, 0xf6, 0xf5, 0xe4, 0xcc, 0xa2,
    0xf1, 0xee, 0xe4, 0xe9, 0xee, 0xf2, 0xe4, 0xb9, 0xbf, 0xf0, 0xfb, 0xfd, 0xfe, 0xfe, 0xfe, 0xfe,
    0xfc, 0xf6, 0xe7, 0xbf, 0x9b, 0xb5, 0x68, 0x1c, 0x1c, 0x39, 0x39, 0x1c, 0x1c, 0x1c, 0x59, 0x59,
    0x02, 0x02, 0x87, 0x59, 0x1c, 0x41, 0x41, 0x56, 0x87, 0x8e, 0x59, 0x41, 0x59, 0xba, 0xf1, 0xf1,
    0xd6, 0xb5, 0x7a, 0x81, 0x81, 0x8e, 0xb2, 0x9b, 0xbf, 0xbf, 0x8e, 0xe4, 0xee, 0xfe, 0xfe, 0xfe,
    0x7b, 0x7b, 0x39, 0x75, 0xe0, 0xad, 0xb5, 0xdb, 0xf1, 0xf1, 0xf1, 0xe7, 0xe7, 0xba, 0x7b, 0x68,
    0x44, 0x02, 0x04, 0x1c, 0x1c, 0x1c, 0x41, 0x39, 0x75, 0x59, 0x41, 0x41, 0x4b, 0x22, 0x4b, 0x6f,
    0x2d, 0x6d, 0x7a, 0x84, 0x6d, 0x8e, 0x86, 0xa1, 0xb9, 0x9b, 0xfb, 0xfa, 0xfd, 0xfe, 0xfe, 0xfe,
    0x8e, 0x44, 0x44, 0x75, 0x8e, 0x75, 0xc3, 0x1c, 0x1c, 0x06, 0x1c, 0x15, 0x20, 0x1c, 0x15, 0x15,
    0x44, 0x29, 0x46, 0x71, 0x90, 0x90, 0x6f, 0x5c, 0x6f, 0x51, 0x2d, 0xb5, 0xf1, 0xf1, 0xee, 0xf1,
    0xb5, 0x8e, 0x86, 0x8e, 0x86, 0x8e, 0x8e, 0xa2, 0x3f, 0x8e, 0xfb, 0xfa, 0xfd, 0xfe, 0xfe, 0xfe,
    0xc3, 0xc3, 0x7b, 0x87, 0x1c, 0x15, 0x15, 0x06, 0xa5, 0xa5, 0xce, 0x9b, 0xa5, 0xa5, 0xa1, 0xb5,
    0xf1, 0xd6, 0x87, 0x7b, 0x87, 0x7b, 0xa1, 0x97, 0x8e, 0x8e, 0xc8, 0xfb, 0xf5, 0xdb, 0xcc, 0x87,
    0x59, 0x75, 0x87, 0x2b, 0x1c, 0x15, 0x41, 0x39, 0x75, 0x56, 0x41, 0x41, 0xf1, 0xf1, 0xf1, 0xf1,
    0xc3, 0xc3, 0x7b, 0x87, 0x1c, 0x15, 0x15, 0x06, 0xa5, 0xa5, 0xce, 0x9b, 0xa5, 0xa5, 0xa1, 0xb5,
    0xb5, 0x8e, 0x86, 0x8e, 0x81, 0x7a, 0x81, 0xa2, 0x3f, 0x8e, 0xfb, 0xfa, 0xfd, 0xfe, 0xfe, 0xfe,
    0xf1, 0xd6, 0x87, 0x7b, 0x87, 0x7b, 0xa1, 0x97, 0x8e, 0x8e, 0xc8, 0xfb, 0xf5, 0xe0, 0xcc, 0xd6,
    0xd6, 0xe0, 0xd6, 0xe9, 0xf1, 0xe7, 0xbf, 0xb9, 0xe9, 0xf5, 0xfc, 0xfe, 0xfe, 0xfe, 0xfe, 0xfe,
    0xfd, 0xfd, 0xf0, 0xdb, 0xa2, 0x87, 0x56, 0x7b, 0x1c, 0x1c, 0x1c, 0x1c, 0x27, 0x2b, 0x41, 0xa2,
    0x56, 0x02, 0x06, 0x2b, 0x1c, 0x1c, 0x41, 0x39, 0x75, 0x56, 0x41, 0x41, 0xf1, 0xf1, 0xf1, 0xf1,
    0xb5, 0x81, 0x7a, 0x8a, 0x81, 0x8e, 0x8e, 0xb2, 0xbf, 0x9b, 0xfb, 0xfa, 0xfd, 0xfe, 0xfe, 0xfe,
    0xc3, 0xc3, 0x7b, 0x87, 0xa2, 0x59, 0x87, 0xee, 0xf2, 0xf2, 0xe9, 0xe7, 0xd6, 0xba, 0x7b, 0x59,
    0xb5, 0x1c, 0x02, 0x1c, 0x1c, 0x04, 0x15, 0x39, 0x1c, 0x29, 0x41, 0x29, 0x29, 0x22, 0x22, 0x3e,
    0x6f, 0x56, 0x6d, 0x84, 0x6d, 0x7a, 0x6d, 0x8a, 0x9b, 0xe4, 0xfa, 0xfe, 0xfe, 0xfe, 0xfd, 0xfe,
    0x75, 0x41, 0x41, 0x39, 0x39, 0x44, 0x44, 0x39, 0x15, 0x15, 0x2b, 0x20, 0x22, 0x1c, 0x1c, 0x15,
    0xb5, 0x1c, 0x29, 0xb0, 0x58, 0x4b, 0x6f, 0x4b, 0x42, 0x2d, 0xb5, 0xf1, 0xf1, 0xf1, 0xf1, 0xf1,
    0x8e, 0x6d, 0x81, 0x8e, 0x81, 0x81, 0x7a, 0x81, 0x44, 0xe4, 0xfb, 0xfe, 0xfe, 0xfe, 0xfd, 0xfe,
    0xfe, 0xf6, 0xc3, 0xc3, 0x87, 0x02, 0x06, 0x39, 0x06, 0x8e, 0xa5, 0x8e, 0x9b, 0x8e, 0x75, 0x8e,
    0xfd, 0xf5, 0xc3, 0x41, 0x87, 0x7b, 0x87, 0x8e, 0x8e, 0x8e, 0xc3, 0xc3, 0xe4, 0xcc, 0xcc, 0x59,
    0x56, 0x59, 0x59, 0x2b, 0x1c, 0x04, 0x15, 0x39, 0x2b, 0x59, 0x41, 0xf1, 0xf1, 0xf1, 0xf1, 0xf1,
    0xfe, 0xf6, 0xc3, 0xc3, 0x87, 0x02, 0x06, 0x39, 0x06, 0x8e, 0xa5, 0x9b, 0x9b, 0x8e, 0x75, 0x8e,
    0x8e, 0x6d, 0x81, 0x8e, 0x81, 0x81, 0x7a, 0x81, 0x44, 0xe4, 0xfb, 0xfe, 0xfe, 0xfe, 0xfd, 0xfe,
    0xfd, 0xf5, 0xc3, 0x41, 0x87, 0x7b, 0x87, 0x8e, 0x8e, 0x8e, 0xc3, 0xba, 0xe4, 0xcc, 0xdb, 0xe7,
    0xee, 0xe0, 0xe0, 0xee, 0xf1, 0xdb, 0xb9, 0xdb, 0xf0, 0xfa, 0xfd, 0xfe, 0xfe, 0xfe, 0xfe, 0xfe,
    0xfe, 0xfd, 0xf6, 0xba, 0x59, 0x54, 0x56, 0x87, 0x41, 0x04, 0x1c, 0x20, 0x27, 0x39, 0x39, 0x87,
    0xb5, 0x1c, 0x02, 0x2b, 0x15, 0x04, 0x15, 0x39, 0x2b, 0x59, 0x41, 0xf1, 0xf1, 0xf1, 0xf1, 0xf1,
    0x8e, 0x56, 0x81, 0x8a, 0x7a, 0x81, 0x81, 0x8a, 0x9b, 0xe4, 0xfb, 0xfe, 0xfe, 0xfe, 0xfd, 0xfe,
    0xfe, 0xf6, 0xc3, 0xc3, 0x87, 0x02, 0x06, 0xe7, 0xf2, 0xee, 0xee, 0xdb, 0xdb, 0xb5, 0x7b, 0x44,
    0xba, 0x87, 0x02, 0x1c, 0x1c, 0x04, 0x04, 0x1c, 0x1c, 0x06, 0x22, 0x22, 0x22, 0x19, 0x22, 0x22,
    0x67, 0x4b, 0x5c, 0x44, 0x6d, 0x7a, 0x8e, 0x84, 0xa1, 0xf4, 0xfe, 0xfe, 0xf6, 0xf6, 0xfe, 0xfe,
    0x75, 0x41, 0x1c, 0x1c, 0x56, 0x56, 0x44, 0x44, 0x44, 0x44, 0x1c, 0x20, 0x15, 0x15, 0x20, 0x1c,
    0xba, 0x87, 0x29, 0x4b, 0x22, 0x2d, 0x90, 0x2d, 0x2d, 0xb5, 0xc3, 0xf1, 0xf1, 0xee, 0xf5, 0xf1,
    0x75, 0x68, 0x6d, 0x81, 0x7a, 0x7a, 0x81, 0x74, 0xe7, 0xf5, 0xfe, 0xfe, 0xf6, 0xf6, 0xfe, 0xfe,
    0xfe, 0xf6, 0xe7, 0xb5, 0x87, 0x02, 0x02, 0x06, 0x15, 0x2b, 0x9b, 0x7a, 0x47, 0x44, 0x41, 0x75,
    0xfe, 0xfb, 0xcc, 0x41, 0x56, 0x87, 0x68, 0x7b, 0x8e, 0xa2, 0x94, 0xa2, 0xd6, 0xb5, 0xba, 0x41,
    0x56, 0x56, 0x8e, 0x59, 0x1c, 0x06, 0x04, 0x06, 0x2b, 0x06, 0xc3, 0xf1, 0xee, 0xf1, 0xf1, 0xf1,
    0xfe, 0xf6, 0xe7, 0xb5, 0x87, 0x02, 0x02, 0x06, 0x1c, 0x2b, 0x8e, 0x7a, 0x54, 0x44, 0x44, 0x75,
    0x75, 0x68, 0x6d, 0x81, 0x7a, 0x81, 0x81, 0x47, 0xe7, 0xf5, 0xfe, 0xfe, 0xf6, 0xf6, 0xfe, 0xfe,
    0xfe, 0xfb, 0xcc, 0x41, 0x56, 0x87, 0x68, 0x7b, 0x8e, 0xa2, 0x94, 0x97, 0xb5, 0xb5, 0xe0, 0xee,
    0xe4, 0xd6, 0xdb, 0xe7, 0xe7, 0xcc, 0xdb, 0xe9, 0xee, 0xfd, 0xfe, 0xfe, 0xfe, 0xfe, 0xfe, 0xfa,
    0xf6, 0xdb, 0xd8, 0x7b, 0x2f, 0x59, 0x75, 0x7b, 0x56, 0x06, 0x15, 0x1c, 0x39, 0x39, 0x41, 0x87,
    0xba, 0x87, 0x02, 0x2b, 0x1c, 0x04, 0x06, 0x06, 0x2b, 0x06, 0xc3, 0xf1, 0xee, 0xf1, 0xf1, 0xf1,
    0x75, 0x59, 0x59, 0x47, 0x81, 0x81, 0x8e, 0x8a, 0xb2, 0xf5, 0xfe, 0xfe, 0xf6, 0xf6, 0xfe, 0xfe,
    0xfe, 0xf6, 0xe7, 0xb5, 0x87, 0x02, 0x02, 0xa2, 0xee, 0xee, 0xe7, 0xdb, 0xdb, 0xcc, 0x87, 0x56,
    0xc3, 0xdb, 0x59, 0x04, 0x04, 0x06, 0x06, 0x04, 0x29, 0x2a, 0x22, 0x2a, 0x22, 0x22, 0x22, 0x2a,
    0x4b, 0xa9, 0x5c, 0x56, 0x44, 0x6d, 0x8e, 0xc8, 0xf1, 0xe9, 0xfe, 0xb2, 0xb2, 0xf6, 0xfe, 0xfe,
    0x75, 0x39, 0x1c, 0x27, 0x44, 0x39, 0x44, 0x74, 0x44, 0x3a, 0x1c, 0x2b, 0x3f, 0x3f, 0x1c, 0x1c,
    0xc3, 0xdb, 0x59, 0x29, 0x2d, 0x67, 0xb0, 0x4b, 0x29, 0xa2, 0xe9, 0xe0, 0xe0, 0xf1, 0xf4, 0xfd,
    0x54, 0x75, 0x59, 0x59, 0x81, 0x6d, 0x7a, 0xc3, 0xf1, 0xee, 0xfe, 0xb9, 0xb9, 0xf6, 0xfe, 0xfe,
    0xfe, 0xfe, 0xe0, 0xc3, 0xb5, 0x06, 0x06, 0x06, 0x27, 0x15, 0x3f, 0x47, 0x47, 0x2f, 0x39, 0x44,
    0xfd, 0xfe, 0xe0, 0x41, 0x41, 0x68, 0x59, 0x41, 0x56, 0x8e, 0x8e, 0x8e, 0xd6, 0xc3, 0xa2, 0x8e,
    0x59, 0x56, 0x87, 0x87, 0x1c, 0x04, 0x06, 0x04, 0x06, 0xa2, 0xee, 0xe7, 0xe7, 0xf5, 0xf5, 0xfd,
    0xfe, 0xfe, 0xe0, 0xc3, 0xb5, 0x06, 0x06, 0x06, 0x27, 0x15, 0x2f, 0x47, 0x47, 0x2b, 0x41, 0x44,
    0x44, 0x75, 0x59, 0x59, 0x81, 0x81, 0x9b, 0xc8, 0xf1, 0xee, 0xfe, 0xb9, 0xb9, 0xf6, 0xfe, 0xfe,
    0xfd, 0xfe, 0xe0, 0x41, 0x41, 0x68, 0x59, 0x41, 0x56, 0x8e, 0x8e, 0x8e, 0xb5, 0xd6, 0xe7, 0xee,
    0xdb, 0xd6, 0xdb, 0xd6, 0xdb, 0xdb, 0xee, 0xea, 0xf2, 0xfe, 0xfe, 0xfe, 0xfe, 0xfe, 0xfe, 0xee,
    0xd8, 0xbf, 0x97, 0x56, 0x44, 0x68, 0x87, 0x44, 0x41, 0x20, 0x02, 0x1c, 0x15, 0x2b, 0x41, 0x87,
    0xc3, 0xdb, 0x59, 0x04, 0x06, 0x06, 0x04, 0x06, 0x06, 0xa2, 0xee, 0xe7, 0xe7, 0xf5, 0xf5, 0xfd,
    0x54, 0x75, 0x75, 0x54, 0x47, 0x81, 0x9b, 0xc8, 0xf1, 0xee, 0xfe, 0xb9, 0xb9, 0xf6, 0xfe, 0xfe,
    0xfe, 0xfe, 0xe0, 0xc3, 0xb5, 0x06, 0x06, 0x06, 0x39, 0x75, 0xd6, 0xd6, 0xdb, 0xba, 0x94, 0x56,
    0xc3, 0xe0, 0xad, 0x1c, 0x04, 0x06, 0x04, 0x06, 0x29, 0x22, 0x46, 0x22, 0x22, 0x22, 0x22, 0x29,
    0x4b, 0x58, 0x6f, 0xb0, 0x44, 0x44, 0x44, 0xd6, 0xe7, 0xfb, 0xe9, 0xb2, 0xd8, 0xfd, 0xfe, 0xfe,
    0x41, 0x41, 0x1c, 0x1c, 0x27, 0x44, 0x39, 0x56, 0x74, 0x3f, 0x45, 0x1c, 0x1c, 0x36, 0x36, 0x1c,
    0xc3, 0xe0, 0xb5, 0x29, 0x29, 0x5c, 0x6f, 0x90, 0x2d, 0xb5, 0xf1, 0xf1, 0xfb, 0xfb, 0xe9, 0xfa,
    0x39, 0x44, 0x44, 0x75, 0x59, 0x6d, 0x74, 0xd6, 0xe7, 0xfb, 0xee, 0xb9, 0xd8, 0xfd, 0xfe, 0xfe,
    0xfe, 0xfd, 0xe4, 0xe7, 0xb5, 0x1c, 0x1c, 0x1c, 0x41, 0x44, 0x25, 0x2f, 0x25, 0x2b, 0x44, 0x44,
    0xfc, 0xfc, 0xfd, 0x59, 0x56, 0xa2, 0x56, 0x39, 0x39, 0x2b, 0x8e, 0x87, 0xa2, 0xc3, 0xb5, 0x8e,
    0x56, 0x87, 0x7b, 0x27, 0x15, 0x06, 0x04, 0x06, 0x04, 0xba, 0xf1, 0xf1, 0xfb, 0xfb, 0xee, 0xf5,
    0xfe, 0xfd, 0xe4, 0xe7, 0xb5, 0x1c, 0x1c, 0x1c, 0x41, 0x44, 0x47, 0xee, 0xee, 0xc3, 0xa2, 0x44,
    0x44, 0x44, 0x44, 0x75, 0x59, 0x59, 0x47, 0xd6, 0xe7, 0xfb, 0xee, 0xb9, 0xd8, 0xfd, 0xfe, 0xfe,
    0xfc, 0xfc, 0xfd, 0x59, 0x56, 0xa2, 0x56, 0x39, 0x39, 0x2b, 0x8e, 0x8e, 0xb5, 0xe7, 0xee, 0xe4,
    0xc3, 0xcc, 0xd6, 0xcc, 0xd6, 0xe4, 0xee, 0xea, 0xfd, 0xfe, 0xfe, 0xfd, 0xfe, 0xfe, 0xfe, 0xee,
    0xdb, 0xc3, 0xa1, 0x75, 0x59, 0x56, 0xa2, 0x75, 0x41, 0x56, 0x02, 0x06, 0x15, 0x2b, 0x44, 0x87,
    0xc3, 0xe0, 0xad, 0x1c, 0x04, 0x06, 0x04, 0x06, 0x04, 0xba, 0xf1, 0xf1, 0xfb, 0xfb, 0xee, 0xf5,
    0x39, 0x44, 0x44, 0x44, 0x44, 0x54, 0x47, 0xd6, 0xe7, 0xfb, 0xee, 0xb9, 0xd8, 0xfd, 0xfe, 0xfe,
    0xfe, 0xfd, 0xe4, 0xe7, 0xb5, 0x1c, 0x1c, 0x1c, 0x39, 0x56, 0x8e, 0xdb, 0xdb, 0xba, 0x94, 0x56,
    0xb5, 0xba, 0xdb, 0x59, 0x04, 0x06, 0x04, 0x29, 0xa9, 0x90, 0x6f, 0x4b, 0x22, 0x4b, 0x42, 0x36,
    0x4b, 0x42, 0x4b, 0x6f, 0x56, 0x54, 0x56, 0xd6, 0xe0, 0xf1, 0xcc, 0xd8, 0xf6, 0xfe, 0xfe, 0xfe,
    0x54, 0x41, 0x1c, 0x1c, 0x1c, 0x27, 0x1c, 0x45, 0x3b, 0x45, 0x6f, 0x3f, 0x2d, 0x4b, 0x42, 0x3e,
    0xb5, 0xba, 0xdb, 0x59, 0x29, 0x5c, 0x5c, 0x29, 0xb2, 0xe9, 0xe9, 0xee, 0xf1, 0xe9, 0xf6, 0xfc,
    0x2b, 0x44, 0x39, 0x44, 0x75, 0x56, 0x75, 0xd6, 0xe0, 0xf1, 0xcc, 0xd8, 0xf2, 0xfe, 0xfe, 0xfe,
    0xfe, 0xfe, 0xe4, 0xe0, 0xe7, 0x87, 0x06, 0x1c, 0x56, 0x56, 0x15, 0x25, 0x34, 0x2f, 0x2b, 0x2b,
    0xfd, 0xf5, 0xfb, 0xcc, 0x06, 0x7b, 0x87, 0x41, 0x56, 0x2b, 0x2b, 0x8e, 0xa2, 0xb9, 0x8e, 0x56,
    0x56, 0x87, 0x15, 0x1c, 0x15, 0x15, 0x06, 0x04, 0x2b, 0xee, 0xee, 0xf1, 0xf1, 0xee, 0xf6, 0xfc,
    0xfe, 0xfe, 0xdb, 0xe0, 0xe7, 0x87, 0x06, 0x1c, 0x56, 0xee, 0xee, 0xee, 0xf5, 0xfb, 0xfa, 0xdb,
    0xdb, 0xdb, 0x47, 0x44, 0x75, 0x56, 0x75, 0xd6, 0xe0, 0xf1, 0xcc, 0xd8, 0xf2, 0xfe, 0xfe, 0xfe,
    0xfd, 0xf5, 0xfb, 0xcc, 0x06, 0x7b, 0x87, 0x41, 0x44, 0x2b, 0x41, 0xa5, 0xdb, 0xee, 0xe0, 0xcc,
    0xbf, 0xbf, 0xc3, 0xc3, 0xe0, 0xee, 0xe4, 0xee, 0xfe, 0xfe, 0xfd, 0xfe, 0xfe, 0xfe, 0xfa, 0xe9,
    0xdb, 0xb9, 0xa1, 0x8e, 0x68, 0x56, 0xb9, 0x7b, 0x1c, 0x39, 0x04, 0x04, 0x15, 0x27, 0x41, 0x87,
    0xb5, 0xba, 0xdb, 0x59, 0x04, 0x08, 0x06, 0x04, 0x2b, 0xee, 0xee, 0xf1, 0xf1, 0xee, 0xf6, 0xfc,
    0x2b, 0x44, 0x39, 0x44, 0x56, 0x44, 0x56, 0xd6, 0xe0, 0xf1, 0xcc, 0xd8, 0xf2, 0xfe, 0xfe, 0xfe,
    0xfe, 0xfe, 0xdb, 0xe0, 0xe7, 0x87, 0x06, 0x1c, 0x56, 0x56, 0x15, 0xba, 0xd6, 0xba, 0x94, 0x59,
    0xa2, 0xad, 0xb5, 0xb5, 0x1c, 0x04, 0x06, 0x4b, 0x90, 0x6b, 0x67, 0x90, 0x90, 0x5c, 0x4b, 0x2a,
    0x2a, 0x36, 0x4b, 0x5c, 0x4b, 0x3f, 0x8e, 0xdb, 0xcc, 0xdb, 0xe0, 0xd8, 0xfb, 0xfe, 0xfe, 0xfe,
    0x4a, 0x3b, 0x1c, 0x20, 0x2b, 0x1c, 0x3b, 0x51, 0x90, 0x6b, 0x67, 0x90, 0x90, 0x5c, 0x4b, 0x36,
    0xa2, 0xad, 0xb5, 0xb5, 0x1c, 0x4b, 0x36, 0x2d, 0xad, 0xf1, 0xf1, 0xf1, 0xf1, 0xfb, 0xfe, 0xfe,
    0x2b, 0x13, 0x44, 0x44, 0x15, 0x15, 0x9b, 0xdb, 0xcc, 0xdb, 0xe0, 0xd8, 0xfb, 0xfe, 0xfe, 0xfe,
    0xf6, 0xcc, 0x7b, 0xb5, 0xe0, 0x56, 0x1c, 0x04, 0x56, 0x41, 0x20, 0x2f, 0x34, 0x3f, 0x34, 0x2b,
    0xf5, 0xee, 0xf5, 0xf5, 0x41, 0x06, 0x41, 0x7b, 0x68, 0x44, 0x2b, 0x44, 0xa5, 0xb9, 0x74, 0x54,
    0x56, 0x87, 0x20, 0x04, 0x1c, 0x04, 0x1c, 0x04, 0xba, 0xf1, 0xf1, 0xf1, 0xf1, 0xfb, 0xfe, 0xfe,
    0xf6, 0xcc, 0x7b, 0xb5, 0xe0, 0x56, 0x1c, 0x04, 0xee, 0xd6, 0xee, 0xf5, 0xfb, 0xfa, 0xf5, 0xee,
    0xdb, 0xdb, 0xdb, 0x44, 0x15, 0x15, 0x97, 0xdb, 0xd6, 0xdb, 0xe0, 0xd8, 0xfb, 0xfd, 0xfe, 0xfe,
    0xf5, 0xee, 0xf5, 0xf5, 0x41, 0x06, 0x41, 0x7b, 0x59, 0x44, 0x44, 0xcc, 0xee, 0xe7, 0xcc, 0xb2,
    0xb6, 0xb9, 0xc8, 0xdb, 0xe7, 0xe7, 0xdb, 0xf6, 0xf6, 0xf9, 0xfb, 0xfd, 0xfe, 0xfe, 0xf6, 0xdb,
    0xd8, 0xa1, 0x97, 0x75, 0x68, 0x44, 0xb9, 0xb5, 0x39, 0x27, 0x1c, 0x02, 0x1c, 0x15, 0x39, 0x7b,
    0xa2, 0xad, 0xb5, 0xb5, 0x1c, 0x04, 0x13, 0x04, 0xb9, 0xf1, 0xf1, 0xf1, 0xf1, 0xfb, 0xfe, 0xfe,
    0x2b, 0x13, 0x44, 0x44, 0x2f, 0x2f, 0x8e, 0xdb, 0xcc, 0xdb, 0xe0, 0xd8, 0xfb, 0xfe, 0xfe, 0xfe,
    0xf6, 0xcc, 0x7b, 0xb5, 0xe0, 0x56, 0x1c, 0x04, 0x56, 0x41, 0x13, 0x8e, 0xc3, 0xba, 0x87, 0x56,
    0xa2, 0xb5, 0xa2, 0xb5, 0x68, 0x06, 0x04, 0x4b, 0x6f, 0x4b, 0x4b, 0x5c, 0x6f, 0x5c, 0x22, 0x22,
    0x2a, 0x2a, 0x36, 0x42, 0x4b, 0x9b, 0xc3, 0xcc, 0xa1, 0xcc, 0xe7, 0xee, 0xfe, 0xfd, 0xfd, 0xfe,
    0x3f, 0x51, 0x3a, 0x1c, 0x1c, 0x4b, 0x42, 0x4b, 0x6f, 0x42, 0x4b, 0x5c, 0x6f, 0x5c, 0x2d, 0x2a,
    0xa2, 0xb5, 0xa2, 0xb5, 0x59, 0x39, 0x29, 0x39, 0xc3, 0xc3, 0xd6, 0xdb, 0xf1, 0xfe, 0xfe, 0xfe,
    0x2b, 0x20, 0x20, 0x15, 0x15, 0x97, 0xc3, 0xd6, 0xa1, 0xcc, 0xe7, 0xee, 0xfe, 0xfd, 0xfd, 0xfe,
    0xea, 0xbf, 0x97, 0x59, 0xb5, 0x59, 0x27, 0x02, 0x1c, 0x15, 0x04, 0x13, 0x3f, 0x55, 0x1b, 0x2b,
    0xee, 0xf1, 0xe9, 0xf5, 0xa2, 0x04, 0x1c, 0x41, 0x7b, 0x56, 0x2b, 0x04, 0x47, 0xa5, 0x47, 0x54,
    0x56, 0x06, 0x13, 0x1c, 0x08, 0x04, 0x56, 0xbf, 0xe7, 0xc3, 0xcc, 0xdb, 0xf1, 0xfe, 0xfe, 0xfe,
    0xea, 0xbf, 0x97, 0x59, 0xb5, 0x59, 0x2b, 0xee, 0xee, 0xee, 0xf5, 0xf7, 0xfb, 0xfb, 0xfa, 0xfd,
    0xfd, 0xfa, 0xee, 0xe0, 0xa2, 0x8e, 0xa2, 0xb9, 0x8e, 0xcc, 0xe7, 0xee, 0xfe, 0xfd, 0xfe, 0xfe,
    0xee, 0xf1, 0xe9, 0xf5, 0xa2, 0x04, 0x1c, 0x39, 0x41, 0xad, 0xbf, 0xe7, 0xe7, 0xcc, 0xa1, 0x9b,
    0xb6, 0xbf, 0xc3, 0xdb, 0xe4, 0xdb, 0xe9, 0xfa, 0xf6, 0xf5, 0xfb, 0xfd, 0xfe, 0xfd, 0xe9, 0xd8,
    0xcc, 0xb5, 0x97, 0x9b, 0x87, 0x41, 0x87, 0xd6, 0x94, 0x1c, 0x06, 0x02, 0x1c, 0x1c, 0x20, 0x44,
    0xa2, 0xb5, 0xa2, 0xb5, 0x68, 0x06, 0x04, 0x2b, 0xc3, 0xc3, 0xd6, 0xdb, 0xf1, 0xfe, 0xfe, 0xfe,
    0x2b, 0x20, 0x20, 0x15, 0x15, 0x97, 0xc3, 0xcc, 0xa1, 0xcc, 0xe7, 0xee, 0xfe, 0xfd, 0xfd, 0xfe,
    0xea, 0xbf, 0x97, 0x59, 0xb5, 0x59, 0x27, 0x02, 0x1c, 0x15, 0x04, 0x44, 0xb5, 0xb5, 0x87, 0x56,
    0x87, 0xb5, 0xb5, 0x7b, 0x8e, 0x39, 0x04, 0x06, 0x4b, 0x22, 0x22, 0x22, 0x6f, 0x4b, 0x22, 0x22,
    0x22, 0x2d, 0x2d, 0x2d, 0x97, 0xc3, 0xc3, 0xa1, 0xc3, 0xdb, 0xdb, 0xee, 0xfa, 0xfc, 0xfe, 0xfc,
    0x3f, 0x51, 0x2d, 0x36, 0x2d, 0x4b, 0x2d, 0x42, 0x4b, 0x2d, 0x2d, 0x2d, 0x6f, 0x4b, 0x2d, 0x2a,
    0x87, 0xb5, 0xb5, 0x7b, 0x8e, 0x39, 0x04, 0x08, 0x13, 0x1c, 0xba, 0xf6, 0xfc, 0xfe, 0xfe, 0xfe,
    0x2b, 0x2b, 0x13, 0x06, 0x9b, 0xc3, 0xc3, 0xa1, 0xc3, 0xdb, 0xdb, 0xee, 0xfa, 0xfc, 0xfe, 0xfc,
    0xd8, 0xb6, 0x87, 0x75, 0x8e, 0xb5, 0x1c, 0x02, 0x1c, 0x1c, 0x04, 0x06, 0x13, 0x3f, 0x2b, 0x2b,
    0xe0, 0xe0, 0xe0, 0xee, 0xf1, 0x41, 0x1c, 0x1c, 0x59, 0x7b, 0x39, 0x1c, 0x04, 0x47, 0x47, 0x44,
    0x56, 0x27, 0x04, 0x08, 0x08, 0x04, 0xa5, 0xb9, 0x87, 0x87, 0xd6, 0xf2, 0xfb, 0xfd, 0xfe, 0xfe,
    0xd8, 0xb6, 0x87, 0x75, 0x87, 0xb5, 0xe4, 0xf0, 0xf2, 0xf5, 0xf6, 0xfa, 0xfa, 0xfd, 0xfd, 0xfe,
    0xfb, 0xfa, 0xe7, 0xe9, 0xee, 0xdb, 0xa2, 0x56, 0x75, 0x75, 0xb5, 0xe7, 0xfa, 0xfd, 0xfe, 0xfc,
    0xe0, 0xe0, 0xe0, 0xee, 0xf1, 0x41, 0x1c, 0x1b, 0xb5, 0xa5, 0xdb, 0xe4, 0xdb, 0xa1, 0x75, 0x9b,
    0xa5, 0xc3, 0xc3, 0xd6, 0xd6, 0xd6, 0xee, 0xee, 0xe7, 0xf5, 0xfb, 0xfd, 0xfe, 0xfb, 0xe4, 0xcc,
    0xbf, 0xb9, 0x87, 0x7b, 0x56, 0x56, 0x56, 0xd6, 0xb5, 0x2b, 0x04, 0x02, 0x06, 0x15, 0x1c, 0x2b,
    0x87, 0xb5, 0xb5, 0x7b, 0x8e, 0x39, 0x04, 0x08, 0x08, 0x2b, 0xba, 0xf6, 0xfc, 0xfe, 0xfe, 0xfe,
    0x2b, 0x2b, 0x13, 0x06, 0x9b, 0xc3, 0xc3, 0xa1, 0xc3, 0xdb, 0xdb, 0xee, 0xfa, 0xfc, 0xfe, 0xfc,
    0xd8, 0xb6, 0x87, 0x75, 0x8e, 0xb5, 0x1c, 0x02, 0x1c, 0x1c, 0x04, 0x04, 0x41, 0xa2, 0x8e, 0x59,
    0x44, 0xb5, 0x94, 0x97, 0xb5, 0x87, 0x1c, 0x04, 0x22, 0x5c, 0x4b, 0x22, 0x6b, 0x67, 0x46, 0x22,
    0x2d, 0x42, 0x2d, 0x9b, 0xc3, 0xa1, 0xa1, 0xb9, 0xd6, 0xdb, 0xcc, 0xcc, 0xee, 0xfe, 0xfe, 0xf6,
    0x51, 0x51, 0x2d, 0x2d, 0x4b, 0x4b, 0x5c, 0x58, 0x2d, 0x5a, 0x4b, 0x2d, 0x5c, 0x67, 0x4b, 0x22,
    0x44, 0xb5, 0x94, 0x97, 0xb5, 0x87, 0x1c, 0x04, 0x04, 0x04, 0x8e, 0xfa, 0xfb, 0xfd, 0xfe, 0xfd,
    0x2b, 0x04, 0x13, 0x9b, 0xc3, 0xa1, 0xa1, 0xb9, 0xd6, 0xd6, 0xd6, 0xd6, 0xee, 0xfe, 0xfe, 0xf6,
    0xbf, 0xb9, 0x87, 0x39, 0x56, 0xdb, 0x39, 0x06, 0x15, 0x2b, 0x15, 0x04, 0x06, 0x06, 0x2b, 0x27,
    0xe7, 0xd6, 0xd6, 0xd6, 0xf5, 0x87, 0x04, 0x1c, 0x15, 0x41, 0x39, 0x20, 0x04, 0x08, 0x2f, 0x56,
    0x56, 0x20, 0x15, 0x13, 0x04, 0x39, 0x8e, 0x87, 0xa1, 0xd6, 0xee, 0xfa, 0xfc, 0xfd, 0xfe, 0xfd,
    0xbf, 0xb9, 0x87, 0x39, 0x56, 0xe7, 0xf2, 0xf0, 0xf2, 0xf2, 0xfa, 0xf4, 0xf2, 0xfc, 0xfd, 0xfe,
    0xfc, 0xfa, 0xf2, 0xe7, 0xdb, 0xc3, 0x87, 0xa2, 0x87, 0x56, 0x2b, 0x97, 0xea, 0xfd, 0xfe, 0xf4,
    0xe7, 0xd6, 0xd6, 0xdb, 0xf5, 0x7b, 0x13, 0x55, 0x8e, 0xc6, 0xdb, 0xdb, 0xbf, 0x81, 0x81, 0x9b,
    0xa5, 0xcc, 0xdb, 0xdb, 0xdb, 0xdb, 0xf2, 0xf0, 0xe7, 0xfa, 0xfd, 0xfc, 0xfa, 0xfa, 0xdb, 0xbf,
    0x9b, 0x9b, 0x7b, 0x56, 0x41, 0x56, 0x56, 0xc3, 0xcc, 0x41, 0x04, 0x06, 0x15, 0x1c, 0x15, 0x1c,
    0x44, 0xb5, 0x94, 0x97, 0xb5, 0x87, 0x1c, 0x04, 0x04, 0x04, 0x97, 0xfa, 0xfc, 0xfd, 0xfe, 0xfd,
    0x2b, 0x04, 0x13, 0x9b, 0xc3, 0xa1, 0xa1, 0xb9, 0xd6, 0xd6, 0xcc, 0xcc, 0xee, 0xfe, 0xfe, 0xf6,
    0xbf, 0xb9, 0x87, 0x39, 0x56, 0xdb, 0x39, 0x06, 0x15, 0x2b, 0x15, 0x04, 0x13, 0x06, 0x87, 0x44,
    0x25, 0x7b, 0x7b, 0x9b, 0xb5, 0xb5, 0x41, 0x06, 0x04, 0x6f, 0x90, 0xb0, 0x90, 0x79, 0x5c, 0x22,
    0x58, 0x5c, 0x4b, 0xb2, 0x97, 0x8e, 0x97, 0x9b, 0xdb, 0xd6, 0xe7, 0xee, 0xf5, 0xfe, 0xfa, 0xe0,
    0x3b, 0x5c, 0x58, 0x5a, 0x4b, 0x5a, 0x67, 0x67, 0x5c, 0x6f, 0x90, 0xb0, 0x90, 0x79, 0x67, 0x2d,
    0x25, 0x7b, 0x7b, 0x9b, 0xb5, 0xb5, 0x41, 0x06, 0x04, 0x04, 0x44, 0xf6, 0xfb, 0xfe, 0xfe, 0xfa,
    0x2b, 0x04, 0x74, 0xb9, 0xa1, 0x8e, 0x9b, 0x9b, 0xdb, 0xd6, 0xe7, 0xe9, 0xf5, 0xfe, 0xfa, 0xe4,
    0xa2, 0x75, 0x44, 0x39, 0x56, 0xd6, 0x75, 0x06, 0x06, 0x15, 0x13, 0x08, 0x06, 0x04, 0x04, 0x2b,
    0xe7, 0xcc, 0xdb, 0xdb, 0xe7, 0xe0, 0x41, 0x06, 0x1c, 0x41, 0x41, 0x2b, 0x15, 0x02, 0x06, 0x2f,
    0x56, 0x06, 0x06, 0x15, 0x04, 0x8e, 0x9b, 0xb9, 0xd8, 0xee, 0xf1, 0xf6, 0xfc, 0xfe, 0xfe, 0xfa,
    0xa2, 0x68, 0x41, 0x39, 0xee, 0xee, 0xee, 0xf0, 0xf0, 0xf2, 0xf6, 0xee, 0xfb, 0xfd, 0xfe, 0xfe,
    0xfc, 0xfb, 0xf5, 0xf1, 0xe7, 0xba, 0xa2, 0x87, 0x56, 0x56, 0x39, 0x75, 0xdb, 0xee, 0xf6, 0xe7,
    0xe7, 0xcc, 0xdb, 0xdb, 0xe7, 0xd6, 0x2f, 0x81, 0xbf, 0xd6, 0xcc, 0xd6, 0xa1, 0x47, 0x8e, 0x8a,
    0xb6, 0xbf, 0xdb, 0xd6, 0xd6, 0xe7, 0xf2, 0xf2, 0xf2, 0xfd, 0xfe, 0xfd, 0xfa, 0xf2, 0xd6, 0xa2,
    0x8e, 0x7b, 0x56, 0x44, 0x44, 0x56, 0x59, 0xad, 0xd6, 0x75, 0x04, 0x06, 0x15, 0x1c, 0x1c, 0x1c,
    0x2f, 0x7b, 0x7b, 0x9b, 0xb5, 0xb5, 0x41, 0x06, 0x04, 0x04, 0x44, 0xf6, 0xfb, 0xfe, 0xfe, 0xfa,
    0x2b, 0x04, 0x47, 0xb9, 0xa1, 0x8e, 0x9b, 0x9b, 0xdb, 0xd6, 0xe7, 0xee, 0xf5, 0xfe, 0xfa, 0xe4,
    0xa2, 0x68, 0x41, 0x39, 0x56, 0xd6, 0x75, 0x06, 0x06, 0x15, 0x13, 0x08, 0x06, 0x04, 0x41, 0x59,
    0x15, 0x7b, 0x7a, 0x9b, 0x97, 0x9b, 0x68, 0x1c, 0x06, 0x22, 0x22, 0x4b, 0x5c, 0x6f, 0x90, 0x5c,
    0x58, 0x4b, 0xa1, 0x9b, 0x97, 0xa1, 0xa1, 0x9b, 0xcc, 0xdb, 0xe7, 0xcc, 0xfa, 0xfd, 0xf2, 0xc3,
    0x4b, 0x4b, 0x5c, 0x6f, 0x4b, 0x5c, 0x6f, 0x5c, 0x5c, 0x36, 0x36, 0x4b, 0x4b, 0x6f, 0x90, 0x5c,
    0x15, 0x7b, 0x7a, 0x9b, 0x97, 0x9b, 0x68, 0x1c, 0x06, 0x04, 0x15, 0xdb, 0xfe, 0xfe, 0xf6, 0xea,
    0x06, 0x2b, 0xa1, 0x9b, 0xa1, 0x9b, 0xa1, 0x9b, 0xcc, 0xdb, 0xe7, 0xd6, 0xfa, 0xfd, 0xf2, 0xc3,
    0x87, 0x41, 0x2b, 0x56, 0xb5, 0xc3, 0xb5, 0x15, 0x02, 0x06, 0x1b, 0x15, 0x06, 0x04, 0x04, 0x2b,
    0xf1, 0xee, 0xdb, 0xd6, 0xcc, 0xee, 0x56, 0x04, 0x1c, 0x1c, 0x41, 0x20, 0x2b, 0x02, 0x04, 0x04,
    0x2b, 0x06, 0x06, 0x06, 0x39, 0x87, 0xb7, 0xce, 0xd8, 0xe7, 0xe7, 0xee, 0xfe, 0xfe, 0xf6, 0xec,
    0x87, 0x59, 0x2b, 0xb5, 0xe4, 0xee, 0xf2, 0xf2, 0xf2, 0xee, 0xe4, 0xf6, 0xfd, 0xfe, 0xfe, 0xfe,
    0xfd, 0xfa, 0xfa, 0xf0, 0xe4, 0xcc, 0xc3, 0xa2, 0x56, 0x41, 0x1c, 0x39, 0x39, 0x41, 0x81, 0xb5,
    0xf1, 0xee, 0xd6, 0xdb, 0xcc, 0x2f, 0x47, 0x8e, 0xa1, 0xbf, 0xd6, 0xcc, 0x8e, 0x81, 0x81, 0x8a,
    0xb2, 0xbf, 0xce, 0xd6, 0xd6, 0xf1, 0xe7, 0xdb, 0xf6, 0xfd, 0xfa, 0xf4, 0xf6, 0xdb, 0xa1, 0x97,
    0x68, 0x56, 0x44, 0x44, 0x59, 0x56, 0x59, 0xb9, 0xd6, 0x8e, 0x1c, 0x04, 0x1c, 0x1c, 0x1c, 0x1c,
    0x15, 0x7b, 0x7b, 0x9b, 0x97, 0x9b, 0x7a, 0x2b, 0x06, 0x04, 0x15, 0xdb, 0xfe, 0xfe, 0xf6, 0xec,
    0x06, 0x2b, 0xa1, 0x9b, 0xa1, 0x9b, 0xa1, 0x9b, 0xcc, 0xdb, 0xe7, 0xcc, 0xfa, 0xfd, 0xf2, 0xc3,
    0x87, 0x41, 0x2b, 0x56, 0xb5, 0xc3, 0xb5, 0x15, 0x02, 0x06, 0x1b, 0x15, 0x06, 0x04, 0x04, 0x41,
    0x20, 0x44, 0x68, 0xa1, 0x8e, 0x87, 0x8e, 0x44, 0x15, 0x06, 0x22, 0x22, 0x4b, 0x4b, 0x2a, 0x22,
    0x4b, 0x8e, 0x56, 0x56, 0x8e, 0xb2, 0xb2, 0xa2, 0x97, 0xb2, 0xd6, 0xb5, 0xf4, 0xf6, 0xe0, 0xb5,
    0x4b, 0x5c, 0x36, 0x22, 0x22, 0x2a, 0x2a, 0x3e, 0x2a, 0x2d, 0x22, 0x2d, 0x4b, 0x4b, 0x36, 0x2a,
    0x20, 0x44, 0x68, 0xa1, 0x8e, 0x87, 0x8e, 0x44, 0x15, 0x15, 0x04, 0xd8, 0xfe, 0xfd, 0xbf, 0xf2,
    0x04, 0x8e, 0x56, 0x56, 0x8e, 0xb9, 0xb5, 0xa5, 0xa1, 0xa1, 0xd6, 0xb5, 0xf5, 0xf5, 0xe4, 0xb5,
    0x44, 0x39, 0x41, 0x8e, 0x97, 0xb5, 0xc3, 0x41, 0x15, 0x02, 0x06, 0x06, 0x06, 0x06, 0x03, 0x04,
    0xf5, 0xe0, 0xcc, 0xc3, 0xc3, 0xd6, 0xb5, 0x00, 0x06, 0x1c, 0x1c, 0x15, 0x02, 0x02, 0x04, 0x04,
    0x15, 0x2b, 0x06, 0x56, 0x8e, 0x87, 0xbf, 0xce, 0xd8, 0xd8, 0xd8, 0xfb, 0xfe, 0xfd, 0xd8, 0xf6,
    0x59, 0x39, 0xc3, 0xe7, 0xee, 0xee, 0xf2, 0xf6, 0xe4, 0xdb, 0xf2, 0xfd, 0xfe, 0xfe, 0xfe, 0xfe,
    0xfe, 0xfe, 0xfd, 0xf2, 0xdb, 0xcc, 0xc3, 0xba, 0x87, 0x56, 0x1c, 0x1c, 0x39, 0x27, 0x1c, 0x75,
    0xf4, 0xdb, 0xc3, 0xb5, 0x45, 0x51, 0x47, 0x81, 0x9b, 0xbf, 0xd8, 0xbf, 0x9b, 0x81, 0x81, 0x9b,
    0xb6, 0xbf, 0xd6, 0xdb, 0xd6, 0xee, 0xcc, 0xc3, 0xf2, 0xfd, 0xfb, 0xee, 0xee, 0xd6, 0xa2, 0x87,
    0x7b, 0x44, 0x44, 0x2f, 0x44, 0x59, 0x7b, 0xa1, 0xbf, 0xb5, 0x39, 0x04, 0x1c, 0x15, 0x1c, 0x15,
    0x20, 0x47, 0x6d, 0xa1, 0x8e, 0x8e, 0x8e, 0x44, 0x15, 0x15, 0x04, 0xd8, 0xfe, 0xfd, 0xce, 0xf2,
    0x04, 0x8e, 0x56, 0x56, 0x8e, 0xb9, 0xb5, 0xa5, 0xa1, 0xa1, 0xd6, 0xb5, 0xf5, 0xf6, 0xe4, 0xb5,
    0x44, 0x39, 0x41, 0x8e, 0x97, 0xb5, 0xc3, 0x41, 0x15, 0x02, 0x06, 0x06, 0x06, 0x06, 0x03, 0x04,
    0x1c, 0x15, 0x75, 0x9b, 0x75, 0x87, 0x87, 0x68, 0x41, 0x15, 0x06, 0x4b, 0x4b, 0x22, 0x22, 0x22,
    0x1c, 0x56, 0x56, 0x87, 0xb2, 0xb5, 0xb2, 0xa1, 0x97, 0x8e, 0xb5, 0xcc, 0xf4, 0xe7, 0xd6, 0x87,
    0x4b, 0x36, 0x2a, 0x2a, 0x22, 0x22, 0x22, 0x22, 0x22, 0x2a, 0x36, 0x4b, 0x4b, 0x36, 0x22, 0x22,
    0x1c, 0x15, 0x75, 0x9b, 0x75, 0x87, 0x87, 0x68, 0x41, 0x15, 0x06, 0x8e, 0xfb, 0xb9, 0xea, 0xf6,
    0x2b, 0x56, 0x56, 0x8e, 0xb9, 0xb9, 0xb6, 0xa1, 0x97, 0x8e, 0xb5, 0xcc, 0xf5, 0xe7, 0xd6, 0x87,
    0x56, 0x56, 0x8e, 0x8e, 0x8e, 0x8e, 0xb5, 0x59, 0x41, 0x41, 0x41, 0x13, 0x06, 0x06, 0x04, 0x04,
    0xf6, 0xd6, 0xc3, 0xba, 0xb5, 0xb5, 0xcc, 0x2b, 0x02, 0x1c, 0x1c, 0x1c, 0x1c, 0x1c, 0x02, 0x02,
    0x06, 0x04, 0x06, 0x39, 0x87, 0x96, 0xc0, 0xd8, 0xd8, 0xbf, 0xf0, 0xfe, 0xfb, 0xbf, 0xea, 0xf6,
    0x56, 0xad, 0xe0, 0xe7, 0xee, 0xf1, 0xf6, 0xea, 0xbf, 0xd8, 0xf6, 0xfc, 0xfe, 0xfe, 0xfe, 0xfe,
    0xfe, 0xfe, 0xf0, 0xcc, 0xb5, 0xb5, 0x87, 0x87, 0x87, 0x56, 0x1c, 0x1c, 0x1c, 0x41, 0x1c, 0x1c,
    0xf6, 0xd6, 0xb5, 0x1b, 0x3f, 0x5b, 0x66, 0x9b, 0xa5, 0xbf, 0xd8, 0xa5, 0x8e, 0x81, 0x81, 0x8a,
    0xb6, 0xbf, 0xdb, 0xe0, 0xe4, 0xe7, 0xb5, 0xba, 0xf2, 0xfb, 0xfb, 0xee, 0xe0, 0xcc, 0x8e, 0x75,
    0x56, 0x41, 0x2b, 0x44, 0x68, 0x87, 0x97, 0xa1, 0xb5, 0xcc, 0x68, 0x04, 0x15, 0x1c, 0x1c, 0x15,
    0x1c, 0x15, 0x75, 0x9b, 0x75, 0x8e, 0x8e, 0x75, 0x41, 0x15, 0x06, 0x8e, 0xfb, 0xbf, 0xea, 0xf6,
    0x2b, 0x56, 0x56, 0x8e, 0xb9, 0xb9, 0xb6, 0xa1, 0x97, 0x8e, 0xb5, 0xcc, 0xf5, 0xe7, 0xd6, 0x87,
    0x56, 0x56, 0x8e, 0x8e, 0x8e, 0x8e, 0xb5, 0x59, 0x41, 0x41, 0x41, 0x13, 0x06, 0x06, 0x04, 0x04,
    0x44, 0x41, 0x44, 0x75, 0x8e, 0x8e, 0x97, 0x97, 0xa2, 0xba, 0x87, 0x04, 0x04, 0x06, 0x15, 0x15,
    0x1c, 0x1c, 0x47, 0x9b, 0x75, 0x56, 0x75, 0x7a, 0x56, 0x44, 0x25, 0x06, 0x8e, 0xce, 0xec, 0xee,
    0x44, 0x41, 0x56, 0x87, 0x8e, 0x94, 0x87, 0xa2, 0xa2, 0xc3, 0x94, 0x06, 0x06, 0x1c, 0x2b, 0x2b,
    0x15, 0x15, 0x56, 0x8e, 0x7a, 0x75, 0x8e, 0x8e, 0x2b, 0x15, 0x2b, 0x13, 0xa1, 0xce, 0xec, 0xee,
    0xee, 0xb5, 0xb5, 0x81, 0x81, 0x81, 0x81, 0x8e, 0xbf, 0xbf, 0xce, 0xa5, 0x74, 0x74, 0x81, 0x7a,
    0xa5, 0xb9, 0xd6, 0xd6, 0xe7, 0xdb, 0xa2, 0xcc, 0xf5, 0xfb, 0xf1, 0xee, 0xe4, 0xba, 0x87, 0x68,
    0xee, 0xb2, 0x78, 0x45, 0x84, 0x93, 0xa5, 0xb9, 0xc6, 0xd8, 0xc6, 0x9b, 0x47, 0x8e, 0x75, 0x75,
    0x02, 0x20, 0x8e, 0x59, 0x41, 0x56, 0x87, 0x87, 0x7b, 0x59, 0x59, 0x56, 0x56, 0x06, 0x06, 0x06,
    0x13, 0x13, 0x13, 0x39, 0x41, 0x75, 0x75, 0x7a, 0x56, 0x44, 0x2b, 0x1b, 0x13, 0xbf, 0xec, 0xea,
    0x87, 0x87, 0x87, 0x8e, 0xa1, 0xcc, 0xcc, 0xc3, 0xb5, 0x8e, 0x8e, 0xee, 0xf5, 0xf5, 0xe4, 0xb5,
    0xa3, 0x72, 0x64, 0x53, 0x3c, 0x53, 0xc4, 0xda, 0xda, 0xda, 0x92, 0x64, 0x72, 0x2f, 0x43, 0x53,
    0x78, 0x3f, 0x4a, 0x4a, 0x5e, 0x6a, 0x8f, 0x8f, 0x64, 0x89, 0x72, 0x7c, 0x64, 0x64, 0x72, 0x92,
    0x6b, 0x6b, 0xa9, 0x6b, 0x6b, 0x79, 0x76, 0x6f, 0x65, 0x65, 0x58, 0x4b, 0x3e, 0xa7, 0xa7, 0x3e,
    0x58, 0x4b, 0x65, 0x65, 0x58, 0x4b, 0x46, 0x46, 0x46, 0x3e, 0x4b, 0x58, 0xa7, 0xa7, 0x58, 0xb0,
    0x6b, 0x6b, 0xa9, 0x6b, 0x6b, 0x79, 0x76, 0x6f, 0x65, 0x65, 0x58, 0x4b, 0x3e, 0xa7, 0xa7, 0x3e,
    0x58, 0x4b, 0x65, 0x65, 0x58, 0x4b, 0x46, 0x46, 0x46, 0x3e, 0x4b, 0x58, 0xa7, 0xa7, 0x58, 0xb0,
    0x41, 0x68, 0x8e, 0x8e, 0x87, 0x97, 0xa1, 0xa1, 0x87, 0xa2, 0x8e, 0xe4, 0xee, 0xfe, 0xfe, 0xfe,
    0x7b, 0x7b, 0x39, 0x1b, 0x41, 0x06, 0x8e, 0x7a, 0x81, 0x53, 0x25, 0x06, 0x04, 0x3f, 0xbf, 0xd8,
    0x44, 0x75, 0x8e, 0x8e, 0x97, 0xa2, 0xa2, 0xad, 0x87, 0xa2, 0x8e, 0xe4, 0xee, 0xfe, 0xfe, 0xfe,
    0x7b, 0x7b, 0x39, 0x2b, 0x44, 0x06, 0x9b, 0x8e, 0x7a, 0x15, 0x44, 0x1b, 0x02, 0x44, 0xce, 0xd8,
    0xd8, 0xb5, 0x7a, 0x8e, 0x81, 0x81, 0xa5, 0xb9, 0xbf, 0xbf, 0x8e, 0xe4, 0xee, 0xfe, 0xfe, 0xfe,
    0x7b, 0x7b, 0x39, 0x75, 0xe0, 0xc3, 0xb5, 0xe0, 0xf5, 0xf1, 0xf5, 0xee, 0xe7, 0xc3, 0x7b, 0x68,
    0xd8, 0x8e, 0x45, 0x74, 0x93, 0x9b, 0xa1, 0xb2, 0xb9, 0xd8, 0xa5, 0xe4, 0xee, 0xfe, 0xfe, 0xfe,
    0x02, 0x02, 0x8e, 0x59, 0x1c, 0x41, 0x41, 0x56, 0x87, 0x8e, 0x59, 0x41, 0x59, 0xba, 0xf1, 0xf1,
    0x7b, 0x7b, 0x39, 0x13, 0x27, 0x15, 0x9b, 0x8e, 0x7a, 0x44, 0x2f, 0x1b, 0x02, 0x15, 0xbf, 0xd8,
    0xba, 0xc3, 0x87, 0x56, 0x56, 0xa1, 0xcc, 0xcc, 0xa1, 0xa1, 0x8e, 0xf5, 0xf5, 0xe7, 0xd6, 0xe0,
    0x43, 0x53, 0x5b, 0x53, 0x5b, 0xae, 0xae, 0xda, 0x92, 0xae, 0x92, 0xa3, 0x7f, 0x92, 0x2f, 0x1d,
    0x43, 0x4a, 0x3f, 0x3f, 0x78, 0x5e, 0x78, 0x6a, 0x89, 0x64, 0x64, 0x72, 0x64, 0x64, 0x72, 0x64,
    0x6b, 0x90, 0x6b, 0x6b, 0xa9, 0x6b, 0x83, 0x6b, 0x6b, 0x58, 0x5a, 0x58, 0x3e, 0x3e, 0xa7, 0x3e,
    0x58, 0x65, 0x6b, 0x6b, 0x58, 0x46, 0x46, 0x4b, 0x46, 0x3e, 0xa9, 0x4b, 0xa7, 0xa7, 0x6b, 0xa9,
    0x6b, 0x90, 0x6b, 0x6b, 0xa9, 0x6b, 0x83, 0x6b, 0x6b, 0x58, 0x5a, 0x58, 0x3e, 0x3e, 0xa7, 0x3e,
    0x58, 0x65, 0x6b, 0x6b, 0x58, 0x46, 0x46, 0x4b, 0x4b, 0x3e, 0xa9, 0x4b, 0xa7, 0xa7, 0x6b, 0xa9,
    0x59, 0x68, 0x75, 0x7b, 0x8e, 0x87, 0xb9, 0xb5, 0x94, 0x87, 0xfb, 0xfa, 0xfd, 0xfe, 0xfe, 0xfe,
    0xc3, 0xc3, 0x7b, 0x87, 0x1c, 0x15, 0x1c, 0x44, 0x81, 0x54, 0x41, 0x2b, 0x04, 0x04, 0x8e, 0xb5,
    0x68, 0x7b, 0x87, 0x87, 0x8e, 0x8e, 0xb9, 0xc3, 0xa2, 0x8e, 0xfe, 0xfa, 0xfd, 0xfe, 0xfe, 0xfd,
    0xc3, 0xc3, 0x7b, 0x87, 0x1c, 0x1c, 0x20, 0x74, 0x7a, 0x75, 0x44, 0x2b, 0x04, 0x02, 0x8e, 0xb5,
    0xb5, 0x8e, 0x86, 0x8e, 0x7a, 0x9b, 0xa1, 0xa1, 0xbf, 0x9b, 0xfe, 0xfa, 0xfd, 0xfe, 0xfe, 0xfd,
    0xc3, 0xc3, 0x7b, 0x87, 0xb5, 0x56, 0x87, 0xee, 0xee, 0xf5, 0xee, 0xe7, 0xe7, 0xc3, 0x7b, 0x59,
    0xb5, 0x81, 0x81, 0x81, 0x8a, 0x9b, 0x9b, 0xa1, 0xbf, 0xb9, 0xfa, 0xfa, 0xfd, 0xfe, 0xfe, 0xfe,
    0x56, 0x02, 0x04, 0x2b, 0x1c, 0x1c, 0x41, 0x39, 0x75, 0x56, 0x41, 0x41, 0xf1, 0xf1, 0xf1, 0xf1,
    0xc3, 0xc3, 0x7b, 0x87, 0x1c, 0x15, 0x06, 0x44, 0x7a, 0x5b, 0x44, 0x25, 0x13, 0x39, 0x9b, 0xb5,
    0xf1, 0xd6, 0x87, 0x7b, 0x87, 0x7b, 0xa1, 0x97, 0x8e, 0x8e, 0xc8, 0xfb, 0xf5, 0xdb, 0xd6, 0xe7,
    0xa3, 0x43, 0x43, 0x43, 0xae, 0xae, 0x92, 0x92, 0xa3, 0xae, 0x89, 0x92, 0x72, 0x72, 0x92, 0x53,
    0x53, 0x3c, 0x3c, 0x3c, 0x4a, 0x47, 0x64, 0x55, 0x4a, 0x64, 0x64, 0xc0, 0xc4, 0xda, 0xc9, 0xc9,
    0x6b, 0x83, 0x90, 0x6b, 0x76, 0x90, 0xa9, 0x6b, 0x90, 0x58, 0x65, 0x6b, 0x6b, 0x3e, 0x4b, 0x4b,
    0x4b, 0x6b, 0x6b, 0x52, 0x46, 0x46, 0x46, 0x58, 0x4b, 0x4b, 0x3e, 0xc4, 0xc4, 0xd7, 0xc9, 0xc9,
    0xa3, 0x43, 0x43, 0x43, 0x6b, 0x90, 0xa9, 0x6b, 0x90, 0x58, 0x65, 0x65, 0x6b, 0x3e, 0x4b, 0x4b,
    0x4b, 0x6b, 0x6b, 0x52, 0x46, 0x46, 0x46, 0x58, 0x5a, 0x58, 0x3e, 0x46, 0x4b, 0x58, 0x5c, 0x6b,
    0x59, 0x68, 0x68, 0x7b, 0x8e, 0x9b, 0x87, 0x68, 0x59, 0xe4, 0xfb, 0xfe, 0xfe, 0xfe, 0xfd, 0xfe,
    0xfe, 0xf6, 0xc3, 0xc3, 0x87, 0x02, 0x04, 0x41, 0x3c, 0x47, 0x47, 0x25, 0x20, 0x06, 0x44, 0x8e,
    0x68, 0x87, 0x7b, 0x87, 0x8e, 0xa1, 0x8e, 0x75, 0x59, 0xe0, 0xfe, 0xfe, 0xfe, 0xfe, 0xfe, 0xfe,
    0xfe, 0xf6, 0xc3, 0xc3, 0x87, 0x02, 0x06, 0x44, 0x44, 0x74, 0x5b, 0x47, 0x15, 0x13, 0x44, 0x8e,
    0x8e, 0x7a, 0x81, 0x93, 0x7a, 0x8e, 0x81, 0xa1, 0xa1, 0xe4, 0xfe, 0xfe, 0xfe, 0xfe, 0xfe, 0xfe,
    0xfe, 0xf6, 0xc3, 0xc3, 0x87, 0x02, 0x06, 0xee, 0xf1, 0xee, 0xee, 0xe4, 0xd6, 0xba, 0x7b, 0x56,
    0x8e, 0x75, 0x81, 0x93, 0x81, 0x9b, 0x93, 0x9b, 0x75, 0xe7, 0xfb, 0xfe, 0xfe, 0xfe, 0xfd, 0xfe,
    0xb5, 0x1c, 0x02, 0x13, 0x1c, 0x04, 0x15, 0x39, 0x2b, 0x59, 0x41, 0xf1, 0xf1, 0xf1, 0xf1, 0xf1,
    0xfe, 0xf6, 0xc3, 0xc3, 0x87, 0x02, 0x06, 0x39, 0x39, 0x74, 0x47, 0x2f, 0x13, 0x15, 0x44, 0x8e,
    0xfd, 0xf5, 0xc3, 0x41, 0x87, 0x7b, 0x87, 0x8e, 0x8e, 0x8e, 0xc3, 0xba, 0xe4, 0xcc, 0xe4, 0xe9,
    0xc9, 0x92, 0x5b, 0x43, 0x43, 0x92, 0x92, 0x64, 0xae, 0x92, 0x64, 0x7f, 0x72, 0x64, 0x7f, 0x53,
    0x3c, 0x2f, 0x2f, 0x53, 0x47, 0x4a, 0x3f, 0x4a, 0x64, 0xc4, 0xc4, 0xe2, 0xe2, 0xec, 0xdc, 0xda,
    0xa9, 0x6b, 0x90, 0x6b, 0x6b, 0x6b, 0x6b, 0x6b, 0xa9, 0x79, 0x65, 0x65, 0x5a, 0x58, 0x4b, 0x4b,
    0x38, 0x4b, 0x46, 0x46, 0x46, 0x4b, 0x4b, 0x3e, 0x90, 0xc4, 0xc4, 0xda, 0xe2, 0xec, 0xda, 0xda,
    0xc9, 0x92, 0x5b, 0x43, 0x43, 0x6b, 0x6b, 0x73, 0xa9, 0x79, 0x6b, 0x65, 0x5a, 0x58, 0x4b, 0x4b,
    0x38, 0x4b, 0x46, 0x46, 0x46, 0x46, 0x46, 0x3e, 0x90, 0x4b, 0x4b, 0x4b, 0x4b, 0x58, 0x58, 0x65,
    0x56, 0x59, 0x7b, 0x75, 0x7b, 0x44, 0x56, 0x56, 0x56, 0xf5, 0xfe, 0xfe, 0xf6, 0xf6, 0xfe, 0xfe,
    0xfe, 0xf6, 0xe7, 0xb5, 0x87, 0x02, 0x02, 0x1c, 0x47, 0x2b, 0x2f, 0x2f, 0x1b, 0x34, 0x44, 0x75,
    0x56, 0x59, 0x7b, 0x87, 0x75, 0x44, 0x56, 0x59, 0x56, 0xfa, 0xfe, 0xfe, 0xf6, 0xf6, 0xfe, 0xfe,
    0xfe, 0xf6, 0xe7, 0xb5, 0x87, 0x02, 0x02, 0x1c, 0x47, 0x47, 0x54, 0x44, 0x3f, 0x2f, 0x44, 0x75,
    0x75, 0x68, 0x75, 0x6d, 0x7a, 0x7a, 0x9b, 0x9b, 0xa5, 0xfa, 0xfe, 0xfe, 0xf6, 0xf6, 0xfe, 0xfe,
    0xfe, 0xf6, 0xe7, 0xb5, 0x87, 0x02, 0x02, 0xa2, 0xee, 0xee, 0xe7, 0xe0, 0xdb, 0xcc, 0x87, 0x56,
    0x75, 0x68, 0x75, 0x74, 0x81, 0x81, 0x9b, 0x81, 0xe7, 0xf5, 0xfe, 0xfe, 0xf6, 0xf6, 0xfe, 0xfe,
    0xc8, 0x94, 0x02, 0x02, 0x1c, 0x06, 0x04, 0x06, 0x2b, 0x06, 0xc3, 0xf1, 0xee, 0xf1, 0xf1, 0xf1,
    0xfe, 0xf6, 0xe7, 0xb5, 0x87, 0x02, 0x02, 0x15, 0x25, 0x47, 0x53, 0x2f, 0x1b, 0x39, 0x41, 0x75,
    0xfe, 0xfb, 0xcc, 0x41, 0x56, 0x87, 0x68, 0x7b, 0x8e, 0xa2, 0x97, 0xa2, 0xa1, 0xd6, 0xe7, 0xe9,
    0xae, 0x9c, 0x5b, 0x66, 0x5b, 0x43, 0x53, 0x3c, 0x92, 0x64, 0x64, 0xae, 0x7c, 0x53, 0x3c, 0x3c,
    0x3f, 0x3f, 0x3f, 0x34, 0x3c, 0x3c, 0x4a, 0xc4, 0xc4, 0xc4, 0xe2, 0xe5, 0xec, 0xec, 0xda, 0xae,
    0x65, 0x5c, 0x65, 0x6f, 0xa9, 0x6b, 0xa7, 0x76, 0x65, 0x65, 0x5c, 0x5a, 0x6b, 0x58, 0x4b, 0x46,
    0x29, 0x3e, 0x3e, 0x46, 0x46, 0x4b, 0x4b, 0xc4, 0xc9, 0xc4, 0xdc, 0xec, 0xec, 0xec, 0xda, 0xae,
    0xa3, 0x92, 0x5b, 0x66, 0x53, 0x47, 0x43, 0x6b, 0x6b, 0x6b, 0x65, 0x5a, 0x6b, 0x58, 0x4b, 0x46,
    0x29, 0x38, 0x46, 0x46, 0x46, 0x46, 0x58, 0x5a, 0x6b, 0x5a, 0x58, 0x3e, 0x4b, 0x58, 0x4b, 0x65,
    0x56, 0x56, 0x59, 0x44, 0x39, 0x2b, 0x44, 0x56, 0x59, 0xee, 0xfe, 0xb9, 0xb9, 0xf6, 0xfe, 0xfe,
    0xfe, 0xfe, 0xe0, 0xc3, 0xb5, 0x06, 0x06, 0x06, 0x27, 0x15, 0x2b, 0x2f, 0x2f, 0x2f, 0x41, 0x44,
    0x56, 0x56, 0x59, 0x56, 0x41, 0x41, 0x44, 0x75, 0x75, 0xee, 0xfe, 0xb9, 0xb9, 0xf6, 0xfe, 0xfe,
    0xfe, 0xfe, 0xe0, 0xc3, 0xb5, 0x06, 0x06, 0x06, 0x2b, 0x2b, 0x47, 0x9b, 0xa2, 0xdb, 0x44, 0x44,
    0x44, 0x75, 0x75, 0x74, 0x6d, 0x7a, 0x8e, 0xcc, 0xf1, 0xee, 0xfe, 0xb9, 0xb9, 0xf6, 0xfe, 0xfe,
    0xfe, 0xfe, 0xe0, 0xc3, 0xb5, 0x06, 0x06, 0x06, 0x41, 0x87, 0xe7, 0xe7, 0xd6, 0xcc, 0x94, 0x56,
    0x44, 0x75, 0x54, 0x44, 0x74, 0x6d, 0x81, 0xc6, 0xf1, 0xee, 0xfe, 0xb9, 0xb9, 0xf6, 0xfe, 0xfe,
    0xcc, 0xdb, 0x59, 0x02, 0x13, 0x45, 0x06, 0x04, 0x06, 0xa2, 0xee, 0xe7, 0xe7, 0xf5, 0xf5, 0xfd,
    0xfe, 0xfe, 0xe0, 0xc3, 0xb5, 0x06, 0x06, 0x06, 0x2b, 0x2f, 0x55, 0x9b, 0xa2, 0xdb, 0x41, 0x44,
    0xfd, 0xfe, 0xe0, 0x41, 0x41, 0x68, 0x59, 0x41, 0x56, 0x8e, 0x8e, 0x81, 0xc6, 0xe4, 0xe9, 0xee,
    0xae, 0xae, 0x89, 0x5b, 0x5b, 0x53, 0x43, 0x3c, 0x3c, 0x64, 0x3c, 0x92, 0x7c, 0x53, 0x47, 0x3c,
    0x2c, 0x34, 0x3f, 0x34, 0x34, 0x3c, 0xc4, 0xc4, 0xc9, 0xe2, 0xe2, 0xec, 0xec, 0xe2, 0xc4, 0xa3,
    0x5c, 0x5c, 0x5a, 0x4b, 0x76, 0x6b, 0x76, 0x6b, 0x58, 0x65, 0x65, 0x5c, 0x58, 0x4b, 0x46, 0x3e,
    0x29, 0x29, 0x4b, 0x46, 0x4b, 0x3e, 0xc4, 0xc4, 0xc9, 0xe2, 0xe2, 0xec, 0xe2, 0xe2, 0xb8, 0xae,
    0xae, 0x9c, 0x89, 0x5b, 0x5b, 0x53, 0x43, 0x2f, 0x2f, 0x6b, 0x58, 0x58, 0x58, 0x4b, 0x46, 0x3e,
    0x29, 0x29, 0x4b, 0x46, 0x46, 0x3e, 0x58, 0x5a, 0x65, 0x5a, 0x65, 0x5a, 0x4b, 0x5a, 0x65, 0x65,
    0x41, 0x56, 0x39, 0x39, 0x39, 0x2f, 0x41, 0xb5, 0xd6, 0xfb, 0xee, 0xb9, 0xd8, 0xfd, 0xfe, 0xfe,
    0xfe, 0xfd, 0xe4, 0xe7, 0xb5, 0x1c, 0x1c, 0x1c, 0x41, 0x44, 0x2b, 0x2f, 0x3f, 0x2b, 0x34, 0x44,
    0x56, 0x56, 0x39, 0x39, 0x41, 0x41, 0x41, 0xb9, 0xd6, 0xfe, 0xee, 0xb9, 0xd8, 0xfb, 0xfe, 0xfe,
    0xfe, 0xfd, 0xe4, 0xe7, 0xb5, 0x1c, 0x1c, 0x1c, 0x56, 0x44, 0xb9, 0xdb, 0xee, 0xe7, 0xc3, 0xa2,
    0x44, 0x44, 0x44, 0x75, 0x75, 0x74, 0x81, 0xd6, 0xe9, 0xfe, 0xee, 0xb9, 0xd8, 0xfb, 0xfe, 0xfe,
    0xfe, 0xfd, 0xe4, 0xe7, 0xb5, 0x1c, 0x1c, 0x1c, 0x39, 0x59, 0xa1, 0xd6, 0xdb, 0xba, 0x94, 0x56,
    0x44, 0x44, 0x44, 0x75, 0x59, 0x6d, 0x74, 0xd6, 0xe7, 0xfb, 0xee, 0xb9, 0xd8, 0xfd, 0xfe, 0xfe,
    0xcc, 0xe0, 0xc3, 0x1c, 0x02, 0x1b, 0x3b, 0x04, 0x04, 0xba, 0xf1, 0xf1, 0xfb, 0xfb, 0xee, 0xf5,
    0xfe, 0xfd, 0xe4, 0xe7, 0xb5, 0x1c, 0x1c, 0x1c, 0x41, 0x44, 0xb9, 0xdb, 0xee, 0xe7, 0xc3, 0xa2,
    0xfc, 0xfc, 0xfd, 0x59, 0x56, 0xa2, 0x56, 0x39, 0x39, 0x2b, 0x47, 0xb6, 0xd6, 0xee, 0xee, 0xe4,
    0xa3, 0x92, 0xa3, 0x53, 0x53, 0x5b, 0x66, 0x64, 0x5b, 0x3c, 0x47, 0x3c, 0x7f, 0x55, 0x6a, 0x3f,
    0x3f, 0x3f, 0x3f, 0x34, 0x34, 0xc4, 0xc4, 0xd7, 0xe2, 0xec, 0xec, 0xe5, 0xec, 0xda, 0x92, 0xa3,
    0x58, 0x58, 0x58, 0x6b, 0x90, 0x90, 0x6b, 0x76, 0x71, 0x65, 0x65, 0x65, 0x5a, 0x4b, 0x46, 0x46,
    0x3e, 0xa7, 0x3e, 0x3e, 0x4b, 0xc4, 0xc4, 0xcf, 0xe2, 0xec, 0xec, 0xec, 0xec, 0xda, 0x89, 0x92,
    0xa3, 0x92, 0xa3, 0x47, 0x53, 0x72, 0x66, 0x66, 0x53, 0x2f, 0x58, 0x5a, 0x5a, 0x58, 0x4b, 0x46,
    0x3e, 0xa7, 0x3e, 0x46, 0x4b, 0x58, 0x5a, 0x65, 0x65, 0x67, 0x67, 0x67, 0x65, 0x65, 0x65, 0x65,
    0x41, 0x39, 0x2b, 0x39, 0x41, 0x41, 0x41, 0xd6, 0xe0, 0xf1, 0xcc, 0xd8, 0xf2, 0xfe, 0xfe, 0xfe,
    0xfe, 0xfe, 0xdb, 0xe0, 0xe7, 0x87, 0x06, 0x1c, 0x56, 0x56, 0x15, 0x25, 0x25, 0x2f, 0x2b, 0x2b,
    0x56, 0x41, 0x2b, 0x1c, 0x39, 0x44, 0x44, 0xd6, 0xe0, 0xf5, 0xcc, 0xd8, 0xf2, 0xfe, 0xfe, 0xfe,
    0xfe, 0xfe, 0xe4, 0xe0, 0xe7, 0x87, 0x06, 0x1c, 0xa1, 0xdb, 0xe4, 0xee, 0xf5, 0xfb, 0xfb, 0xfa,
    0xc3, 0x87, 0x44, 0x44, 0x75, 0x44, 0x75, 0xd6, 0xe0, 0xf5, 0xcc, 0xd8, 0xf2, 0xfe, 0xfe, 0xfe,
    0xfe, 0xfe, 0xe4, 0xe0, 0xe7, 0x87, 0x06, 0x20, 0x56, 0x56, 0x2b, 0xc3, 0xd6, 0xba, 0x8e, 0x56,
    0xc3, 0x87, 0x44, 0x44, 0x75, 0x44, 0x75, 0xd6, 0xe0, 0xf1, 0xcc, 0xd8, 0xf2, 0xfe, 0xfe, 0xfe,
    0xba, 0xcc, 0xdb, 0x59, 0x06, 0x13, 0x1b, 0x04, 0x2b, 0xee, 0xee, 0xf1, 0xf1, 0xee, 0xf6, 0xfc,
    0xfe, 0xfe, 0xe4, 0xe0, 0xe7, 0x87, 0x06, 0x1c, 0xa1, 0xdb, 0xe4, 0xee, 0xf5, 0xfa, 0xfb, 0xfa,
    0xfd, 0xf5, 0xfb, 0xcc, 0x06, 0x7b, 0x87, 0x41, 0x44, 0x2b, 0x9b, 0xb9, 0xe7, 0xee, 0xe0, 0xc3,
    0x7f, 0x7f, 0xa3, 0x53, 0x72, 0x96, 0x64, 0x5b, 0x66, 0x66, 0x5b, 0x3c, 0x55, 0x34, 0x3f, 0x3f,
    0x3c, 0x3c, 0x4a, 0x3c, 0xc4, 0xd4, 0xc9, 0xda, 0xe2, 0xdc, 0xe2, 0xec, 0xe2, 0xb8, 0xae, 0x7f,
    0x4b, 0x3e, 0x5a, 0x4b, 0x76, 0x90, 0x6b, 0x90, 0x76, 0x58, 0x65, 0x5a, 0x4b, 0x46, 0x4b, 0x46,
    0x46, 0x4b, 0x3e, 0x4b, 0xc4, 0xd4, 0xc9, 0xda, 0xe2, 0xda, 0xdc, 0xec, 0xe2, 0xc4, 0xa3, 0x7f,
    0x7f, 0x7f, 0x92, 0x53, 0x5f, 0x96, 0x64, 0x5b, 0x66, 0x5b, 0x5e, 0x6b, 0x58, 0x4b, 0x4b, 0x46,
    0x42, 0x46, 0x46, 0x46, 0x46, 0x4b, 0x5a, 0x65, 0x6b, 0x65, 0x6b, 0x67, 0x6b, 0x58, 0x76, 0x58,
    0x41, 0x41, 0x2b, 0x27, 0x39, 0x39, 0x75, 0xdb, 0xcc, 0xdb, 0xe0, 0xd8, 0xfb, 0xfe, 0xfe, 0xfe,
    0xf6, 0xcc, 0x7b, 0xb5, 0xe0, 0x56, 0x1c, 0x04, 0x56, 0x41, 0x20, 0x2f, 0x2f, 0x34, 0x2f, 0x2b,
    0x41, 0x39, 0x2b, 0x39, 0x44, 0x41, 0x7a, 0xdb, 0xd6, 0xd6, 0xe0, 0xd8, 0xfb, 0xfe, 0xfe, 0xfe,
    0xf6, 0xc6, 0x7b, 0xb5, 0xe0, 0x56, 0x1c, 0xd6, 0xf5, 0xf1, 0xee, 0xf5, 0xfb, 0xfa, 0xfa, 0xfe,
    0xfb, 0xfa, 0xc3, 0x87, 0x56, 0x45, 0x8e, 0xdb, 0xd6, 0xd6, 0xe0, 0xd8, 0xfb, 0xfe, 0xfe, 0xfe,
    0xf6, 0xc6, 0x7b, 0xb5, 0xe0, 0x56, 0x1c, 0x04, 0x56, 0x44, 0x1b, 0xa1, 0xcc, 0xc3, 0x94, 0x56,
    0xfb, 0xfa, 0xc3, 0x87, 0x56, 0x15, 0x9b, 0xdb, 0xd6, 0xdb, 0xe0, 0xd8, 0xfb, 0xfe, 0xfe, 0xfe,
    0xb5, 0xc3, 0xba, 0xc3, 0x1c, 0x04, 0x13, 0x22, 0x19, 0xf1, 0xf1, 0xf1, 0xf5, 0xfb, 0xfe, 0xfe,
    0xf6, 0xc6, 0x7b, 0xb5, 0xe0, 0x56, 0x1c, 0xd6, 0xf5, 0xf5, 0xee, 0xf5, 0xfb, 0xfa, 0xfa, 0xfe,
    0xf5, 0xee, 0xf5, 0xf5, 0x41, 0x06, 0x39, 0x7b, 0x51, 0x4a, 0x9b, 0xd6, 0xee, 0xe7, 0xcc, 0xa1,
    0xae, 0x9c, 0x7f, 0x7f, 0x64, 0xa3, 0xa3, 0x96, 0x5b, 0x66, 0x53, 0x53, 0x5b, 0x3f, 0x3f, 0x3f,
    0x2f, 0x2f, 0x6a, 0x8f, 0xd4, 0xda, 0xc9, 0xda, 0xbe, 0xda, 0xe2, 0xda, 0xb8, 0xb8, 0xae, 0xae,
    0x65, 0x4b, 0x76, 0x90, 0x6b, 0x83, 0x90, 0x76, 0x76, 0x76, 0x65, 0x58, 0x4b, 0x46, 0x46, 0x4b,
    0x4b, 0x3e, 0x4a, 0x8f, 0xd4, 0xda, 0xc9, 0xda, 0xbe, 0xda, 0xda, 0xda, 0xb8, 0xb8, 0xae, 0xae,
    0xa3, 0xa3, 0x7f, 0x72, 0x64, 0xa3, 0xa3, 0x92, 0x5b, 0x66, 0x53, 0x53, 0x5b, 0x3e, 0x4b, 0x4b,
    0x3b, 0x42, 0x4b, 0x46, 0x3e, 0x4b, 0x65, 0x5a, 0x65, 0x65, 0x58, 0x79, 0x79, 0x6b, 0xa7, 0x58,
    0x41, 0x2b, 0x20, 0x15, 0x2b, 0x97, 0xc3, 0xcc, 0xa1, 0xcc, 0xe7, 0xee, 0xfe, 0xfd, 0xfd, 0xfe,
    0xea, 0xbf, 0x97, 0x59, 0xb5, 0x59, 0x27, 0x02, 0x1c, 0x15, 0x04, 0x13, 0x3f, 0x55, 0x1b, 0x2b,
    0x41, 0x39, 0x2b, 0x2b, 0x39, 0x9b, 0xc3, 0xd6, 0xa5, 0xd6, 0xe7, 0xee, 0xfe, 0xfd, 0xfd, 0xfe,
    0xea, 0xbf, 0x97, 0x59, 0xb5, 0x59, 0xd6, 0xf1, 0xf5, 0xf5, 0xf5, 0xfa, 0xfb, 0xfb, 0xfa, 0xfc,
    0xfb, 0xf5, 0xf5, 0xee, 0xc3, 0x87, 0x56, 0x59, 0xa5, 0xd6, 0xe7, 0xe9, 0xfe, 0xfd, 0xfd, 0xfe,
    0xea, 0xbf, 0x97, 0x59, 0xb5, 0x59, 0x20, 0x02, 0x1c, 0x2b, 0x04, 0x44, 0xba, 0xba, 0x87, 0x56,
    0xfd, 0xf7, 0xf5, 0xee, 0xc3, 0x87, 0x56, 0x59, 0xa1, 0xd6, 0xe7, 0xe9, 0xfe, 0xfd, 0xfd, 0xfe,
    0xa2, 0xad, 0xb5, 0xc3, 0x68, 0x06, 0x13, 0x13, 0x19, 0x1b, 0xd6, 0xdb, 0xf1, 0xfe, 0xfe, 0xfe,
    0xe7, 0xbf, 0x8e, 0x59, 0xb5, 0x59, 0xd6, 0xf1, 0xf1, 0xfa, 0xf9, 0xfa, 0xfb, 0xfb, 0xfa, 0xfd,
    0xee, 0xf1, 0xe9, 0xf5, 0xa2, 0x04, 0x51, 0x4a, 0x47, 0x81, 0xbf, 0xe7, 0xee, 0xcc, 0x8e, 0x97,
    0xae, 0xa3, 0x92, 0x9c, 0x7f, 0x92, 0xae, 0xae, 0x7f, 0x72, 0x53, 0x43, 0x47, 0x66, 0x3f, 0x3f,
    0x34, 0x22, 0x78, 0x98, 0xbe, 0xbe, 0x98, 0x98, 0xc0, 0xc4, 0xc9, 0xb8, 0xbe, 0xae, 0xb8, 0xb8,
    0x6b, 0x76, 0x6b, 0x90, 0x8b, 0x76, 0x8b, 0x83, 0x6b, 0x90, 0x4b, 0x58, 0x58, 0x3e, 0x4b, 0x4b,
    0x6b, 0x22, 0x8f, 0x98, 0xbe, 0xbe, 0x8f, 0xa3, 0xbb, 0xc4, 0xc9, 0xb8, 0xbe, 0xae, 0xb8, 0xb8,
    0xae, 0x92, 0x7f, 0x92, 0x64, 0x89, 0xae, 0xa3, 0x7f, 0x72, 0x53, 0x53, 0x53, 0x66, 0x4b, 0x4b,
    0x34, 0x4b, 0x4b, 0x4b, 0x4b, 0xb0, 0x58, 0x58, 0x5a, 0x65, 0x6f, 0xa9, 0x79, 0x65, 0x65, 0x65,
    0x2b, 0x2b, 0x39, 0x15, 0x44, 0xc3, 0xc3, 0xa1, 0xc3, 0xdb, 0xdb, 0xee, 0xfa, 0xfc, 0xfe, 0xfc,
    0xd8, 0xb6, 0x87, 0x75, 0x8e, 0xb5, 0x1c, 0x02, 0x1c, 0x1c, 0x04, 0x06, 0x13, 0x2f, 0x2b, 0x2b,
    0x39, 0x2b, 0x39, 0x15, 0x75, 0xc3, 0xc3, 0xa5, 0xc3, 0xdb, 0xdb, 0xee, 0xfa, 0xfc, 0xfe, 0xfc,
    0xdb, 0xb9, 0x87, 0x75, 0x8e, 0xb9, 0xee, 0xf1, 0xf4, 0xfa, 0xfa, 0xf5, 0xfa, 0xfc, 0xfd, 0xfe,
    0xfb, 0xfa, 0xe7, 0xe9, 0xee, 0xdb, 0xa2, 0x56, 0x56, 0x59, 0x59, 0xee, 0xfa, 0xfc, 0xfe, 0xfc,
    0xdb, 0xb9, 0x87, 0x75, 0x8e, 0xb5, 0x1c, 0x02, 0x1c, 0x2b, 0x04, 0x04, 0x44, 0x87, 0x8e, 0x56,
    0xfb, 0xfa, 0xe7, 0xe9, 0xee, 0xdb, 0xa2, 0x56, 0x56, 0x59, 0x59, 0xee, 0xfa, 0xfc, 0xfe, 0xfc,
    0x8e, 0xba, 0xb5, 0x7b, 0x8e, 0x39, 0x04, 0x08, 0x13, 0x13, 0x3f, 0xf5, 0xfb, 0xfd, 0xfd, 0xfe,
    0xd8, 0xb5, 0x8e, 0x75, 0x8e, 0xb9, 0xee, 0xf1, 0xf2, 0xf5, 0xf6, 0xf5, 0xfa, 0xfc, 0xfe, 0xfe,
    0xe0, 0xe0, 0xdb, 0xee, 0xf1, 0x41, 0x3a, 0x55, 0x74, 0xbf, 0xdb, 0xe4, 0xdb, 0xb2, 0x9b, 0xa1,
    0xb8, 0xb1, 0xa3, 0xae, 0xae, 0x7f, 0xa3, 0x92, 0x89, 0x72, 0x64, 0x53, 0x43, 0x53, 0xb8, 0xc4,
    0x89, 0x8f, 0x8f, 0x8f, 0x98, 0x8f, 0x4a, 0x98, 0xd4, 0xc9, 0xbe, 0xbe, 0x8f, 0xae, 0xae, 0xb8,
    0x71, 0x83, 0x83, 0x6b, 0x76, 0x90, 0x6b, 0x90, 0x83, 0x90, 0x67, 0x3e, 0x58, 0x53, 0xc4, 0xc4,
    0x7f, 0x8f, 0x8f, 0x78, 0x98, 0x8f, 0x3f, 0x9a, 0xd4, 0xc9, 0xbe, 0xbe, 0x8f, 0xae, 0xae, 0xb8,
    0xb8, 0xb1, 0x92, 0xa3, 0x9c, 0x64, 0xa3, 0x7f, 0x7f, 0x64, 0x53, 0x53, 0x53, 0x53, 0xc4, 0xc4,
    0x7f, 0x58, 0x4b, 0x4b, 0x6b, 0x58, 0xb0, 0x6b, 0x58, 0x5a, 0x58, 0x5a, 0x6b, 0x5a, 0x5c, 0x65,
    0x27, 0x1c, 0x2b, 0x9b, 0xc3, 0xa1, 0xa1, 0xb9, 0xd6, 0xd6, 0xcc, 0xcc, 0xee, 0xfe, 0xfe, 0xf6,
    0xbf, 0xb9, 0x87, 0x39, 0x56, 0xdb, 0x39, 0x06, 0x15, 0x2b, 0x15, 0x04, 0x06, 0x06, 0x2b, 0x27,
    0x2b, 0x2b, 0x2b, 0x9b, 0xc3, 0xad, 0xa1, 0xb9, 0xd6, 0xdb, 0xd6, 0xd6, 0xee, 0xfe, 0xfe, 0xf6,
    0xce, 0xb9, 0x87, 0x39, 0x56, 0xe7, 0xf1, 0xf1, 0xf2, 0xf2, 0xfa, 0xf5, 0xf1, 0xfe, 0xfe, 0xfe,
    0xfb, 0xfa, 0xf2, 0xee, 0xe0, 0xc3, 0x87, 0xa2, 0x87, 0x56, 0x41, 0x39, 0xee, 0xfe, 0xfe, 0xf6,
    0xce, 0xb9, 0x87, 0x39, 0x56, 0xdb, 0x39, 0x06, 0x06, 0x2b, 0x15, 0x04, 0x06, 0x13, 0x87, 0x56,
    0xfd, 0xfa, 0xf2, 0xee, 0xe0, 0xc3, 0x87, 0xa2, 0x87, 0x56, 0x41, 0x39, 0xee, 0xfe, 0xfe, 0xf6,
    0x56, 0xba, 0x94, 0x8e, 0xb5, 0x87, 0x15, 0x04, 0x08, 0x04, 0x13, 0xfa, 0xfd, 0xfc, 0xfe, 0xfd,
    0xc3, 0xb9, 0x87, 0x39, 0x56, 0xe7, 0xf1, 0xf1, 0xf2, 0xf2, 0xfa, 0xf5, 0xf1, 0xfe, 0xfe, 0xfe,
    0xe7, 0xd6, 0xd6, 0xd6, 0xf5, 0x45, 0x55, 0x47, 0xa5, 0xcc, 0xdb, 0xdb, 0xbf, 0x7a, 0x9b, 0xa1,
    0xb1, 0x8f, 0xb8, 0xa3, 0xae, 0x92, 0xa3, 0xa3, 0x92, 0x64, 0x53, 0x5b, 0x5b, 0xc4, 0xda, 0xda,
    0x89, 0x89, 0x6a, 0x6a, 0x78, 0x4a, 0x78, 0xbe, 0xc9, 0xd4, 0xb1, 0x78, 0x8f, 0xae, 0xbe, 0xb1,
    0x65, 0x76, 0xb0, 0x76, 0x6b, 0x6b, 0x65, 0x6b, 0x6b, 0x90, 0x69, 0x3e, 0x47, 0xb8, 0xda, 0xda,
    0x7f, 0x7f, 0x4a, 0x6a, 0x5e, 0x3f, 0x5e, 0xbe, 0xc9, 0xbe, 0xb1, 0x5e, 0x7c, 0xae, 0xbe, 0xb1,
    0xb1, 0x8f, 0xb8, 0x9c, 0xae, 0xa3, 0x89, 0x92, 0x92, 0x64, 0x55, 0x47, 0x47, 0xb8, 0xda, 0xda,
    0x7f, 0x7c, 0x6b, 0x58, 0xb0, 0x58, 0x76, 0xa7, 0x76, 0x65, 0x65, 0x58, 0x5a, 0x5a, 0x65, 0x65,
    0x2b, 0x1c, 0x2f, 0xb9, 0xa1, 0x8e, 0x9b, 0x9b, 0xdb, 0xd6, 0xe7, 0xee, 0xf5, 0xfe, 0xfa, 0xe4,
    0xa2, 0x68, 0x41, 0x39, 0x56, 0xd6, 0x75, 0x06, 0x06, 0x15, 0x13, 0x08, 0x06, 0x04, 0x04, 0x2b,
    0x2b, 0x1c, 0x2f, 0xb9, 0xa1, 0x8e, 0x9b, 0x9b, 0xdb, 0xd6, 0xe7, 0xee, 0xfa, 0xfe, 0xfa, 0xe4,
    0xa2, 0x68, 0x41, 0x39, 0xe7, 0xee, 0xf5, 0xf2, 0xf2, 0xf0, 0xf6, 0xee, 0xfb, 0xfd, 0xfe, 0xfe,
    0xfc, 0xfb, 0xf5, 0xf1, 0xe7, 0xc3, 0xa2, 0x87, 0x56, 0x41, 0x41, 0x39, 0x44, 0xfe, 0xfa, 0xe4,
    0xa2, 0x68, 0x41, 0x39, 0x56, 0xd6, 0x75, 0x06, 0x15, 0x2b, 0x15, 0x13, 0x08, 0x04, 0x41, 0x75,
    0xfb, 0xfa, 0xf5, 0xf1, 0xe7, 0xc3, 0xa2, 0x87, 0x56, 0x41, 0x41, 0x39, 0x44, 0xfe, 0xfa, 0xe4,
    0x39, 0x7b, 0x87, 0x87, 0xc3, 0xc3, 0x41, 0x13, 0x13, 0x13, 0x04, 0xd6, 0xd6, 0xfe, 0xfe, 0xfa,
    0xa2, 0x68, 0x41, 0x39, 0xe7, 0xee, 0xf5, 0xf2, 0xf2, 0xf0, 0xf6, 0xee, 0xfb, 0xfd, 0xfe, 0xfe,
    0xe7, 0xcc, 0xdb, 0xd6, 0xd6, 0x55, 0x47, 0x7a, 0xbf, 0xd6, 0xd6, 0xd6, 0x8e, 0x74, 0x9b, 0xa5,
    0xae, 0x78, 0x7c, 0xa3, 0xa3, 0x7f, 0x7f, 0x7f, 0x72, 0x55, 0x55, 0x5f, 0xc4, 0xda, 0xc9, 0xc4,
    0xae, 0x89, 0x89, 0x4a, 0x4a, 0x4a, 0x98, 0xb1, 0xa0, 0x8f, 0x78, 0x78, 0x8f, 0x88, 0xa3, 0x89,
    0x58, 0x4b, 0x6b, 0x6b, 0x58, 0x76, 0x58, 0x65, 0x6b, 0xa7, 0x3e, 0x53, 0xc4, 0xda, 0xc9, 0xc4,
    0xae, 0x7f, 0x7f, 0x3f, 0x4a, 0x3f, 0x98, 0xb1, 0x98, 0x8f, 0x5e, 0x5e, 0x8f, 0x7c, 0xa3, 0x9a,
    0xae, 0x5e, 0x5e, 0x92, 0x92, 0x7f, 0x7f, 0x72, 0x64, 0x47, 0x3f, 0x53, 0xc4, 0xda, 0xc9, 0xc4,
    0xae, 0x7f, 0x7f, 0x4b, 0x4b, 0x58, 0x6f, 0x65, 0x65, 0x5c, 0x5a, 0x58, 0x4b, 0x6b, 0x65, 0x5a,
    0x2b, 0x2b, 0xa1, 0x9b, 0xa1, 0x9b, 0xa1, 0x9b, 0xcc, 0xdb, 0xe7, 0xcc, 0xfa, 0xfd, 0xf2, 0xc3,
    0x87, 0x41, 0x2b, 0x56, 0xb5, 0xc3, 0xb5, 0x15, 0x02, 0x06, 0x1b, 0x15, 0x06, 0x04, 0x04, 0x2b,
    0x39, 0x2b, 0xa5, 0x9b, 0xa1, 0x9b, 0xa5, 0x9b, 0xcc, 0xdb, 0xee, 0xd6, 0xfa, 0xfd, 0xf2, 0xc3,
    0x87, 0x56, 0x39, 0xdb, 0xf1, 0xf1, 0xee, 0xf0, 0xf2, 0xee, 0xe4, 0xf5, 0xfd, 0xfe, 0xfe, 0xfe,
    0xfd, 0xfa, 0xfa, 0xf5, 0xe7, 0xe7, 0xc8, 0xa2, 0x56, 0x56, 0x1c, 0x39, 0x39, 0x2b, 0x47, 0xc3,
    0x87, 0x56, 0x39, 0x56, 0xb5, 0xc3, 0xb5, 0x2b, 0x02, 0x13, 0x2f, 0x13, 0x13, 0x06, 0x04, 0x44,
    0xfb, 0xfa, 0xfa, 0xf5, 0xe7, 0xe7, 0xc8, 0xa2, 0x56, 0x56, 0x1c, 0x39, 0x39, 0x2b, 0x47, 0xc3,
    0x39, 0x7b, 0x7b, 0xa1, 0x9b, 0xa1, 0x75, 0x39, 0x13, 0x13, 0x13, 0x13, 0xfe, 0xfe, 0xf6, 0xec,
    0x87, 0x56, 0x2b, 0xdb, 0xf1, 0xf1, 0xee, 0xf0, 0xf2, 0xee, 0xe4, 0xf5, 0xfd, 0xfe, 0xfe, 0xfe,
    0xee, 0xee, 0xdb, 0xd6, 0x3f, 0x47, 0x7a, 0x93, 0xb2, 0xc6, 0xd6, 0xcc, 0xa1, 0x81, 0x8e, 0x9b,
    0x8f, 0x78, 0x78, 0x7c, 0x7f, 0x7f, 0x7f, 0x92, 0x72, 0x53, 0x3c, 0xc4, 0xc4, 0xae, 0xc4, 0x92,
    0xae, 0x64, 0x53, 0x89, 0x6a, 0x4a, 0x8f, 0x98, 0x78, 0xda, 0xc9, 0x92, 0x64, 0x8f, 0x92, 0x88,
    0x58, 0x6b, 0x6b, 0x76, 0x6b, 0xa7, 0x58, 0x5a, 0x6b, 0x3e, 0x3c, 0xc4, 0xc4, 0xae, 0xc4, 0x89,
    0xae, 0x64, 0x43, 0x7f, 0x47, 0x3f, 0x8f, 0x8f, 0x5e, 0xda, 0xc9, 0x89, 0x53, 0x8f, 0x92, 0x8f,
    0x8f, 0x6a, 0x5e, 0x7c, 0x72, 0x72, 0x72, 0x89, 0x64, 0x3c, 0x3c, 0xc4, 0xc4, 0xae, 0xc4, 0x89,
    0xae, 0x64, 0x43, 0x7f, 0x4b, 0xa9, 0x65, 0x6b, 0x5a, 0x6b, 0x65, 0x65, 0x5a, 0x58, 0x58, 0x58,
    0x2b, 0x8e, 0x56, 0x56, 0x8e, 0xb9, 0xb5, 0xa5, 0xa1, 0xa1, 0xd6, 0xb5, 0xf5, 0xf6, 0xe4, 0xb5,
    0x44, 0x39, 0x41, 0x8e, 0x97, 0xb5, 0xc3, 0x41, 0x15, 0x02, 0x06, 0x06, 0x06, 0x06, 0x03, 0x04,
    0x2b, 0x8e, 0x56, 0x56, 0x8e, 0xb6, 0xb6, 0x9b, 0xa1, 0xb2, 0xd6, 0xb5, 0xfa, 0xfa, 0xe4, 0xb5,
    0x56, 0x39, 0xdb, 0xe7, 0xee, 0xf5, 0xf2, 0xf6, 0xe4, 0xdb, 0xee, 0xfb, 0xfe, 0xfe, 0xfe, 0xfe,
    0xfe, 0xfe, 0xfd, 0xf2, 0xdb, 0xcc, 0xcc, 0xc3, 0x87, 0x56, 0x1c, 0x1c, 0x39, 0x27, 0x20, 0x1c,
    0x56, 0x39, 0x41, 0x8e, 0x97, 0xb5, 0xc3, 0x56, 0x2b, 0x02, 0x06, 0x06, 0x06, 0x06, 0x04, 0x04,
    0xfe, 0xfe, 0xfd, 0xf2, 0xdb, 0xcc, 0xcc, 0xc3, 0x87, 0x56, 0x1c, 0x1c, 0x39, 0x27, 0x20, 0x1c,
    0x15, 0x39, 0x7a, 0xa5, 0x97, 0x8e, 0x8e, 0x56, 0x2b, 0x13, 0x13, 0x04, 0xd6, 0xfd, 0xd8, 0xf6,
    0x56, 0x39, 0xdb, 0xe7, 0xee, 0xf5, 0xf2, 0xf6, 0xe4, 0xdb, 0xee, 0xfb, 0xfe, 0xfe, 0xfe, 0xfe,
    0xf5, 0xe4, 0xcc, 0xd6, 0x3f, 0x45, 0x84, 0x8e, 0xb6, 0xc6, 0xd8, 0xb9, 0xa1, 0x8a, 0x8e, 0x9b,
    0x8f, 0x4a, 0x78, 0x78, 0x8f, 0x7f, 0x7c, 0x92, 0x7c, 0x6a, 0xc4, 0x92, 0x72, 0xc4, 0x92, 0x89,
    0x64, 0xae, 0x64, 0x2f, 0x43, 0x55, 0x78, 0x98, 0xda, 0xe2, 0xda, 0xae, 0x64, 0x6a, 0x8f, 0x7c,
    0x4b, 0x6b, 0xa7, 0x76, 0x58, 0x6b, 0x4b, 0x6b, 0x58, 0x4a, 0xc4, 0x7f, 0x64, 0xc4, 0x92, 0x89,
    0x64, 0xae, 0x64, 0x2f, 0x3c, 0x55, 0x5e, 0x8f, 0xda, 0xe2, 0xda, 0xae, 0x53, 0x55, 0x78, 0x6a,
    0x78, 0x3f, 0x5e, 0x6a, 0x7c, 0x7c, 0x72, 0x7f, 0x6a, 0x4a, 0xc4, 0x7f, 0x64, 0xc4, 0x92, 0x89,
    0x64, 0xae, 0x64, 0x2f, 0x3c, 0x90, 0x5c, 0x58, 0x58, 0x58, 0x58, 0x65, 0x65, 0x4b, 0x4b, 0x4b,
    0x59, 0x56, 0x56, 0x8e, 0xb9, 0xb9, 0xb6, 0xa1, 0x97, 0x8e, 0xb5, 0xcc, 0xf5, 0xe7, 0xd6, 0x87,
    0x56, 0x56, 0x8e, 0x8e, 0x8e, 0x8e, 0xb5, 0x59, 0x41, 0x41, 0x41, 0x13, 0x06, 0x06, 0x04, 0x04,
    0x56, 0x56, 0x56, 0x8e, 0xb9, 0xbf, 0xbf, 0xb9, 0x8e, 0x8e, 0xb5, 0xcc, 0xf5, 0xe9, 0xd6, 0x87,
    0x56, 0xdb, 0xe0, 0xee, 0xee, 0xf1, 0xf6, 0xea, 0xce, 0xd8, 0xf6, 0xfe, 0xfe, 0xfe, 0xfe, 0xfe,
    0xfe, 0xfe, 0xf0, 0xcc, 0xb5, 0xb5, 0x87, 0x87, 0x87, 0x56, 0x1c, 0x1c, 0x1c, 0x41, 0x1c, 0x02,
    0x1c, 0x56, 0x8e, 0x8e, 0x8e, 0x8e, 0xb5, 0x59, 0x56, 0x56, 0x39, 0x20, 0x08, 0x04, 0x06, 0x06,
    0xfe, 0xfe, 0xf0, 0xcc, 0xb5, 0xb5, 0x87, 0x87, 0x87, 0x56, 0x1c, 0x1c, 0x1c, 0x41, 0x1c, 0x02,
    0x20, 0x2b, 0x8e, 0xa5, 0x8e, 0x8e, 0x8e, 0x68, 0x44, 0x2b, 0x13, 0x04, 0xdb, 0xbf, 0xea, 0xf6,
    0x56, 0xdb, 0xe0, 0xee, 0xee, 0xf1, 0xf6, 0xea, 0xce, 0xd8, 0xf6, 0xfe, 0xfe, 0xfe, 0xfe, 0xfe,
    0xfa, 0xd6, 0xd6, 0x3f, 0x55, 0x6a, 0x81, 0x9b, 0xb9, 0xc6, 0xd8, 0xb9, 0x9b, 0x81, 0x8a, 0x9b,
    0x8f, 0x4a, 0x4a, 0x6a, 0x7c, 0x7c, 0x7c, 0x7c, 0x7c, 0x89, 0x89, 0x72, 0x92, 0x92, 0x64, 0x92,
    0xa3, 0xae, 0xa3, 0x53, 0x47, 0x3c, 0x6a, 0xe2, 0xe2, 0xda, 0xae, 0xa3, 0x64, 0x64, 0x64, 0x72,
    0x46, 0x4b, 0x5a, 0x6b, 0x6b, 0x6b, 0xa7, 0x58, 0x58, 0x7f, 0x7f, 0x7f, 0x89, 0x89, 0x53, 0x92,
    0x9c, 0xae, 0x92, 0x43, 0x3c, 0x47, 0x4a, 0xe2, 0xe2, 0xda, 0xb8, 0x92, 0x64, 0x53, 0x64, 0x7c,
    0x8f, 0x3f, 0x4a, 0x5e, 0x6a, 0x7c, 0x7c, 0x6a, 0x5e, 0x7f, 0x7f, 0x7f, 0x89, 0x89, 0x53, 0x92,
    0x9c, 0xae, 0x92, 0x53, 0x3c, 0x53, 0x51, 0x58, 0x58, 0x58, 0x4b, 0x4b, 0x90, 0x5c, 0x58, 0x58,
    0x46, 0x4b, 0x58, 0x46, 0x3e, 0x58, 0x58, 0x6b, 0x53, 0x7f, 0x64, 0x64, 0x53, 0x53, 0x53, 0x92,
    0x92, 0x64, 0x53, 0x47, 0x5b, 0x53, 0x51, 0x73, 0x5c, 0x5a, 0x5a, 0x4b, 0x4b, 0x4b, 0x58, 0x65,
    0x76, 0x83, 0xa9, 0x6b, 0x6b, 0x69, 0xc0, 0xda, 0xda, 0xda, 0x7f, 0x53, 0x64, 0x2f, 0x3c, 0x3c,
    0x5e, 0x34, 0x3f, 0x3f, 0x4a, 0x5e, 0x7c, 0x7c, 0x4a, 0x58, 0x6b, 0x65, 0xa7, 0xa7, 0x58, 0xb0,
    0x46, 0x4b, 0x58, 0x46, 0x3e, 0x4b, 0x58, 0x6b, 0x6b, 0x7f, 0x64, 0x64, 0x53, 0x53, 0x53, 0x92,
    0x92, 0x64, 0x53, 0x47, 0x3c, 0x43, 0xc4, 0xda, 0xda, 0xda, 0x7f, 0x53, 0x64, 0x2f, 0x3c, 0x2f,
    0x5e, 0x34, 0x3f, 0x3f, 0x4a, 0x5e, 0x7c, 0x8f, 0x53, 0x7f, 0x64, 0x64, 0x53, 0x53, 0x53, 0x92,
    0x92, 0x64, 0x53, 0x53, 0x47, 0x43, 0x5e, 0x3f, 0x58, 0x58, 0x58, 0x4b, 0x4b, 0x4b, 0x58, 0x65,
    0x3e, 0x67, 0x79, 0x76, 0x6b, 0x8b, 0xc4, 0xe2, 0xb8, 0xa3, 0x89, 0x53, 0x64, 0x2f, 0x3c, 0x3c,
    0x8f, 0x7c, 0x72, 0x7c, 0x6a, 0x7c, 0x6a, 0x6a, 0x5e, 0x78, 0x78, 0x76, 0x76, 0x8b, 0x4b, 0x6b,
    0x8f, 0x7c, 0x72, 0x7c, 0x6a, 0x7c, 0x7c, 0x6a, 0x6a, 0x64, 0x64, 0x92, 0x92, 0x89, 0x89, 0xa3,
    0x92, 0x64, 0x53, 0x47, 0x2f, 0x3c, 0xc0, 0xe2, 0xb8, 0xa3, 0x89, 0x53, 0x64, 0x2f, 0x3c, 0x3c,
    0x3e, 0x67, 0x79, 0x76, 0x6b, 0x90, 0x90, 0x76, 0x6b, 0x67, 0x5a, 0x4b, 0x4b, 0x4b, 0x58, 0x65,
    0x3e, 0x67, 0x79, 0x76, 0x6b, 0x83, 0x90, 0x76, 0x6b, 0x65, 0x5c, 0x5c, 0x4b, 0x4b, 0x4b, 0x6b,
    0x4b, 0x4b, 0x5c, 0x4b, 0x3e, 0x4b, 0x5c, 0x6b, 0x5a, 0x65, 0x65, 0x6b, 0x79, 0x90, 0x4b, 0x65,
    0x76, 0x6b, 0xa9, 0x6b, 0x6b, 0x79, 0x76, 0x6b, 0x67, 0x65, 0x58, 0x4b, 0x3e, 0xa7, 0xa7, 0x3e,
    0x46, 0x3e, 0x4b, 0x3e, 0x58, 0xa7, 0xa7, 0x53, 0x7f, 0x53, 0x53, 0x64, 0x53, 0x53, 0x64, 0x53,
    0x43, 0x53, 0x47, 0x55, 0x54, 0x60, 0x60, 0x6b, 0x6b, 0x5a, 0x52, 0x4b, 0x46, 0x46, 0x52, 0x65,
    0x6b, 0x90, 0x6b, 0x76, 0x90, 0xae, 0xae, 0xda, 0x89, 0xa3, 0x7f, 0xa3, 0x72, 0x7f, 0x2f, 0x1d,
    0x3c, 0x3f, 0x34, 0x3f, 0x5e, 0x4a, 0x5e, 0x53, 0x3e, 0x46, 0x90, 0x58, 0xa7, 0xa7, 0x6b, 0xa9,
    0x46, 0x3e, 0x46, 0x3e, 0x4b, 0xa7, 0xa7, 0x58, 0x7f, 0x53, 0x53, 0x64, 0x53, 0x53, 0x64, 0x53,
    0x43, 0x53, 0x47, 0x53, 0x47, 0xae, 0xa3, 0xda, 0x7f, 0xa3, 0x7f, 0xa3, 0x72, 0x7f, 0x2f, 0x1d,
    0x3c, 0x3f, 0x2f, 0x3f, 0x5e, 0x4a, 0x55, 0x55, 0x7f, 0x53, 0x53, 0x64, 0x53, 0x53, 0x64, 0x53,
    0x43, 0x53, 0x47, 0x47, 0x4a, 0x4a, 0x4a, 0x51, 0x51, 0x58, 0x58, 0x4b, 0x46, 0x46, 0x52, 0x65,
    0x3e, 0xa9, 0x6b, 0x6b, 0xb0, 0xae, 0xe2, 0xc4, 0xa3, 0xa3, 0x7f, 0xa3, 0x7f, 0x7f, 0x2f, 0x1d,
    0x2f, 0x78, 0x92, 0x7c, 0x55, 0x6a, 0x6a, 0x6a, 0x64, 0x6a, 0x91, 0x76, 0x6b, 0x6b, 0x6b, 0x6b,
    0x2f, 0x78, 0x92, 0x7c, 0x55, 0x6a, 0x6a, 0x7c, 0x55, 0x53, 0x53, 0x7c, 0x53, 0x92, 0x92, 0x53,
    0x43, 0x64, 0x47, 0x43, 0x5b, 0xae, 0xe2, 0xc4, 0xa3, 0xa3, 0x7f, 0xa3, 0x7f, 0x7f, 0x2f, 0x1d,
    0x3e, 0xa9, 0x6b, 0x6b, 0xb0, 0x6b, 0x90, 0x6b, 0x6b, 0x5c, 0x5c, 0x4b, 0x46, 0x46, 0x52, 0x5a,
    0x3e, 0xa9, 0x6b, 0x6b, 0xb0, 0x6b, 0x90, 0x6f, 0x67, 0x5c, 0x5c, 0x4b, 0xda, 0xda, 0xa3, 0xda,
    0xc4, 0x74, 0x4b, 0x3e, 0x4b, 0xa7, 0xa7, 0x5c, 0x4b, 0x4b, 0x6b, 0x6b, 0x6b, 0x6f, 0x79, 0x6b,
    0x76, 0x8b, 0x6b, 0x6b, 0xa9, 0x6b, 0x79, 0x6b, 0x6f, 0x5c, 0x73, 0x4b, 0x3e, 0x3e, 0xa7, 0x3e,
    0x4b, 0x4b, 0x58, 0x58, 0x60, 0x6b, 0x6a, 0x4a, 0x3f, 0x53, 0x53, 0xc0, 0xc4, 0xd7, 0xc9, 0xc9,
    0xa3, 0x43, 0x43, 0x47, 0x5b, 0x5e, 0x69, 0x6b, 0x5a, 0x58, 0x4b, 0x46, 0x4b, 0x3e, 0x40, 0x6b,
    0x6b, 0x83, 0x90, 0x76, 0xae, 0xa3, 0x7f, 0x7f, 0x89, 0xa3, 0x7f, 0x7f, 0x64, 0x53, 0x92, 0x43,
    0x2f, 0x3c, 0x2f, 0x3c, 0x34, 0x3f, 0x53, 0x4a, 0x46, 0x58, 0x3e, 0x4b, 0x4b, 0x58, 0x5c, 0x6b,
    0x4b, 0x4b, 0x58, 0x5a, 0x58, 0x4b, 0xa7, 0x3f, 0x3f, 0x53, 0x53, 0xc0, 0xc4, 0xd7, 0xc9, 0xc9,
    0xa3, 0x43, 0x43, 0x43, 0xae, 0xa3, 0x7f, 0x7f, 0x92, 0xa3, 0x7f, 0x7f, 0x64, 0x53, 0x92, 0x43,
    0x2f, 0x2f, 0x3c, 0x2f, 0x3f, 0x3f, 0x53, 0x55, 0x3f, 0x53, 0x53, 0xc0, 0xc4, 0xd7, 0xc9, 0xc9,
    0xa3, 0x43, 0x43, 0x3f, 0x5e, 0x3f, 0x3f, 0x51, 0x51, 0x58, 0x4b, 0x4b, 0x4b, 0x3e, 0x40, 0x6b,
    0xda, 0x43, 0x43, 0x6b, 0xae, 0xae, 0xae, 0xc9, 0xc9, 0xa3, 0xae, 0x92, 0x53, 0x53, 0x89, 0x3c,
    0x2f, 0x3c, 0x3c, 0x5e, 0x7c, 0x7c, 0x6a, 0x64, 0x64, 0x72, 0x64, 0xc4, 0xc4, 0xda, 0xc9, 0xcf,
    0x2f, 0x3c, 0x3c, 0x5e, 0x7c, 0x7c, 0x6a, 0x55, 0x53, 0x53, 0x64, 0xc4, 0xc4, 0xda, 0xc9, 0xcf,
    0xda, 0x43, 0x43, 0x53, 0xae, 0xae, 0xae, 0xc9, 0xc9, 0xa3, 0xae, 0x92, 0x53, 0x53, 0x89, 0x3c,
    0x6b, 0xa9, 0x6b, 0x6b, 0xa9, 0x6b, 0x6b, 0xb8, 0xe2, 0x5f, 0x4b, 0x42, 0x4b, 0x3e, 0x3e, 0x6b,
    0x6b, 0xa9, 0x6b, 0x6b, 0xa9, 0x6b, 0x76, 0x65, 0x6b, 0x5c, 0x4b, 0xda, 0xe2, 0xec, 0xc9, 0xda,
    0xa3, 0x43, 0x53, 0x64, 0x4b, 0x4b, 0xa7, 0x3e, 0x46, 0x3e, 0x4b, 0x6b, 0x6f, 0x76, 0x6b, 0xa9,
    0x6b, 0x79, 0x76, 0x76, 0x76, 0x79, 0xa9, 0x6b, 0x8b, 0x5c, 0x6b, 0xc4, 0xc4, 0xd7, 0xc4, 0xc4,
    0xa7, 0x58, 0x58, 0x58, 0x51, 0x4a, 0x3f, 0x4a, 0x53, 0xc4, 0xc4, 0xda, 0xe2, 0xec, 0xda, 0xda,
    0xc9, 0x96, 0x5b, 0x43, 0x53, 0x91, 0x6b, 0x58, 0x58, 0x58, 0x4b, 0x46, 0x38, 0x29, 0x38, 0x3e,
    0xa9, 0x6b, 0x90, 0x7f, 0x7f, 0x7f, 0x7f, 0x53, 0xae, 0x72, 0x53, 0x72, 0x64, 0x3c, 0x7f, 0x47,
    0x2f, 0x2f, 0x2f, 0x43, 0x3f, 0x3f, 0x45, 0x4a, 0x76, 0x65, 0x4b, 0x4b, 0x4b, 0x4b, 0x58, 0x65,
    0xa7, 0x4b, 0x58, 0x5a, 0x58, 0x58, 0x34, 0x3f, 0x53, 0xc4, 0xc4, 0xda, 0xe2, 0xec, 0xda, 0xda,
    0xc9, 0x92, 0x5b, 0x43, 0x43, 0x7f, 0x7f, 0x53, 0xae, 0x72, 0x53, 0x72, 0x64, 0x3c, 0x7f, 0x43,
    0x2f, 0x2f, 0x34, 0x43, 0x34, 0x3f, 0x34, 0x3f, 0x53, 0xc4, 0xc4, 0xda, 0xe2, 0xec, 0xda, 0xda,
    0xc9, 0x92, 0x5b, 0x43, 0x43, 0x34, 0x3f, 0x51, 0x51, 0x58, 0x4b, 0x46, 0x38, 0x29, 0x38, 0x3e,
    0xda, 0x92, 0x43, 0x43, 0xae, 0xae, 0xa3, 0xae, 0xc9, 0xa3, 0xa3, 0x9c, 0x92, 0xa3, 0x64, 0x3c,
    0x2f, 0x34, 0x2f, 0x3f, 0x5e, 0x7c, 0x7c, 0x53, 0x53, 0x64, 0xae, 0xe2, 0xe2, 0xec, 0xdc, 0xda,
    0x2f, 0x34, 0x2f, 0x3f, 0x5e, 0x7c, 0x7c, 0x53, 0x53, 0x53, 0xc4, 0xda, 0xe2, 0xec, 0xdc, 0xda,
    0xda, 0x92, 0x43, 0x43, 0xae, 0xae, 0xa3, 0xae, 0xc9, 0xa3, 0xa3, 0x9c, 0x92, 0xa3, 0x64, 0x43,
    0x76, 0x76, 0x90, 0xb0, 0x6b, 0xb8, 0xe2, 0xe2, 0xc9, 0xa3, 0x5f, 0x3e, 0x36, 0x29, 0x3e, 0x38,
    0x76, 0x76, 0x90, 0xb0, 0x6b, 0xa7, 0x6b, 0x5c, 0x5c, 0x4b, 0xda, 0xe2, 0xec, 0xec, 0xe2, 0xb8,
    0x92, 0x5f, 0x43, 0x64, 0x53, 0x5c, 0x4b, 0x3e, 0x58, 0x5a, 0x3e, 0x6b, 0x4b, 0xa9, 0x6b, 0xa9,
    0xa9, 0x6b, 0x8b, 0x6b, 0x6b, 0x6b, 0x6b, 0x6b, 0xa9, 0xc4, 0xc4, 0xdc, 0xe2, 0xec, 0xda, 0xda,
    0x46, 0x4b, 0x65, 0x51, 0x5e, 0x4a, 0x7c, 0xae, 0xc9, 0xc4, 0xdc, 0xec, 0xec, 0xec, 0xda, 0xae,
    0xa3, 0x92, 0x5b, 0x66, 0x5b, 0x53, 0x54, 0x6b, 0x58, 0x58, 0x4b, 0x46, 0x3e, 0x29, 0x38, 0x38,
    0x76, 0x6b, 0x53, 0x7f, 0x7f, 0x53, 0x53, 0x53, 0x7f, 0x64, 0x53, 0xa3, 0x72, 0x3c, 0x3c, 0x2f,
    0x2f, 0x34, 0x2c, 0x34, 0x34, 0x3f, 0x45, 0x4b, 0x58, 0x5a, 0x58, 0x3e, 0x4b, 0x58, 0x4b, 0x65,
    0x4b, 0x52, 0x6b, 0x58, 0x6b, 0x34, 0x3f, 0xc4, 0xc9, 0xc4, 0xdc, 0xec, 0xec, 0xec, 0xda, 0xae,
    0xa3, 0x92, 0x5b, 0x66, 0x53, 0x47, 0x43, 0x2f, 0x7f, 0x53, 0x53, 0xa3, 0x72, 0x3c, 0x53, 0x2f,
    0x34, 0x34, 0x2c, 0x2f, 0x2f, 0x2f, 0x3f, 0xc4, 0xc9, 0xc4, 0xdc, 0xec, 0xec, 0xec, 0xda, 0xae,
    0xa3, 0x92, 0x5b, 0x66, 0x53, 0x47, 0x3c, 0x51, 0x51, 0x4b, 0x4b, 0x46, 0x3e, 0x29, 0x38, 0x38,
    0xa3, 0x92, 0x5b, 0x43, 0x2f, 0x43, 0xa3, 0xc9, 0xa3, 0xa3, 0x9c, 0xa3, 0x89, 0x89, 0x64, 0x3c,
    0x2f, 0x34, 0x2c, 0x34, 0x3f, 0x5e, 0x55, 0x53, 0xc4, 0xc4, 0xdc, 0xec, 0xec, 0xec, 0xda, 0xae,
    0x2f, 0x34, 0x2c, 0x34, 0x3f, 0x5e, 0x55, 0x53, 0xc4, 0xc4, 0xdc, 0xec, 0xec, 0xec, 0xda, 0xae,
    0xa3, 0x92, 0x5b, 0x43, 0x2f, 0x43, 0xa3, 0xc9, 0xa3, 0xa3, 0x9c, 0xa3, 0x89, 0x89, 0x64, 0x3c,
    0x76, 0x6b, 0x90, 0x6b, 0xb8, 0xe2, 0xec, 0xe2, 0xda, 0xc9, 0x53, 0x5f, 0x3e, 0x29, 0x3e, 0x38,
    0x76, 0x6b, 0x90, 0x6f, 0x5c, 0xa7, 0xa7, 0x76, 0xda, 0xda, 0xe2, 0xe2, 0xe2, 0xe2, 0xc4, 0xb8,
    0xae, 0x7f, 0x64, 0x2f, 0x96, 0x96, 0x5c, 0x6b, 0x6b, 0x5a, 0x65, 0x6b, 0x3e, 0x5a, 0x6b, 0x6b,
    0x65, 0x5a, 0x5a, 0x6f, 0xa9, 0x6b, 0xa7, 0xc4, 0xc9, 0xc4, 0xda, 0xec, 0xec, 0xec, 0xda, 0xae,
    0x3e, 0x46, 0x58, 0x51, 0x4a, 0x7c, 0xb8, 0xc4, 0xc9, 0xe2, 0xe2, 0xec, 0xe2, 0xe2, 0xb8, 0xae,
    0xae, 0x9c, 0x89, 0x5b, 0x5b, 0x53, 0x43, 0x2f, 0x2f, 0x58, 0x3e, 0x42, 0x3e, 0x46, 0x46, 0x32,
    0x58, 0x8f, 0x6a, 0x7f, 0x6a, 0x6a, 0x98, 0x7f, 0x7f, 0x53, 0x2f, 0x92, 0x7c, 0x3c, 0x3c, 0x3c,
    0x34, 0x2c, 0x34, 0x2c, 0x3f, 0x45, 0x51, 0x60, 0x58, 0x65, 0x5a, 0x4b, 0x4b, 0x5a, 0x65, 0x65,
    0x46, 0x4b, 0x4b, 0x58, 0x34, 0x3f, 0xc4, 0xc4, 0xc9, 0xe2, 0xe2, 0xec, 0xe2, 0xe2, 0xb8, 0xae,
    0xae, 0x9c, 0x89, 0x5b, 0x5b, 0x53, 0x43, 0x2f, 0x2f, 0x53, 0x2f, 0x92, 0x7c, 0x3c, 0x3f, 0x3f,
    0x2c, 0x2f, 0x34, 0x34, 0x34, 0x2f, 0xc4, 0xc4, 0xc9, 0xe2, 0xe2, 0xec, 0xe2, 0xe2, 0xb8, 0xae,
    0xae, 0x9c, 0x89, 0x5b, 0x5b, 0x53, 0x43, 0x3f, 0x4a, 0x58, 0x46, 0x42, 0x46, 0x42, 0x38, 0x38,
    0xae, 0x9c, 0x89, 0x66, 0x53, 0x43, 0x43, 0xae, 0xa3, 0xae, 0x92, 0x92, 0x7c, 0x64, 0x3c, 0x3c,
    0x2c, 0x34, 0x2c, 0x34, 0x34, 0x34, 0x3c, 0xb8, 0xc9, 0xe2, 0xe2, 0xec, 0xe2, 0xe2, 0xb8, 0xae,
    0x2c, 0x34, 0x2c, 0x34, 0x34, 0x34, 0x3c, 0xb8, 0xc9, 0xe2, 0xe2, 0xec, 0xe2, 0xe2, 0xb8, 0xae,
    0xae, 0x9c, 0x89, 0x66, 0x53, 0x43, 0x43, 0xae, 0xa3, 0xae, 0x9c, 0x92, 0x7c, 0x64, 0x3c, 0x34,
    0x6b, 0xa9, 0x6b, 0x6b, 0xe2, 0xe6, 0xec, 0xda, 0xa3, 0x53, 0x5f, 0x2f, 0x53, 0x4b, 0x3e, 0x32,
    0x6b, 0xa9, 0x6b, 0x6b, 0x6b, 0x6b, 0xc7, 0xe2, 0xda, 0xe2, 0xe2, 0xe2, 0xe2, 0xe2, 0xa3, 0x9c,
    0x92, 0xa3, 0x64, 0x43, 0x96, 0x96, 0x72, 0x6d, 0x6b, 0x5c, 0x6b, 0x4b, 0x65, 0x6b, 0x65, 0x65,
    0x5a, 0x58, 0x5a, 0x4b, 0x6b, 0x6b, 0xc4, 0xc4, 0xc4, 0xdc, 0xe2, 0xec, 0xe2, 0xe2, 0xb8, 0xae,
    0x3e, 0x4b, 0x51, 0x4a, 0x64, 0xae, 0xc4, 0xcf, 0xe2, 0xec, 0xec, 0xec, 0xec, 0xda, 0x89, 0x92,
    0xa3, 0x92, 0xa3, 0x47, 0x53, 0x72, 0x66, 0x66, 0x53, 0x2f, 0x2f, 0x4b, 0x4b, 0x4b, 0x46, 0x29,
    0x58, 0x58, 0x78, 0x6a, 0x6a, 0x6a, 0x6a, 0x4a, 0x7f, 0x53, 0x2f, 0x2f, 0x7f, 0x47, 0x4a, 0x3f,
    0x2c, 0x34, 0x3f, 0x3f, 0x3a, 0x42, 0x51, 0x58, 0x65, 0x65, 0x67, 0x67, 0x65, 0x65, 0x65, 0x65,
    0x3e, 0x42, 0x58, 0x4b, 0x34, 0xc4, 0xc4, 0xcf, 0xe2, 0xec, 0xec, 0xec, 0xec, 0xda, 0x89, 0x92,
    0xa3, 0x92, 0xa3, 0x47, 0x53, 0x72, 0x66, 0x66, 0x5b, 0x2f, 0x3c, 0x2f, 0x7f, 0x47, 0x4a, 0x3f,
    0x34, 0x2f, 0x3f, 0x34, 0x34, 0xc4, 0xc4, 0xcf, 0xe2, 0xec, 0xec, 0xec, 0xec, 0xda, 0x89, 0x92,
    0xa3, 0x92, 0xa3, 0x47, 0x53, 0x72, 0x66, 0x66, 0x53, 0x2f, 0x2f, 0x4b, 0x4b, 0x42, 0x4b, 0x29,
    0xa3, 0x92, 0xa3, 0x47, 0x53, 0x66, 0x64, 0x43, 0xae, 0xa3, 0x89, 0x7c, 0x64, 0x3c, 0x3f, 0x2c,
    0x34, 0x34, 0x2f, 0x34, 0x34, 0xc4, 0xc4, 0xd7, 0xe2, 0xec, 0xec, 0xec, 0xec, 0xda, 0x89, 0x92,
    0x34, 0x34, 0x2f, 0x34, 0x34, 0xc4, 0xc4, 0xd7, 0xe2, 0xec, 0xec, 0xec, 0xec, 0xda, 0x89, 0x92,
    0xa3, 0x92, 0xa3, 0x47, 0x53, 0x66, 0x64, 0x43, 0xae, 0xa3, 0x89, 0x7c, 0x64, 0x3c, 0x3f, 0x2c,
    0x65, 0x73, 0x6b, 0xb8, 0xe2, 0xe2, 0xec, 0xc4, 0xae, 0x64, 0x64, 0x2f, 0x5f, 0x4b, 0x46, 0x29,
    0x65, 0x67, 0x6b, 0x6b, 0x6b, 0xc9, 0xda, 0xcf, 0xc9, 0xe2, 0xe2, 0xe2, 0xe2, 0xc9, 0xb8, 0x7f,
    0x7f, 0xa3, 0x53, 0x53, 0xae, 0x64, 0x5b, 0x66, 0x64, 0x6b, 0x5c, 0x69, 0x67, 0x6b, 0x6b, 0x67,
    0x58, 0x58, 0x5a, 0x6b, 0x8b, 0xc4, 0xc4, 0xcf, 0xe2, 0xec, 0xec, 0xec, 0xec, 0xda, 0x89, 0x92,
    0x3e, 0x4b, 0x60, 0x6a, 0xae, 0xc9, 0xc9, 0xda, 0xe2, 0xda, 0xdc, 0xec, 0xe2, 0xc4, 0xa3, 0x7f,
    0x7f, 0x7f, 0x92, 0x53, 0x5f, 0x96, 0x64, 0x5b, 0x66, 0x5b, 0x53, 0x2f, 0x58, 0x58, 0x4b, 0x46,
    0x5c, 0x46, 0x69, 0x78, 0x78, 0x78, 0x78, 0x6a, 0x53, 0x6a, 0x4a, 0x53, 0x34, 0x3f, 0x3f, 0x34,
    0x2f, 0x34, 0x34, 0x3a, 0x45, 0x51, 0x58, 0x5a, 0x65, 0x65, 0x6b, 0x67, 0x6b, 0x58, 0x76, 0x58,
    0x3e, 0x3e, 0x3c, 0x3c, 0xc4, 0xd4, 0xc9, 0xda, 0xe2, 0xda, 0xdc, 0xec, 0xe2, 0xc4, 0xa3, 0x7f,
    0x7f, 0x7f, 0x92, 0x53, 0x5f, 0x96, 0x64, 0x5b, 0x66, 0x5b, 0x47, 0x2f, 0x34, 0x3f, 0x2c, 0x34,
    0x34, 0x3c, 0x4a, 0x3c, 0xc4, 0xd4, 0xc9, 0xda, 0xe2, 0xda, 0xdc, 0xec, 0xe2, 0xc4, 0xa3, 0x7f,
    0x7f, 0x7f, 0x92, 0x53, 0x5f, 0x96, 0x64, 0x5b, 0x66, 0x5b, 0x47, 0x2f, 0x34, 0x4b, 0x4b, 0x4b,
    0x7f, 0x7f, 0x92, 0x53, 0x5f, 0x96, 0x64, 0x5b, 0x66, 0x64, 0x66, 0x64, 0x34, 0x3f, 0x3f, 0x34,
    0x2f, 0x2f, 0x3c, 0x2f, 0xc4, 0xd4, 0xc9, 0xda, 0xe2, 0xda, 0xdc, 0xec, 0xe2, 0xb8, 0xae, 0x7f,
    0x2f, 0x2f, 0x3c, 0x2f, 0xc4, 0xd4, 0xc9, 0xda, 0xe2, 0xda, 0xdc, 0xec, 0xe2, 0xb8, 0xae, 0x7f,
    0x7f, 0x7f, 0x92, 0x53, 0x5f, 0x96, 0x64, 0x5b, 0x66, 0x53, 0x66, 0x64, 0x34, 0x3f, 0x3f, 0x34,
    0x5c, 0x65, 0xb8, 0xda, 0xe2, 0xe2, 0xda, 0xb8, 0x7f, 0xae, 0x53, 0x43, 0x2f, 0x1d, 0x3f, 0x3a,
    0x6b, 0x6b, 0x6b, 0x65, 0xbb, 0xda, 0xe2, 0xda, 0xda, 0xda, 0xda, 0xda, 0xc4, 0xc4, 0xb8, 0xc0,
    0xa3, 0x7f, 0x7f, 0x64, 0xae, 0xae, 0x64, 0x64, 0x64, 0x2f, 0x64, 0x5c, 0x76, 0x6f, 0x6b, 0x6b,
    0x58, 0x3e, 0x6b, 0x4b, 0xc4, 0xd4, 0xc4, 0xda, 0xe2, 0xda, 0xdc, 0xec, 0xe2, 0xb8, 0xa3, 0x7f,
    0x3b, 0x42, 0x4b, 0x8f, 0xd4, 0xda, 0xc9, 0xda, 0xbe, 0xda, 0xda, 0xda, 0xb8, 0xb8, 0xae, 0xae,
    0xa3, 0xa3, 0x7f, 0x72, 0x64, 0xa3, 0xa3, 0x92, 0x5b, 0x66, 0x5b, 0x53, 0x54, 0x5c, 0x4b, 0x46,
    0x65, 0x58, 0x6b, 0x70, 0x82, 0x78, 0x69, 0x78, 0x78, 0x78, 0x8f, 0x8f, 0x4a, 0x34, 0x4a, 0x34,
    0x2f, 0x34, 0x3f, 0x45, 0x3a, 0x51, 0x58, 0x5a, 0x65, 0x65, 0x58, 0x79, 0x79, 0x6b, 0xa7, 0x58,
    0x3e, 0x51, 0x6a, 0x8f, 0xd4, 0xda, 0xc9, 0xda, 0xbe, 0xda, 0xda, 0xda, 0xb8, 0xb8, 0xae, 0xae,
    0xa3, 0xa3, 0x7f, 0x72, 0x64, 0xa3, 0xa3, 0x92, 0x5b, 0x64, 0x53, 0x53, 0x5b, 0x34, 0x3f, 0x34,
    0x2f, 0x2f, 0x6a, 0x8f, 0xd4, 0xda, 0xc9, 0xda, 0xbe, 0xda, 0xda, 0xda, 0xb8, 0xb8, 0xae, 0xae,
    0xa3, 0xa3, 0x7f, 0x72, 0x64, 0xa3, 0xa3, 0x92, 0x5b, 0x66, 0x53, 0x53, 0x5b, 0x3f, 0x51, 0x4b,
    0xa3, 0xa3, 0x7f, 0x72, 0x64, 0xa3, 0xa3, 0x92, 0x5b, 0x64, 0x53, 0x5b, 0x5b, 0x34, 0x3f, 0x34,
    0x34, 0x2f, 0x3c, 0x8f, 0xd4, 0xda, 0xc9, 0xda, 0xbe, 0xda, 0xda, 0xda, 0xb8, 0xb8, 0xae, 0xae,
    0x2f, 0x2f, 0x3c, 0x8f, 0xd4, 0xda, 0xc9, 0xda, 0xbe, 0xda, 0xda, 0xda, 0xb8, 0xb8, 0xae, 0xae,
    0xa3, 0xa3, 0x7f, 0x72, 0x64, 0xa3, 0x9c, 0x92, 0x5b, 0x64, 0x53, 0x53, 0x5b, 0x34, 0x3f, 0x4a,
    0x6b, 0xbe, 0xda, 0xda, 0xb8, 0xda, 0xa3, 0xc9, 0xc4, 0xa3, 0xa3, 0x2f, 0x3c, 0x2f, 0x2f, 0x3b,
    0x6b, 0x6b, 0x6b, 0x8f, 0xda, 0xd4, 0xda, 0xcf, 0xda, 0xda, 0xe2, 0xae, 0xb8, 0xb8, 0xc0, 0xc4,
    0xc9, 0xa3, 0xae, 0x9c, 0x64, 0xa3, 0x89, 0x64, 0x1d, 0x53, 0x53, 0x5c, 0xb0, 0x4b, 0x5a, 0x5c,
    0x65, 0x4b, 0x6b, 0x8f, 0xd4, 0xda, 0xc4, 0xda, 0xbe, 0xda, 0xda, 0xda, 0xb8, 0xb8, 0xae, 0xae,
    0x34, 0x3e, 0x80, 0x98, 0xbe, 0xbe, 0x8f, 0xaa, 0xbb, 0xc4, 0xc9, 0xb8, 0xbe, 0xae, 0xb8, 0xb8,
    0xae, 0x92, 0x7f, 0x92, 0x64, 0x89, 0xae, 0xa3, 0x7f, 0x72, 0x53, 0x53, 0x53, 0x5b, 0x42, 0x46,
    0x76, 0x76, 0x76, 0x76, 0x6b, 0x6b, 0x6b, 0x69, 0x78, 0x78, 0x78, 0x78, 0x6a, 0x5e, 0x5e, 0x34,
    0x34, 0x22, 0x3b, 0x42, 0x51, 0x65, 0x58, 0x58, 0x5a, 0x65, 0x6f, 0xa9, 0x79, 0x65, 0x65, 0x65,
    0x58, 0x46, 0x78, 0x98, 0xbe, 0xbe, 0x8f, 0xa0, 0xb8, 0xc4, 0xc9, 0xb8, 0xbe, 0xae, 0xb8, 0xb8,
    0xae, 0x92, 0x7f, 0x92, 0x64, 0x89, 0xae, 0xa3, 0x7f, 0x72, 0x53, 0x53, 0x53, 0x5b, 0x34, 0x34,
    0x34, 0x34, 0x78, 0x8f, 0xbe, 0xbe, 0x98, 0xa3, 0xbb, 0xc4, 0xc4, 0xb8, 0xbe, 0xae, 0xb8, 0xb8,
    0xae, 0x92, 0x7f, 0x89, 0x64, 0x89, 0xae, 0xa3, 0x7f, 0x72, 0x53, 0x53, 0x55, 0x4a, 0x45, 0x4b,
    0xae, 0x92, 0x7f, 0x92, 0x64, 0x89, 0xae, 0xa3, 0x7f, 0x64, 0x43, 0x43, 0x53, 0x5b, 0x34, 0x47,
    0x3a, 0x22, 0x8f, 0x98, 0xbe, 0xbe, 0xbe, 0xb1, 0xc4, 0xc9, 0xd4, 0xc4, 0xae, 0xae, 0xb8, 0xb8,
    0x34, 0x34, 0x69, 0x8f, 0xbe, 0xbe, 0xbe, 0xb1, 0xc4, 0xc9, 0xd4, 0xc4, 0xae, 0xae, 0xb8, 0xb8,
    0xae, 0x92, 0x7f, 0x92, 0x64, 0x89, 0xae, 0xa3, 0x7f, 0x64, 0x43, 0x47, 0x43, 0x5b, 0x4a, 0x4a,
    0x91, 0xb1, 0xae, 0xd4, 0xbe, 0xd4, 0xbe, 0xc9, 0xda, 0xc9, 0x2f, 0x3c, 0x53, 0x34, 0x25, 0x2d,
    0x65, 0x76, 0x65, 0x8f, 0xbe, 0xda, 0xd4, 0xc9, 0xe2, 0xe2, 0xd7, 0xcf, 0xc9, 0xa3, 0xc4, 0xc9,
    0xc9, 0xc9, 0xb8, 0xae, 0x5f, 0xa3, 0xa3, 0x64, 0x2f, 0x2f, 0x2f, 0x47, 0x90, 0x67, 0x5a, 0x5a,
    0x6b, 0x76, 0x80, 0x98, 0xbe, 0xbe, 0x8f, 0x8f, 0xb8, 0xc4, 0xb8, 0xb8, 0xb1, 0xaa, 0xb8, 0xb8,
    0x5c, 0x78, 0x8f, 0x8f, 0x98, 0x8f, 0x3f, 0x9a, 0xd4, 0xc9, 0xbe, 0xbe, 0x8f, 0xae, 0xae, 0xb8,
    0xb8, 0xb1, 0x92, 0xa3, 0x9c, 0x64, 0xa3, 0x7f, 0x7f, 0x64, 0x53, 0x55, 0x47, 0x55, 0x53, 0x8b,
    0x71, 0x83, 0x83, 0x6b, 0x6b, 0x6b, 0x6b, 0x6b, 0x69, 0x78, 0x69, 0x78, 0x5e, 0x5e, 0xb8, 0xc4,
    0x7c, 0x51, 0x3b, 0x42, 0x58, 0x58, 0x90, 0x6b, 0x58, 0x5a, 0x58, 0x5a, 0x6b, 0x5a, 0x65, 0x65,
    0x58, 0x69, 0x8f, 0x98, 0x98, 0x8f, 0x4a, 0x98, 0xd4, 0xc9, 0xbe, 0xbe, 0x8f, 0xae, 0xae, 0xb8,
    0xb8, 0xb1, 0x92, 0xa3, 0x9c, 0x64, 0xa3, 0x7f, 0x7f, 0x64, 0x53, 0x47, 0x47, 0x53, 0x3f, 0x9f,
    0x58, 0x51, 0x78, 0x8f, 0x98, 0x8f, 0x4a, 0xa0, 0xd4, 0xc9, 0xbe, 0xbe, 0x8f, 0xae, 0xae, 0xb8,
    0xb8, 0xb1, 0x92, 0xa3, 0x9c, 0x64, 0xa3, 0x7f, 0x7f, 0x72, 0x64, 0x55, 0x5e, 0x4a, 0x69, 0x6f,
    0xb8, 0xb1, 0x92, 0xa3, 0x9c, 0x64, 0xa3, 0x7f, 0x7f, 0x64, 0x53, 0x53, 0x43, 0x53, 0x53, 0x53,
    0x22, 0x8f, 0x8f, 0x8f, 0x8f, 0xb1, 0xbe, 0xb8, 0xd4, 0xc9, 0xbe, 0xc9, 0xbe, 0xae, 0xae, 0xb8,
    0x3b, 0x58, 0x69, 0x78, 0x8f, 0x98, 0xbe, 0xb8, 0xd4, 0xc9, 0xbe, 0xc9, 0xbe, 0xae, 0xae, 0xb8,
    0xb8, 0xb1, 0x92, 0xa3, 0x9c, 0x64, 0xa3, 0x7f, 0x7f, 0x64, 0x55, 0x47, 0x43, 0x45, 0x69, 0x6b,
    0x7c, 0x98, 0x8f, 0xbe, 0x98, 0xae, 0xd4, 0xc9, 0xc9, 0x5e, 0x92, 0x22, 0x22, 0x2d, 0x22, 0x34,
    0x58, 0x58, 0x6b, 0x9f, 0x98, 0xbe, 0xbe, 0xc9, 0xe2, 0xe2, 0xe2, 0xb8, 0xc9, 0xa3, 0xe2, 0xc9,
    0xda, 0xa3, 0x89, 0x92, 0x72, 0x89, 0x64, 0x3c, 0x34, 0x3a, 0x45, 0x4b, 0x58, 0x58, 0x58, 0x4b,
    0x6b, 0x78, 0x8f, 0x8f, 0x8f, 0x8f, 0x3f, 0x8f, 0xd4, 0xc4, 0xbe, 0xbe, 0x8f, 0xae, 0xae, 0xb8,
    0x69, 0x69, 0x78, 0x78, 0x78, 0x3f, 0x78, 0xbe, 0xc9, 0xbe, 0xb1, 0x5e, 0x7c, 0xae, 0xbe, 0xb1,
    0xb1, 0x8f, 0xb8, 0x9c, 0xae, 0xa3, 0x89, 0x92, 0x92, 0x64, 0x55, 0x4a, 0x5e, 0x55, 0x55, 0x69,
    0x65, 0x76, 0xb0, 0x6b, 0x6b, 0x6b, 0x6b, 0x6b, 0x76, 0x6b, 0x6b, 0x78, 0x5e, 0xb8, 0xda, 0xda,
    0x92, 0x88, 0x69, 0x4b, 0x76, 0x5c, 0x76, 0xa7, 0x76, 0x5a, 0x5a, 0x58, 0x5a, 0x5a, 0x65, 0x65,
    0x58, 0x58, 0x78, 0x78, 0x6a, 0x5e, 0x78, 0xbe, 0xc9, 0xbe, 0xb1, 0x78, 0x88, 0xae, 0xbe, 0xb1,
    0xb1, 0x8f, 0xb8, 0x9c, 0xae, 0xa3, 0x89, 0x92, 0x92, 0x6a, 0x55, 0x55, 0x3f, 0x34, 0x34, 0x6b,
    0x58, 0x69, 0x5a, 0x69, 0x78, 0x4a, 0x78, 0xb1, 0xc0, 0xbe, 0xb1, 0x78, 0x80, 0xa3, 0xbe, 0xb1,
    0xb1, 0x8f, 0xae, 0xae, 0xae, 0xa3, 0x92, 0x92, 0x92, 0x72, 0x64, 0x53, 0x6a, 0x69, 0x6b, 0x6b,
    0xb1, 0xae, 0xb8, 0xa3, 0xae, 0xa3, 0x89, 0x92, 0x89, 0x53, 0x53, 0x53, 0x64, 0x5b, 0x92, 0xae,
    0x53, 0x43, 0x3c, 0x6a, 0x78, 0x8f, 0x98, 0xac, 0xc9, 0xca, 0xd4, 0xbe, 0x98, 0xae, 0xbe, 0xb1,
    0x6b, 0x6b, 0x6b, 0x69, 0x82, 0x8f, 0x98, 0xac, 0xc9, 0xca, 0xd4, 0xbe, 0x98, 0xae, 0xbe, 0xb1,
    0xb1, 0xae, 0xb8, 0xa3, 0xae, 0xa3, 0x89, 0x92, 0x89, 0x64, 0x53, 0x55, 0x45, 0x69, 0x6b, 0x6b,
    0x69, 0x69, 0x78, 0x8f, 0xbe, 0xd4, 0xc9, 0xd4, 0xc9, 0xbe, 0x7c, 0x3f, 0x3f, 0x34, 0x3b, 0x58,
    0x58, 0x3e, 0x5a, 0x6f, 0x91, 0x98, 0xbe, 0xbe, 0xda, 0xdc, 0xda, 0xd4, 0xcf, 0xb8, 0xda, 0xda,
    0xc0, 0x92, 0x64, 0x64, 0x3c, 0x7f, 0x64, 0x2f, 0x34, 0x3a, 0x3b, 0x51, 0x58, 0x52, 0x4b, 0x46,
    0x6b, 0x4a, 0x4a, 0x4a, 0x5e, 0x4a, 0x5e, 0xb1, 0xc4, 0xbe, 0xb1, 0x5e, 0x7c, 0xae, 0xbe, 0xb1,
    0x69, 0x60, 0x60, 0x4a, 0x4a, 0x4a, 0x98, 0xb1, 0x98, 0x8f, 0x5e, 0x5e, 0x8f, 0x7c, 0xa3, 0x9a,
    0xae, 0x5e, 0x5e, 0x92, 0x92, 0x7f, 0x72, 0x72, 0x64, 0x55, 0x55, 0x4a, 0x60, 0x6b, 0x69, 0x76,
    0x58, 0x4b, 0x6b, 0x6b, 0x65, 0x76, 0x70, 0x65, 0x6b, 0x9f, 0x4b, 0x58, 0xb8, 0xda, 0xc9, 0xc4,
    0xae, 0x89, 0x7c, 0x51, 0x4b, 0x6f, 0x6f, 0x65, 0x65, 0x65, 0x65, 0x58, 0x4b, 0x6b, 0x5a, 0x5a,
    0x5a, 0x69, 0x69, 0x51, 0x5e, 0x80, 0x98, 0xb1, 0x98, 0x8f, 0x78, 0x80, 0x8f, 0x8f, 0xa3, 0x9a,
    0xae, 0x78, 0x5e, 0x92, 0x92, 0x72, 0x72, 0x6a, 0x7c, 0x5e, 0x4a, 0x4a, 0x3f, 0x3f, 0x58, 0x51,
    0x5a, 0x65, 0x6b, 0x69, 0x51, 0x5e, 0x78, 0x98, 0x98, 0x8f, 0x78, 0x78, 0x78, 0x78, 0x92, 0x92,
    0xae, 0x80, 0x78, 0x7c, 0x89, 0x7c, 0x7f, 0x72, 0x7c, 0x6a, 0x53, 0x78, 0x6b, 0x58, 0x76, 0x76,
    0xae, 0xb1, 0xa3, 0x89, 0x92, 0x7f, 0x72, 0x7f, 0x64, 0x53, 0x47, 0x64, 0x64, 0xae, 0xda, 0xa3,
    0xae, 0x64, 0x3c, 0x3f, 0x8f, 0x8f, 0x8f, 0xb1, 0xb1, 0xd4, 0xbe, 0xb1, 0x8f, 0xb1, 0xa3, 0x88,
    0x65, 0x6b, 0x6b, 0x6b, 0x69, 0x78, 0x8f, 0xb1, 0xb1, 0xd4, 0xbe, 0xb1, 0x8f, 0xb1, 0xa3, 0x88,
    0xae, 0xb1, 0xa3, 0x89, 0x92, 0x7f, 0x72, 0x7f, 0x64, 0x55, 0x55, 0x53, 0x60, 0x69, 0x76, 0x90,
    0x58, 0x69, 0x69, 0x8f, 0x78, 0xb1, 0xb1, 0xd4, 0xc0, 0x8f, 0x78, 0x3f, 0x34, 0x69, 0x58, 0x6b,
    0x58, 0x5a, 0x5c, 0x6b, 0x76, 0x90, 0x91, 0xbe, 0xd4, 0xda, 0xe2, 0xd1, 0xd4, 0xe2, 0xda, 0xae,
    0xae, 0x7c, 0x6a, 0x6a, 0x6a, 0x7f, 0x7f, 0x2f, 0x34, 0x3b, 0x58, 0x69, 0x69, 0x4b, 0x3e, 0x46,
    0x5a, 0x69, 0x4a, 0x4a, 0x55, 0x4a, 0x8f, 0xb1, 0xa0, 0x8f, 0x5e, 0x5e, 0x8f, 0x88, 0xa3, 0x88,
    0x6b, 0x65, 0x69, 0x4a, 0x4a, 0x6a, 0x8f, 0x8f, 0x5e, 0xda, 0xc9, 0x89, 0x53, 0x8f, 0x92, 0x8f,
    0x8f, 0x6a, 0x5e, 0x7c, 0x72, 0x72, 0x72, 0x72, 0x64, 0x5e, 0x60, 0x51, 0x6b, 0x6b, 0x9f, 0x76,
    0x58, 0x6b, 0x6b, 0x76, 0x76, 0xa7, 0x58, 0x58, 0x5a, 0x4b, 0x6b, 0xb8, 0xc4, 0xae, 0xc4, 0x89,
    0xae, 0x64, 0x53, 0x7f, 0x58, 0xa9, 0x58, 0x6b, 0x65, 0x6b, 0x5c, 0x65, 0x5a, 0x58, 0x58, 0x58,
    0x67, 0x67, 0x6b, 0x69, 0x5e, 0x6a, 0x8f, 0x80, 0x78, 0x6a, 0x5e, 0x78, 0x8f, 0x8f, 0x92, 0x8f,
    0x8f, 0x6a, 0x5e, 0x6a, 0x7c, 0x64, 0x6a, 0x72, 0x5e, 0x5e, 0x5e, 0x4a, 0x51, 0x76, 0x9f, 0x58,
    0x58, 0x6b, 0x6b, 0x6b, 0x69, 0x4a, 0x5e, 0x8f, 0x78, 0x78, 0x78, 0x69, 0x69, 0x78, 0x78, 0x78,
    0x78, 0x78, 0x78, 0x78, 0x5e, 0x6a, 0x6a, 0x7c, 0x72, 0x7c, 0x91, 0x76, 0x76, 0x76, 0x9f, 0x65,
    0x80, 0x8f, 0x92, 0x7c, 0x7c, 0x72, 0x7f, 0x92, 0x7c, 0x3c, 0x3c, 0x43, 0xae, 0xae, 0xda, 0x92,
    0x92, 0x64, 0x92, 0x3c, 0x55, 0x5e, 0x8f, 0xa0, 0xb1, 0xda, 0xa3, 0x89, 0x5f, 0x8f, 0x92, 0x7c,
    0x5a, 0x65, 0x67, 0x6b, 0x6b, 0x91, 0x8f, 0x8f, 0xb1, 0xda, 0xa3, 0x89, 0x5f, 0x8f, 0x92, 0x7c,
    0x80, 0x8f, 0x92, 0x72, 0x72, 0x72, 0x7f, 0x92, 0x7c, 0x55, 0x3c, 0x45, 0x69, 0x76, 0x76, 0x76,
    0x58, 0x5a, 0x69, 0x78, 0x78, 0x8f, 0x8f, 0xb1, 0x8f, 0x80, 0x6a, 0x3f, 0x58, 0x6b, 0xa7, 0x5c,
    0x58, 0x4b, 0x5a, 0x67, 0x76, 0xb1, 0x69, 0x91, 0xbe, 0xd4, 0xd4, 0xb3, 0xd4, 0xda, 0xae, 0x89,
    0x92, 0x74, 0x5e, 0x5e, 0x7c, 0x6a, 0x4a, 0x34, 0x34, 0x76, 0x58, 0x65, 0x5a, 0x46, 0x29, 0x3e,
    0x5a, 0x69, 0x69, 0x4a, 0x4a, 0x78, 0x78, 0x8f, 0x78, 0xda, 0xc4, 0x89, 0x53, 0x8f, 0x80, 0x8f,
    0x6b, 0x6f, 0x6b, 0x51, 0x69, 0x5e, 0x78, 0x8f, 0xda, 0xe2, 0xda, 0xae, 0x53, 0x55, 0x78, 0x6a,
    0x78, 0x3f, 0x5e, 0x6a, 0x7c, 0x64, 0x72, 0x7f, 0x6a, 0x60, 0x51, 0x6b, 0x76, 0x90, 0x76, 0x65,
    0x4b, 0x6b, 0xa7, 0x76, 0x58, 0x6b, 0x4b, 0x6b, 0x69, 0x65, 0xb8, 0x89, 0x64, 0xc4, 0x92, 0x89,
    0x64, 0xae, 0x64, 0x2f, 0x3c, 0xa9, 0x4b, 0x58, 0x58, 0x5a, 0x5c, 0x65, 0x67, 0x4b, 0x4b, 0x4b,
    0x6b, 0x76, 0x76, 0x76, 0x69, 0x5e, 0x78, 0x8f, 0x69, 0x78, 0x5e, 0x78, 0x9f, 0x69, 0x78, 0x7c,
    0x78, 0x4a, 0x5e, 0x5e, 0x78, 0x78, 0x78, 0x69, 0x78, 0x78, 0x51, 0x58, 0x6b, 0x90, 0x76, 0x67,
    0x70, 0x76, 0x76, 0x71, 0x69, 0x51, 0x51, 0x78, 0x78, 0x78, 0x69, 0x58, 0x69, 0x78, 0x58, 0x4b,
    0x4b, 0x58, 0x58, 0x51, 0x78, 0x7c, 0x7c, 0x72, 0x78, 0x5a, 0x5a, 0x6b, 0x9f, 0xa9, 0x79, 0x65,
    0x80, 0x80, 0x80, 0x7c, 0x72, 0x6a, 0x7c, 0x7f, 0x64, 0x6a, 0x34, 0x53, 0xa3, 0xda, 0x92, 0x92,
    0x64, 0x72, 0x53, 0x2f, 0x47, 0x47, 0x5e, 0x8f, 0xda, 0xe2, 0x92, 0xae, 0x43, 0x47, 0x78, 0x7c,
    0x65, 0x58, 0x6b, 0x6f, 0x76, 0x91, 0x78, 0x8f, 0xda, 0xe2, 0x92, 0xae, 0x43, 0x47, 0x78, 0x7c,
    0x80, 0x80, 0x80, 0x8f, 0x72, 0x64, 0x7c, 0x7f, 0x7c, 0x55, 0x51, 0x60, 0x6b, 0x76, 0x76, 0xa7,
    0x58, 0x5a, 0x65, 0x65, 0x6b, 0x58, 0x78, 0x78, 0x8f, 0x78, 0x78, 0x76, 0x9f, 0x90, 0x76, 0x67,
    0x5a, 0x65, 0x65, 0x6b, 0x6b, 0x5c, 0x6b, 0x58, 0x69, 0x91, 0x91, 0x91, 0xbe, 0x98, 0x98, 0x8f,
    0x7c, 0x69, 0x4a, 0x69, 0x78, 0x7c, 0x5e, 0x34, 0x58, 0x3b, 0x4b, 0x6b, 0x58, 0x58, 0x46, 0x29,
    0x4b, 0x65, 0x91, 0x6b, 0x58, 0x51, 0x78, 0x98, 0xda, 0xe2, 0xda, 0xae, 0x53, 0x64, 0x8f, 0x7c,
    0x6b, 0x76, 0x76, 0x6f, 0x69, 0x69, 0x7c, 0xe2, 0xe2, 0xda, 0xb8, 0x92, 0x64, 0x53, 0x64, 0x7c,
    0x8f, 0x3f, 0x4a, 0x5e, 0x6a, 0x7c, 0x7c, 0x78, 0x6a, 0x51, 0x60, 0x6b, 0x6f, 0x6b, 0x65, 0x5a,
    0x46, 0x4b, 0x5a, 0x6b, 0x6b, 0x6b, 0xa7, 0x58, 0x58, 0x7f, 0x7f, 0x7f, 0x89, 0x89, 0x53, 0x92,
    0x9c, 0xae, 0x92, 0x43, 0x3c, 0x43, 0x51, 0x65, 0x5a, 0x5a, 0x58, 0x4b, 0x90, 0x5c, 0x58, 0x58,
    0x6b, 0x76, 0x8b, 0x76, 0x65, 0x5a, 0x5a, 0x5a, 0x5a, 0x58, 0x69, 0x65, 0x69, 0x58, 0x58, 0x4b,
    0x4b, 0x3b, 0x34, 0x3b, 0x4b, 0x9f, 0x6b, 0x5a, 0x69, 0x58, 0x58, 0x58, 0x5a, 0x65, 0x65, 0x65,
    0x67, 0x76, 0x8b, 0x76, 0x65, 0x5a, 0x58, 0x5a, 0x65, 0x65, 0x5a, 0x58, 0x58, 0x58, 0x4b, 0x46,
    0x52, 0x58, 0x5a, 0x58, 0x58, 0x9f, 0x6b, 0x5a, 0x5a, 0x5a, 0x5a, 0x5a, 0x65, 0x65, 0x65, 0x5a,
    0x80, 0x78, 0x80, 0x80, 0x80, 0x7c, 0x78, 0x6a, 0x55, 0x3c, 0x64, 0xae, 0x9c, 0x89, 0x92, 0x92,
    0x92, 0x92, 0x47, 0x47, 0x3c, 0x55, 0x3c, 0xe2, 0xe2, 0xae, 0xae, 0x92, 0x3c, 0x3c, 0x3c, 0x47,
    0x65, 0x6b, 0x6b, 0x6b, 0x6b, 0x6b, 0x6b, 0xe2, 0xe2, 0xae, 0xae, 0x92, 0x3c, 0x3c, 0x3c, 0x47,
    0x80, 0x78, 0x80, 0x8f, 0x7c, 0x78, 0x7c, 0x7c, 0x6a, 0x4a, 0x51, 0x60, 0x6b, 0x76, 0x8b, 0x76,
    0x5a, 0x65, 0x5a, 0x58, 0x58, 0xa7, 0x58, 0x52, 0x46, 0x58, 0x5c, 0x5c, 0x67, 0x70, 0x67, 0x5c,
    0x5a, 0x65, 0x5c, 0x5a, 0x4b, 0xa7, 0x4b, 0x4b, 0x58, 0x5a, 0x65, 0x6b, 0x6b, 0x76, 0x6b, 0x6b,
    0x6b, 0x76, 0x8b, 0x76, 0x67, 0x5c, 0x5c, 0x5c, 0x6b, 0x22, 0x5c, 0x5a, 0x58, 0x58, 0x4b, 0x46,
    0x46, 0x4b, 0x58, 0x58, 0x58, 0x69, 0x7c, 0xe2, 0xe2, 0xda, 0xae, 0x89, 0x64, 0x53, 0x64, 0x7c,
    0x58, 0x4b, 0x65, 0x65, 0x5c, 0x4b, 0x46, 0x46, 0x46, 0x3e, 0x4b, 0x5c, 0xa7, 0xa7, 0x5c, 0xb0,
    0x4b, 0x4b, 0x46, 0x46, 0x46, 0x69, 0xbb, 0xda, 0xda, 0xda, 0x7f, 0x53, 0x64, 0x2f, 0x3c, 0x2f,
    0x5e, 0x34, 0x3f, 0x4a, 0x5e, 0x5e, 0x8f, 0x78, 0x69, 0x65, 0x58, 0x58, 0x4b, 0x52, 0x58, 0x6b,
    0x3e, 0x67, 0x79, 0x76, 0x6b, 0x83, 0x8b, 0x69, 0x53, 0x64, 0x64, 0x64, 0x53, 0x53, 0x53, 0x92,
    0x92, 0x64, 0x53, 0x53, 0x47, 0x3f, 0x4a, 0x45, 0x6b, 0x6b, 0x65, 0x6b, 0x71, 0x8b, 0x4b, 0x6b,
    0x92, 0x64, 0x47, 0x43, 0x2f, 0x43, 0xc0, 0xda, 0xda, 0xda, 0x7f, 0x53, 0x64, 0x2f, 0x3c, 0x3c,
    0x5e, 0x34, 0x3f, 0x3f, 0x4a, 0x5e, 0x8f, 0x7c, 0x53, 0x7f, 0x64, 0x6a, 0x53, 0x53, 0x53, 0x89,
    0xee, 0xb5, 0xa1, 0x45, 0x84, 0x93, 0xa5, 0xb6, 0xbf, 0xd8, 0xce, 0xa5, 0x81, 0x75, 0x7a, 0x81,
    0xa5, 0xc8, 0xdb, 0xdb, 0xe7, 0xdb, 0xa2, 0xcc, 0xf5, 0xfb, 0xf1, 0xee, 0xe4, 0xba, 0x87, 0x68,
    0x44, 0x41, 0x56, 0x87, 0x8e, 0x8e, 0xa2, 0xa2, 0xa2, 0xc3, 0x8e, 0x06, 0x06, 0x15, 0x2b, 0x15,
    0x1c, 0x15, 0x44, 0x8e, 0x8e, 0x7b, 0x7b, 0x87, 0x59, 0x44, 0x2b, 0x2b, 0x25, 0x25, 0x56, 0xce,
    0x87, 0x87, 0x87, 0x74, 0x75, 0x47, 0x75, 0x74, 0x74, 0x84, 0x74, 0x74, 0x81, 0x81, 0x84, 0x74,
    0x75, 0x8a, 0x74, 0x74, 0x8a, 0x81, 0x8a, 0x9b, 0xa5, 0xa5, 0xa5, 0x7a, 0x47, 0x3f, 0x2b, 0x41,
    0x87, 0x87, 0x8e, 0x13, 0x13, 0x34, 0x3f, 0x45, 0x45, 0x45, 0x45, 0x3f, 0x45, 0x45, 0x45, 0x45,
    0x45, 0x3f, 0x25, 0x13, 0x13, 0x3f, 0x3f, 0x45, 0x3a, 0x45, 0x3a, 0x44, 0x59, 0x2b, 0x15, 0x15,
    0x15, 0x15, 0x44, 0x8e, 0x8e, 0x7b, 0x7b, 0x87, 0x59, 0x44, 0x25, 0x04, 0x13, 0xce, 0xec, 0xee,
    0x5c, 0x6b, 0x6b, 0x6b, 0x5c, 0x4b, 0x46, 0x4b, 0x4b, 0x3e, 0xa9, 0x4b, 0xa7, 0xa7, 0x6b, 0xa9,
    0x4b, 0x3e, 0x4b, 0x46, 0x46, 0xae, 0xa3, 0xda, 0x7f, 0xa3, 0x7f, 0xa3, 0x72, 0x7f, 0x2f, 0x1d,
    0x3c, 0x3f, 0x3f, 0x3f, 0x51, 0x60, 0x78, 0x6b, 0x76, 0x5c, 0x58, 0x4b, 0x46, 0x46, 0x58, 0x65,
    0x3e, 0xa9, 0x6b, 0x6b, 0xb0, 0x6b, 0x6b, 0x69, 0x47, 0x64, 0x64, 0x72, 0x53, 0x53, 0x64, 0x53,
    0x43, 0x53, 0x47, 0x53, 0x47, 0x3f, 0x3f, 0x3f, 0x3f, 0x4b, 0x65, 0x65, 0x6b, 0x6f, 0x79, 0x76,
    0x43, 0x53, 0x43, 0x43, 0x47, 0xae, 0xa3, 0xda, 0x7f, 0xa3, 0x7f, 0xa3, 0x7f, 0x7f, 0x2f, 0x1d,
    0x3c, 0x3f, 0x34, 0x3f, 0x5e, 0x4a, 0x55, 0x64, 0x7f, 0x53, 0x53, 0x64, 0x53, 0x53, 0x64, 0x53,
    0xd8, 0xa1, 0x4a, 0x8a, 0x93, 0x9b, 0xa1, 0xb6, 0xbf, 0xd8, 0xbf, 0x81, 0x74, 0x75, 0x7a, 0x8e,
    0xa5, 0xcc, 0xd6, 0xcc, 0xe0, 0xc3, 0xb5, 0xe0, 0xf5, 0xf1, 0xf5, 0xee, 0xe7, 0xc3, 0x7b, 0x68,
    0x44, 0x68, 0x8e, 0x8e, 0x97, 0xa2, 0xa2, 0xad, 0x87, 0xa2, 0x8e, 0x06, 0x02, 0x15, 0x2b, 0x27,
    0x1c, 0x25, 0x3a, 0x8e, 0x7a, 0x81, 0x9b, 0x81, 0x7a, 0x44, 0x39, 0x2b, 0x2f, 0x2f, 0x2b, 0x74,
    0xba, 0xc3, 0x87, 0x56, 0x56, 0x75, 0x7a, 0x78, 0x74, 0x74, 0x84, 0x8a, 0x74, 0x7a, 0x84, 0x91,
    0x74, 0x74, 0x74, 0x6d, 0x6d, 0x81, 0x81, 0x9b, 0xa1, 0x9b, 0xa5, 0x81, 0x3f, 0x15, 0xf1, 0xf1,
    0xba, 0xc3, 0x87, 0x56, 0x56, 0x3f, 0x45, 0x45, 0x45, 0x45, 0x3f, 0x45, 0x3f, 0x45, 0x45, 0x45,
    0x45, 0x3a, 0x3a, 0x1b, 0x19, 0x1b, 0x1b, 0x1b, 0x34, 0x3f, 0x34, 0x41, 0x59, 0xba, 0xf1, 0xf1,
    0x2b, 0x2b, 0x44, 0x8e, 0x7a, 0x81, 0x9b, 0x81, 0x7a, 0x44, 0x39, 0x13, 0x02, 0xb9, 0xbf, 0xd8,
    0x96, 0x43, 0x43, 0x47, 0x4b, 0x4b, 0x4b, 0x52, 0x58, 0x58, 0x3e, 0x4b, 0x4b, 0x58, 0x5c, 0x65,
    0x4b, 0x4b, 0x58, 0x5c, 0xae, 0xa3, 0x7f, 0x7f, 0x7f, 0xa3, 0x7f, 0x7f, 0x64, 0x53, 0x89, 0x3c,
    0x2f, 0x34, 0x34, 0x3f, 0x51, 0x69, 0x6b, 0x6b, 0x65, 0x5a, 0x4b, 0x46, 0x4b, 0x3e, 0x40, 0x6b,
    0x6b, 0xa9, 0x6b, 0x6b, 0xa9, 0x76, 0x76, 0x69, 0x78, 0x64, 0x72, 0xc0, 0xc4, 0xd7, 0xc9, 0xc9,
    0x96, 0x43, 0x43, 0x43, 0x3c, 0x3f, 0x3a, 0x42, 0x4b, 0x4b, 0x46, 0x6b, 0x6f, 0x76, 0x6b, 0xa9,
    0x96, 0x43, 0x43, 0x43, 0xae, 0xa3, 0x7f, 0x7f, 0x92, 0xa3, 0x7f, 0x7f, 0x64, 0x53, 0x92, 0x43,
    0x2f, 0x2f, 0x3c, 0x2f, 0x3f, 0x3f, 0x53, 0x6a, 0x3f, 0x53, 0x53, 0xc0, 0xc0, 0xda, 0xc4, 0xc0,
    0xb5, 0x8e, 0x86, 0x81, 0x8a, 0x9b, 0xa1, 0xa5, 0xbf, 0xbf, 0x9b, 0x5e, 0x4a, 0x5b, 0x7a, 0x8a,
    0xa5, 0xce, 0xc3, 0xd6, 0xe7, 0x87, 0xba, 0xee, 0xf1, 0xf5, 0xee, 0xe7, 0xe7, 0xc3, 0x7b, 0x59,
    0x68, 0x75, 0x87, 0x87, 0x8e, 0x8e, 0xb9, 0xc3, 0xa2, 0x87, 0x8e, 0x39, 0x02, 0x06, 0x2b, 0x15,
    0x15, 0x20, 0x3f, 0x56, 0x7a, 0x7a, 0x81, 0x7a, 0x7a, 0x56, 0x44, 0x34, 0x34, 0x25, 0x2f, 0x87,
    0xf5, 0xd6, 0x87, 0x7b, 0x87, 0x75, 0x78, 0x74, 0x91, 0x74, 0x7a, 0x6d, 0x74, 0x74, 0x47, 0x74,
    0x74, 0x78, 0x74, 0x5e, 0x4a, 0x6d, 0x81, 0x9b, 0x81, 0x8e, 0xa5, 0x74, 0xf1, 0xf1, 0xf1, 0xf1,
    0xf1, 0xd6, 0x87, 0x7b, 0x87, 0x75, 0x45, 0x45, 0x3b, 0x45, 0x45, 0x45, 0x45, 0x45, 0x45, 0x45,
    0x45, 0x3f, 0x45, 0x2d, 0x13, 0x1b, 0x13, 0x25, 0x45, 0x45, 0x1b, 0x44, 0xf1, 0xf1, 0xf1, 0xf1,
    0x13, 0x1b, 0x3f, 0x45, 0x7a, 0x7a, 0x74, 0x7a, 0x7a, 0x44, 0x44, 0x45, 0x13, 0x13, 0xa1, 0xb5,
    0xc4, 0x92, 0x5b, 0x43, 0x43, 0x4b, 0x4b, 0x3e, 0x8b, 0x4b, 0x4b, 0x4b, 0x4b, 0x58, 0x58, 0x65,
    0xa7, 0x4b, 0x5c, 0x78, 0xa3, 0x7f, 0x7f, 0x53, 0xae, 0x72, 0x53, 0x72, 0x64, 0x3c, 0x7f, 0x3c,
    0x2c, 0x34, 0x2c, 0x3f, 0x45, 0x69, 0x6b, 0x76, 0x65, 0x58, 0x4b, 0x46, 0x38, 0x29, 0x38, 0x3e,
    0x6b, 0x76, 0x83, 0xb0, 0x6b, 0xa7, 0x6b, 0x6b, 0x91, 0xae, 0xb8, 0xdc, 0xe2, 0xec, 0xda, 0xda,
    0xc4, 0x92, 0x5f, 0x43, 0x47, 0x3a, 0x3a, 0x51, 0x51, 0x58, 0x46, 0x6b, 0x4b, 0xa9, 0x6b, 0xa9,
    0xc4, 0x92, 0x5f, 0x43, 0x43, 0x7f, 0x7f, 0x53, 0xae, 0x72, 0x53, 0x72, 0x64, 0x3c, 0x64, 0x47,
    0x34, 0x2f, 0x2f, 0x3c, 0x34, 0x3f, 0x34, 0x3f, 0x53, 0xc0, 0xc0, 0xda, 0xe2, 0xec, 0xdc, 0xda,
    0x8e, 0x75, 0x8a, 0x93, 0x81, 0x9e, 0x9e, 0xa5, 0xa5, 0x9b, 0x4a, 0x3f, 0x4a, 0x4a, 0x81, 0x9b,
    0xb9, 0xc3, 0xcc, 0xe7, 0xc3, 0xa2, 0xd6, 0xf5, 0xf1, 0xf5, 0xe9, 0xe4, 0xd6, 0xba, 0x7b, 0x56,
    0x68, 0x87, 0x7b, 0x87, 0x8e, 0xa1, 0x8e, 0x75, 0x59, 0x59, 0x8e, 0x75, 0x02, 0x08, 0x1b, 0x20,
    0x15, 0x15, 0x15, 0x4a, 0x5e, 0x74, 0x5e, 0x74, 0x56, 0x74, 0x54, 0x3f, 0x2f, 0x1b, 0x44, 0x8e,
    0xfd, 0xf5, 0xc3, 0x41, 0x87, 0x87, 0x75, 0x78, 0x6d, 0x47, 0x78, 0x47, 0x47, 0x47, 0x78, 0x78,
    0x91, 0x78, 0x78, 0x55, 0x47, 0x6d, 0x84, 0x8a, 0x75, 0x97, 0x9b, 0xf1, 0xf1, 0xf1, 0xf1, 0xf1,
    0xfd, 0xf5, 0xc3, 0x41, 0x87, 0x75, 0x59, 0x45, 0x45, 0x45, 0x45, 0x45, 0x45, 0x45, 0x45, 0x45,
    0x45, 0x45, 0x45, 0x45, 0x45, 0x3a, 0x1b, 0x3f, 0x25, 0x1b, 0x13, 0xf1, 0xf1, 0xf1, 0xf1, 0xf1,
    0x15, 0x15, 0x15, 0x4a, 0x5e, 0x74, 0x74, 0x74, 0x44, 0x74, 0x4a, 0x45, 0x13, 0x13, 0x75, 0x8e,
    0xa3, 0x92, 0x5b, 0x66, 0x53, 0x47, 0x43, 0x2f, 0x6b, 0x58, 0x4b, 0x3e, 0x4b, 0x5a, 0x4b, 0x65,
    0x58, 0x58, 0x78, 0x8f, 0x7f, 0x7f, 0x53, 0x2f, 0x7f, 0x64, 0x53, 0xa3, 0x72, 0x3c, 0x3c, 0x3f,
    0x2c, 0x34, 0x34, 0x3f, 0x45, 0x69, 0x9f, 0x76, 0x65, 0x58, 0x4b, 0x46, 0x3e, 0x29, 0x38, 0x3e,
    0x6b, 0x6b, 0x8b, 0x6b, 0x5c, 0xa7, 0xa7, 0xae, 0xae, 0xc4, 0xdc, 0xec, 0xec, 0xec, 0xda, 0xae,
    0xa3, 0x92, 0x5b, 0x64, 0x53, 0x53, 0x43, 0x69, 0x51, 0x58, 0x5a, 0x6b, 0x3e, 0x5a, 0x6b, 0x6b,
    0xa3, 0x92, 0x5b, 0x64, 0x53, 0x43, 0x43, 0x2f, 0x7f, 0x53, 0x53, 0xa3, 0x72, 0x3c, 0x3c, 0x3f,
    0x2f, 0x34, 0x2c, 0x34, 0x2f, 0x2f, 0x3f, 0xc0, 0xc4, 0xc0, 0xe1, 0xec, 0xec, 0xec, 0xda, 0xae,
    0x54, 0x54, 0x47, 0x74, 0x8a, 0x84, 0x9e, 0x9e, 0x9b, 0x74, 0x3f, 0x3f, 0x3f, 0x6d, 0x8a, 0xa5,
    0xb9, 0xbf, 0xcc, 0xd6, 0xb5, 0xb5, 0xd6, 0xee, 0xee, 0xee, 0xe7, 0xe7, 0xdb, 0xcc, 0x87, 0x56,
    0x56, 0x59, 0x7b, 0x87, 0x75, 0x56, 0x59, 0x54, 0x56, 0x59, 0x87, 0x87, 0x02, 0x06, 0x3f, 0x15,
    0x13, 0x13, 0x13, 0x34, 0x74, 0x55, 0x4a, 0x4a, 0x4a, 0x4a, 0x3f, 0x3f, 0x34, 0x25, 0x39, 0x75,
    0xfe, 0xfb, 0xcc, 0x41, 0x56, 0x87, 0x68, 0x7b, 0x51, 0x78, 0x78, 0x78, 0x78, 0x51, 0x5e, 0x51,
    0x45, 0x45, 0x3f, 0x45, 0x4a, 0x74, 0x84, 0x93, 0x4a, 0xa1, 0xc3, 0xf1, 0xee, 0xf1, 0xf1, 0xf1,
    0xfe, 0xfb, 0xcc, 0x41, 0x56, 0x87, 0x68, 0x7b, 0x45, 0x45, 0x45, 0x45, 0x45, 0x45, 0x45, 0x45,
    0x45, 0x45, 0x45, 0x45, 0x45, 0x45, 0x45, 0x3a, 0x1b, 0x1b, 0xc8, 0xf1, 0xee, 0xf1, 0xf1, 0xf1,
    0x13, 0x13, 0x13, 0x34, 0x74, 0x55, 0x54, 0x47, 0x4a, 0x47, 0x44, 0x2f, 0x13, 0x13, 0x41, 0x75,
    0xae, 0x9c, 0x89, 0x5b, 0x5b, 0x53, 0x43, 0x2f, 0x2f, 0x5c, 0x5c, 0x4b, 0x51, 0x5a, 0x65, 0x65,
    0x4b, 0x78, 0x78, 0x8f, 0x80, 0x7f, 0x53, 0x2f, 0x7f, 0x64, 0x2f, 0x89, 0x7c, 0x3c, 0x3c, 0x3f,
    0x34, 0x2c, 0x3a, 0x3a, 0x3a, 0x69, 0x8b, 0x6f, 0x6b, 0x58, 0x3e, 0x46, 0x3e, 0x46, 0x3e, 0x38,
    0x79, 0xa9, 0x6b, 0x6b, 0x6b, 0x6b, 0xc4, 0xc4, 0xc9, 0xe2, 0xe2, 0xec, 0xe2, 0xe2, 0xb8, 0xae,
    0xae, 0x9c, 0x7f, 0x64, 0x53, 0x53, 0x43, 0x53, 0x3f, 0x58, 0x6b, 0x4b, 0x6b, 0x6b, 0x6b, 0x6b,
    0xae, 0x9c, 0x7f, 0x5f, 0x53, 0x53, 0x43, 0x2f, 0x2f, 0x53, 0x2f, 0x92, 0x7c, 0x3c, 0x3f, 0x3f,
    0x2c, 0x34, 0x2c, 0x34, 0x34, 0x2f, 0xc0, 0xc0, 0xc4, 0xdc, 0xe2, 0xec, 0xe2, 0xe2, 0xb8, 0xae,
    0x44, 0x75, 0x5b, 0x47, 0x5b, 0x74, 0x81, 0x7a, 0x8a, 0x3f, 0x2f, 0x34, 0x5b, 0x74, 0x7a, 0xa5,
    0xb6, 0xb9, 0xb9, 0xba, 0xb5, 0xcc, 0xdb, 0xe0, 0xdb, 0xdb, 0xe7, 0xe7, 0xd6, 0xcc, 0x94, 0x56,
    0x56, 0x56, 0x59, 0x56, 0x41, 0x39, 0x44, 0x44, 0x44, 0x44, 0x59, 0x87, 0x1c, 0x13, 0x44, 0x2b,
    0x13, 0x13, 0x1b, 0x3f, 0x4a, 0x45, 0x4a, 0x3f, 0x4a, 0x3f, 0x4a, 0x3f, 0x34, 0x1b, 0x45, 0x44,
    0xfd, 0xfe, 0xe0, 0x41, 0x41, 0x68, 0x56, 0x41, 0x44, 0x78, 0x51, 0x78, 0x6d, 0x78, 0x60, 0x51,
    0x51, 0x3a, 0x3f, 0x45, 0x4a, 0x47, 0x74, 0x75, 0x4a, 0xa2, 0xee, 0xe7, 0xe7, 0xf5, 0xf5, 0xfd,
    0xfd, 0xfe, 0xe0, 0x41, 0x41, 0x68, 0x56, 0x41, 0x56, 0x41, 0x3b, 0x45, 0x45, 0x45, 0x45, 0x45,
    0x45, 0x45, 0x45, 0x45, 0x45, 0x3f, 0x45, 0x45, 0x45, 0xa2, 0xee, 0xe7, 0xe7, 0xf5, 0xf5, 0xfd,
    0x13, 0x13, 0x1b, 0x3f, 0x4a, 0x55, 0x47, 0x55, 0x4a, 0x4a, 0x55, 0x9b, 0xa2, 0xdb, 0x41, 0x44,
    0xa3, 0x92, 0xa3, 0x47, 0x64, 0x5b, 0x66, 0x66, 0x5b, 0x2f, 0x43, 0x2f, 0x6b, 0x69, 0x65, 0x65,
    0x46, 0x4b, 0x58, 0x78, 0x8f, 0x5e, 0x2f, 0x53, 0x7f, 0x64, 0x72, 0x89, 0x7f, 0x47, 0x3f, 0x34,
    0x34, 0x3f, 0x3f, 0x3a, 0x51, 0x58, 0x6b, 0x79, 0x6b, 0x5c, 0x4b, 0x5a, 0x58, 0x52, 0x46, 0x29,
    0x65, 0x6b, 0x6b, 0x6b, 0x6b, 0xc4, 0xc4, 0xcf, 0xe2, 0xec, 0xec, 0xec, 0xec, 0xda, 0x89, 0x92,
    0xa3, 0x92, 0xa3, 0x47, 0x43, 0x5b, 0x66, 0x66, 0x53, 0x2f, 0x2f, 0x2f, 0x6b, 0x58, 0x69, 0x65,
    0xa3, 0x92, 0xa3, 0x47, 0x43, 0x5b, 0x66, 0x66, 0x53, 0x2f, 0x2f, 0x2f, 0x64, 0x55, 0x4a, 0x34,
    0x34, 0x2f, 0x34, 0x34, 0x34, 0xc0, 0xc0, 0xd7, 0xe2, 0xec, 0xec, 0xec, 0xec, 0xda, 0x89, 0x92,
    0x39, 0x44, 0x47, 0x78, 0x47, 0x47, 0x75, 0x75, 0x4a, 0x1b, 0x13, 0x3f, 0x5e, 0x81, 0x9e, 0xa5,
    0xb2, 0xbf, 0xcc, 0xbf, 0xbf, 0xcc, 0xe4, 0xe4, 0xe7, 0xc3, 0xcc, 0xdb, 0xdb, 0xba, 0x94, 0x56,
    0x56, 0x59, 0x39, 0x39, 0x39, 0x39, 0x44, 0x56, 0x44, 0x44, 0x56, 0x54, 0x44, 0x2b, 0x39, 0x15,
    0x13, 0x08, 0x0a, 0x1b, 0x44, 0x3f, 0x3f, 0x3f, 0x45, 0x3a, 0x55, 0x3f, 0x3f, 0x34, 0x44, 0x44,
    0xfb, 0xfb, 0xfd, 0x59, 0x56, 0xa2, 0x56, 0x39, 0x39, 0x2b, 0x78, 0x47, 0x78, 0x60, 0x4a, 0x51,
    0x45, 0x45, 0x3f, 0x45, 0x5e, 0x78, 0x75, 0x4a, 0xba, 0xba, 0xf1, 0xf1, 0xfb, 0xfb, 0xee, 0xf5,
    0xfc, 0xfc, 0xfd, 0x59, 0x56, 0xa2, 0x56, 0x39, 0x39, 0x2b, 0x3b, 0x3a, 0x45, 0x45, 0x45, 0x45,
    0x45, 0x45, 0x45, 0x45, 0x45, 0x45, 0x45, 0x44, 0x56, 0xba, 0xf1, 0xf1, 0xfb, 0xfb, 0xee, 0xfa,
    0x13, 0x04, 0x08, 0x1b, 0x44, 0x3f, 0x3f, 0x44, 0x3f, 0x55, 0xb9, 0xdb, 0xee, 0xe7, 0xc3, 0xa2,
    0x7f, 0x7f, 0x92, 0x53, 0x5f, 0x96, 0x64, 0x5b, 0x66, 0x5b, 0x47, 0x2f, 0x3a, 0x58, 0x76, 0x67,
    0x46, 0x46, 0x4b, 0x51, 0x51, 0x78, 0x3c, 0x5e, 0x53, 0x64, 0x7c, 0x64, 0x34, 0x3f, 0x2c, 0x34,
    0x3f, 0x3a, 0x3a, 0x51, 0x60, 0x5a, 0x65, 0x71, 0xa9, 0x79, 0x67, 0x65, 0x5c, 0x5a, 0x4b, 0x4b,
    0x67, 0x6b, 0x6b, 0x5c, 0xc4, 0xd4, 0xc9, 0xda, 0xe2, 0xda, 0xdc, 0xec, 0xe2, 0xb8, 0xae, 0x7f,
    0x7f, 0x7f, 0x92, 0x53, 0x5f, 0x96, 0x64, 0x5b, 0x66, 0x5b, 0x53, 0x2f, 0x34, 0x6b, 0x5a, 0x6b,
    0x7f, 0x7f, 0x92, 0x53, 0x5f, 0x96, 0x64, 0x5b, 0x66, 0x5b, 0x53, 0x2f, 0x34, 0x3f, 0x3f, 0x2f,
    0x2f, 0x3f, 0x47, 0x3c, 0xc0, 0xd4, 0xc4, 0xda, 0xe2, 0xda, 0xdc, 0xec, 0xe2, 0xc4, 0xa3, 0x7f,
    0x39, 0x44, 0x54, 0x78, 0x47, 0x74, 0x74, 0x4a, 0x3f, 0x13, 0x45, 0x3f, 0x4a, 0x9b, 0xa1, 0xa5,
    0xb2, 0xb9, 0xce, 0xa5, 0xbf, 0xc6, 0xd8, 0xee, 0xe7, 0xd6, 0xc8, 0xcc, 0xd6, 0xc3, 0x94, 0x59,
    0x44, 0x41, 0x2b, 0x1c, 0x2b, 0x39, 0x44, 0x39, 0x3c, 0x44, 0x44, 0x44, 0x75, 0x39, 0x20, 0x20,
    0x13, 0x13, 0x08, 0x13, 0x3f, 0x3f, 0x3f, 0x45, 0x3f, 0x3f, 0x55, 0x34, 0x3f, 0x25, 0x2d, 0x2f,
    0xfd, 0xf5, 0xfb, 0xcc, 0x06, 0x7b, 0x87, 0x41, 0x44, 0x2b, 0x2b, 0x78, 0x5e, 0x60, 0x5e, 0x45,
    0x51, 0x45, 0x45, 0x3f, 0x5e, 0x78, 0x74, 0xba, 0x56, 0xee, 0xee, 0xf1, 0xf1, 0xee, 0xf6, 0xfc,
    0xfd, 0xf5, 0xfb, 0xcc, 0x06, 0x7b, 0x87, 0x41, 0x44, 0x2b, 0x2b, 0x45, 0x45, 0x51, 0x45, 0x45,
    0x45, 0x45, 0x45, 0x45, 0x45, 0x45, 0x45, 0x54, 0x39, 0xee, 0xee, 0xf1, 0xf1, 0xee, 0xf6, 0xfd,
    0x13, 0x13, 0x08, 0x13, 0x3f, 0x3f, 0x3f, 0x3f, 0xb2, 0xdb, 0xe4, 0xee, 0xf5, 0xfa, 0xfb, 0xfa,
    0xa3, 0xa3, 0x7f, 0x72, 0x64, 0xa3, 0xa3, 0x92, 0x5b, 0x64, 0x43, 0x47, 0x55, 0x54, 0x6b, 0x6b,
    0x3e, 0x4b, 0x52, 0x58, 0x69, 0x69, 0x78, 0x8f, 0x53, 0x8f, 0x53, 0x89, 0x89, 0x34, 0x3a, 0x3f,
    0x34, 0x3b, 0x51, 0x58, 0x5a, 0x58, 0x58, 0x5a, 0x65, 0x65, 0x5c, 0x65, 0x65, 0x5a, 0x4b, 0x4b,
    0x6b, 0x6b, 0x6b, 0x78, 0xd4, 0xda, 0xc9, 0xda, 0xbe, 0xda, 0xda, 0xda, 0xb8, 0xb8, 0xae, 0xae,
    0xa3, 0xa3, 0x7f, 0x72, 0x64, 0xa3, 0xa3, 0x92, 0x5b, 0x53, 0x53, 0x53, 0x5b, 0x34, 0x6b, 0x6b,
    0xa3, 0xa3, 0x7f, 0x72, 0x64, 0xa3, 0xa3, 0x92, 0x5b, 0x53, 0x53, 0x53, 0x5b, 0x34, 0x3f, 0x34,
    0x2f, 0x2f, 0x5e, 0x78, 0xd4, 0xda, 0xc4, 0xda, 0xbe, 0xda, 0xda, 0xda, 0xb8, 0xb8, 0xae, 0xae,
    0x2b, 0x39, 0x44, 0x44, 0x47, 0x81, 0x7a, 0x78, 0x4a, 0x45, 0x3f, 0x4a, 0x86, 0xa1, 0xa5, 0xad,
    0xa5, 0xb9, 0xb9, 0xb9, 0xb9, 0xbf, 0xcc, 0xd6, 0xdb, 0xcc, 0xc8, 0xc3, 0xcc, 0xc3, 0x94, 0x59,
    0x41, 0x41, 0x2b, 0x1c, 0x44, 0x39, 0x39, 0x44, 0x44, 0x39, 0x44, 0x44, 0x39, 0x34, 0x15, 0x15,
    0x08, 0x08, 0x02, 0x04, 0x3f, 0x3a, 0x3a, 0x45, 0x3f, 0x34, 0x3f, 0x1b, 0x1b, 0x13, 0x3b, 0x3f,
    0xf5, 0xee, 0xf5, 0xf5, 0x41, 0x06, 0x41, 0x7b, 0x59, 0x44, 0x39, 0x44, 0x51, 0x78, 0x51, 0x45,
    0x45, 0x45, 0x45, 0x51, 0x78, 0x59, 0x59, 0x56, 0xba, 0xf1, 0xf1, 0xf1, 0xf5, 0xfb, 0xfe, 0xfe,
    0xf5, 0xee, 0xf5, 0xf5, 0x41, 0x06, 0x41, 0x7b, 0x59, 0x44, 0x39, 0x44, 0x34, 0x45, 0x45, 0x45,
    0x45, 0x45, 0x45, 0x45, 0x45, 0x44, 0x68, 0x39, 0xb9, 0xf1, 0xf1, 0xf1, 0xf5, 0xfb, 0xfe, 0xfe,
    0x13, 0x04, 0x02, 0x04, 0x3f, 0x45, 0x3f, 0xdb, 0xf5, 0xf5, 0xee, 0xf5, 0xfb, 0xfb, 0xfa, 0xfe,
    0xae, 0x92, 0x7f, 0x92, 0x64, 0x89, 0xae, 0xa3, 0x7f, 0x64, 0x5b, 0x53, 0x47, 0x51, 0x69, 0x69,
    0x58, 0x46, 0x58, 0x58, 0x58, 0x69, 0x69, 0x8f, 0x80, 0x8f, 0x53, 0x47, 0x3f, 0x3f, 0x3f, 0x42,
    0x3b, 0x3b, 0x4b, 0x5a, 0x65, 0x5a, 0x46, 0x58, 0x6b, 0x65, 0x5c, 0x5c, 0x6b, 0x58, 0x3e, 0x4b,
    0x6b, 0x6b, 0x8f, 0x98, 0xbe, 0xbe, 0x98, 0x9a, 0xbb, 0xc4, 0xc9, 0xb8, 0xb1, 0xa3, 0xb8, 0xb8,
    0xae, 0x92, 0x7f, 0x92, 0x64, 0x89, 0xae, 0xa3, 0x72, 0x64, 0x43, 0x47, 0x53, 0x53, 0x34, 0x5c,
    0xae, 0x92, 0x7f, 0x92, 0x64, 0x89, 0xae, 0xa3, 0x72, 0x64, 0x43, 0x47, 0x53, 0x53, 0x34, 0x34,
    0x34, 0x22, 0x6a, 0x8f, 0xbe, 0xbe, 0x8f, 0x9a, 0xb7, 0xc4, 0xc4, 0xb8, 0xbe, 0xae, 0xb8, 0xb8,
    0x34, 0x44, 0x45, 0x3f, 0x47, 0x3f, 0x45, 0x47, 0x3a, 0x3f, 0x4a, 0x75, 0x9b, 0xa1, 0xa5, 0xa5,
    0xbf, 0xce, 0xb9, 0xb2, 0xb9, 0xbf, 0xd8, 0xdb, 0xcc, 0xc8, 0xc3, 0xb9, 0xc3, 0xba, 0x8e, 0x59,
    0x39, 0x2b, 0x1c, 0x39, 0x25, 0x39, 0x34, 0x39, 0x44, 0x44, 0x3f, 0x44, 0x3f, 0x44, 0x2b, 0x15,
    0x13, 0x04, 0x04, 0x13, 0x13, 0x45, 0x3f, 0x4a, 0x3f, 0x2f, 0x13, 0x2f, 0x1b, 0x13, 0x45, 0x15,
    0xe9, 0xf1, 0xe9, 0xf5, 0xa2, 0x04, 0x1c, 0x39, 0x7b, 0x56, 0x2b, 0x04, 0x47, 0x51, 0x4a, 0x45,
    0x45, 0x54, 0x44, 0x8a, 0x7a, 0x59, 0x39, 0xbf, 0xe7, 0xc3, 0xcc, 0xdb, 0xf1, 0xfe, 0xfe, 0xfe,
    0xee, 0xf1, 0xe9, 0xf5, 0xa2, 0x04, 0x1c, 0x39, 0x7b, 0x56, 0x2b, 0x04, 0x47, 0x3f, 0x3f, 0x45,
    0x45, 0x45, 0x45, 0x45, 0x44, 0x56, 0x56, 0xbf, 0xe7, 0xc3, 0xcc, 0xdb, 0xf1, 0xfe, 0xfe, 0xfe,
    0x13, 0x04, 0x04, 0x13, 0x2f, 0x45, 0xd6, 0xf1, 0xf1, 0xf5, 0xf5, 0xfa, 0xfa, 0xfb, 0xfa, 0xfc,
    0xb8, 0xb1, 0x92, 0xa3, 0x9c, 0x64, 0xa3, 0x7f, 0x7f, 0x64, 0x55, 0x4a, 0x51, 0x4a, 0x60, 0x5a,
    0x5c, 0x58, 0x58, 0x58, 0x58, 0x58, 0x51, 0x51, 0x6d, 0x8f, 0x53, 0x4a, 0x34, 0x34, 0x42, 0x46,
    0x46, 0x52, 0x5a, 0x5a, 0x65, 0x67, 0x65, 0x3e, 0x58, 0x6b, 0x5c, 0xa7, 0x76, 0x65, 0x3e, 0xb0,
    0x7f, 0x78, 0x8f, 0x7c, 0x98, 0x7c, 0x3f, 0x9a, 0xd4, 0xc9, 0xbe, 0xbe, 0x7c, 0xae, 0xae, 0xb8,
    0xb8, 0xb1, 0x92, 0xa3, 0x9c, 0x64, 0xa3, 0x92, 0x7f, 0x64, 0x55, 0x47, 0x43, 0x43, 0xc0, 0xc0,
    0xb8, 0xb1, 0x92, 0xa3, 0x9c, 0x64, 0xa3, 0x92, 0x7f, 0x64, 0x55, 0x47, 0x43, 0x43, 0xc0, 0xc0,
    0x7f, 0x78, 0x8f, 0x80, 0x98, 0x8f, 0x3f, 0x98, 0xd4, 0xc0, 0xb3, 0xbe, 0x8f, 0xae, 0xae, 0xb8,
    0x2b, 0x3f, 0x3f, 0x44, 0x3a, 0x45, 0x45, 0x4a, 0x54, 0x47, 0x74, 0x9e, 0x93, 0xa5, 0x9b, 0xa5,
    0xb9, 0xb9, 0xa5, 0xa5, 0xb2, 0xb9, 0xce, 0xd8, 0xce, 0xc3, 0xce, 0xb9, 0xb5, 0xb5, 0x8e, 0x59,
    0x39, 0x39, 0x2b, 0x2b, 0x39, 0x2b, 0x3f, 0x3f, 0x3a, 0x44, 0x44, 0x3f, 0x3f, 0x3f, 0x3f, 0x15,
    0x13, 0x13, 0x13, 0x13, 0x19, 0x3a, 0x3a, 0x45, 0x3f, 0x45, 0x3f, 0x3f, 0x06, 0x1b, 0x3f, 0x34,
    0xe7, 0xe0, 0xe0, 0xee, 0xf1, 0x41, 0x1c, 0x27, 0x59, 0x7b, 0x39, 0x1c, 0x04, 0x47, 0x51, 0x45,
    0x45, 0x4a, 0x75, 0x81, 0x44, 0x39, 0xa5, 0xb9, 0x87, 0x87, 0xd6, 0xf2, 0xfb, 0xfd, 0xfe, 0xfe,
    0xe0, 0xe0, 0xe0, 0xee, 0xf1, 0x41, 0x1c, 0x27, 0x59, 0x7b, 0x39, 0x1c, 0x04, 0x47, 0x3f, 0x45,
    0x45, 0x45, 0x45, 0x45, 0x56, 0x39, 0xa5, 0xb9, 0x87, 0x87, 0xd6, 0xf2, 0xfb, 0xfd, 0xfe, 0xfe,
    0x13, 0x13, 0x1b, 0x13, 0x19, 0xc3, 0xee, 0xf1, 0xf1, 0xfa, 0xf6, 0xf5, 0xfa, 0xfb, 0xfe, 0xfe,
    0xb1, 0x8f, 0xb8, 0x9c, 0xae, 0xa3, 0x92, 0x92, 0x89, 0x64, 0x53, 0x54, 0x51, 0x58, 0x6b, 0x65,
    0x5c, 0x5a, 0x5a, 0x58, 0x58, 0x58, 0x58, 0x69, 0x51, 0x78, 0x78, 0x5e, 0x3f, 0x4b, 0x46, 0x46,
    0x4b, 0x5a, 0x5a, 0x65, 0x58, 0x79, 0x79, 0x5c, 0x4b, 0x5c, 0x6b, 0x76, 0x6f, 0x6b, 0x67, 0x6b,
    0x7f, 0x7f, 0x4a, 0x6a, 0x4a, 0x3f, 0x4a, 0xb1, 0xc9, 0xbe, 0xb1, 0x4a, 0x8f, 0xae, 0xbe, 0xb1,
    0xb1, 0x8f, 0xb8, 0x9c, 0xae, 0xa3, 0x89, 0x92, 0x92, 0x64, 0x55, 0x47, 0x47, 0xc0, 0xda, 0xda,
    0xb1, 0x8f, 0xb8, 0x9c, 0xae, 0xa3, 0x89, 0x92, 0x92, 0x64, 0x55, 0x47, 0x47, 0xc0, 0xda, 0xda,
    0x7f, 0x7f, 0x6a, 0x55, 0x5e, 0x3f, 0x78, 0xb1, 0xbe, 0xbe, 0xb1, 0x8f, 0x8f, 0xae, 0xbe, 0xb1,
    0x34, 0x3a, 0x47, 0x47, 0x47, 0x47, 0x4a, 0x51, 0x47, 0x75, 0x7a, 0x8a, 0x9e, 0x7a, 0x9b, 0x9b,
    0xb9, 0xa1, 0xa1, 0xa5, 0xb2, 0xb9, 0xb9, 0xb9, 0xbf, 0xb9, 0xb9, 0xb9, 0xa1, 0xa2, 0x7b, 0x56,
    0x41, 0x2b, 0x39, 0x20, 0x15, 0x2b, 0x2b, 0x34, 0x3a, 0x3f, 0x45, 0x45, 0x3f, 0x3f, 0x3f, 0x2b,
    0x1b, 0x13, 0x13, 0x34, 0x3f, 0x3f, 0x45, 0x3f, 0x4a, 0x3f, 0x45, 0x25, 0x06, 0x1b, 0x15, 0x3f,
    0xe7, 0xd6, 0xd6, 0xd6, 0xf5, 0x87, 0x04, 0x15, 0x1c, 0x41, 0x39, 0x20, 0x04, 0x08, 0x2f, 0x3f,
    0x45, 0x45, 0x4a, 0x56, 0x39, 0x39, 0x8e, 0x87, 0xa1, 0xd6, 0xee, 0xfa, 0xfc, 0xfd, 0xfe, 0xfd,
    0xe7, 0xd6, 0xd6, 0xd6, 0xf5, 0x87, 0x04, 0x15, 0x1c, 0x41, 0x39, 0x20, 0x04, 0x08, 0x2f, 0x51,
    0x45, 0x45, 0x45, 0x56, 0x56, 0x39, 0x8e, 0x87, 0xa1, 0xd6, 0xee, 0xfa, 0xfc, 0xfd, 0xfe, 0xfd,
    0x13, 0x13, 0x13, 0x45, 0x45, 0xe7, 0xee, 0xf1, 0xee, 0xf2, 0xfa, 0xf5, 0xf1, 0xfc, 0xfd, 0xfe,
    0xae, 0x5e, 0x5e, 0x92, 0x92, 0x7f, 0x7f, 0x72, 0x72, 0x5e, 0x45, 0x51, 0x58, 0x5a, 0x5a, 0x5a,
    0x65, 0x6b, 0x67, 0x46, 0x5a, 0x65, 0x69, 0x69, 0x69, 0x51, 0x69, 0x69, 0x58, 0x58, 0x46, 0x46,
    0x4b, 0x58, 0x5a, 0x67, 0x79, 0xa9, 0x79, 0x5a, 0x4b, 0xa7, 0xa7, 0x6b, 0x6b, 0x76, 0x5c, 0x6f,
    0xae, 0x89, 0x7f, 0x3f, 0x4a, 0x3f, 0x98, 0xb1, 0x98, 0x7c, 0x4a, 0x4a, 0x72, 0x8f, 0xa3, 0x88,
    0xae, 0x5e, 0x6a, 0x92, 0x92, 0x7f, 0x72, 0x7f, 0x64, 0x55, 0x3a, 0x53, 0xc0, 0xda, 0xc0, 0xc0,
    0xae, 0x5e, 0x6a, 0x92, 0x92, 0x7f, 0x72, 0x7f, 0x64, 0x55, 0x3a, 0x53, 0xc0, 0xda, 0xc0, 0xc0,
    0xae, 0x89, 0x7f, 0x3f, 0x55, 0x4a, 0x8f, 0x98, 0x8f, 0x8f, 0x8f, 0x78, 0x78, 0x80, 0x92, 0x7c,
    0x2b, 0x3f, 0x55, 0x47, 0x47, 0x55, 0x47, 0x47, 0x75, 0x78, 0x7a, 0x86, 0x9e, 0x93, 0x7a, 0x9b,
    0x9b, 0xa1, 0x9b, 0xa1, 0xa1, 0xb9, 0xb2, 0xbf, 0xb6, 0xb9, 0xb6, 0xb9, 0x97, 0x8e, 0x75, 0x75,
    0x2b, 0x1c, 0x15, 0x15, 0x20, 0x25, 0x34, 0x2d, 0x3f, 0x45, 0x45, 0x3f, 0x3f, 0x3f, 0x3f, 0x3f,
    0x1b, 0x1b, 0x1b, 0x3f, 0x4a, 0x45, 0x3f, 0x45, 0x45, 0x4a, 0x1b, 0x3a, 0x3a, 0x25, 0x13, 0x1b,
    0xe7, 0xcc, 0xdb, 0xdb, 0xe7, 0xe0, 0x41, 0x06, 0x1c, 0x41, 0x41, 0x1c, 0x1c, 0x02, 0x04, 0x45,
    0x3a, 0x45, 0x56, 0x56, 0x04, 0x8e, 0x9b, 0xb9, 0xd8, 0xee, 0xf1, 0xf6, 0xfc, 0xfe, 0xfe, 0xfa,
    0xe7, 0xcc, 0xdb, 0xdb, 0xe7, 0xe0, 0x41, 0x06, 0x1c, 0x41, 0x41, 0x1c, 0x1c, 0x02, 0x04, 0x45,
    0x45, 0x3b, 0x56, 0x39, 0x04, 0x8e, 0x9b, 0xb9, 0xd8, 0xee, 0xf1, 0xf6, 0xfc, 0xfe, 0xfe, 0xfa,
    0x1b, 0x1b, 0x13, 0x3f, 0xe7, 0xee, 0xf5, 0xf1, 0xee, 0xf0, 0xf6, 0xee, 0xfb, 0xfd, 0xfe, 0xfe,
    0x8f, 0x6a, 0x5e, 0x7c, 0x72, 0x72, 0x72, 0x89, 0x7c, 0x7c, 0x45, 0x58, 0x69, 0x5a, 0x58, 0x58,
    0x6b, 0x70, 0x8b, 0x58, 0x65, 0x67, 0x65, 0x6b, 0x6b, 0x78, 0x69, 0x69, 0x58, 0x4b, 0x46, 0x38,
    0x4b, 0x5a, 0x65, 0x65, 0x5c, 0x5c, 0x6b, 0x58, 0x6b, 0xa7, 0xa7, 0x6b, 0x6b, 0x6b, 0xa7, 0x5c,
    0xae, 0x64, 0x3c, 0x7f, 0x4a, 0x3f, 0x7c, 0x88, 0x4a, 0xda, 0xc9, 0x89, 0x53, 0x7c, 0x7c, 0x7c,
    0x8f, 0x6a, 0x5e, 0x7c, 0x7c, 0x72, 0x7f, 0x92, 0x64, 0x3c, 0x2f, 0xc0, 0xc0, 0xae, 0xc0, 0x89,
    0x8f, 0x6a, 0x5e, 0x7c, 0x7c, 0x72, 0x7f, 0x92, 0x64, 0x3c, 0x2f, 0xc0, 0xc0, 0xae, 0xc0, 0x89,
    0xae, 0x64, 0x3c, 0x7f, 0x47, 0x4a, 0x78, 0x8f, 0x78, 0x78, 0x69, 0x78, 0x78, 0x78, 0x80, 0x78,
    0x1c, 0x4a, 0x47, 0x78, 0x6d, 0x4a, 0x78, 0x5e, 0x47, 0x75, 0x7a, 0x7a, 0x7a, 0x81, 0x7a, 0x9b,
    0x9b, 0x8e, 0x8a, 0x8e, 0x9b, 0x9b, 0x9b, 0xa1, 0xb2, 0xb9, 0xb2, 0xa5, 0x7b, 0x75, 0x59, 0x7b,
    0x39, 0x20, 0x1b, 0x15, 0x13, 0x20, 0x3f, 0x3f, 0x3f, 0x45, 0x3f, 0x45, 0x3f, 0x3f, 0x45, 0x3f,
    0x34, 0x1b, 0x04, 0x1b, 0x44, 0x3f, 0x3f, 0x3f, 0x3f, 0x3f, 0x3f, 0x45, 0x3f, 0x3f, 0x13, 0x2f,
    0xee, 0xee, 0xdb, 0xd6, 0xcc, 0xee, 0x56, 0x04, 0x1c, 0x1c, 0x41, 0x15, 0x2b, 0x02, 0x04, 0x04,
    0x2b, 0x56, 0x06, 0x06, 0x39, 0x87, 0xb7, 0xc6, 0xd8, 0xe7, 0xe7, 0xee, 0xfe, 0xfe, 0xf6, 0xec,
    0xee, 0xee, 0xdb, 0xd6, 0xcc, 0xee, 0x56, 0x04, 0x1c, 0x1c, 0x41, 0x15, 0x2b, 0x02, 0x04, 0x04,
    0x2b, 0x06, 0x56, 0x06, 0x39, 0x87, 0xb7, 0xc6, 0xd8, 0xe7, 0xe7, 0xee, 0xfe, 0xfe, 0xf6, 0xec,
    0x25, 0x13, 0x04, 0xdb, 0xf1, 0xf1, 0xee, 0xf0, 0xf2, 0xee, 0xe4, 0xf5, 0xfd, 0xfe, 0xfe, 0xfe,
    0x8f, 0x3f, 0x5e, 0x5e, 0x7c, 0x7c, 0x72, 0x7f, 0x6a, 0x4a, 0x60, 0x6b, 0x65, 0x5a, 0x58, 0x4b,
    0x6f, 0x76, 0x76, 0x70, 0x67, 0x65, 0x65, 0x67, 0x76, 0x9f, 0x6b, 0x6b, 0x58, 0x58, 0x46, 0x29,
    0x46, 0x5a, 0x65, 0x5c, 0x67, 0x6b, 0x4b, 0x3e, 0x4b, 0x5c, 0x67, 0x76, 0xa7, 0xa9, 0x79, 0x67,
    0x64, 0xae, 0x64, 0x2f, 0x3c, 0x3c, 0x4a, 0x8f, 0xda, 0xe2, 0xda, 0xae, 0x53, 0x55, 0x78, 0x6a,
    0x6a, 0x3f, 0x5e, 0x5e, 0x7c, 0x64, 0x72, 0x7f, 0x72, 0x4a, 0xc0, 0x89, 0x64, 0xc0, 0x92, 0x89,
    0x6a, 0x3f, 0x5e, 0x5e, 0x7c, 0x64, 0x72, 0x7f, 0x72, 0x4a, 0xc0, 0x89, 0x64, 0xc0, 0x92, 0x89,
    0x64, 0xae, 0x64, 0x2f, 0x3c, 0x3f, 0x5e, 0x78, 0x69, 0x6b, 0x78, 0x6b, 0x6b, 0x78, 0x78, 0x78,
    0x13, 0x51, 0x47, 0x6d, 0x78, 0x74, 0x84, 0x4a, 0x47, 0x6d, 0x75, 0x75, 0x81, 0x93, 0x93, 0x9b,
    0x7a, 0x81, 0x9b, 0x81, 0x81, 0x7a, 0xa1, 0xa1, 0xb2, 0xb2, 0xb9, 0x8e, 0x54, 0x44, 0x56, 0x56,
    0x39, 0x15, 0x15, 0x13, 0x1b, 0x15, 0x34, 0x3f, 0x45, 0x45, 0x45, 0x45, 0x4a, 0x45, 0x45, 0x45,
    0x45, 0x1b, 0x1b, 0x13, 0x3f, 0x34, 0x34, 0x3a, 0x45, 0x45, 0x4a, 0x3f, 0x4a, 0x1b, 0x2f, 0x25,
    0xf5, 0xe4, 0xcc, 0xc3, 0xc3, 0xd6, 0xb5, 0x02, 0x06, 0x1c, 0x1c, 0x15, 0x02, 0x02, 0x04, 0x04,
    0x15, 0x2b, 0x06, 0x56, 0x8e, 0x87, 0xbf, 0xce, 0xd8, 0xd8, 0xd8, 0xfb, 0xfe, 0xfd, 0xd8, 0xf6,
    0xf5, 0xe4, 0xcc, 0xc3, 0xc3, 0xd6, 0xb5, 0x02, 0x06, 0x1c, 0x1c, 0x15, 0x02, 0x02, 0x04, 0x04,
    0x15, 0x2b, 0x06, 0x56, 0x8e, 0x87, 0xbf, 0xce, 0xd8, 0xd8, 0xd8, 0xfb, 0xfe, 0xfd, 0xd8, 0xf6,
    0x45, 0x1b, 0xdb, 0xe7, 0xee, 0xf5, 0xf2, 0xf6, 0xe4, 0xdb, 0xee, 0xfb, 0xfe, 0xfe, 0xfe, 0xfe,
    0x8f, 0x4a, 0x4a, 0x55, 0x7c, 0x7c, 0x7c, 0x7c, 0x6a, 0x69, 0x58, 0x65, 0x76, 0x65, 0x58, 0x4b,
    0x6b, 0x76, 0x8b, 0x76, 0x67, 0x65, 0x65, 0x65, 0x65, 0x65, 0x65, 0x5a, 0x58, 0x4b, 0x46, 0x3e,
    0x5a, 0x65, 0x65, 0x5c, 0x4b, 0xa7, 0x4b, 0x4b, 0x58, 0x5c, 0x5c, 0x5c, 0x65, 0x65, 0x65, 0x5c,
    0x92, 0xae, 0x92, 0x3c, 0x3c, 0x2f, 0x4a, 0xe2, 0xe2, 0xda, 0xb8, 0x92, 0x64, 0x53, 0x53, 0x7c,
    0x8f, 0x4a, 0x4a, 0x55, 0x7c, 0x7c, 0x7c, 0x7c, 0x6a, 0x72, 0x7f, 0x64, 0x89, 0x89, 0x53, 0x92,
    0x8f, 0x4a, 0x4a, 0x55, 0x7c, 0x7c, 0x7c, 0x7c, 0x6a, 0x72, 0x7f, 0x64, 0x89, 0x89, 0x53, 0x92,
    0x92, 0xae, 0x92, 0x3c, 0x3c, 0x3f, 0x4a, 0x69, 0x6b, 0x6b, 0x6f, 0x6b, 0x76, 0x76, 0x76, 0x78,
    0x45, 0x78, 0x75, 0x75, 0x75, 0x75, 0x8a, 0x84, 0x78, 0x74, 0x75, 0x8a, 0x8a, 0x7a, 0x93, 0x8a,
    0x81, 0x72, 0x81, 0x81, 0x8a, 0x81, 0x9b, 0xa1, 0xb2, 0xb9, 0xa5, 0x7a, 0x44, 0x39, 0x39, 0x59,
    0x59, 0x1c, 0x15, 0x13, 0x13, 0x3f, 0x3f, 0x45, 0x45, 0x45, 0x45, 0x45, 0x45, 0x45, 0x45, 0x45,
    0x45, 0x3f, 0x25, 0x13, 0x3f, 0x3f, 0x1b, 0x45, 0x45, 0x45, 0x45, 0x3f, 0x3f, 0x3f, 0x2b, 0x20,
    0xf6, 0xd6, 0xcc, 0xc3, 0xba, 0xb5, 0xcc, 0x2b, 0x02, 0x1c, 0x1c, 0x1c, 0x1c, 0x1c, 0x02, 0x04,
    0x06, 0x04, 0x06, 0x41, 0x87, 0x96, 0xbf, 0xd8, 0xce, 0xbf, 0xf0, 0xfe, 0xfb, 0xbf, 0xe4, 0xf6,
    0xf6, 0xd6, 0xcc, 0xc3, 0xba, 0xb5, 0xcc, 0x2b, 0x02, 0x1c, 0x1c, 0x1c, 0x1c, 0x1c, 0x02, 0x04,
    0x06, 0x04, 0x06, 0x41, 0x87, 0x96, 0xbf, 0xd8, 0xce, 0xbf, 0xf0, 0xfe, 0xfb, 0xbf, 0xe4, 0xf6,
    0x45, 0xdb, 0xe0, 0xee, 0xee, 0xf1, 0xf6, 0xea, 0xce, 0xd8, 0xf6, 0xfe, 0xfe, 0xfe, 0xfe, 0xfe,
    0xee, 0xb5, 0xa1, 0x45, 0x84, 0x93, 0xa5, 0xb6, 0xbf, 0xd8, 0xce, 0xa5, 0x7a, 0x6d, 0x84, 0x81,
    0x87, 0x87, 0x8e, 0x13, 0x13, 0x34, 0x3f, 0x45, 0x45, 0x45, 0x3f, 0x3f, 0x3f, 0x3f, 0x3f, 0x45,
    0x02, 0x13, 0x81, 0x74, 0x8a, 0x81, 0x8a, 0x9b, 0xa5, 0xa1, 0xa5, 0x7a, 0x47, 0x3f, 0x2b, 0x41,
    0xee, 0xb5, 0xa1, 0x45, 0x84, 0x93, 0xa5, 0xb6, 0xbf, 0xd8, 0xce, 0xa5, 0x7a, 0x6d, 0x7a, 0x81,
    0x15, 0x15, 0x44, 0x8e, 0x8e, 0x7b, 0x7b, 0x87, 0x59, 0x44, 0x2b, 0x45, 0x45, 0x8a, 0xec, 0xea,
    0x00, 0x00, 0x00, 0x00, 0x00, 0x00, 0x00, 0x00, 0x00, 0x00, 0x00, 0x00, 0x00, 0x00, 0x00, 0x00,
    0x00, 0x00, 0x00, 0x00, 0x00, 0x00, 0x00, 0x00, 0x00, 0x00, 0x00, 0x00, 0x00, 0x00, 0x00, 0x00,
    0x00, 0x00, 0x00, 0x00, 0x00, 0x00, 0x00, 0x00, 0x00, 0x00, 0x00, 0x00, 0x00, 0x00, 0x00, 0x00,
    0x00, 0x00, 0x00, 0x00, 0x00, 0x00, 0x00, 0x00, 0x00, 0x00, 0x00, 0x00, 0x00, 0x00, 0x00, 0x00,
    0x00, 0x00, 0x00, 0x00, 0x00, 0x00, 0x00, 0x00, 0x00, 0x00, 0x00, 0x00, 0x00, 0x00, 0x00, 0x00,
    0x00, 0x00, 0x00, 0x00, 0x00, 0x00, 0x00, 0x00, 0x00, 0x00, 0x00, 0x00, 0x00, 0x00, 0x00, 0x00,
    0x00, 0x00, 0x00, 0x00, 0x00, 0x00, 0x00, 0x00, 0x00, 0x00, 0x00, 0x00, 0x00, 0x00, 0x00, 0x00,
    0x00, 0x00, 0x00, 0x00, 0x00, 0x00, 0x00, 0x00, 0x00, 0x00, 0x00, 0x00, 0x00, 0x00, 0x00, 0x00,
    0x00, 0x00, 0x00, 0x00, 0x00, 0x00, 0x00, 0x00, 0x00, 0x00, 0x00, 0x00, 0x00, 0x00, 0x00, 0x00,
    0x00, 0x00, 0x00, 0x00, 0x00, 0x00, 0x00, 0x00, 0x00, 0x00, 0x00, 0x00, 0x00, 0x00, 0x00, 0x00,
    0x00, 0x00, 0x00, 0x00, 0x00, 0x00, 0x00, 0x00, 0x00, 0x00, 0x00, 0x00, 0x00, 0x00, 0x00, 0x00,
    0xd8, 0xa1, 0x4a, 0x84, 0x8a, 0x9b, 0xa1, 0xb6, 0xbf, 0xd8, 0xbf, 0x81, 0x74, 0x75, 0x7a, 0x8e,
    0xba, 0xc3, 0x87, 0x56, 0x56, 0x3f, 0x45, 0x45, 0x45, 0x3f, 0x45, 0x45, 0x3f, 0x3f, 0x45, 0xe0,
    0x02, 0x02, 0x74, 0x74, 0x6d, 0x81, 0x8a, 0x9b, 0xa1, 0xa1, 0xa5, 0x81, 0x3f, 0x15, 0xf1, 0xf1,
    0xd8, 0xb5, 0x4a, 0x74, 0x93, 0x9b, 0xa1, 0xb6, 0xbf, 0xd8, 0xbf, 0x81, 0x74, 0x75, 0x7a, 0x8e,
    0x2b, 0x2b, 0x44, 0x8e, 0x7a, 0x81, 0x9b, 0x81, 0x7a, 0x44, 0x39, 0x13, 0x45, 0x44, 0xa1, 0xdb,
    0x00, 0x00, 0x00, 0x00, 0x00, 0x00, 0x00, 0x00, 0x00, 0x00, 0x00, 0x00, 0x00, 0x00, 0x00, 0x00,
    0x00, 0x00, 0x00, 0x00, 0x00, 0x00, 0x00, 0x00, 0x00, 0x00, 0x00, 0x00, 0x00, 0x00, 0x00, 0x00,
    0x00, 0x00, 0x00, 0x00, 0x00, 0x00, 0x00, 0x00, 0x00, 0x00, 0x00, 0x00, 0x00, 0x00, 0x00, 0x00,
    0x00, 0x00, 0x00, 0x00, 0x00, 0x00, 0x00, 0x00, 0x00, 0x00, 0x00, 0x00, 0x00, 0x00, 0x00, 0x00,
    0x00, 0x00, 0x00, 0x00, 0x00, 0x00, 0x00, 0x00, 0x00, 0x00, 0x00, 0x00, 0x00, 0x00, 0x00, 0x00,
    0x00, 0x00, 0x00, 0x00, 0x00, 0x00, 0x00, 0x00, 0x00, 0x00, 0x00, 0x00, 0x00, 0x00, 0x00, 0x00,
    0x00, 0x00, 0x00, 0x00, 0x00, 0x00, 0x00, 0x00, 0x00, 0x00, 0x00, 0x00, 0x00, 0x00, 0x00, 0x00,
    0x00, 0x00, 0x00, 0x00, 0x00, 0x00, 0x00, 0x00, 0x00, 0x00, 0x00, 0x00, 0x00, 0x00, 0x00, 0x00,
    0x00, 0x00, 0x00, 0x00, 0x00, 0x00, 0x00, 0x00, 0x00, 0x00, 0x00, 0x00, 0x00, 0x00, 0x00, 0x00,
    0x00, 0x00, 0x00, 0x00, 0x00, 0x00, 0x00, 0x00, 0x00, 0x00, 0x00, 0x00, 0x00, 0x00, 0x00, 0x00,
    0x00, 0x00, 0x00, 0x00, 0x00, 0x00, 0x00, 0x00, 0x00, 0x00, 0x00, 0x00, 0x00, 0x00, 0x00, 0x00,
    0xb5, 0x8e, 0x86, 0x81, 0x7a, 0x9b, 0xa1, 0xa5, 0xbf, 0xbf, 0x9b, 0x5b, 0x4a, 0x5b, 0x74, 0x8a,
    0xf1, 0xd6, 0x87, 0x7b, 0x87, 0x75, 0x45, 0x45, 0x3b, 0x45, 0x45, 0x3f, 0x3f, 0x45, 0xcc, 0xe4,
    0x56, 0x02, 0x02, 0x4a, 0x4a, 0x6d, 0x81, 0x9b, 0x7a, 0xa1, 0xa5, 0x74, 0xf1, 0xf1, 0xf1, 0xf1,
    0xb5, 0x8e, 0x8a, 0x8a, 0x7a, 0x9b, 0xa1, 0xa5, 0xbf, 0xbf, 0x9b, 0x5b, 0x4a, 0x5b, 0x74, 0x8a,
    0x13, 0x1b, 0x3f, 0x45, 0x7a, 0x7a, 0x74, 0x7a, 0x7a, 0x44, 0x44, 0x45, 0x13, 0x47, 0x7a, 0xb9,
    0x00, 0x00, 0x00, 0x00, 0x00, 0x00, 0x00, 0x00, 0x00, 0x00, 0x00, 0x00, 0x00, 0x00, 0x00, 0x00,
    0x00, 0x00, 0x00, 0x00, 0x00, 0x00, 0x00, 0x00, 0x00, 0x00, 0x00, 0x00, 0x00, 0x00, 0x00, 0x00,
    0x00, 0x00, 0x00, 0x00, 0x00, 0x00, 0x00, 0x00, 0x00, 0x00, 0x00, 0x00, 0x00, 0x00, 0x00, 0x00,
    0x00, 0x00, 0x00, 0x00, 0x00, 0x00, 0x00, 0x00, 0x00, 0x00, 0x00, 0x00, 0x00, 0x00, 0x00, 0x00,
    0x00, 0x00, 0x00, 0x00, 0x00, 0x00, 0x00, 0x00, 0x00, 0x00, 0x00, 0x00, 0x00, 0x00, 0x00, 0x00,
    0x00, 0x00, 0x00, 0x00, 0x00, 0x00, 0x00, 0x00, 0x00, 0x00, 0x00, 0x00, 0x00, 0x00, 0x00, 0x00,
    0x00, 0x00, 0x00, 0x00, 0x00, 0x00, 0x00, 0x00, 0x00, 0x00, 0x00, 0x00, 0x00, 0x00, 0x00, 0x00,
    0x00, 0x00, 0x00, 0x00, 0x00, 0x00, 0x00, 0x00, 0x00, 0x00, 0x00, 0x00, 0x00, 0x00, 0x00, 0x00,
    0x00, 0x00, 0x00, 0x00, 0x00, 0x00, 0x00, 0x00, 0x00, 0x00, 0x00, 0x00, 0x00, 0x00, 0x00, 0x00,
    0x00, 0x00, 0x00, 0x00, 0x00, 0x00, 0x00, 0x00, 0x00, 0x00, 0x00, 0x00, 0x00, 0x00, 0x00, 0x00,
    0x00, 0x00, 0x00, 0x00, 0x00, 0x00, 0x00, 0x00, 0x00, 0x00, 0x00, 0x00, 0x00, 0x00, 0x00, 0x00,
    0x8e, 0x75, 0x8a, 0x93, 0x7a, 0x9e, 0x9e, 0xa5, 0xa5, 0x9b, 0x4a, 0x3f, 0x4a, 0x4a, 0x86, 0x9b,
    0xfd, 0xf5, 0xc3, 0x41, 0x87, 0x75, 0x59, 0x45, 0x45, 0x45, 0x45, 0x3f, 0x45, 0xcc, 0xe4, 0xe9,
    0xb5, 0x1c, 0x02, 0x08, 0x4a, 0x74, 0x84, 0x8a, 0x75, 0x97, 0x9b, 0xf1, 0xf1, 0xf1, 0xf1, 0xf1,
    0x8e, 0x75, 0x8a, 0x93, 0x7a, 0x9e, 0x9e, 0xa5, 0xa5, 0x9b, 0x4a, 0x3f, 0x4a, 0x4a, 0x86, 0x9b,
    0x15, 0x15, 0x15, 0x4a, 0x5e, 0x74, 0x74, 0x74, 0x44, 0x74, 0x4a, 0x45, 0x13, 0x44, 0x44, 0x8e,
    0x00, 0x00, 0x00, 0x00, 0x00, 0x00, 0x00, 0x00, 0x00, 0x00, 0x00, 0x00, 0x00, 0x00, 0x00, 0x00,
    0x00, 0x00, 0x00, 0x00, 0x00, 0x00, 0x00, 0x00, 0x00, 0x00, 0x00, 0x00, 0x00, 0x00, 0x00, 0x00,
    0x00, 0x00, 0x00, 0x00, 0x00, 0x00, 0x00, 0x00, 0x00, 0x00, 0x00, 0x00, 0x00, 0x00, 0x00, 0x00,
    0x00, 0x00, 0x00, 0x00, 0x00, 0x00, 0x00, 0x00, 0x00, 0x00, 0x00, 0x00, 0x00, 0x00, 0x00, 0x00,
    0x00, 0x00, 0x00, 0x00, 0x00, 0x00, 0x00, 0x00, 0x00, 0x00, 0x00, 0x00, 0x00, 0x00, 0x00, 0x00,
    0x00, 0x00, 0x00, 0x00, 0x00, 0x00, 0x00, 0x00, 0x00, 0x00, 0x00, 0x00, 0x00, 0x00, 0x00, 0x00,
    0x00, 0x00, 0x00, 0x00, 0x00, 0x00, 0x00, 0x00, 0x00, 0x00, 0x00, 0x00, 0x00, 0x00, 0x00, 0x00,
    0x00, 0x00, 0x00, 0x00, 0x00, 0x00, 0x00, 0x00, 0x00, 0x00, 0x00, 0x00, 0x00, 0x00, 0x00, 0x00,
    0x00, 0x00, 0x00, 0x00, 0x00, 0x00, 0x00, 0x00, 0x00, 0x00, 0x00, 0x00, 0x00, 0x00, 0x00, 0x00,
    0x00, 0x00, 0x00, 0x00, 0x00, 0x00, 0x00, 0x00, 0x00, 0x00, 0x00, 0x00, 0x00, 0x00, 0x00, 0x00,
    0x00, 0x00, 0x00, 0x00, 0x00, 0x00, 0x00, 0x00, 0x00, 0x00, 0x00, 0x00, 0x00, 0x00, 0x00, 0x00,
    0x75, 0x47, 0x47, 0x74, 0x8a, 0x74, 0x9e, 0x9e, 0x9b, 0x74, 0x3f, 0x3f, 0x3f, 0x6d, 0x8a, 0xa5,
    0xfe, 0xfb, 0xcc, 0x41, 0x56, 0x87, 0x68, 0x7b, 0x45, 0x45, 0x45, 0x45, 0xb9, 0xdb, 0xe7, 0xe9,
    0xcc, 0x87, 0x02, 0x02, 0x1b, 0x75, 0x7a, 0x93, 0x4a, 0xa1, 0xc3, 0xf1, 0xee, 0xf1, 0xf1, 0xf1,
    0x59, 0x74, 0x47, 0x74, 0x8a, 0x81, 0x9e, 0x9e, 0x9b, 0x74, 0x3f, 0x3f, 0x3f, 0x6d, 0x8a, 0xa5,
    0x13, 0x13, 0x13, 0x34, 0x74, 0x55, 0x54, 0x47, 0x4a, 0x47, 0x44, 0x2f, 0x13, 0x13, 0x2b, 0x39,
    0x00, 0x00, 0x00, 0x00, 0x00, 0x00, 0x00, 0x00, 0x00, 0x00, 0x00, 0x00, 0x00, 0x00, 0x00, 0x00,
    0x00, 0x00, 0x00, 0x00, 0x00, 0x00, 0x00, 0x00, 0x00, 0x00, 0x00, 0x00, 0x00, 0x00, 0x00, 0x00,
    0x00, 0x00, 0x00, 0x00, 0x00, 0x00, 0x00, 0x00, 0x00, 0x00, 0x00, 0x00, 0x00, 0x00, 0x00, 0x00,
    0x00, 0x00, 0x00, 0x00, 0x00, 0x00, 0x00, 0x00, 0x00, 0x00, 0x00, 0x00, 0x00, 0x00, 0x00, 0x00,
    0x00, 0x00, 0x00, 0x00, 0x00, 0x00, 0x00, 0x00, 0x00, 0x00, 0x00, 0x00, 0x00, 0x00, 0x00, 0x00,
    0x00, 0x00, 0x00, 0x00, 0x00, 0x00, 0x00, 0x00, 0x00, 0x00, 0x00, 0x00, 0x00, 0x00, 0x00, 0x00,
    0x00, 0x00, 0x00, 0x00, 0x00, 0x00, 0x00, 0x00, 0x00, 0x00, 0x00, 0x00, 0x00, 0x00, 0x00, 0x00,
    0x00, 0x00, 0x00, 0x00, 0x00, 0x00, 0x00, 0x00, 0x00, 0x00, 0x00, 0x00, 0x00, 0x00, 0x00, 0x00,
    0x00, 0x00, 0x00, 0x00, 0x00, 0x00, 0x00, 0x00, 0x00, 0x00, 0x00, 0x00, 0x00, 0x00, 0x00, 0x00,
    0x00, 0x00, 0x00, 0x00, 0x00, 0x00, 0x00, 0x00, 0x00, 0x00, 0x00, 0x00, 0x00, 0x00, 0x00, 0x00,
    0x00, 0x00, 0x00, 0x00, 0x00, 0x00, 0x00, 0x00, 0x00, 0x00, 0x00, 0x00, 0x00, 0x00, 0x00, 0x00,
    0x44, 0x75, 0x44, 0x4a, 0x47, 0x74, 0x74, 0x7a, 0x8a, 0x34, 0x34, 0x3f, 0x5e, 0x74, 0x7a, 0xa5,
    0xfd, 0xfe, 0xe0, 0x41, 0x41, 0x68, 0x59, 0x41, 0x56, 0x44, 0x3b, 0x81, 0xc8, 0xe4, 0xe9, 0xee,
    0xcc, 0xdb, 0x59, 0x02, 0x13, 0x45, 0x75, 0x75, 0x4a, 0xa2, 0xee, 0xe7, 0xe7, 0xf5, 0xf5, 0xfd,
    0x44, 0x75, 0x44, 0x5e, 0x47, 0x6d, 0x7a, 0x7a, 0x8a, 0x34, 0x34, 0x3f, 0x5e, 0x74, 0x7a, 0xa5,
    0x13, 0x13, 0x1b, 0x3f, 0x4a, 0x55, 0x47, 0x55, 0x4a, 0x4a, 0x55, 0x9b, 0xa2, 0xdb, 0x44, 0x44,
    0x00, 0x00, 0x00, 0x00, 0x00, 0x00, 0x00, 0x00, 0x00, 0x00, 0x00, 0x00, 0x00, 0x00, 0x00, 0x00,
    0x00, 0x00, 0x00, 0x00, 0x00, 0x00, 0x00, 0x00, 0x00, 0x00, 0x00, 0x00, 0x00, 0x00, 0x00, 0x00,
    0x00, 0x00, 0x00, 0x00, 0x00, 0x00, 0x00, 0x00, 0x00, 0x00, 0x00, 0x00, 0x00, 0x00, 0x00, 0x00,
    0x00, 0x00, 0x00, 0x00, 0x00, 0x00, 0x00, 0x00, 0x00, 0x00, 0x00, 0x00, 0x00, 0x00, 0x00, 0x00,
    0x00, 0x00, 0x00, 0x00, 0x00, 0x00, 0x00, 0x00, 0x00, 0x00, 0x00, 0x00, 0x00, 0x00, 0x00, 0x00,
    0x00, 0x00, 0x00, 0x00, 0x00, 0x00, 0x00, 0x00, 0x00, 0x00, 0x00, 0x00, 0x00, 0x00, 0x00, 0x00,
    0x00, 0x00, 0x00, 0x00, 0x00, 0x00, 0x00, 0x00, 0x00, 0x00, 0x00, 0x00, 0x00, 0x00, 0x00, 0x00,
    0x00, 0x00, 0x00, 0x00, 0x00, 0x00, 0x00, 0x00, 0x00, 0x00, 0x00, 0x00, 0x00, 0x00, 0x00, 0x00,
    0x00, 0x00, 0x00, 0x00, 0x00, 0x00, 0x00, 0x00, 0x00, 0x00, 0x00, 0x00, 0x00, 0x00, 0x00, 0x00,
    0x00, 0x00, 0x00, 0x00, 0x00, 0x00, 0x00, 0x00, 0x00, 0x00, 0x00, 0x00, 0x00, 0x00, 0x00, 0x00,
    0x00, 0x00, 0x00, 0x00, 0x00, 0x00, 0x00, 0x00, 0x00, 0x00, 0x00, 0x00, 0x00, 0x00, 0x00, 0x00,
    0x44, 0x44, 0x78, 0x84, 0x74, 0x74, 0x6d, 0x75, 0x4a, 0x1b, 0x13, 0x3f, 0x5e, 0x8a, 0xa1, 0xa5,
    0xfc, 0xfc, 0xfd, 0x59, 0x56, 0xa2, 0x56, 0x39, 0x39, 0x2b, 0x74, 0xa5, 0xd6, 0xee, 0xee, 0xe4,
    0xcc, 0xe0, 0xc3, 0x1c, 0x02, 0x1b, 0x3b, 0x4a, 0x04, 0xba, 0xf1, 0xf1, 0xfb, 0xfb, 0xee, 0xf5,
    0x44, 0x44, 0x74, 0x74, 0x78, 0x74, 0x75, 0x75, 0x4a, 0x1b, 0x13, 0x3f, 0x5e, 0x8a, 0xa1, 0xa5,
    0x13, 0x04, 0x08, 0x1b, 0x44, 0x3f, 0x3f, 0x44, 0x3f, 0x55, 0xb9, 0xdb, 0xee, 0xe7, 0xc3, 0xa2,
    0x00, 0x00, 0x00, 0x00, 0x00, 0x00, 0x00, 0x00, 0x00, 0x00, 0x00, 0x00, 0x00, 0x00, 0x00, 0x00,
    0x00, 0x00, 0x00, 0x00, 0x00, 0x00, 0x00, 0x00, 0x00, 0x00, 0x00, 0x00, 0x00, 0x00, 0x00, 0x00,
    0x00, 0x00, 0x00, 0x00, 0x00, 0x00, 0x00, 0x00, 0x00, 0x00, 0x00, 0x00, 0x00, 0x00, 0x00, 0x00,
    0x00, 0x00, 0x00, 0x00, 0x00, 0x00, 0x00, 0x00, 0x00, 0x00, 0x00, 0x00, 0x00, 0x00, 0x00, 0x00,
    0x00, 0x00, 0x00, 0x00, 0x00, 0x00, 0x00, 0x00, 0x00, 0x00, 0x00, 0x00, 0x00, 0x00, 0x00, 0x00,
    0x00, 0x00, 0x00, 0x00, 0x00, 0x00, 0x00, 0x00, 0x00, 0x00, 0x00, 0x00, 0x00, 0x00, 0x00, 0x00,
    0x00, 0x00, 0x00, 0x00, 0x00, 0x00, 0x00, 0x00, 0x00, 0x00, 0x00, 0x00, 0x00, 0x00, 0x00, 0x00,
    0x00, 0x00, 0x00, 0x00, 0x00, 0x00, 0x00, 0x00, 0x00, 0x00, 0x00, 0x00, 0x00, 0x00, 0x00, 0x00,
    0x00, 0x00, 0x00, 0x00, 0x00, 0x00, 0x00, 0x00, 0x00, 0x00, 0x00, 0x00, 0x00, 0x00, 0x00, 0x00,
    0x00, 0x00, 0x00, 0x00, 0x00, 0x00, 0x00, 0x00, 0x00, 0x00, 0x00, 0x00, 0x00, 0x00, 0x00, 0x00,
    0x00, 0x00, 0x00, 0x00, 0x00, 0x00, 0x00, 0x00, 0x00, 0x00, 0x00, 0x00, 0x00, 0x00, 0x00, 0x00,
    0xc3, 0x87, 0x44, 0x78, 0x78, 0x6d, 0x74, 0x4a, 0x45, 0x22, 0x3a, 0x3f, 0x4a, 0x9e, 0xa5, 0xa5,
    0xfd, 0xf5, 0xfb, 0xcc, 0x06, 0x7b, 0x87, 0x41, 0x44, 0x2b, 0x9b, 0xb9, 0xe7, 0xee, 0xe0, 0xc8,
    0xba, 0xc3, 0xdb, 0x59, 0x06, 0x13, 0x1b, 0x04, 0x2b, 0xee, 0xee, 0xf1, 0xf1, 0xee, 0xf6, 0xfc,
    0xc3, 0x87, 0x44, 0x78, 0x78, 0x6d, 0x74, 0x4a, 0x45, 0x22, 0x3a, 0x3f, 0x4a, 0x9e, 0xa5, 0xa5,
    0x13, 0x13, 0x08, 0x13, 0x3f, 0x3f, 0x3f, 0x3f, 0xb2, 0xdb, 0xe4, 0xee, 0xf5, 0xfa, 0xfb, 0xfa,
    0x00, 0x00, 0x00, 0x00, 0x00, 0x00, 0x00, 0x00, 0x00, 0x00, 0x00, 0x00, 0x00, 0x00, 0x00, 0x00,
    0x00, 0x00, 0x00, 0x00, 0x00, 0x00, 0x00, 0x00, 0x00, 0x00, 0x00, 0x00, 0x00, 0x00, 0x00, 0x00,
    0x00, 0x00, 0x00, 0x00, 0x00, 0x00, 0x00, 0x00, 0x00, 0x00, 0x00, 0x00, 0x00, 0x00, 0x00, 0x00,
    0x00, 0x00, 0x00, 0x00, 0x00, 0x00, 0x00, 0x00, 0x00, 0x00, 0x00, 0x00, 0x00, 0x00, 0x00, 0x00,
    0x00, 0x00, 0x00, 0x00, 0x00, 0x00, 0x00, 0x00, 0x00, 0x00, 0x00, 0x00, 0x00, 0x00, 0x00, 0x00,
    0x00, 0x00, 0x00, 0x00, 0x00, 0x00, 0x00, 0x00, 0x00, 0x00, 0x00, 0x00, 0x00, 0x00, 0x00, 0x00,
    0x00, 0x00, 0x00, 0x00, 0x00, 0x00, 0x00, 0x00, 0x00, 0x00, 0x00, 0x00, 0x00, 0x00, 0x00, 0x00,
    0x00, 0x00, 0x00, 0x00, 0x00, 0x00, 0x00, 0x00, 0x00, 0x00, 0x00, 0x00, 0x00, 0x00, 0x00, 0x00,
    0x00, 0x00, 0x00, 0x00, 0x00, 0x00, 0x00, 0x00, 0x00, 0x00, 0x00, 0x00, 0x00, 0x00, 0x00, 0x00,
    0x00, 0x00, 0x00, 0x00, 0x00, 0x00, 0x00, 0x00, 0x00, 0x00, 0x00, 0x00, 0x00, 0x00, 0x00, 0x00,
    0x00, 0x00, 0x00, 0x00, 0x00, 0x00, 0x00, 0x00, 0x00, 0x00, 0x00, 0x00, 0x00, 0x00, 0x00, 0x00,
    0xfd, 0xfa, 0xc3, 0x87, 0x56, 0x74, 0x7a, 0x78, 0x4a, 0x45, 0x47, 0x4a, 0x8a, 0x9b, 0xa5, 0xad,
    0xf5, 0xee, 0xf5, 0xf5, 0x41, 0x06, 0x34, 0x7b, 0x51, 0x4a, 0x9b, 0xd6, 0xee, 0xe7, 0xcc, 0xb9,
    0xb5, 0xc3, 0xba, 0xc3, 0x1c, 0x04, 0x13, 0x22, 0x19, 0xf1, 0xf1, 0xf1, 0xf5, 0xfb, 0xfe, 0xfe,
    0xfd, 0xfa, 0xc3, 0x87, 0x56, 0x74, 0x7a, 0x78, 0x4a, 0x45, 0x47, 0x4a, 0x8a, 0x9b, 0xa5, 0xad,
    0x13, 0x04, 0x02, 0x04, 0x3f, 0x45, 0x3f, 0xdb, 0xf5, 0xf5, 0xee, 0xf5, 0xfb, 0xfb, 0xfa, 0xfe,
    0x00, 0x00, 0x00, 0x00, 0x00, 0x00, 0x00, 0x00, 0x00, 0x00, 0x00, 0x00, 0x00, 0x00, 0x00, 0x00,
    0x00, 0x00, 0x00, 0x00, 0x00, 0x00, 0x00, 0x00, 0x00, 0x00, 0x00, 0x00, 0x00, 0x00, 0x00, 0x00,
    0x00, 0x00, 0x00, 0x00, 0x00, 0x00, 0x00, 0x00, 0x00, 0x00, 0x00, 0x00, 0x00, 0x00, 0x00, 0x00,
    0x00, 0x00, 0x00, 0x00, 0x00, 0x00, 0x00, 0x00, 0x00, 0x00, 0x00, 0x00, 0x00, 0x00, 0x00, 0x00,
    0x00, 0x00, 0x00, 0x00, 0x00, 0x00, 0x00, 0x00, 0x00, 0x00, 0x00, 0x00, 0x00, 0x00, 0x00, 0x00,
    0x00, 0x00, 0x00, 0x00, 0x00, 0x00, 0x00, 0x00, 0x00, 0x00, 0x00, 0x00, 0x00, 0x00, 0x00, 0x00,
    0x00, 0x00, 0x00, 0x00, 0x00, 0x00, 0x00, 0x00, 0x00, 0x00, 0x00, 0x00, 0x00, 0x00, 0x00, 0x00,
    0x00, 0x00, 0x00, 0x00, 0x00, 0x00, 0x00, 0x00, 0x00, 0x00, 0x00, 0x00, 0x00, 0x00, 0x00, 0x00,
    0x00, 0x00, 0x00, 0x00, 0x00, 0x00, 0x00, 0x00, 0x00, 0x00, 0x00, 0x00, 0x00, 0x00, 0x00, 0x00,
    0x00, 0x00, 0x00, 0x00, 0x00, 0x00, 0x00, 0x00, 0x00, 0x00, 0x00, 0x00, 0x00, 0x00, 0x00, 0x00,
    0x00, 0x00, 0x00, 0x00, 0x00, 0x00, 0x00, 0x00, 0x00, 0x00, 0x00, 0x00, 0x00, 0x00, 0x00, 0x00,
    0xfc, 0xf5, 0xf5, 0xee, 0xc3, 0x87, 0x56, 0x59, 0x3f, 0x3f, 0x47, 0x75, 0x9e, 0xa5, 0xa1, 0xa5,
    0xee, 0xf1, 0xe9, 0xf5, 0xa2, 0x04, 0x51, 0x4a, 0x4a, 0x81, 0xbf, 0xe7, 0xee, 0xcc, 0x8e, 0x97,
    0xa2, 0xad, 0xb5, 0xc3, 0x7b, 0x06, 0x13, 0x13, 0x13, 0x1b, 0xd6, 0xdb, 0xf1, 0xfe, 0xfe, 0xfe,
    0xfc, 0xf5, 0xf5, 0xee, 0xc3, 0x87, 0x56, 0x59, 0x3f, 0x3f, 0x47, 0x75, 0x9e, 0xa5, 0xa1, 0xa5,
    0x13, 0x04, 0x04, 0x13, 0x2f, 0x45, 0xd6, 0xf1, 0xf1, 0xf5, 0xf5, 0xfa, 0xfa, 0xfb, 0xfa, 0xfc,
    0x00, 0x00, 0x00, 0x00, 0x00, 0x00, 0x00, 0x00, 0x00, 0x00, 0x00, 0x00, 0x00, 0x00, 0x00, 0x00,
    0x00, 0x00, 0x00, 0x00, 0x00, 0x00, 0x00, 0x00, 0x00, 0x00, 0x00, 0x00, 0x00, 0x00, 0x00, 0x00,
    0x00, 0x00, 0x00, 0x00, 0x00, 0x00, 0x00, 0x00, 0x00, 0x00, 0x00, 0x00, 0x00, 0x00, 0x00, 0x00,
    0x00, 0x00, 0x00, 0x00, 0x00, 0x00, 0x00, 0x00, 0x00, 0x00, 0x00, 0x00, 0x00, 0x00, 0x00, 0x00,
    0x00, 0x00, 0x00, 0x00, 0x00, 0x00, 0x00, 0x00, 0x00, 0x00, 0x00, 0x00, 0x00, 0x00, 0x00, 0x00,
    0x00, 0x00, 0x00, 0x00, 0x00, 0x00, 0x00, 0x00, 0x00, 0x00, 0x00, 0x00, 0x00, 0x00, 0x00, 0x00,
    0x00, 0x00, 0x00, 0x00, 0x00, 0x00, 0x00, 0x00, 0x00, 0x00, 0x00, 0x00, 0x00, 0x00, 0x00, 0x00,
    0x00, 0x00, 0x00, 0x00, 0x00, 0x00, 0x00, 0x00, 0x00, 0x00, 0x00, 0x00, 0x00, 0x00, 0x00, 0x00,
    0x00, 0x00, 0x00, 0x00, 0x00, 0x00, 0x00, 0x00, 0x00, 0x00, 0x00, 0x00, 0x00, 0x00, 0x00, 0x00,
    0x00, 0x00, 0x00, 0x00, 0x00, 0x00, 0x00, 0x00, 0x00, 0x00, 0x00, 0x00, 0x00, 0x00, 0x00, 0x00,
    0x00, 0x00, 0x00, 0x00, 0x00, 0x00, 0x00, 0x00, 0x00, 0x00, 0x00, 0x00, 0x00, 0x00, 0x00, 0x00,
    0xfc, 0xf5, 0xe7, 0xe9, 0xee, 0xdb, 0xa2, 0x56, 0x56, 0x56, 0x59, 0x9e, 0x9e, 0xa5, 0x9b, 0xa5,
    0xe0, 0xe0, 0xe0, 0xee, 0xf1, 0x41, 0x45, 0x55, 0x74, 0xb9, 0xdb, 0xe4, 0xdb, 0xb2, 0x9b, 0xa1,
    0x8e, 0xba, 0xb5, 0x7b, 0x8e, 0x39, 0x04, 0x08, 0x13, 0x13, 0x75, 0xf5, 0xfb, 0xfd, 0xfe, 0xfe,
    0xfc, 0xf5, 0xe7, 0xe9, 0xee, 0xdb, 0xa2, 0x56, 0x56, 0x56, 0x59, 0x9e, 0x9e, 0xa5, 0x9b, 0xa5,
    0x13, 0x13, 0x1b, 0x13, 0x19, 0xc3, 0xee, 0xf1, 0xf1, 0xfa, 0xf6, 0xf5, 0xfa, 0xfb, 0xfe, 0xfe,
    0x00, 0x00, 0x00, 0x00, 0x00, 0x00, 0x00, 0x00, 0x00, 0x00, 0x00, 0x00, 0x00, 0x00, 0x00, 0x00,
    0x00, 0x00, 0x00, 0x00, 0x00, 0x00, 0x00, 0x00, 0x00, 0x00, 0x00, 0x00, 0x00, 0x00, 0x00, 0x00,
    0x00, 0x00, 0x00, 0x00, 0x00, 0x00, 0x00, 0x00, 0x00, 0x00, 0x00, 0x00, 0x00, 0x00, 0x00, 0x00,
    0x00, 0x00, 0x00, 0x00, 0x00, 0x00, 0x00, 0x00, 0x00, 0x00, 0x00, 0x00, 0x00, 0x00, 0x00, 0x00,
    0x00, 0x00, 0x00, 0x00, 0x00, 0x00, 0x00, 0x00, 0x00, 0x00, 0x00, 0x00, 0x00, 0x00, 0x00, 0x00,
    0x00, 0x00, 0x00, 0x00, 0x00, 0x00, 0x00, 0x00, 0x00, 0x00, 0x00, 0x00, 0x00, 0x00, 0x00, 0x00,
    0x00, 0x00, 0x00, 0x00, 0x00, 0x00, 0x00, 0x00, 0x00, 0x00, 0x00, 0x00, 0x00, 0x00, 0x00, 0x00,
    0x00, 0x00, 0x00, 0x00, 0x00, 0x00, 0x00, 0x00, 0x00, 0x00, 0x00, 0x00, 0x00, 0x00, 0x00, 0x00,
    0x00, 0x00, 0x00, 0x00, 0x00, 0x00, 0x00, 0x00, 0x00, 0x00, 0x00, 0x00, 0x00, 0x00, 0x00, 0x00,
    0x00, 0x00, 0x00, 0x00, 0x00, 0x00, 0x00, 0x00, 0x00, 0x00, 0x00, 0x00, 0x00, 0x00, 0x00, 0x00,
    0x00, 0x00, 0x00, 0x00, 0x00, 0x00, 0x00, 0x00, 0x00, 0x00, 0x00, 0x00, 0x00, 0x00, 0x00, 0x00,
    0xfd, 0xfa, 0xf2, 0xee, 0xdb, 0xc3, 0x87, 0xa2, 0x87, 0x56, 0x39, 0x39, 0x9e, 0x8a, 0x8a, 0x9b,
    0xe7, 0xd6, 0xd6, 0xd6, 0xf5, 0x4a, 0x55, 0x4a, 0xa5, 0xcc, 0xdb, 0xdb, 0xbf, 0x7a, 0x9b, 0xa1,
    0x56, 0xba, 0x94, 0x8e, 0xb5, 0x87, 0x15, 0x04, 0x13, 0x13, 0x13, 0xfa, 0xfd, 0xfd, 0xfe, 0xfd,
    0xfd, 0xfa, 0xf2, 0xee, 0xdb, 0xc3, 0x87, 0xa2, 0x87, 0x56, 0x39, 0x39, 0x9e, 0x8a, 0x8a, 0x9b,
    0x13, 0x13, 0x13, 0x45, 0x45, 0xe7, 0xee, 0xf1, 0xee, 0xf2, 0xfa, 0xf5, 0xf1, 0xfc, 0xfd, 0xfe,
    0x00, 0x00, 0x00, 0x00, 0x00, 0x00, 0x00, 0x00, 0x00, 0x00, 0x00, 0x00, 0x00, 0x00, 0x00, 0x00,
    0x00, 0x00, 0x00, 0x00, 0x00, 0x00, 0x00, 0x00, 0x00, 0x00, 0x00, 0x00, 0x00, 0x00, 0x00, 0x00,
    0x00, 0x00, 0x00, 0x00, 0x00, 0x00, 0x00, 0x00, 0x00, 0x00, 0x00, 0x00, 0x00, 0x00, 0x00, 0x00,
    0x00, 0x00, 0x00, 0x00, 0x00, 0x00, 0x00, 0x00, 0x00, 0x00, 0x00, 0x00, 0x00, 0x00, 0x00, 0x00,
    0x00, 0x00, 0x00, 0x00, 0x00, 0x00, 0x00, 0x00, 0x00, 0x00, 0x00, 0x00, 0x00, 0x00, 0x00, 0x00,
    0x00, 0x00, 0x00, 0x00, 0x00, 0x00, 0x00, 0x00, 0x00, 0x00, 0x00, 0x00, 0x00, 0x00, 0x00, 0x00,
    0x00, 0x00, 0x00, 0x00, 0x00, 0x00, 0x00, 0x00, 0x00, 0x00, 0x00, 0x00, 0x00, 0x00, 0x00, 0x00,
    0x00, 0x00, 0x00, 0x00, 0x00, 0x00, 0x00, 0x00, 0x00, 0x00, 0x00, 0x00, 0x00, 0x00, 0x00, 0x00,
    0x00, 0x00, 0x00, 0x00, 0x00, 0x00, 0x00, 0x00, 0x00, 0x00, 0x00, 0x00, 0x00, 0x00, 0x00, 0x00,
    0x00, 0x00, 0x00, 0x00, 0x00, 0x00, 0x00, 0x00, 0x00, 0x00, 0x00, 0x00, 0x00, 0x00, 0x00, 0x00,
    0x00, 0x00, 0x00, 0x00, 0x00, 0x00, 0x00, 0x00, 0x00, 0x00, 0x00, 0x00, 0x00, 0x00, 0x00, 0x00,
    0xfc, 0xfb, 0xfa, 0xee, 0xe4, 0xc3, 0xa2, 0x87, 0x56, 0x41, 0x39, 0x39, 0x44, 0x93, 0x7a, 0x9b,
    0xe7, 0xcc, 0xdb, 0xd6, 0xb2, 0x55, 0x4a, 0x7a, 0xbf, 0xd6, 0xcc, 0xd6, 0x8e, 0x74, 0x9b, 0xa5,
    0x44, 0x7b, 0x87, 0x87, 0xc3, 0xc3, 0x41, 0x13, 0x13, 0x1b, 0x2b, 0xce, 0xfb, 0xfe, 0xfe, 0xfa,
    0xfc, 0xfb, 0xfa, 0xee, 0xe4, 0xc3, 0xa2, 0x87, 0x56, 0x41, 0x39, 0x39, 0x44, 0x93, 0x7a, 0x9b,
    0x1b, 0x1b, 0x13, 0x3f, 0xe7, 0xee, 0xf5, 0xf1, 0xee, 0xf0, 0xf6, 0xee, 0xfb, 0xfd, 0xfe, 0xfe,
    0x00, 0x00, 0x00, 0x00, 0x00, 0x00, 0x00, 0x00, 0x00, 0x00, 0x00, 0x00, 0x00, 0x00, 0x00, 0x00,
    0x00, 0x00, 0x00, 0x00, 0x00, 0x00, 0x00, 0x00, 0x00, 0x00, 0x00, 0x00, 0x00, 0x00, 0x00, 0x00,
    0x00, 0x00, 0x00, 0x00, 0x00, 0x00, 0x00, 0x00, 0x00, 0x00, 0x00, 0x00, 0x00, 0x00, 0x00, 0x00,
    0x00, 0x00, 0x00, 0x00, 0x00, 0x00, 0x00, 0x00, 0x00, 0x00, 0x00, 0x00, 0x00, 0x00, 0x00, 0x00,
    0x00, 0x00, 0x00, 0x00, 0x00, 0x00, 0x00, 0x00, 0x00, 0x00, 0x00, 0x00, 0x00, 0x00, 0x00, 0x00,
    0x00, 0x00, 0x00, 0x00, 0x00, 0x00, 0x00, 0x00, 0x00, 0x00, 0x00, 0x00, 0x00, 0x00, 0x00, 0x00,
    0x00, 0x00, 0x00, 0x00, 0x00, 0x00, 0x00, 0x00, 0x00, 0x00, 0x00, 0x00, 0x00, 0x00, 0x00, 0x00,
    0x00, 0x00, 0x00, 0x00, 0x00, 0x00, 0x00, 0x00, 0x00, 0x00, 0x00, 0x00, 0x00, 0x00, 0x00, 0x00,
    0x00, 0x00, 0x00, 0x00, 0x00, 0x00, 0x00, 0x00, 0x00, 0x00, 0x00, 0x00, 0x00, 0x00, 0x00, 0x00,
    0x00, 0x00, 0x00, 0x00, 0x00, 0x00, 0x00, 0x00, 0x00, 0x00, 0x00, 0x00, 0x00, 0x00, 0x00, 0x00,
    0x00, 0x00, 0x00, 0x00, 0x00, 0x00, 0x00, 0x00, 0x00, 0x00, 0x00, 0x00, 0x00, 0x00, 0x00, 0x00,
    0xfd, 0xfa, 0xfa, 0xf2, 0xe7, 0xe7, 0xc8, 0xa2, 0x56, 0x56, 0x1c, 0x39, 0x2b, 0x39, 0x4a, 0x9b,
    0xf1, 0xee, 0xd6, 0xd6, 0x74, 0x55, 0x74, 0x9b, 0xb2, 0xc6, 0xd6, 0xcc, 0xa1, 0x81, 0x8a, 0x9b,
    0x2b, 0x7b, 0x7b, 0xa1, 0xa1, 0xa1, 0x75, 0x39, 0x13, 0x13, 0x25, 0x7a, 0xfe, 0xfe, 0xf6, 0xec,
    0xfd, 0xfa, 0xfa, 0xf2, 0xe7, 0xe7, 0xc8, 0xa2, 0x56, 0x56, 0x1c, 0x39, 0x2b, 0x39, 0x4a, 0x9b,
    0x25, 0x13, 0x04, 0xdb, 0xf1, 0xf1, 0xee, 0xf0, 0xf2, 0xee, 0xe4, 0xf5, 0xfd, 0xfe, 0xfe, 0xfe,
    0x00, 0x00, 0x00, 0x00, 0x00, 0x00, 0x00, 0x00, 0x00, 0x00, 0x00, 0x00, 0x00, 0x00, 0x00, 0x00,
    0x00, 0x00, 0x00, 0x00, 0x00, 0x00, 0x00, 0x00, 0x00, 0x00, 0x00, 0x00, 0x00, 0x00, 0x00, 0x00,
    0x00, 0x00, 0x00, 0x00, 0x00, 0x00, 0x00, 0x00, 0x00, 0x00, 0x00, 0x00, 0x00, 0x00, 0x00, 0x00,
    0x00, 0x00, 0x00, 0x00, 0x00, 0x00, 0x00, 0x00, 0x00, 0x00, 0x00, 0x00, 0x00, 0x00, 0x00, 0x00,
    0x00, 0x00, 0x00, 0x00, 0x00, 0x00, 0x00, 0x00, 0x00, 0x00, 0x00, 0x00, 0x00, 0x00, 0x00, 0x00,
    0x00, 0x00, 0x00, 0x00, 0x00, 0x00, 0x00, 0x00, 0x00, 0x00, 0x00, 0x00, 0x00, 0x00, 0x00, 0x00,
    0x00, 0x00, 0x00, 0x00, 0x00, 0x00, 0x00, 0x00, 0x00, 0x00, 0x00, 0x00, 0x00, 0x00, 0x00, 0x00,
    0x00, 0x00, 0x00, 0x00, 0x00, 0x00, 0x00, 0x00, 0x00, 0x00, 0x00, 0x00, 0x00, 0x00, 0x00, 0x00,
    0x00, 0x00, 0x00, 0x00, 0x00, 0x00, 0x00, 0x00, 0x00, 0x00, 0x00, 0x00, 0x00, 0x00, 0x00, 0x00,
    0x00, 0x00, 0x00, 0x00, 0x00, 0x00, 0x00, 0x00, 0x00, 0x00, 0x00, 0x00, 0x00, 0x00, 0x00, 0x00,
    0x00, 0x00, 0x00, 0x00, 0x00, 0x00, 0x00, 0x00, 0x00, 0x00, 0x00, 0x00, 0x00, 0x00, 0x00, 0x00,
    0xfe, 0xfe, 0xfd, 0xf2, 0xdb, 0xcc, 0xcc, 0xc3, 0x87, 0x56, 0x1c, 0x1c, 0x39, 0x27, 0x15, 0x2b,
    0xf5, 0xe0, 0xcc, 0xa1, 0x45, 0x45, 0x74, 0x9b, 0xa5, 0xc6, 0xd8, 0xb9, 0x9b, 0x8e, 0x8a, 0x9b,
    0x15, 0x41, 0x7a, 0xa5, 0x97, 0x97, 0x8e, 0x56, 0x2b, 0x13, 0x13, 0x44, 0xb9, 0xfd, 0xd8, 0xf6,
    0xfe, 0xfe, 0xfd, 0xf2, 0xdb, 0xcc, 0xcc, 0xc3, 0x87, 0x56, 0x1c, 0x1c, 0x39, 0x27, 0x15, 0x2b,
    0x45, 0x1b, 0xdb, 0xe7, 0xee, 0xf5, 0xf2, 0xf6, 0xe4, 0xdb, 0xee, 0xfb, 0xfe, 0xfe, 0xfe, 0xfe,
    0x00, 0x00, 0x00, 0x00, 0x00, 0x00, 0x00, 0x00, 0x00, 0x00, 0x00, 0x00, 0x00, 0x00, 0x00, 0x00,
    0x00, 0x00, 0x00, 0x00, 0x00, 0x00, 0x00, 0x00, 0x00, 0x00, 0x00, 0x00, 0x00, 0x00, 0x00, 0x00,
    0x00, 0x00, 0x00, 0x00, 0x00, 0x00, 0x00, 0x00, 0x00, 0x00, 0x00, 0x00, 0x00, 0x00, 0x00, 0x00,
    0x00, 0x00, 0x00, 0x00, 0x00, 0x00, 0x00, 0x00, 0x00, 0x00, 0x00, 0x00, 0x00, 0x00, 0x00, 0x00,
    0x00, 0x00, 0x00, 0x00, 0x00, 0x00, 0x00, 0x00, 0x00, 0x00, 0x00, 0x00, 0x00, 0x00, 0x00, 0x00,
    0x00, 0x00, 0x00, 0x00, 0x00, 0x00, 0x00, 0x00, 0x00, 0x00, 0x00, 0x00, 0x00, 0x00, 0x00, 0x00,
    0x00, 0x00, 0x00, 0x00, 0x00, 0x00, 0x00, 0x00, 0x00, 0x00, 0x00, 0x00, 0x00, 0x00, 0x00, 0x00,
    0x00, 0x00, 0x00, 0x00, 0x00, 0x00, 0x00, 0x00, 0x00, 0x00, 0x00, 0x00, 0x00, 0x00, 0x00, 0x00,
    0x00, 0x00, 0x00, 0x00, 0x00, 0x00, 0x00, 0x00, 0x00, 0x00, 0x00, 0x00, 0x00, 0x00, 0x00, 0x00,
    0x00, 0x00, 0x00, 0x00, 0x00, 0x00, 0x00, 0x00, 0x00, 0x00, 0x00, 0x00, 0x00, 0x00, 0x00, 0x00,
    0x00, 0x00, 0x00, 0x00, 0x00, 0x00, 0x00, 0x00, 0x00, 0x00, 0x00, 0x00, 0x00, 0x00, 0x00, 0x00,
    0xfe, 0xfe, 0xf0, 0xcc, 0xb5, 0xb5, 0x87, 0x87, 0x87, 0x56, 0x1c, 0x1c, 0x1c, 0x41, 0x1c, 0x02,
    0xf6, 0xd6, 0xc3, 0x74, 0x55, 0x6a, 0x81, 0xa1, 0xbf, 0xc6, 0xd8, 0xa5, 0x8e, 0x81, 0x8a, 0x9b,
    0x20, 0x2b, 0x8e, 0xa5, 0x9b, 0x8e, 0x8e, 0x68, 0x44, 0x2b, 0x13, 0x39, 0x75, 0xbf, 0xea, 0xf6,
    0xfe, 0xfe, 0xf0, 0xcc, 0xb5, 0xb5, 0x87, 0x87, 0x87, 0x56, 0x1c, 0x1c, 0x1c, 0x41, 0x1c, 0x02,
    0x45, 0xdb, 0xe0, 0xee, 0xee, 0xf1, 0xf6, 0xea, 0xce, 0xd8, 0xf6, 0xfe, 0xfe, 0xfe, 0xfe, 0xfe,
    0x00, 0x00, 0x00, 0x00, 0x00, 0x00, 0x00, 0x00, 0x00, 0x00, 0x00, 0x00, 0x00, 0x00, 0x00, 0x00,
    0x00, 0x00, 0x00, 0x00, 0x00, 0x00, 0x00, 0x00, 0x00, 0x00, 0x00, 0x00, 0x00, 0x00, 0x00, 0x00,
    0x00, 0x00, 0x00, 0x00, 0x00, 0x00, 0x00, 0x00, 0x00, 0x00, 0x00, 0x00, 0x00, 0x00, 0x00, 0x00,
    0x00, 0x00, 0x00, 0x00, 0x00, 0x00, 0x00, 0x00, 0x00, 0x00, 0x00, 0x00, 0x00, 0x00, 0x00, 0x00,
    0x00, 0x00, 0x00, 0x00, 0x00, 0x00, 0x00, 0x00, 0x00, 0x00, 0x00, 0x00, 0x00, 0x00, 0x00, 0x00,
    0x00, 0x00, 0x00, 0x00, 0x00, 0x00, 0x00, 0x00, 0x00, 0x00, 0x00, 0x00, 0x00, 0x00, 0x00, 0x00,
    0x00, 0x00, 0x00, 0x00, 0x00, 0x00, 0x00, 0x00, 0x00, 0x00, 0x00, 0x00, 0x00, 0x00, 0x00, 0x00,
    0x00, 0x00, 0x00, 0x00, 0x00, 0x00, 0x00, 0x00, 0x00, 0x00, 0x00, 0x00, 0x00, 0x00, 0x00, 0x00,
    0x00, 0x00, 0x00, 0x00, 0x00, 0x00, 0x00, 0x00, 0x00, 0x00, 0x00, 0x00, 0x00, 0x00, 0x00, 0x00,
    0x00, 0x00, 0x00, 0x00, 0x00, 0x00, 0x00, 0x00, 0x00, 0x00, 0x00, 0x00, 0x00, 0x00, 0x00, 0x00,
    0x00, 0x00, 0x00, 0x00, 0x00, 0x00, 0x00, 0x00, 0x00, 0x00, 0x00, 0x00, 0x00, 0x00, 0x00, 0x00,
    0x23, 0x0c, 0x83, 0x10, 0x65, 0x10, 0xe3, 0x18, 0x87, 0x14, 0xc4, 0x14, 0xa7, 0x18, 0x2c, 0x40,
    0xa8, 0x14, 0x24, 0x21, 0xaa, 0x10, 0x2e, 0x3c, 0x8b, 0x20, 0x33, 0x0c, 0x83, 0x58, 0x44, 0x19,
    0x2e, 0x48, 0x2f, 0x50, 0x6e, 0x28, 0xe8, 0x18, 0x33, 0x20, 0xc8, 0x20, 0x35, 0x14, 0x64, 0x1d,
    0x61, 0x60, 0x07, 0x19, 0xa3, 0x2d, 0xe9, 0x1c, 0x09, 0x29, 0xec, 0x14, 0xaf, 0x1c, 0x36, 0x28,
    0xe9, 0x24, 0x85, 0x21, 0x68, 0x25, 0x54, 0x24, 0xee, 0x10, 0x0a, 0x1d, 0x65, 0x1d, 0x09, 0x29,
    0x64, 0x29, 0x06, 0x2e, 0x48, 0x1d, 0x2b, 0x29, 0x2b, 0x0d, 0x4a, 0x1d, 0xef, 0x14, 0x0d, 0x1d,
    0xa2, 0x68, 0x81, 0x6c, 0x06, 0x2e, 0x96, 0x24, 0x2c, 0x21, 0xa5, 0x29, 0xe9, 0x29, 0x10, 0x15,
    0x07, 0x26, 0x4b, 0x2d, 0x4b, 0x21, 0x6a, 0x21, 0x2e, 0x21, 0xa6, 0x21, 0x29, 0x26, 0x4c, 0x1d,
    0x28, 0x2e, 0x6c, 0x35, 0xca, 0x29, 0x4f, 0x25, 0x4d, 0x29, 0x6c, 0x21, 0x69, 0x32, 0x4e, 0x21,
    0xd7, 0x2c, 0x51, 0x11, 0x8e, 0x1d, 0x6a, 0x32, 0xc8, 0x21, 0xc5, 0x7d, 0x51, 0x1d, 0x20, 0x71,
    0xac, 0x11, 0xab, 0x21, 0x09, 0x2a, 0x70, 0x25, 0x6d, 0x2d, 0x8f, 0x21, 0x8d, 0x39, 0x24, 0x26,
    0x8a, 0x2a, 0x8d, 0x35, 0x0a, 0x43, 0x6f, 0x29, 0xaa, 0x36, 0xe8, 0x21, 0x8e, 0x21, 0x52, 0x21,
    0xad, 0x21, 0xae, 0x11, 0x8e, 0x41, 0xdb, 0x2c, 0x91, 0x25, 0x2a, 0x2a, 0x90, 0x2d, 0x6a, 0x36,
    0x8e, 0x39, 0xec, 0x21, 0xb0, 0x1d, 0x4b, 0x2a, 0x29, 0x26, 0xaf, 0x2d, 0x60, 0x71, 0xcb, 0x36,
    0x4a, 0x2a, 0x0a, 0x2a, 0x92, 0x29, 0x6c, 0x32, 0xd0, 0x29, 0xce, 0x39, 0x2b, 0x2e, 0x58, 0x29,
    0xef, 0x21, 0x4b, 0x36, 0xb0, 0x35, 0xcf, 0x41, 0xb2, 0x25, 0x49, 0x22, 0xc0, 0x75, 0x94, 0x29,
    0xf0, 0x1d, 0xb2, 0x35, 0x2d, 0x16, 0x2b, 0x2a, 0xf0, 0x29, 0xb4, 0x21, 0xd0, 0x39, 0xf0, 0x45,
    0xd2, 0x25, 0xb4, 0x29, 0xd1, 0x35, 0x6a, 0x22, 0xd5, 0x21, 0x28, 0x7e, 0xd1, 0x35, 0xf2, 0x21,
    0x0b, 0x47, 0x2f, 0x2e, 0xd5, 0x2d, 0xf2, 0x31, 0xf1, 0x45, 0x07, 0x7f, 0xf5, 0x35, 0xf1, 0x41,
    0x32, 0x22, 0x8c, 0x32, 0x14, 0x2a, 0xf2, 0x3d, 0xd6, 0x2d, 0x8a, 0x2a, 0x12, 0x2e, 0x6d, 0x2e,
    0x33, 0x26, 0x12, 0x42, 0x31, 0x4e, 0x16, 0x32, 0xcb, 0x2e, 0x13, 0x42, 0xf8, 0x21, 0x8e, 0x32,
    0x33, 0x32, 0x8c, 0x46, 0x15, 0x36, 0x19, 0x22, 0x34, 0x2e, 0x33, 0x52, 0x18, 0x36, 0x19, 0x2e,
    0xce, 0x36, 0x75, 0x22, 0x33, 0x4a, 0x54, 0x32, 0xaf, 0x2a, 0x53, 0x52, 0x34, 0x4a, 0x57, 0x3e,
    0x38, 0x32, 0x54, 0x4e, 0x54, 0x5a, 0x77, 0x3a, 0x75, 0x36, 0xf0, 0x2e, 0x77, 0x2e, 0x76, 0x4e,
    0x57, 0x42, 0x6f, 0x7f, 0x97, 0x3a, 0x75, 0x5a, 0x59, 0x3a, 0x97, 0x32, 0x76, 0x52, 0x78, 0x42,
    0x76, 0x5e, 0x5a, 0x42, 0x98, 0x2e, 0xb7, 0x36, 0xb6, 0x5e, 0x5f, 0x1e, 0x98, 0x52, 0x7b, 0x42,
    0x30, 0x47, 0x9a, 0x42, 0x13, 0x3b, 0xd7, 0x3a, 0xba, 0x36, 0xb9, 0x3e, 0xd7, 0x5e, 0xba, 0x46,
    0xd8, 0x5a, 0xf9, 0x3e, 0xbd, 0x42, 0xd8, 0x66, 0xfb, 0x42, 0xd9, 0x5e, 0x1c, 0x2f, 0xbf, 0x2e,
    0xf9, 0x6a, 0x1a, 0x4b, 0xdd, 0x46, 0x1c, 0x47, 0x1a, 0x6f, 0x3c, 0x4f, 0xfe, 0x4e, 0x3a, 0x6f,
    0x1f, 0x33, 0x3a, 0x6f, 0x3c, 0x67, 0x3d, 0x53, 0x3d, 0x5f, 0x3b, 0x77, 0x5b, 0x77, 0x5d, 0x53,
    0x5c, 0x73, 0x7c, 0x7b, 0x7d, 0x73, 0x9f, 0x5b, 0x7e, 0x7b, 0x9d, 0x7b, 0x9f, 0x73, 0x9e, 0x7b,
    0xbc, 0x7b, 0xbf, 0x77, 0xbf, 0x7b, 0xbf, 0x7b, 0xdf, 0x7b, 0xff, 0x7b, 0xff, 0x7b, 0xff, 0x7b,
};

static const unsigned char s_texture_0212dbc4[0xb270] = {
    0x54, 0x65, 0x78, 0x74, 0x75, 0x72, 0x65, 0x4f, 0x62, 0x6a, 0x65, 0x63, 0x74, 0x00, 0x00, 0x00,
    0x00, 0x00, 0x01, 0x00, 0x00, 0x00, 0x00, 0x00, 0x00, 0x00, 0x00, 0x00, 0x00, 0x00, 0x00, 0x00,
    0x04, 0x00, 0x00, 0x00, 0x05, 0x00, 0x00, 0x00, 0x05, 0x00, 0x00, 0x00, 0x00, 0x00, 0x00, 0x00,
    0x00, 0xb0, 0x00, 0x00, 0x70, 0x00, 0x00, 0x00, 0x00, 0x02, 0x00, 0x00, 0x70, 0xb0, 0x00, 0x00,
    0x00, 0x00, 0x00, 0x00, 0x00, 0x00, 0x00, 0x00, 0x00, 0x00, 0x00, 0x00, 0x00, 0x00, 0x00, 0x00,
    0x00, 0x00, 0x00, 0x00, 0x00, 0x00, 0x00, 0x00, 0x00, 0x00, 0x00, 0x00, 0x00, 0x00, 0x00, 0x00,
    0x00, 0x00, 0x00, 0x00, 0x00, 0x00, 0x00, 0x00, 0x00, 0x00, 0x00, 0x00, 0x00, 0x00, 0x00, 0x00,
    0x46, 0x6f, 0x6f, 0x6f, 0x76, 0x90, 0x90, 0x76, 0x6f, 0x3e, 0x58, 0x51, 0x4b, 0x4b, 0x4b, 0x6f,
    0x58, 0x4b, 0x5c, 0x4b, 0x6f, 0x6f, 0x5c, 0x65, 0x65, 0x5a, 0x5a, 0x5c, 0x6f, 0x90, 0x4b, 0x6f,
    0x6c, 0x5c, 0x5c, 0x4b, 0x6f, 0x5c, 0x69, 0x5c, 0x69, 0x82, 0x8b, 0x70, 0x6b, 0x65, 0x70, 0x67,
    0x42, 0x2c, 0x1d, 0x0a, 0x1d, 0x0c, 0x2e, 0x10, 0x07, 0x07, 0x07, 0x07, 0x10, 0x10, 0x10, 0x10,
    0x07, 0x07, 0x07, 0x07, 0x07, 0x10, 0x07, 0x0b, 0x0b, 0x0b, 0x12, 0x1e, 0x2e, 0x50, 0x69, 0x46,
    0x5a, 0x5c, 0x1d, 0x1d, 0x12, 0x07, 0x07, 0x0b, 0x07, 0x10, 0x10, 0x10, 0x10, 0x10, 0x10, 0x07,
    0x07, 0x07, 0x10, 0x10, 0x07, 0x10, 0x07, 0x07, 0x10, 0x11, 0x10, 0x10, 0x10, 0x10, 0x07, 0x07,
    0x10, 0x10, 0x07, 0x10, 0x10, 0x07, 0x10, 0x07, 0x0b, 0x0b, 0x12, 0x24, 0x49, 0x61, 0x61, 0x6f,
    0x10, 0x11, 0x11, 0x10, 0x10, 0x07, 0x10, 0x10, 0x10, 0x07, 0x10, 0x07, 0x10, 0x10, 0x07, 0x0b,
    0x10, 0x11, 0x11, 0x10, 0x10, 0x10, 0x10, 0x10, 0x10, 0x07, 0x10, 0x10, 0x10, 0x07, 0x07, 0x0b,
    0x10, 0x11, 0x11, 0x10, 0x10, 0x07, 0x10, 0x10, 0x10, 0x07, 0x10, 0x11, 0x1e, 0x2e, 0x4b, 0x6f,
    0x4b, 0x4b, 0x1d, 0x2e, 0x10, 0x07, 0x10, 0x10, 0x10, 0x07, 0x10, 0x07, 0x10, 0x10, 0x07, 0x0b,
    0x46, 0x6f, 0x6f, 0x6f, 0x76, 0x90, 0x90, 0x76, 0x6f, 0x3e, 0x58, 0x69, 0x4b, 0x51, 0x4b, 0x6f,
    0x49, 0x6f, 0x1d, 0x61, 0x0c, 0x12, 0x12, 0x0b, 0x10, 0x10, 0x07, 0x07, 0x10, 0x10, 0x10, 0x10,
    0x58, 0x4b, 0x5c, 0x4b, 0x6f, 0x6f, 0x5c, 0x6b, 0x6b, 0x6f, 0x6b, 0x5c, 0x6b, 0x90, 0x4b, 0x6f,
    0x07, 0x07, 0x10, 0x10, 0x10, 0x07, 0x10, 0x10, 0x10, 0x10, 0x10, 0x07, 0x10, 0x10, 0x07, 0x07,
    0x3e, 0x4b, 0x58, 0x50, 0x6b, 0x90, 0x82, 0x90, 0x2c, 0x61, 0x90, 0x50, 0x25, 0x2c, 0x50, 0x49,
    0x69, 0x51, 0x82, 0x82, 0x82, 0x69, 0x82, 0x5c, 0x58, 0x5c, 0x50, 0x69, 0x82, 0x50, 0x61, 0x61,
    0x4a, 0x82, 0x61, 0x5c, 0x5c, 0x50, 0x49, 0x49, 0x61, 0x50, 0x5c, 0x82, 0x5c, 0x65, 0x40, 0x67,
    0x58, 0x5c, 0x2c, 0x1d, 0x0c, 0x2e, 0x0c, 0x10, 0x07, 0x07, 0x07, 0x07, 0x10, 0x07, 0x10, 0x10,
    0x10, 0x07, 0x10, 0x07, 0x10, 0x07, 0x0b, 0x0b, 0x0b, 0x1e, 0x1e, 0x37, 0x61, 0x50, 0x5c, 0x3e,
    0x58, 0x5c, 0x1d, 0x1d, 0x0c, 0x07, 0x07, 0x07, 0x0b, 0x07, 0x10, 0x07, 0x10, 0x10, 0x10, 0x10,
    0x07, 0x10, 0x07, 0x10, 0x10, 0x10, 0x07, 0x10, 0x10, 0x10, 0x10, 0x07, 0x10, 0x10, 0x10, 0x07,
    0x07, 0x10, 0x10, 0x10, 0x07, 0x10, 0x0b, 0x0b, 0x0b, 0x0b, 0x12, 0x2e, 0x49, 0x37, 0x61, 0x6f,
    0x10, 0x10, 0x10, 0x10, 0x10, 0x10, 0x07, 0x07, 0x07, 0x07, 0x07, 0x07, 0x10, 0x07, 0x10, 0x07,
    0x10, 0x10, 0x11, 0x10, 0x10, 0x07, 0x10, 0x07, 0x07, 0x07, 0x07, 0x07, 0x10, 0x10, 0x10, 0x07,
    0x10, 0x10, 0x10, 0x10, 0x10, 0x10, 0x10, 0x07, 0x07, 0x07, 0x07, 0x11, 0x2e, 0x49, 0x49, 0x69,
    0x6f, 0x69, 0x4b, 0x0b, 0x07, 0x10, 0x10, 0x07, 0x07, 0x07, 0x07, 0x07, 0x10, 0x07, 0x10, 0x07,
    0x3e, 0x4b, 0x58, 0x50, 0x69, 0x90, 0x82, 0x90, 0x2c, 0x61, 0x90, 0x5c, 0x50, 0x50, 0x50, 0x49,
    0x3e, 0xa9, 0x61, 0x49, 0x49, 0x2c, 0x12, 0x12, 0x13, 0x07, 0x07, 0x07, 0x07, 0x10, 0x10, 0x10,
    0x69, 0x6f, 0x82, 0x82, 0x82, 0x69, 0x82, 0x69, 0x5a, 0x65, 0x69, 0x6b, 0x82, 0x50, 0x61, 0x61,
    0x07, 0x07, 0x10, 0x10, 0x10, 0x07, 0x07, 0x07, 0x07, 0x10, 0x0b, 0x10, 0x0b, 0x10, 0x10, 0x07,
    0x6f, 0x50, 0x5c, 0x90, 0x69, 0x46, 0x50, 0x5c, 0x50, 0x2c, 0x1d, 0x2c, 0x0a, 0x0c, 0x0b, 0x0c,
    0x61, 0x61, 0x2c, 0x61, 0x69, 0x69, 0x69, 0x69, 0x5c, 0x50, 0x49, 0x61, 0x50, 0x2c, 0x49, 0x49,
    0x49, 0x49, 0x37, 0x61, 0x82, 0x61, 0x61, 0x37, 0x49, 0x4a, 0x82, 0x5c, 0x4a, 0x50, 0x6f, 0x71,
    0x58, 0x50, 0x1d, 0x0a, 0x1d, 0x0c, 0x07, 0x07, 0x07, 0x10, 0x10, 0x07, 0x07, 0x07, 0x10, 0x07,
    0x10, 0x07, 0x07, 0x07, 0x07, 0x07, 0x07, 0x1e, 0x0b, 0x1e, 0x1e, 0x2e, 0x4a, 0x50, 0x5c, 0x4b,
    0x42, 0x3b, 0x2c, 0x0c, 0x0c, 0x07, 0x0b, 0x0b, 0x07, 0x0b, 0x07, 0x10, 0x10, 0x10, 0x10, 0x10,
    0x07, 0x07, 0x10, 0x10, 0x11, 0x10, 0x10, 0x11, 0x11, 0x11, 0x11, 0x10, 0x10, 0x10, 0x10, 0x10,
    0x10, 0x07, 0x07, 0x07, 0x10, 0x0b, 0x10, 0x1e, 0x1e, 0x1e, 0x0b, 0x1e, 0x2e, 0x37, 0x49, 0x4b,
    0x11, 0x11, 0x10, 0x07, 0x07, 0x07, 0x10, 0x10, 0x07, 0x10, 0x10, 0x10, 0x10, 0x10, 0x10, 0x07,
    0x11, 0x11, 0x10, 0x07, 0x10, 0x07, 0x07, 0x10, 0x07, 0x10, 0x07, 0x10, 0x10, 0x07, 0x10, 0x10,
    0x11, 0x11, 0x10, 0x07, 0x07, 0x07, 0x07, 0x10, 0x07, 0x10, 0x07, 0x0b, 0x1e, 0x2e, 0x1d, 0x5c,
    0x0c, 0x61, 0x2e, 0x0c, 0x11, 0x07, 0x07, 0x10, 0x07, 0x10, 0x10, 0x10, 0x10, 0x10, 0x10, 0x07,
    0x6f, 0x50, 0x5c, 0x90, 0x65, 0x4b, 0x50, 0x5c, 0x5c, 0x2c, 0x2c, 0x5c, 0x3e, 0x2e, 0x2c, 0x2c,
    0x6f, 0xa9, 0x50, 0x61, 0x2c, 0x2c, 0x1d, 0x0a, 0x0b, 0x07, 0x07, 0x07, 0x10, 0x10, 0x07, 0x10,
    0x61, 0x49, 0x5c, 0x6b, 0x69, 0x6b, 0x65, 0x65, 0x5c, 0x6b, 0x5c, 0x5a, 0x5c, 0x5c, 0x82, 0x61,
    0x07, 0x07, 0x07, 0x10, 0x10, 0x10, 0x10, 0x10, 0x10, 0x11, 0x12, 0x12, 0x12, 0x11, 0x10, 0x10,
    0x4b, 0x6f, 0x50, 0x5c, 0x50, 0x2c, 0x2c, 0x50, 0x2c, 0x2c, 0x1d, 0x0c, 0x0b, 0x0b, 0x0c, 0x0c,
    0x1e, 0x1d, 0x1d, 0x1d, 0x61, 0x61, 0x4a, 0x50, 0x4a, 0x61, 0x49, 0x49, 0x2c, 0x0a, 0x1e, 0x1e,
    0x1e, 0x2e, 0x49, 0x2e, 0x49, 0x61, 0x49, 0x2e, 0x37, 0x61, 0x61, 0x82, 0x2e, 0x61, 0x69, 0x7d,
    0x6f, 0x5c, 0x1d, 0x2e, 0x0c, 0x07, 0x0b, 0x07, 0x07, 0x07, 0x07, 0x10, 0x10, 0x10, 0x10, 0x10,
    0x10, 0x10, 0x10, 0x10, 0x07, 0x07, 0x0b, 0x0b, 0x1e, 0x37, 0x49, 0x4a, 0x50, 0x6b, 0x50, 0x4b,
    0x3e, 0x42, 0x50, 0x13, 0x07, 0x0b, 0x07, 0x0b, 0x07, 0x0b, 0x07, 0x10, 0x07, 0x10, 0x10, 0x10,
    0x07, 0x07, 0x10, 0x07, 0x10, 0x10, 0x10, 0x07, 0x10, 0x10, 0x11, 0x10, 0x10, 0x10, 0x11, 0x11,
    0x10, 0x10, 0x07, 0x10, 0x07, 0x10, 0x1d, 0x2e, 0x24, 0x2e, 0x1d, 0x0b, 0x1e, 0x49, 0x49, 0x5c,
    0x11, 0x10, 0x10, 0x10, 0x07, 0x07, 0x07, 0x07, 0x07, 0x10, 0x10, 0x07, 0x10, 0x07, 0x10, 0x10,
    0x11, 0x10, 0x11, 0x07, 0x07, 0x10, 0x07, 0x07, 0x07, 0x10, 0x10, 0x10, 0x07, 0x10, 0x10, 0x10,
    0x11, 0x10, 0x10, 0x10, 0x07, 0x10, 0x07, 0x07, 0x07, 0x10, 0x10, 0x10, 0x07, 0x0b, 0x2e, 0x2e,
    0x12, 0x2e, 0x0b, 0x07, 0x07, 0x07, 0x07, 0x07, 0x10, 0x07, 0x10, 0x07, 0x10, 0x07, 0x10, 0x10,
    0x4b, 0x6f, 0x50, 0x5c, 0x58, 0x5c, 0x2c, 0x50, 0x50, 0x5c, 0x50, 0x50, 0x2c, 0x2e, 0x2e, 0x0c,
    0x6f, 0x6f, 0x4a, 0x49, 0x2c, 0x2e, 0x12, 0x12, 0x11, 0x07, 0x07, 0x0b, 0x07, 0x07, 0x10, 0x10,
    0x1e, 0x61, 0x82, 0x5c, 0x58, 0x6f, 0x6b, 0x6b, 0x6b, 0x82, 0x82, 0x5c, 0x50, 0x4a, 0x82, 0x5c,
    0x07, 0x07, 0x10, 0x11, 0x10, 0x07, 0x0b, 0x07, 0x0b, 0x0b, 0x12, 0x49, 0x12, 0x0b, 0x11, 0x10,
    0x69, 0x58, 0x5c, 0x50, 0x46, 0x1d, 0x1d, 0x2c, 0x1d, 0x1d, 0x1d, 0x0c, 0x0c, 0x07, 0x07, 0x0b,
    0x0b, 0x0b, 0x0c, 0x1d, 0x1d, 0x49, 0x49, 0x61, 0x61, 0x49, 0x49, 0x2c, 0x0c, 0x0b, 0x0b, 0x0b,
    0x0b, 0x1e, 0x2e, 0x1e, 0x2e, 0x49, 0x2e, 0x1e, 0x37, 0x37, 0x4a, 0x50, 0x50, 0x52, 0x65, 0x6f,
    0x3e, 0x42, 0x50, 0x0a, 0x0a, 0x0c, 0x0b, 0x0b, 0x0b, 0x07, 0x10, 0x07, 0x10, 0x07, 0x10, 0x10,
    0x10, 0x07, 0x10, 0x07, 0x07, 0x07, 0x11, 0x12, 0x2e, 0x61, 0x49, 0x61, 0x50, 0x69, 0x61, 0x4b,
    0x58, 0x50, 0x50, 0x50, 0x0c, 0x07, 0x0c, 0x0b, 0x0b, 0x0b, 0x07, 0x10, 0x10, 0x10, 0x07, 0x10,
    0x10, 0x10, 0x07, 0x10, 0x10, 0x07, 0x07, 0x10, 0x10, 0x10, 0x07, 0x10, 0x07, 0x10, 0x07, 0x10,
    0x10, 0x10, 0x07, 0x10, 0x07, 0x07, 0x07, 0x0b, 0x2e, 0x2e, 0x1d, 0x0b, 0x1e, 0x61, 0x82, 0x5c,
    0x10, 0x10, 0x07, 0x10, 0x07, 0x10, 0x10, 0x10, 0x10, 0x07, 0x07, 0x07, 0x07, 0x10, 0x07, 0x10,
    0x10, 0x10, 0x07, 0x10, 0x10, 0x07, 0x10, 0x10, 0x10, 0x07, 0x07, 0x07, 0x07, 0x10, 0x07, 0x10,
    0x10, 0x10, 0x07, 0x07, 0x10, 0x07, 0x10, 0x10, 0x10, 0x10, 0x07, 0x07, 0x07, 0x07, 0x10, 0x2e,
    0x10, 0x0b, 0x07, 0x10, 0x07, 0x10, 0x10, 0x10, 0x10, 0x10, 0x07, 0x07, 0x07, 0x10, 0x07, 0x10,
    0x69, 0x58, 0x5c, 0x3e, 0x5c, 0x50, 0x50, 0x0c, 0x2c, 0x2c, 0x2e, 0x0c, 0x0c, 0x0c, 0x2e, 0x0b,
    0x79, 0x6b, 0x61, 0x49, 0x49, 0x2c, 0x2c, 0x2c, 0x12, 0x0b, 0x0b, 0x07, 0x0b, 0x10, 0x10, 0x10,
    0x0b, 0x61, 0x82, 0x49, 0x4b, 0x58, 0x6b, 0x5c, 0x82, 0x6b, 0x5c, 0x61, 0x61, 0x2e, 0x61, 0x0b,
    0x07, 0x10, 0x07, 0x0b, 0x10, 0x12, 0x10, 0x10, 0x0b, 0x12, 0x61, 0x49, 0x49, 0x12, 0x12, 0x11,
    0x4b, 0x5a, 0x5c, 0x2c, 0x25, 0x0c, 0x0c, 0x0c, 0x0c, 0x1d, 0x0c, 0x0c, 0x0c, 0x07, 0x07, 0x0b,
    0x07, 0x0b, 0x0b, 0x0c, 0x0c, 0x1d, 0x49, 0x1d, 0x49, 0x1d, 0x12, 0x12, 0x0b, 0x07, 0x0b, 0x07,
    0x07, 0x0b, 0x1e, 0x0b, 0x0b, 0x12, 0x1e, 0x2e, 0x49, 0x49, 0x61, 0x61, 0x82, 0x6b, 0x67, 0x67,
    0x67, 0x5c, 0x2c, 0x50, 0x1d, 0x1d, 0x0a, 0x0b, 0x07, 0x10, 0x10, 0x10, 0x07, 0x07, 0x07, 0x10,
    0x07, 0x10, 0x07, 0x10, 0x07, 0x10, 0x07, 0x12, 0x2e, 0x2e, 0x1e, 0x2e, 0x4a, 0x51, 0x61, 0x3e,
    0x5c, 0x4b, 0x50, 0x2c, 0x0c, 0x1d, 0x0c, 0x0b, 0x0b, 0x07, 0x07, 0x07, 0x07, 0x10, 0x10, 0x10,
    0x10, 0x07, 0x10, 0x07, 0x10, 0x10, 0x07, 0x07, 0x07, 0x10, 0x10, 0x10, 0x10, 0x10, 0x10, 0x10,
    0x10, 0x07, 0x10, 0x11, 0x10, 0x07, 0x07, 0x0b, 0x1d, 0x0b, 0x0b, 0x12, 0x37, 0x61, 0x46, 0x3e,
    0x07, 0x10, 0x10, 0x07, 0x10, 0x10, 0x07, 0x07, 0x10, 0x10, 0x10, 0x07, 0x07, 0x10, 0x10, 0x10,
    0x07, 0x10, 0x10, 0x07, 0x10, 0x10, 0x07, 0x07, 0x10, 0x10, 0x10, 0x07, 0x07, 0x10, 0x10, 0x10,
    0x07, 0x10, 0x10, 0x10, 0x10, 0x10, 0x07, 0x10, 0x10, 0x11, 0x07, 0x07, 0x07, 0x10, 0x10, 0x10,
    0x07, 0x10, 0x10, 0x10, 0x10, 0x10, 0x07, 0x10, 0x10, 0x11, 0x07, 0x07, 0x07, 0x10, 0x10, 0x10,
    0x4b, 0x5a, 0x5c, 0x50, 0x5c, 0x2c, 0x2c, 0x0c, 0x0c, 0x0c, 0x0c, 0x1d, 0x2e, 0x2e, 0x1d, 0x12,
    0x6f, 0xa9, 0x50, 0x50, 0x49, 0x2e, 0x2e, 0x2e, 0x2c, 0x0a, 0x0b, 0x0b, 0x0b, 0x10, 0x2e, 0x11,
    0x0b, 0x2e, 0x61, 0x61, 0x4b, 0x82, 0x6b, 0x5c, 0x67, 0x6f, 0x5c, 0x4a, 0x2e, 0x2e, 0x0b, 0x0b,
    0x10, 0x10, 0x10, 0x12, 0x12, 0x12, 0x0b, 0x12, 0x0b, 0x12, 0x49, 0x61, 0x2c, 0x0c, 0x0b, 0x07,
    0x67, 0x5c, 0x69, 0x50, 0x2c, 0x2c, 0x0c, 0x1d, 0x2e, 0x0c, 0x0b, 0x07, 0x10, 0x07, 0x07, 0x07,
    0x0b, 0x07, 0x07, 0x0b, 0x12, 0x12, 0x1e, 0x1d, 0x1e, 0x0b, 0x07, 0x07, 0x10, 0x10, 0x07, 0x10,
    0x07, 0x07, 0x0b, 0x0b, 0x0b, 0x07, 0x0b, 0x1e, 0x24, 0x49, 0x49, 0x61, 0x61, 0x5c, 0x7d, 0x5c,
    0x6f, 0x50, 0x2c, 0x2c, 0x1d, 0x0a, 0x0a, 0x0b, 0x11, 0x10, 0x07, 0x07, 0x07, 0x10, 0x10, 0x10,
    0x10, 0x07, 0x07, 0x10, 0x07, 0x10, 0x0b, 0x0b, 0x12, 0x12, 0x2e, 0x49, 0x61, 0x69, 0x61, 0x3e,
    0x42, 0x5c, 0x5c, 0x2c, 0x1b, 0x0c, 0x0c, 0x0b, 0x07, 0x07, 0x07, 0x07, 0x07, 0x07, 0x07, 0x07,
    0x07, 0x0b, 0x10, 0x10, 0x07, 0x10, 0x07, 0x07, 0x10, 0x10, 0x10, 0x10, 0x07, 0x10, 0x07, 0x07,
    0x07, 0x07, 0x07, 0x07, 0x10, 0x07, 0x07, 0x07, 0x0b, 0x0b, 0x0b, 0x1e, 0x49, 0x4a, 0x4b, 0x3e,
    0x10, 0x07, 0x10, 0x10, 0x10, 0x07, 0x07, 0x10, 0x10, 0x10, 0x10, 0x10, 0x10, 0x07, 0x07, 0x0b,
    0x10, 0x07, 0x10, 0x10, 0x07, 0x07, 0x07, 0x10, 0x10, 0x10, 0x10, 0x11, 0x10, 0x07, 0x07, 0x07,
    0x10, 0x07, 0x10, 0x07, 0x10, 0x07, 0x07, 0x07, 0x10, 0x10, 0x10, 0x10, 0x11, 0x10, 0x07, 0x07,
    0x10, 0x07, 0x10, 0x07, 0x10, 0x07, 0x07, 0x07, 0x10, 0x10, 0x10, 0x10, 0x11, 0x10, 0x07, 0x07,
    0x67, 0x5c, 0x69, 0x50, 0x50, 0x0c, 0x0c, 0x12, 0x1d, 0x0c, 0x0c, 0x0c, 0x2e, 0x12, 0x0c, 0x10,
    0x67, 0x67, 0x5c, 0x82, 0x50, 0x61, 0x61, 0x2e, 0x12, 0x12, 0x07, 0x0c, 0x0c, 0x2e, 0x1e, 0x10,
    0x0b, 0x0b, 0x2e, 0x82, 0x5c, 0x4b, 0x6f, 0x5c, 0x5c, 0x5c, 0x61, 0x50, 0x61, 0x1d, 0x1d, 0x10,
    0x07, 0x07, 0x10, 0x2c, 0x12, 0x49, 0x61, 0x12, 0x12, 0x12, 0x61, 0x2c, 0x2c, 0x0b, 0x07, 0x0b,
    0x58, 0x82, 0x50, 0x25, 0x2c, 0x1d, 0x0c, 0x0c, 0x0b, 0x07, 0x07, 0x07, 0x07, 0x07, 0x07, 0x10,
    0x10, 0x07, 0x07, 0x07, 0x07, 0x07, 0x07, 0x07, 0x07, 0x10, 0x10, 0x07, 0x07, 0x10, 0x10, 0x10,
    0x07, 0x1e, 0x2e, 0x0b, 0x0b, 0x0b, 0x0b, 0x1e, 0x24, 0x2e, 0x4a, 0x61, 0x82, 0x69, 0x69, 0x6f,
    0x52, 0x5c, 0x50, 0x2c, 0x2c, 0x1d, 0x0c, 0x0a, 0x11, 0x10, 0x07, 0x07, 0x10, 0x10, 0x07, 0x07,
    0x10, 0x11, 0x10, 0x10, 0x10, 0x07, 0x07, 0x0b, 0x12, 0x1e, 0x2e, 0x50, 0x69, 0x82, 0x5a, 0x58,
    0x42, 0x50, 0x2c, 0x2c, 0x1d, 0x2c, 0x07, 0x07, 0x0b, 0x07, 0x07, 0x07, 0x10, 0x07, 0x07, 0x07,
    0x07, 0x07, 0x07, 0x07, 0x0b, 0x07, 0x07, 0x07, 0x10, 0x07, 0x10, 0x07, 0x10, 0x0b, 0x07, 0x07,
    0x07, 0x07, 0x07, 0x0b, 0x07, 0x0b, 0x10, 0x0b, 0x0b, 0x0b, 0x0b, 0x2e, 0x2e, 0x50, 0x76, 0x4b,
    0x10, 0x10, 0x10, 0x10, 0x07, 0x10, 0x07, 0x07, 0x10, 0x07, 0x10, 0x07, 0x10, 0x10, 0x07, 0x07,
    0x10, 0x10, 0x10, 0x10, 0x10, 0x10, 0x07, 0x07, 0x10, 0x07, 0x10, 0x07, 0x10, 0x10, 0x07, 0x07,
    0x10, 0x10, 0x10, 0x10, 0x10, 0x10, 0x07, 0x10, 0x07, 0x10, 0x10, 0x07, 0x11, 0x07, 0x07, 0x07,
    0x10, 0x10, 0x10, 0x10, 0x10, 0x10, 0x07, 0x10, 0x07, 0x10, 0x10, 0x07, 0x11, 0x07, 0x07, 0x07,
    0x58, 0x82, 0x50, 0x2c, 0x0c, 0x0c, 0x12, 0x12, 0x1d, 0x1d, 0x0c, 0x0c, 0x12, 0x10, 0x2e, 0x10,
    0x67, 0x67, 0x6f, 0x58, 0x82, 0x5c, 0x61, 0x49, 0x49, 0x12, 0x12, 0x0c, 0x2e, 0x1e, 0x1e, 0x07,
    0x10, 0x1d, 0x1d, 0x61, 0x49, 0x5c, 0x49, 0x49, 0x61, 0x82, 0x61, 0x82, 0x2e, 0x1d, 0x0b, 0x0b,
    0x07, 0x07, 0x0b, 0x10, 0x12, 0x49, 0x61, 0x4a, 0x61, 0x12, 0x11, 0x12, 0x12, 0x10, 0x10, 0x0b,
    0x3e, 0x5c, 0x2c, 0x0a, 0x0a, 0x07, 0x07, 0x2e, 0x0b, 0x07, 0x10, 0x07, 0x07, 0x10, 0x07, 0x10,
    0x10, 0x10, 0x11, 0x10, 0x07, 0x07, 0x07, 0x10, 0x10, 0x10, 0x07, 0x10, 0x07, 0x10, 0x10, 0x07,
    0x0b, 0x1e, 0x1e, 0x0b, 0x07, 0x0b, 0x1e, 0x2e, 0x2e, 0x2e, 0x61, 0x82, 0x61, 0x4a, 0x5c, 0x6f,
    0x42, 0x5c, 0x2c, 0x1d, 0x1d, 0x0a, 0x1d, 0x0c, 0x11, 0x10, 0x10, 0x10, 0x10, 0x07, 0x07, 0x07,
    0x10, 0x10, 0x11, 0x10, 0x07, 0x07, 0x07, 0x0b, 0x1e, 0x2f, 0x61, 0x50, 0x8b, 0x67, 0x58, 0x4b,
    0x5a, 0x5c, 0x42, 0x2c, 0x1d, 0x13, 0x0c, 0x0b, 0x0b, 0x0b, 0x07, 0x0b, 0x07, 0x10, 0x07, 0x07,
    0x0b, 0x07, 0x0b, 0x07, 0x07, 0x07, 0x07, 0x07, 0x07, 0x0b, 0x07, 0x07, 0x0b, 0x07, 0x0b, 0x0b,
    0x07, 0x07, 0x07, 0x10, 0x0b, 0x0b, 0x0b, 0x1d, 0x1d, 0x0b, 0x12, 0x24, 0x1e, 0x49, 0x70, 0x6f,
    0x07, 0x10, 0x10, 0x10, 0x10, 0x07, 0x10, 0x07, 0x10, 0x10, 0x10, 0x10, 0x10, 0x10, 0x07, 0x10,
    0x07, 0x10, 0x10, 0x10, 0x07, 0x10, 0x10, 0x07, 0x10, 0x11, 0x10, 0x10, 0x10, 0x10, 0x10, 0x10,
    0x07, 0x10, 0x10, 0x10, 0x07, 0x10, 0x07, 0x07, 0x10, 0x11, 0x10, 0x10, 0x10, 0x10, 0x10, 0x10,
    0x07, 0x10, 0x10, 0x10, 0x07, 0x10, 0x07, 0x07, 0x10, 0x11, 0x10, 0x10, 0x10, 0x10, 0x10, 0x10,
    0x3e, 0x5c, 0x50, 0x2c, 0x50, 0x1d, 0x0c, 0x2e, 0x0b, 0x10, 0x12, 0x10, 0x12, 0x12, 0x11, 0x10,
    0x6f, 0x6f, 0x3e, 0x4b, 0x58, 0x58, 0x5c, 0x61, 0x2e, 0x49, 0x12, 0x10, 0x10, 0x07, 0x07, 0x07,
    0x10, 0x10, 0x1d, 0x2e, 0x2e, 0x61, 0x49, 0x61, 0x61, 0x61, 0x2e, 0x61, 0x2e, 0x0b, 0x1d, 0x10,
    0x0b, 0x0b, 0x10, 0x12, 0x0b, 0x12, 0x2c, 0x6f, 0x49, 0x49, 0x12, 0x12, 0x12, 0x12, 0x12, 0x0b,
    0x67, 0x5c, 0x2c, 0x0a, 0x0a, 0x0c, 0x0b, 0x07, 0x07, 0x07, 0x10, 0x07, 0x10, 0x10, 0x07, 0x10,
    0x10, 0x11, 0x11, 0x11, 0x10, 0x07, 0x10, 0x10, 0x10, 0x10, 0x10, 0x07, 0x07, 0x07, 0x07, 0x10,
    0x07, 0x07, 0x10, 0x10, 0x0b, 0x0b, 0x1e, 0x1e, 0x0b, 0x12, 0x2e, 0x61, 0x49, 0x61, 0x50, 0x5c,
    0x42, 0x50, 0x1d, 0x1d, 0x1d, 0x1d, 0x0c, 0x07, 0x07, 0x07, 0x10, 0x10, 0x10, 0x10, 0x07, 0x07,
    0x10, 0x10, 0x10, 0x10, 0x10, 0x07, 0x0b, 0x0b, 0x1e, 0x2e, 0x61, 0x50, 0x65, 0x65, 0x5a, 0x4b,
    0x5c, 0x5a, 0x50, 0x50, 0x25, 0x13, 0x0a, 0x0b, 0x0b, 0x07, 0x0b, 0x07, 0x0b, 0x10, 0x07, 0x07,
    0x0b, 0x0b, 0x0b, 0x0b, 0x07, 0x07, 0x07, 0x0b, 0x07, 0x07, 0x0b, 0x0b, 0x0b, 0x0b, 0x07, 0x0b,
    0x0b, 0x0b, 0x0b, 0x0b, 0x1e, 0x0b, 0x1d, 0x2e, 0x2e, 0x0b, 0x2e, 0x49, 0x49, 0x60, 0x6b, 0x58,
    0x07, 0x07, 0x10, 0x10, 0x07, 0x10, 0x10, 0x11, 0x10, 0x10, 0x10, 0x10, 0x10, 0x10, 0x10, 0x07,
    0x07, 0x10, 0x07, 0x10, 0x10, 0x07, 0x10, 0x11, 0x11, 0x10, 0x10, 0x10, 0x10, 0x10, 0x10, 0x07,
    0x07, 0x07, 0x10, 0x10, 0x10, 0x07, 0x10, 0x10, 0x11, 0x10, 0x10, 0x10, 0x10, 0x10, 0x10, 0x07,
    0x07, 0x10, 0x10, 0x10, 0x10, 0x07, 0x10, 0x10, 0x11, 0x10, 0x10, 0x10, 0x10, 0x10, 0x10, 0x07,
    0x6b, 0x58, 0x4b, 0x50, 0x50, 0x50, 0x1d, 0x0c, 0x0b, 0x07, 0x07, 0x07, 0x10, 0x2e, 0x07, 0x10,
    0x6f, 0x5a, 0x58, 0x58, 0x50, 0x5c, 0x61, 0x49, 0x37, 0x2e, 0x2c, 0x2c, 0x12, 0x0c, 0x07, 0x07,
    0x10, 0x11, 0x0b, 0x0b, 0x61, 0x82, 0x2e, 0x2e, 0x0b, 0x0b, 0x61, 0x2e, 0x2e, 0x0b, 0x1d, 0x10,
    0x0b, 0x0b, 0x12, 0x49, 0x12, 0x12, 0x49, 0x61, 0x2c, 0x2c, 0x61, 0x2c, 0x0b, 0x0b, 0x12, 0x0b,
    0x6f, 0x69, 0x50, 0x2c, 0x0c, 0x0a, 0x0c, 0x07, 0x0c, 0x0c, 0x07, 0x07, 0x10, 0x11, 0x11, 0x11,
    0x10, 0x10, 0x11, 0x11, 0x10, 0x11, 0x10, 0x11, 0x11, 0x11, 0x10, 0x10, 0x07, 0x07, 0x07, 0x10,
    0x07, 0x07, 0x11, 0x10, 0x07, 0x0b, 0x0b, 0x07, 0x0b, 0x12, 0x2e, 0x2e, 0x1e, 0x49, 0x4a, 0x50,
    0x5c, 0x2c, 0x2c, 0x2c, 0x1d, 0x0c, 0x0c, 0x07, 0x07, 0x07, 0x10, 0x07, 0x07, 0x07, 0x07, 0x07,
    0x10, 0x07, 0x10, 0x10, 0x07, 0x07, 0x11, 0x2e, 0x1d, 0x1e, 0x1e, 0x61, 0x82, 0x65, 0x5c, 0x4b,
    0xb0, 0x5c, 0x42, 0x2c, 0x1d, 0x1d, 0x07, 0x07, 0x07, 0x0b, 0x0b, 0x07, 0x0b, 0x07, 0x0b, 0x07,
    0x0b, 0x0b, 0x0b, 0x0b, 0x0b, 0x0b, 0x0b, 0x07, 0x0b, 0x0b, 0x07, 0x0b, 0x0b, 0x0b, 0x0b, 0x0b,
    0x0b, 0x07, 0x0b, 0x0b, 0x0b, 0x0b, 0x1d, 0x24, 0x49, 0x2e, 0x49, 0x61, 0x61, 0x69, 0x65, 0x4b,
    0x10, 0x10, 0x10, 0x10, 0x07, 0x07, 0x07, 0x11, 0x10, 0x10, 0x10, 0x10, 0x07, 0x10, 0x11, 0x07,
    0x10, 0x10, 0x10, 0x10, 0x07, 0x07, 0x07, 0x11, 0x10, 0x10, 0x10, 0x07, 0x10, 0x10, 0x07, 0x07,
    0x10, 0x07, 0x10, 0x10, 0x07, 0x07, 0x10, 0x10, 0x10, 0x10, 0x07, 0x10, 0x10, 0x10, 0x07, 0x07,
    0x10, 0x07, 0x10, 0x07, 0x07, 0x07, 0x10, 0x10, 0x10, 0x10, 0x07, 0x10, 0x10, 0x10, 0x07, 0x07,
    0x6f, 0x58, 0x50, 0x58, 0x5c, 0x50, 0x0c, 0x0c, 0x12, 0x0b, 0x07, 0x07, 0x10, 0x10, 0x11, 0x11,
    0x58, 0x5c, 0x4b, 0x58, 0x6f, 0x3e, 0x52, 0x49, 0x2e, 0x2e, 0x2e, 0x2e, 0x2e, 0x2c, 0x0a, 0x10,
    0x10, 0x11, 0x1d, 0x1d, 0x24, 0x2e, 0x2e, 0x1d, 0x0b, 0x61, 0x1d, 0x2e, 0x1d, 0x0b, 0x07, 0x10,
    0x0b, 0x12, 0x12, 0x49, 0x49, 0x12, 0x10, 0x49, 0x4a, 0x3e, 0x6f, 0x2c, 0x49, 0x0b, 0x12, 0x0c,
    0x4b, 0x50, 0x1d, 0x0a, 0x0c, 0x1d, 0x0b, 0x07, 0x0c, 0x1d, 0x0c, 0x11, 0x10, 0x10, 0x11, 0x11,
    0x10, 0x10, 0x10, 0x10, 0x10, 0x07, 0x10, 0x11, 0x11, 0x11, 0x11, 0x07, 0x10, 0x07, 0x10, 0x10,
    0x07, 0x07, 0x10, 0x07, 0x07, 0x10, 0x07, 0x0b, 0x07, 0x0b, 0x12, 0x12, 0x24, 0x49, 0x61, 0x4b,
    0x58, 0x4b, 0x50, 0x2c, 0x0a, 0x13, 0x07, 0x07, 0x07, 0x07, 0x10, 0x10, 0x07, 0x10, 0x07, 0x07,
    0x10, 0x10, 0x10, 0x11, 0x10, 0x10, 0x07, 0x07, 0x0b, 0x1e, 0x37, 0x61, 0x46, 0x76, 0x5c, 0x6f,
    0x4b, 0x5c, 0x50, 0x50, 0x2c, 0x0c, 0x07, 0x07, 0x07, 0x0b, 0x0b, 0x0b, 0x0b, 0x0b, 0x0b, 0x0b,
    0x1d, 0x1d, 0x1d, 0x0b, 0x0b, 0x0b, 0x0b, 0x0b, 0x0b, 0x0b, 0x0b, 0x0b, 0x1d, 0x1d, 0x0c, 0x0b,
    0x0b, 0x0b, 0x0b, 0x0b, 0x0b, 0x0b, 0x1d, 0x1d, 0x2e, 0x2c, 0x50, 0x82, 0x82, 0x5c, 0x67, 0x90,
    0x07, 0x10, 0x10, 0x07, 0x10, 0x07, 0x10, 0x07, 0x10, 0x10, 0x07, 0x07, 0x0b, 0x10, 0x10, 0x10,
    0x10, 0x10, 0x11, 0x07, 0x10, 0x07, 0x10, 0x07, 0x10, 0x07, 0x10, 0x11, 0x07, 0x10, 0x10, 0x10,
    0x07, 0x10, 0x10, 0x10, 0x07, 0x10, 0x07, 0x10, 0x10, 0x07, 0x10, 0x11, 0x07, 0x10, 0x10, 0x10,
    0x07, 0x10, 0x10, 0x10, 0x10, 0x10, 0x07, 0x10, 0x10, 0x07, 0x10, 0x11, 0x07, 0x10, 0x10, 0x10,
    0x4b, 0x4b, 0x5c, 0x4b, 0x5c, 0x50, 0x5c, 0x2c, 0x1d, 0x0c, 0x0c, 0x11, 0x10, 0x10, 0x11, 0x11,
    0x4b, 0x3e, 0x4b, 0x4b, 0x4b, 0x3e, 0x61, 0x4a, 0x49, 0x49, 0x4a, 0x61, 0x2e, 0x2c, 0x2e, 0x0b,
    0x10, 0x11, 0x11, 0x1d, 0x1d, 0x2e, 0x1d, 0x1d, 0x0b, 0x2e, 0x1d, 0x1d, 0x1d, 0x11, 0x10, 0x10,
    0x24, 0x49, 0x2c, 0x2c, 0x12, 0x12, 0x12, 0x49, 0x4a, 0x6f, 0x67, 0x6f, 0x2c, 0x61, 0x0c, 0x0b,
    0x5c, 0x2c, 0x1d, 0x0a, 0x1d, 0x0c, 0x2e, 0x10, 0x07, 0x07, 0x07, 0x07, 0x10, 0x10, 0x10, 0x10,
    0x11, 0x11, 0x11, 0x07, 0x07, 0x10, 0x10, 0x10, 0x11, 0x10, 0x07, 0x07, 0x07, 0x10, 0x10, 0x07,
    0x07, 0x07, 0x07, 0x07, 0x07, 0x10, 0x07, 0x0b, 0x0b, 0x0b, 0x12, 0x1e, 0x2e, 0x50, 0x69, 0x4b,
    0x5a, 0x5c, 0x50, 0x0a, 0x07, 0x0a, 0x07, 0x07, 0x0b, 0x10, 0x07, 0x10, 0x10, 0x11, 0x10, 0x10,
    0x10, 0x10, 0x10, 0x11, 0x11, 0x10, 0x07, 0x0b, 0x0b, 0x1e, 0x49, 0x61, 0x51, 0x9f, 0x51, 0xb0,
    0x6f, 0x58, 0x50, 0x5c, 0x2c, 0x2c, 0x0a, 0x2c, 0x2c, 0x1d, 0x1d, 0x0b, 0x2c, 0x0b, 0x2c, 0x2c,
    0x1d, 0x2c, 0x1d, 0x1d, 0x0b, 0x0b, 0x1d, 0x0b, 0x0b, 0x0b, 0x1d, 0x1d, 0x1d, 0x1d, 0x25, 0x0c,
    0x0b, 0x0b, 0x1d, 0x1d, 0x1d, 0x2c, 0x2c, 0x2c, 0x2c, 0x2c, 0x2e, 0x50, 0x82, 0x5c, 0x5c, 0x67,
    0x07, 0x07, 0x07, 0x10, 0x10, 0x07, 0x07, 0x07, 0x10, 0x07, 0x07, 0x07, 0x0b, 0x12, 0x1d, 0x1d,
    0x2c, 0x1d, 0x12, 0x07, 0x10, 0x07, 0x07, 0x07, 0x10, 0x07, 0x07, 0x07, 0x10, 0x07, 0x07, 0x10,
    0x07, 0x07, 0x07, 0x10, 0x10, 0x07, 0x07, 0x07, 0x07, 0x10, 0x07, 0x07, 0x10, 0x07, 0x07, 0x10,
    0x07, 0x07, 0x07, 0x10, 0x10, 0x07, 0x07, 0x07, 0x07, 0x10, 0x07, 0x07, 0x10, 0x07, 0x07, 0x10,
    0x5c, 0x50, 0x25, 0x2c, 0x50, 0x50, 0x2c, 0x1d, 0x0c, 0x0c, 0x12, 0x07, 0x10, 0x10, 0x10, 0x10,
    0x58, 0x58, 0x58, 0x5c, 0x50, 0x58, 0x6f, 0x58, 0x61, 0x61, 0x4b, 0x49, 0x37, 0x2c, 0x49, 0x2c,
    0x11, 0x11, 0x11, 0x10, 0x07, 0x0b, 0x0b, 0x1d, 0x11, 0x0b, 0x1d, 0x10, 0x07, 0x10, 0x10, 0x07,
    0x12, 0x61, 0x61, 0x45, 0x2c, 0x49, 0x2c, 0x49, 0x61, 0x6f, 0x3e, 0x6f, 0x49, 0x49, 0x49, 0x0c,
    0x58, 0x5c, 0x50, 0x1d, 0x0c, 0x2e, 0x0c, 0x10, 0x07, 0x07, 0x07, 0x10, 0x07, 0x07, 0x10, 0x10,
    0x10, 0x10, 0x10, 0x10, 0x10, 0x10, 0x11, 0x11, 0x10, 0x07, 0x07, 0x10, 0x07, 0x07, 0x07, 0x10,
    0x07, 0x10, 0x10, 0x10, 0x07, 0x07, 0x0b, 0x0b, 0x0b, 0x0b, 0x1e, 0x2e, 0x61, 0x50, 0x58, 0x6f,
    0x4b, 0x5c, 0x50, 0x1d, 0x0c, 0x07, 0x07, 0x0b, 0x07, 0x10, 0x07, 0x10, 0x10, 0x10, 0x07, 0x10,
    0x07, 0x10, 0x10, 0x10, 0x07, 0x10, 0x10, 0x0b, 0x12, 0x2e, 0x49, 0x49, 0x61, 0x82, 0x61, 0x6f,
    0x67, 0x52, 0x69, 0x2c, 0x5c, 0x0c, 0x1d, 0x0c, 0x1d, 0x2c, 0x5c, 0x1d, 0x1d, 0x2c, 0x5c, 0x2e,
    0x2c, 0x50, 0x2c, 0x2c, 0x1d, 0x1d, 0x1d, 0x2c, 0x1d, 0x1d, 0x1d, 0x2c, 0x2c, 0x2c, 0x5c, 0x2c,
    0x0a, 0x1d, 0x1d, 0x2c, 0x2c, 0x2e, 0x2e, 0x2e, 0x2c, 0x2e, 0x49, 0x50, 0x8b, 0x5c, 0x5c, 0x6f,
    0x10, 0x07, 0x07, 0x07, 0x10, 0x10, 0x07, 0x07, 0x07, 0x10, 0x07, 0x0b, 0x0b, 0x12, 0x2e, 0x2e,
    0x45, 0x2e, 0x0c, 0x12, 0x11, 0x10, 0x07, 0x07, 0x07, 0x10, 0x10, 0x07, 0x07, 0x07, 0x07, 0x10,
    0x10, 0x07, 0x07, 0x07, 0x10, 0x10, 0x07, 0x07, 0x10, 0x07, 0x10, 0x07, 0x07, 0x07, 0x07, 0x10,
    0x10, 0x07, 0x07, 0x07, 0x10, 0x10, 0x07, 0x07, 0x10, 0x07, 0x10, 0x07, 0x07, 0x07, 0x07, 0x10,
    0x4b, 0x2c, 0x0c, 0x1d, 0x2c, 0x1d, 0x1d, 0x0c, 0x1d, 0x12, 0x12, 0x0b, 0x07, 0x07, 0x10, 0x10,
    0x4b, 0x58, 0x58, 0x50, 0x5c, 0x58, 0x3e, 0x4b, 0x5c, 0x3e, 0x6f, 0x61, 0x49, 0x49, 0x61, 0x2e,
    0x10, 0x10, 0x10, 0x10, 0x10, 0x10, 0x0b, 0x11, 0x10, 0x07, 0x07, 0x10, 0x07, 0x07, 0x07, 0x10,
    0x49, 0x61, 0x2c, 0x6f, 0x6f, 0x2c, 0x42, 0x3e, 0x6f, 0x67, 0x6b, 0x6f, 0x6f, 0x49, 0x49, 0x2c,
    0x42, 0x5c, 0x1d, 0x0a, 0x1d, 0x0c, 0x07, 0x07, 0x07, 0x07, 0x10, 0x07, 0x07, 0x10, 0x07, 0x10,
    0x07, 0x10, 0x07, 0x10, 0x10, 0x07, 0x10, 0x11, 0x10, 0x07, 0x10, 0x07, 0x07, 0x07, 0x10, 0x10,
    0x10, 0x07, 0x10, 0x07, 0x07, 0x07, 0x07, 0x1e, 0x0b, 0x0b, 0x1e, 0x2e, 0x61, 0x5c, 0x65, 0x4b,
    0x42, 0x50, 0x0a, 0x0c, 0x0c, 0x07, 0x07, 0x0b, 0x07, 0x0b, 0x10, 0x07, 0x10, 0x10, 0x10, 0x10,
    0x10, 0x07, 0x10, 0x07, 0x10, 0x10, 0x10, 0x11, 0x0b, 0x1e, 0x12, 0x1e, 0x2e, 0x37, 0x49, 0xa7,
    0x67, 0x5c, 0x69, 0x82, 0x82, 0x5c, 0x5c, 0x58, 0x2c, 0x50, 0x6b, 0x58, 0x2c, 0x58, 0x5c, 0x49,
    0x50, 0x58, 0x2d, 0x5a, 0x5c, 0x2c, 0x2c, 0x1d, 0x2c, 0x2c, 0x50, 0x50, 0x50, 0x6b, 0x58, 0x2d,
    0x2c, 0x5c, 0x49, 0x61, 0x5c, 0x2e, 0x1e, 0x49, 0x45, 0x2c, 0x2c, 0x50, 0x6b, 0x69, 0x5c, 0xa7,
    0x10, 0x10, 0x10, 0x10, 0x10, 0x10, 0x07, 0x10, 0x07, 0x10, 0x10, 0x0b, 0x12, 0x49, 0x2e, 0x69,
    0x5c, 0x2c, 0x2c, 0x0a, 0x11, 0x0b, 0x07, 0x10, 0x07, 0x10, 0x10, 0x07, 0x07, 0x10, 0x10, 0x10,
    0x10, 0x10, 0x10, 0x10, 0x10, 0x10, 0x07, 0x10, 0x07, 0x10, 0x10, 0x07, 0x07, 0x10, 0x10, 0x10,
    0x10, 0x10, 0x10, 0x10, 0x10, 0x10, 0x07, 0x10, 0x07, 0x10, 0x10, 0x07, 0x07, 0x10, 0x10, 0x10,
    0x4b, 0x50, 0x0c, 0x1d, 0x0c, 0x1d, 0x0c, 0x0b, 0x12, 0x0b, 0x10, 0x07, 0x07, 0x10, 0x07, 0x10,
    0x58, 0x5c, 0x6b, 0x82, 0x82, 0x5c, 0x65, 0x5c, 0x3e, 0x4b, 0x5a, 0x5a, 0x58, 0x61, 0x5c, 0x50,
    0x07, 0x10, 0x07, 0x10, 0x10, 0x07, 0x10, 0x11, 0x10, 0x07, 0x10, 0x07, 0x07, 0x07, 0x10, 0x10,
    0x50, 0x3e, 0x6f, 0x6f, 0x67, 0x6f, 0x3e, 0x6f, 0x3e, 0x6f, 0x6f, 0x50, 0x50, 0x5c, 0x6f, 0x2d,
    0x4b, 0x1d, 0x24, 0x2e, 0x0c, 0x07, 0x07, 0x07, 0x07, 0x07, 0x10, 0x10, 0x11, 0x10, 0x10, 0x10,
    0x10, 0x10, 0x10, 0x10, 0x07, 0x10, 0x10, 0x10, 0x11, 0x11, 0x11, 0x10, 0x10, 0x07, 0x07, 0x10,
    0x10, 0x07, 0x10, 0x10, 0x10, 0x07, 0x07, 0x07, 0x0b, 0x0b, 0x0b, 0x2e, 0x49, 0x4a, 0x50, 0x6f,
    0x4b, 0x2d, 0x13, 0x13, 0x07, 0x07, 0x0b, 0x0b, 0x0b, 0x07, 0x10, 0x10, 0x10, 0x10, 0x10, 0x10,
    0x11, 0x10, 0x07, 0x07, 0x10, 0x10, 0x10, 0x11, 0x10, 0x0b, 0x1d, 0x0b, 0x1e, 0x49, 0x49, 0x6f,
    0x67, 0x4b, 0x5c, 0x67, 0x6f, 0x6f, 0xa7, 0x5c, 0x67, 0x67, 0x79, 0x90, 0x79, 0x79, 0x90, 0x79,
    0x6f, 0x6f, 0x6f, 0x6f, 0x67, 0x67, 0x5c, 0x5c, 0x5a, 0x4b, 0x6f, 0x4b, 0x90, 0x79, 0x5c, 0x58,
    0x3e, 0x4b, 0x5c, 0x67, 0x6f, 0x6f, 0xa7, 0x5c, 0x67, 0x67, 0x79, 0x90, 0x79, 0x79, 0x90, 0x79,
    0x10, 0x10, 0x10, 0x10, 0x10, 0x10, 0x10, 0x10, 0x10, 0x10, 0x10, 0x10, 0x0b, 0x2e, 0x69, 0x58,
    0x67, 0x5c, 0x0c, 0x1d, 0x12, 0x0b, 0x07, 0x10, 0x10, 0x10, 0x10, 0x10, 0x07, 0x07, 0x07, 0x10,
    0x10, 0x10, 0x10, 0x10, 0x10, 0x10, 0x10, 0x10, 0x10, 0x10, 0x10, 0x10, 0x07, 0x07, 0x07, 0x10,
    0x10, 0x10, 0x10, 0x10, 0x10, 0x10, 0x10, 0x10, 0x10, 0x10, 0x10, 0x10, 0x07, 0x07, 0x07, 0x10,
    0x4b, 0x1d, 0x0c, 0x2e, 0x0c, 0x07, 0x07, 0x1d, 0x07, 0x07, 0x10, 0x10, 0x11, 0x10, 0x10, 0x10,
    0x58, 0x6f, 0x5c, 0x5a, 0x4b, 0xa7, 0x4b, 0x4b, 0x4b, 0x5a, 0x5c, 0x5c, 0x67, 0x5c, 0x67, 0x5c,
    0x10, 0x10, 0x10, 0x10, 0x07, 0x10, 0x10, 0x10, 0x11, 0x11, 0x11, 0x10, 0x10, 0x07, 0x07, 0x10,
    0x6f, 0x6f, 0x6f, 0x6f, 0x67, 0x67, 0x5c, 0x5c, 0x5a, 0x4b, 0x6f, 0x4b, 0x90, 0x79, 0x5c, 0x58,
    0x42, 0x2c, 0x1d, 0x1e, 0x1d, 0x0c, 0x2e, 0x10, 0x07, 0x07, 0x07, 0x07, 0x10, 0x10, 0x10, 0x10,
    0x07, 0x07, 0x07, 0x07, 0x10, 0x12, 0x10, 0x11, 0x0b, 0x0b, 0x12, 0x1e, 0x2e, 0x4a, 0x69, 0x46,
    0x29, 0x29, 0x29, 0x17, 0x03, 0x0f, 0x03, 0x0f, 0x0f, 0x6c, 0x52, 0x8b, 0x52, 0x5d, 0x8b, 0x4c,
    0x46, 0x29, 0x32, 0x29, 0x26, 0x29, 0x29, 0x26, 0x29, 0x29, 0x52, 0x52, 0x29, 0x4c, 0x8b, 0x52,
    0x29, 0x29, 0x0f, 0x03, 0x21, 0x29, 0x0f, 0x03, 0x21, 0x8b, 0x52, 0x29, 0x8b, 0xd0, 0xd0, 0x90,
    0x3e, 0x67, 0x76, 0x79, 0x6f, 0x90, 0x90, 0x79, 0x67, 0x65, 0x58, 0x52, 0x4b, 0x4b, 0x5a, 0x67,
    0x3e, 0x67, 0x76, 0x79, 0x6f, 0x90, 0x90, 0x79, 0x67, 0x65, 0x5a, 0x52, 0x4b, 0x52, 0x58, 0x67,
    0x58, 0x4b, 0x5c, 0x46, 0x3e, 0x4b, 0x5c, 0x6b, 0x5c, 0x5a, 0x65, 0x67, 0x76, 0x90, 0x4b, 0x67,
    0x5a, 0x4b, 0x65, 0x67, 0x5c, 0x21, 0x05, 0x09, 0x21, 0x52, 0x52, 0x21, 0x8b, 0xd0, 0x52, 0x8b,
    0x21, 0x09, 0x21, 0x21, 0x01, 0x05, 0x17, 0x0f, 0x17, 0x09, 0x09, 0x17, 0x21, 0xa7, 0xa7, 0x3e,
    0x3e, 0x67, 0x6f, 0x5c, 0x5c, 0x09, 0x09, 0x09, 0x09, 0x4c, 0x52, 0x8b, 0x52, 0x52, 0x8b, 0x4c,
    0x21, 0x29, 0x09, 0x03, 0x21, 0x17, 0x03, 0x17, 0x0f, 0x52, 0x35, 0x1a, 0x35, 0x76, 0x4b, 0x65,
    0x5a, 0x4b, 0x5a, 0x6f, 0x09, 0x21, 0x09, 0x21, 0x21, 0x21, 0x6c, 0x52, 0x52, 0xd0, 0x8b, 0x4c,
    0x8b, 0x21, 0x05, 0x17, 0x05, 0x05, 0x46, 0x21, 0x21, 0x21, 0x21, 0x05, 0x21, 0x21, 0x46, 0x29,
    0x21, 0x21, 0x21, 0x0f, 0x03, 0x21, 0x03, 0x21, 0x05, 0x52, 0x46, 0x8b, 0x46, 0x52, 0x8b, 0x40,
    0x21, 0x21, 0x21, 0x38, 0x38, 0x0f, 0x09, 0x05, 0x09, 0x35, 0x28, 0x28, 0x35, 0x35, 0x52, 0xb0,
    0x5a, 0x5c, 0x49, 0x1d, 0x24, 0x1e, 0x0c, 0x10, 0x07, 0x07, 0x07, 0x07, 0x10, 0x07, 0x10, 0x10,
    0x07, 0x10, 0x07, 0x10, 0x12, 0x10, 0x10, 0x1e, 0x0b, 0x1e, 0x1e, 0x2e, 0x50, 0x49, 0x5c, 0x3e,
    0x32, 0x32, 0x0f, 0x21, 0x17, 0x03, 0x03, 0x03, 0x0f, 0xd0, 0x8b, 0xd0, 0x29, 0x52, 0x52, 0x21,
    0x52, 0x52, 0x52, 0x0f, 0x29, 0x29, 0x38, 0x21, 0x0f, 0x0f, 0x29, 0x32, 0x29, 0x5d, 0x6c, 0x52,
    0x58, 0xd2, 0x29, 0x0f, 0x9f, 0x03, 0x03, 0x05, 0x17, 0x52, 0x8b, 0x52, 0x52, 0xd0, 0x8b, 0x4c,
    0x3e, 0xa9, 0x6f, 0x6f, 0xb0, 0x6f, 0x90, 0x6f, 0x5c, 0x5a, 0x52, 0x4b, 0x46, 0x46, 0x58, 0x67,
    0x3e, 0xa9, 0x6f, 0x6f, 0xb0, 0x6f, 0x90, 0x6f, 0x67, 0x5c, 0x52, 0x4b, 0x46, 0x46, 0x52, 0x67,
    0x58, 0x3e, 0x46, 0x3e, 0x4b, 0xa7, 0xa7, 0x5c, 0x4b, 0x52, 0x6f, 0x67, 0x6f, 0x6f, 0x79, 0x6f,
    0x5a, 0x65, 0x67, 0x6f, 0x5c, 0x09, 0x01, 0x01, 0x0f, 0x52, 0x8b, 0x52, 0x52, 0xd0, 0x8b, 0x4c,
    0x4b, 0x09, 0x01, 0x09, 0x01, 0x05, 0x09, 0x09, 0x0f, 0x21, 0x0f, 0x21, 0x1a, 0x38, 0xa7, 0x3e,
    0x3e, 0xa9, 0x79, 0x6f, 0x09, 0x05, 0x21, 0x52, 0x21, 0x21, 0x52, 0xd0, 0x21, 0x52, 0x52, 0x29,
    0x52, 0x52, 0x09, 0x21, 0x21, 0x03, 0x21, 0x0f, 0x09, 0x21, 0x6f, 0x35, 0x65, 0x5d, 0x71, 0x6f,
    0x5a, 0x67, 0x65, 0x4b, 0x09, 0x03, 0x21, 0x09, 0x52, 0x52, 0x8b, 0x8b, 0x21, 0x52, 0x52, 0x29,
    0x4b, 0x05, 0x05, 0x8b, 0x05, 0x09, 0x21, 0x46, 0x01, 0x21, 0x09, 0x21, 0x21, 0x05, 0x21, 0x21,
    0x21, 0x29, 0x05, 0x21, 0x05, 0x05, 0x03, 0x03, 0x05, 0xd0, 0x8b, 0xd0, 0x21, 0x46, 0x46, 0x21,
    0x58, 0xd2, 0x21, 0x05, 0x21, 0x05, 0x09, 0x05, 0x05, 0x46, 0x1a, 0x28, 0x35, 0x9f, 0x6b, 0xa9,
    0x4b, 0x5c, 0x49, 0x37, 0x1e, 0x1d, 0x0b, 0x0b, 0x0b, 0x07, 0x10, 0x07, 0x07, 0x07, 0x10, 0x07,
    0x10, 0x10, 0x07, 0x12, 0x49, 0x49, 0x1e, 0x1e, 0x0b, 0x1e, 0x1e, 0x2e, 0x49, 0x61, 0x5c, 0x4b,
    0x29, 0x52, 0x6c, 0x29, 0x29, 0x03, 0x03, 0x52, 0x8b, 0x8b, 0xd0, 0x52, 0x6c, 0x29, 0x0f, 0x0f,
    0x21, 0x52, 0x29, 0x29, 0x58, 0x9f, 0x29, 0x0f, 0x52, 0x0f, 0x0f, 0x52, 0x52, 0x8b, 0x52, 0x52,
    0xbd, 0xd2, 0x58, 0x9f, 0xd2, 0x4b, 0x03, 0x03, 0x03, 0x29, 0x8b, 0x52, 0x29, 0x52, 0x52, 0x29,
    0x6f, 0xa9, 0x6f, 0x6f, 0xa9, 0x6f, 0x65, 0x52, 0x6f, 0x4b, 0x46, 0x46, 0x4b, 0x3e, 0x46, 0x6f,
    0x6f, 0xa9, 0x6f, 0x6f, 0xa9, 0x6f, 0x76, 0x67, 0x6f, 0x5a, 0x4b, 0x46, 0x4b, 0x32, 0x46, 0x6f,
    0x4b, 0x4b, 0x5a, 0x5c, 0x5c, 0x4b, 0xa7, 0x3e, 0x46, 0x3e, 0x58, 0x6f, 0x6f, 0x79, 0x6f, 0xa9,
    0x4b, 0x6f, 0x6f, 0x4b, 0x4b, 0x4b, 0x03, 0x05, 0x01, 0x21, 0x8b, 0x52, 0x21, 0x52, 0x52, 0x21,
    0x09, 0x09, 0x8b, 0x09, 0x05, 0x0f, 0x09, 0x0f, 0x0f, 0x17, 0x35, 0x1a, 0x4b, 0x40, 0x46, 0x46,
    0x6f, 0xa9, 0x67, 0x21, 0x52, 0x03, 0x52, 0x21, 0x32, 0x8b, 0x8b, 0x4c, 0x52, 0x21, 0x09, 0x21,
    0x21, 0x21, 0x21, 0x38, 0x05, 0x0f, 0x09, 0x09, 0x03, 0x05, 0x4b, 0x32, 0x35, 0x65, 0x4c, 0xa9,
    0x4b, 0x6f, 0x6f, 0x4b, 0x03, 0x09, 0x09, 0x09, 0x21, 0x52, 0x8b, 0x52, 0x4c, 0x21, 0x21, 0x21,
    0x21, 0x01, 0x46, 0x21, 0x05, 0x01, 0x05, 0x01, 0x01, 0x01, 0x01, 0x03, 0x09, 0x21, 0x65, 0x9f,
    0x21, 0x70, 0x46, 0x21, 0x29, 0x03, 0x03, 0x4c, 0x7d, 0x90, 0xd0, 0x70, 0x40, 0x0f, 0x09, 0x21,
    0xa7, 0x9f, 0x58, 0x05, 0xd2, 0x58, 0x03, 0x05, 0x05, 0x17, 0x1a, 0x35, 0x35, 0x52, 0x65, 0x4b,
    0x6f, 0x5c, 0x61, 0x4a, 0x49, 0x0a, 0x0a, 0x0b, 0x0a, 0x10, 0x10, 0x10, 0x10, 0x10, 0x10, 0x10,
    0x11, 0x1e, 0x1e, 0x50, 0x4a, 0x61, 0x12, 0x0b, 0x1e, 0x37, 0x49, 0x61, 0x49, 0x5c, 0x50, 0x4b,
    0x8b, 0x8b, 0x52, 0x8b, 0x29, 0x52, 0x29, 0x5d, 0xd0, 0xd0, 0x29, 0x29, 0x90, 0x8b, 0x03, 0x0f,
    0x0f, 0x0f, 0x38, 0xd2, 0x9f, 0xd2, 0x58, 0xd2, 0x9f, 0x58, 0x38, 0x29, 0x8b, 0x5d, 0x52, 0x52,
    0xd2, 0x9f, 0xd2, 0xd2, 0x58, 0x58, 0x0f, 0x03, 0x9f, 0x52, 0x29, 0x29, 0x4c, 0x29, 0x21, 0x17,
    0x79, 0x79, 0x83, 0xb0, 0x6f, 0xa7, 0x5a, 0x32, 0x21, 0x4b, 0x4b, 0x38, 0x3e, 0x38, 0x3e, 0x38,
    0x21, 0x6f, 0x90, 0xb0, 0x6f, 0xa7, 0x6f, 0x5c, 0x5c, 0x52, 0x46, 0x3e, 0x3e, 0x21, 0x46, 0x3e,
    0xa7, 0x4b, 0x5c, 0x6f, 0x5c, 0x5c, 0x46, 0x38, 0x5c, 0x5c, 0x3e, 0x6f, 0x4b, 0xa9, 0x6f, 0xa9,
    0x38, 0x4b, 0x46, 0x3e, 0x3e, 0x21, 0x0f, 0x03, 0x9f, 0x52, 0x21, 0x21, 0x4c, 0x21, 0x21, 0x58,
    0x52, 0x52, 0x21, 0x09, 0x01, 0x03, 0x09, 0x17, 0x09, 0x09, 0x1a, 0x1a, 0x4b, 0x32, 0x46, 0x4b,
    0x79, 0x79, 0x90, 0x21, 0x17, 0x21, 0x52, 0x90, 0x21, 0x8b, 0x21, 0x21, 0x52, 0x70, 0x01, 0x09,
    0x4c, 0x21, 0x4c, 0x38, 0x40, 0x05, 0x05, 0x03, 0x58, 0x32, 0x38, 0x35, 0x1a, 0x35, 0x4c, 0xa9,
    0x38, 0x4b, 0x46, 0x4b, 0x09, 0x09, 0x38, 0x21, 0x9f, 0x9f, 0x52, 0x8b, 0x52, 0x52, 0x09, 0x09,
    0x05, 0x21, 0x05, 0x05, 0x46, 0x01, 0x05, 0x01, 0x01, 0x03, 0x01, 0x01, 0x05, 0x21, 0xd2, 0x0f,
    0x8b, 0x8b, 0x46, 0x8b, 0x21, 0x46, 0x21, 0x4c, 0xd0, 0x76, 0x0f, 0x21, 0x7d, 0x29, 0x03, 0x21,
    0xd2, 0x38, 0x4b, 0x0f, 0x58, 0x58, 0x05, 0x03, 0x17, 0x32, 0x0f, 0x21, 0x35, 0x5c, 0x9f, 0x4b,
    0x3e, 0x46, 0x82, 0x5c, 0x2c, 0x25, 0x0a, 0x1d, 0x0b, 0x11, 0x0b, 0x0b, 0x07, 0x10, 0x10, 0x10,
    0x0b, 0x10, 0x49, 0x50, 0x61, 0x2e, 0x1e, 0x12, 0x24, 0x49, 0x4a, 0x50, 0x61, 0x60, 0x61, 0x4b,
    0x8b, 0x6c, 0x8b, 0x52, 0x5d, 0x52, 0x29, 0x29, 0x52, 0x26, 0x21, 0x29, 0xd0, 0xd0, 0x52, 0x03,
    0x03, 0x0f, 0x0f, 0x0f, 0xd2, 0x9f, 0x9f, 0xd2, 0x58, 0x46, 0x0f, 0x29, 0x52, 0x52, 0x29, 0x26,
    0x58, 0x9f, 0x9f, 0x58, 0x46, 0x46, 0x29, 0x58, 0x58, 0x29, 0x0f, 0x21, 0x8b, 0x8b, 0x0f, 0x0f,
    0x79, 0x6f, 0x90, 0x67, 0x52, 0x9f, 0x38, 0x17, 0x09, 0x21, 0x38, 0x29, 0x21, 0x17, 0x52, 0x01,
    0x8b, 0x21, 0x8b, 0x5d, 0x52, 0xa7, 0xa7, 0x6f, 0x5a, 0x5c, 0x4b, 0x46, 0x0f, 0x17, 0x0f, 0x5c,
    0x38, 0x52, 0x38, 0x38, 0x21, 0x09, 0x05, 0x05, 0x05, 0x38, 0x6f, 0x6f, 0x3e, 0x65, 0x67, 0x6f,
    0x32, 0x38, 0x4b, 0x4b, 0x29, 0x0f, 0x52, 0x38, 0x32, 0x21, 0x09, 0x21, 0x8b, 0x8b, 0x58, 0x21,
    0x21, 0x09, 0x09, 0x21, 0x01, 0x03, 0x05, 0x21, 0x38, 0x1a, 0x1a, 0x28, 0x35, 0x4b, 0x40, 0x4b,
    0x79, 0x6f, 0x90, 0x65, 0x09, 0x52, 0x90, 0xd0, 0xd0, 0x52, 0x52, 0x8b, 0x21, 0xb0, 0x52, 0x21,
    0x4c, 0x09, 0x9f, 0x8b, 0x46, 0x9f, 0x3e, 0x09, 0x05, 0x05, 0x05, 0x35, 0x1a, 0x35, 0x52, 0x65,
    0x32, 0x38, 0x40, 0x46, 0x38, 0x03, 0x21, 0x9f, 0xd2, 0xd2, 0x58, 0x4b, 0x52, 0x21, 0x09, 0x4b,
    0x0f, 0x17, 0x32, 0x05, 0x46, 0x01, 0x01, 0x01, 0x01, 0x01, 0x58, 0x21, 0x9f, 0xbd, 0x3e, 0x4b,
    0x8b, 0x46, 0x8b, 0x46, 0x70, 0x46, 0x21, 0x21, 0x46, 0x09, 0x17, 0x0f, 0x4c, 0x0f, 0x32, 0x05,
    0x58, 0x8b, 0x09, 0x3e, 0x38, 0x38, 0x21, 0x38, 0x0f, 0x21, 0x0f, 0x21, 0x35, 0x5c, 0x4b, 0x58,
    0x67, 0x5c, 0x82, 0x5c, 0x50, 0x2c, 0x2c, 0x1d, 0x1e, 0x0a, 0x1e, 0x0b, 0x11, 0x07, 0x07, 0x10,
    0x10, 0x1e, 0x2e, 0x49, 0x50, 0x49, 0x0b, 0x12, 0x2e, 0x49, 0x65, 0x49, 0x5c, 0x5c, 0x61, 0x3e,
    0x52, 0x21, 0x26, 0x52, 0x8b, 0x4c, 0x52, 0x52, 0x29, 0x0f, 0x0f, 0x52, 0x52, 0x52, 0x29, 0x0f,
    0x58, 0x9f, 0x0f, 0x6b, 0x9f, 0xd2, 0xd2, 0x58, 0x9f, 0x58, 0x46, 0x0f, 0x03, 0x0f, 0x0f, 0x29,
    0x9f, 0x58, 0x58, 0xd2, 0x9f, 0xd2, 0x58, 0xd2, 0x9f, 0x58, 0x03, 0x03, 0x52, 0x29, 0x0f, 0x03,
    0x79, 0xa9, 0x79, 0x6f, 0x21, 0x09, 0x52, 0x09, 0x4c, 0x17, 0x0f, 0x21, 0x17, 0x17, 0x52, 0x09,
    0x21, 0x0f, 0x21, 0x4c, 0x8b, 0x52, 0xb0, 0x6f, 0x38, 0x52, 0x0f, 0x0f, 0x17, 0x21, 0x21, 0x0f,
    0x17, 0x03, 0x03, 0x03, 0x03, 0x0f, 0x03, 0x09, 0x0f, 0x05, 0x52, 0x46, 0x6f, 0x6f, 0x67, 0x65,
    0x29, 0x29, 0x40, 0x38, 0x0f, 0x58, 0x52, 0x8b, 0x3e, 0x52, 0x01, 0x01, 0x52, 0x21, 0x09, 0x58,
    0x4c, 0x01, 0x09, 0x01, 0x01, 0x03, 0x17, 0x21, 0x05, 0x05, 0x35, 0x28, 0x1a, 0x1a, 0x29, 0x38,
    0x79, 0xa9, 0x79, 0x6f, 0x21, 0x6b, 0x8b, 0x9d, 0xd0, 0x8b, 0x8b, 0x52, 0x09, 0x32, 0x29, 0x09,
    0x9f, 0x09, 0x58, 0x3e, 0x21, 0x03, 0x03, 0x01, 0x05, 0x05, 0x03, 0x1a, 0x35, 0x35, 0x6f, 0x67,
    0x29, 0x29, 0x4b, 0x46, 0x58, 0x21, 0x70, 0x6b, 0xd2, 0x58, 0x3e, 0x58, 0x29, 0x09, 0x09, 0x09,
    0x0f, 0x0f, 0x29, 0x9f, 0x03, 0x09, 0x29, 0x21, 0x03, 0x01, 0x05, 0x58, 0xd2, 0x05, 0x0f, 0x0f,
    0x46, 0x21, 0x17, 0x46, 0x8b, 0x29, 0x17, 0x21, 0x09, 0x05, 0x05, 0x40, 0x05, 0x21, 0x0f, 0x09,
    0x9f, 0x5a, 0x3e, 0x09, 0x38, 0x17, 0x38, 0x0f, 0x0f, 0x09, 0x03, 0x03, 0x35, 0x35, 0x05, 0x09,
    0x6f, 0x50, 0x5c, 0x61, 0x61, 0x50, 0x50, 0x49, 0x2c, 0x1e, 0x1d, 0x0b, 0x10, 0x07, 0x10, 0x10,
    0x0b, 0x1e, 0x12, 0x2e, 0x2e, 0x1e, 0x0b, 0x10, 0x49, 0x4a, 0x61, 0x61, 0x61, 0x69, 0x61, 0x3e,
    0x29, 0x0f, 0x0f, 0x32, 0x52, 0x29, 0x21, 0x52, 0x29, 0x0f, 0x0f, 0x52, 0x0f, 0x0f, 0x0f, 0xd2,
    0xd2, 0x9f, 0x58, 0x9f, 0x58, 0xd2, 0x58, 0x46, 0x58, 0x29, 0x46, 0x58, 0x03, 0x03, 0x09, 0x0f,
    0x6b, 0x58, 0xd2, 0xbd, 0xd2, 0xa7, 0x58, 0x46, 0x58, 0x58, 0x9f, 0x01, 0x03, 0x0f, 0x0f, 0x0f,
    0x67, 0x70, 0x8b, 0x29, 0x29, 0x29, 0x52, 0x90, 0x8b, 0x90, 0x4c, 0x17, 0x17, 0xd2, 0x09, 0x8b,
    0x09, 0x09, 0x09, 0x21, 0x21, 0x32, 0x6f, 0x29, 0x65, 0x05, 0x21, 0x4c, 0x21, 0x29, 0x0f, 0x6b,
    0x38, 0x09, 0x09, 0x22, 0x46, 0x22, 0x05, 0x0f, 0x03, 0x03, 0x03, 0x4c, 0x65, 0x6f, 0x67, 0x67,
    0x3e, 0xa7, 0x3e, 0x17, 0x29, 0x52, 0x3e, 0x8b, 0xd0, 0x52, 0x9f, 0x01, 0x01, 0x09, 0x09, 0x58,
    0x09, 0x4c, 0x52, 0x21, 0x0f, 0x17, 0x05, 0x01, 0x01, 0x03, 0x21, 0x35, 0x29, 0x1a, 0x3e, 0x46,
    0x67, 0x6b, 0x67, 0x65, 0x09, 0x52, 0x52, 0x8b, 0x8b, 0x21, 0x52, 0x21, 0x52, 0x0f, 0x09, 0xd2,
    0x9f, 0x58, 0x9f, 0x3e, 0x09, 0x40, 0x3e, 0x03, 0x03, 0x17, 0x03, 0x17, 0x35, 0x65, 0x67, 0x67,
    0x3e, 0xa7, 0x3e, 0x46, 0x4b, 0x17, 0x03, 0x3e, 0x58, 0x58, 0x9f, 0x52, 0x0f, 0x4c, 0x01, 0x01,
    0x09, 0x0f, 0x09, 0x76, 0x05, 0x05, 0x03, 0x29, 0x03, 0x17, 0xbd, 0x6b, 0x4b, 0x38, 0x05, 0x22,
    0x21, 0x05, 0x05, 0x21, 0x40, 0x0f, 0x09, 0x05, 0x09, 0x05, 0x05, 0x40, 0x05, 0x09, 0x09, 0x05,
    0x65, 0x65, 0x29, 0x05, 0x09, 0x09, 0x38, 0x05, 0x17, 0x38, 0x8b, 0x01, 0x03, 0x05, 0x05, 0x0f,
    0x5c, 0x58, 0x82, 0x5c, 0x3e, 0x61, 0x4a, 0x50, 0x61, 0x1e, 0x2c, 0x1e, 0x0b, 0x0b, 0x07, 0x07,
    0x10, 0x10, 0x12, 0x12, 0x1e, 0x12, 0x1e, 0x49, 0x49, 0x61, 0x5c, 0x82, 0x6b, 0x5c, 0x82, 0x58,
    0x8b, 0x8b, 0x4c, 0x32, 0x29, 0x0f, 0x29, 0x03, 0x0f, 0x29, 0x29, 0x0f, 0x0f, 0x0f, 0x0f, 0x29,
    0xd2, 0xd2, 0x58, 0x58, 0x4b, 0x6b, 0x58, 0x9f, 0xd2, 0x58, 0x46, 0x40, 0x46, 0x01, 0x03, 0x52,
    0x6b, 0x9f, 0xd2, 0xd2, 0x9f, 0x9f, 0xd2, 0xd2, 0x9f, 0x58, 0x3e, 0x03, 0x01, 0x01, 0x01, 0x03,
    0x67, 0x67, 0x76, 0x0f, 0x29, 0x52, 0x5d, 0x8b, 0xd0, 0xd0, 0x21, 0x17, 0x09, 0x3e, 0x8b, 0x21,
    0x6c, 0x29, 0x09, 0x52, 0x09, 0x0f, 0x17, 0x03, 0x0f, 0x21, 0x6c, 0x8b, 0x52, 0x21, 0x52, 0x21,
    0x21, 0x58, 0x09, 0x38, 0x52, 0x3e, 0x9f, 0x05, 0x0f, 0x03, 0x03, 0x1a, 0x35, 0x5c, 0x6f, 0x6f,
    0x46, 0x4b, 0x58, 0x21, 0x21, 0x21, 0x8b, 0x90, 0xd0, 0xd0, 0x38, 0x01, 0x01, 0x01, 0x21, 0x21,
    0x4c, 0x4c, 0x4c, 0x17, 0x40, 0x17, 0x21, 0x03, 0x09, 0x03, 0x09, 0x17, 0x35, 0x38, 0x46, 0x4b,
    0x67, 0x6b, 0x76, 0x5c, 0x52, 0x09, 0x21, 0x52, 0x8b, 0x0f, 0x29, 0x21, 0x52, 0x52, 0x09, 0x21,
    0xd2, 0x6b, 0x58, 0x38, 0x2a, 0x17, 0x0f, 0x17, 0x40, 0x40, 0x0f, 0x26, 0x35, 0x65, 0x5c, 0x67,
    0x46, 0x46, 0x46, 0x46, 0x4b, 0x4b, 0x0f, 0x03, 0x21, 0x9f, 0x58, 0x05, 0x09, 0x03, 0x40, 0x52,
    0x05, 0x21, 0x09, 0x29, 0x0f, 0x09, 0x03, 0x17, 0x03, 0x05, 0x03, 0x22, 0x38, 0x0f, 0x05, 0x0f,
    0x8b, 0x8b, 0x40, 0x21, 0x0f, 0x09, 0x09, 0x05, 0x09, 0x17, 0x21, 0x05, 0x05, 0x0f, 0x05, 0x21,
    0x5a, 0x9f, 0x76, 0x05, 0x21, 0x09, 0x21, 0x09, 0x0f, 0x0f, 0x38, 0x03, 0x01, 0x01, 0x09, 0x21,
    0x46, 0x46, 0x5c, 0x50, 0x5c, 0x50, 0x5c, 0x61, 0x50, 0x4a, 0x50, 0x0b, 0x11, 0x07, 0x07, 0x07,
    0x10, 0x10, 0x10, 0x10, 0x10, 0x1e, 0x49, 0x65, 0x5a, 0x65, 0x65, 0x6b, 0x82, 0x69, 0x58, 0x4b,
    0x8b, 0x52, 0x52, 0x0f, 0x29, 0x01, 0x01, 0x03, 0x29, 0x03, 0x29, 0x0f, 0x0f, 0x03, 0x03, 0x9f,
    0x4b, 0x58, 0x29, 0x46, 0x29, 0x9f, 0x9f, 0x58, 0x46, 0x58, 0x40, 0x29, 0x46, 0x03, 0x52, 0x4c,
    0x46, 0x58, 0xd2, 0xd2, 0x9f, 0xd2, 0x58, 0x4b, 0x5a, 0x9f, 0x5a, 0x29, 0x01, 0x01, 0x03, 0x01,
    0x6f, 0x6f, 0x32, 0x38, 0x38, 0x17, 0x52, 0x8b, 0x52, 0xd0, 0x5d, 0x17, 0x52, 0x8b, 0x8b, 0x4c,
    0x29, 0x17, 0x52, 0x8b, 0x21, 0x09, 0x05, 0x05, 0x03, 0x52, 0x52, 0x8b, 0x8b, 0x52, 0x21, 0x38,
    0x3e, 0x21, 0x3e, 0x21, 0x70, 0x9f, 0x58, 0x38, 0x17, 0x17, 0x03, 0x17, 0x35, 0x1a, 0x5c, 0x6f,
    0x5a, 0x3e, 0x4b, 0x38, 0x17, 0x32, 0x5a, 0x70, 0x8b, 0x9f, 0x32, 0x29, 0x01, 0x09, 0x29, 0x21,
    0x21, 0x7d, 0xbd, 0x8b, 0x38, 0x0f, 0x40, 0x0f, 0x21, 0x05, 0x0f, 0x09, 0x32, 0x40, 0x46, 0x4b,
    0x67, 0x65, 0x6b, 0xa7, 0x6f, 0x52, 0x05, 0x0f, 0x21, 0x0f, 0x32, 0x8b, 0x17, 0x01, 0x09, 0x9f,
    0x58, 0x21, 0x38, 0x21, 0x58, 0x03, 0x05, 0x09, 0x09, 0x17, 0x17, 0x35, 0x35, 0x29, 0x6f, 0x65,
    0x5a, 0x3e, 0x4b, 0x4b, 0x3e, 0x65, 0x09, 0x0f, 0x17, 0x0f, 0x09, 0x05, 0x09, 0x21, 0x0f, 0x09,
    0x21, 0x05, 0x76, 0x05, 0x17, 0x03, 0x21, 0x17, 0x09, 0x05, 0x09, 0x09, 0x0f, 0x09, 0x09, 0x05,
    0x8b, 0x4c, 0x46, 0x05, 0x17, 0x09, 0x05, 0x05, 0x09, 0x03, 0x21, 0x09, 0x05, 0x05, 0x0f, 0x0f,
    0x38, 0x65, 0x8b, 0x09, 0x4b, 0x38, 0x4b, 0x17, 0x05, 0x0f, 0x46, 0x17, 0x01, 0x01, 0x09, 0x21,
    0x3e, 0x5c, 0x3e, 0x5c, 0x50, 0x5c, 0x58, 0x5c, 0x3f, 0x49, 0x49, 0x49, 0x0b, 0x0b, 0x10, 0x07,
    0x10, 0x10, 0x11, 0x11, 0x12, 0x1e, 0x1e, 0x61, 0x65, 0x5c, 0x5a, 0x65, 0x65, 0x58, 0x58, 0x4b,
    0x32, 0x52, 0x32, 0x0f, 0x0f, 0x01, 0x01, 0x09, 0x0f, 0x03, 0x0f, 0x0f, 0x03, 0x0f, 0x03, 0x58,
    0x58, 0x29, 0x3e, 0x58, 0x29, 0x38, 0x9f, 0x9f, 0x46, 0x29, 0x46, 0x46, 0x29, 0x0f, 0x29, 0x52,
    0x9f, 0x58, 0x65, 0x9f, 0x9f, 0x9f, 0x46, 0x46, 0x29, 0x58, 0x58, 0x58, 0x46, 0x01, 0x29, 0x8b,
    0x5c, 0x6f, 0x65, 0x17, 0x17, 0x17, 0x4c, 0x52, 0x17, 0x52, 0x4c, 0x21, 0x17, 0x52, 0x52, 0x21,
    0x21, 0x52, 0x52, 0x52, 0x8b, 0x21, 0x09, 0x0f, 0x52, 0x03, 0x21, 0x52, 0x8b, 0x8b, 0x52, 0x21,
    0x17, 0x38, 0x58, 0x17, 0x03, 0x4b, 0x58, 0x09, 0x09, 0x09, 0x03, 0x05, 0x35, 0x35, 0x52, 0x5a,
    0x76, 0x4b, 0x4b, 0x17, 0x52, 0x21, 0x9f, 0x46, 0x40, 0x46, 0x46, 0x46, 0x38, 0x21, 0x21, 0x8b,
    0x5a, 0xd0, 0x6c, 0x40, 0x21, 0x38, 0x40, 0x17, 0x05, 0x09, 0x05, 0x05, 0x32, 0x38, 0x4b, 0x52,
    0x5a, 0x5a, 0x58, 0x3e, 0x52, 0x17, 0x0f, 0x09, 0x0f, 0x21, 0x0f, 0x32, 0x01, 0x09, 0x01, 0x6b,
    0x21, 0x38, 0x38, 0x21, 0x21, 0x21, 0x09, 0x0f, 0x05, 0x03, 0x0f, 0x1a, 0x35, 0x35, 0x52, 0x52,
    0x76, 0x4b, 0x4b, 0x4b, 0x58, 0x3e, 0x0f, 0x8e, 0x09, 0x19, 0x52, 0x2b, 0x09, 0x22, 0x09, 0x05,
    0x05, 0x03, 0x17, 0x05, 0x05, 0x05, 0x05, 0x09, 0x03, 0x03, 0x09, 0x0f, 0x05, 0x05, 0x09, 0x17,
    0x29, 0x46, 0x29, 0x05, 0x05, 0x05, 0x05, 0x05, 0x05, 0x03, 0x09, 0x05, 0x03, 0x05, 0x03, 0x5c,
    0x9f, 0x58, 0x4b, 0x21, 0x29, 0x3e, 0x09, 0x17, 0x05, 0x17, 0x58, 0x0f, 0x38, 0x05, 0x09, 0x29,
    0x58, 0x58, 0x5c, 0x2c, 0x5c, 0x82, 0x5c, 0x50, 0x2c, 0x50, 0x49, 0x0a, 0x0a, 0x07, 0x07, 0x07,
    0x10, 0x11, 0x12, 0x12, 0x1e, 0x49, 0x61, 0x49, 0x5c, 0x5c, 0x5c, 0x50, 0x5c, 0x61, 0x5c, 0x4b,
    0x29, 0x29, 0x52, 0x29, 0x03, 0x0f, 0x01, 0x03, 0x8b, 0x52, 0x0f, 0x0f, 0x8b, 0x0f, 0x29, 0x58,
    0x46, 0x58, 0x58, 0x0f, 0x29, 0x0f, 0x0f, 0x21, 0x46, 0x29, 0x29, 0x0f, 0x0f, 0x0f, 0x29, 0x29,
    0x58, 0x9f, 0x29, 0x29, 0x58, 0x9f, 0x9f, 0x58, 0x29, 0x40, 0x46, 0x58, 0x0f, 0x8b, 0x29, 0x29,
    0x52, 0x5c, 0x46, 0x17, 0x17, 0x8b, 0x8b, 0x21, 0x17, 0x17, 0x8b, 0x52, 0x8b, 0x03, 0x52, 0x52,
    0x32, 0x21, 0x8b, 0x52, 0x21, 0x52, 0x03, 0x03, 0x52, 0x17, 0x03, 0x21, 0x03, 0x52, 0x21, 0x3e,
    0x4b, 0x58, 0x09, 0x05, 0x03, 0x05, 0x17, 0x0f, 0x03, 0x17, 0x0f, 0x03, 0x35, 0x35, 0x4c, 0x52,
    0xb0, 0x5c, 0x46, 0x17, 0x0f, 0x52, 0x40, 0x65, 0x46, 0x0f, 0x65, 0x17, 0x09, 0x8b, 0x21, 0x29,
    0x26, 0x21, 0x32, 0x32, 0x52, 0x52, 0x09, 0x21, 0x03, 0x05, 0x03, 0x0f, 0x1a, 0x46, 0x52, 0x5a,
    0x52, 0x52, 0x6f, 0x4b, 0x65, 0x0f, 0x09, 0x21, 0x32, 0x8b, 0x52, 0x21, 0x8b, 0x21, 0x21, 0x58,
    0x58, 0x58, 0x09, 0x0f, 0x32, 0x05, 0x05, 0x05, 0x03, 0x03, 0x17, 0x28, 0x1a, 0x29, 0x46, 0x65,
    0xb0, 0x5c, 0x4b, 0x4b, 0x6f, 0x51, 0x44, 0x8e, 0x1b, 0x44, 0x87, 0x1b, 0x44, 0x1b, 0x35, 0x21,
    0x05, 0x09, 0x05, 0x05, 0x46, 0x1b, 0x39, 0x05, 0x05, 0x19, 0x05, 0x1c, 0x38, 0x22, 0x05, 0x05,
    0x21, 0x21, 0x46, 0x21, 0x03, 0x05, 0x09, 0x05, 0x7d, 0x4c, 0x05, 0x05, 0x8b, 0x05, 0x26, 0x35,
    0x58, 0x9f, 0x21, 0x21, 0x3e, 0x21, 0x09, 0x09, 0x38, 0x38, 0x29, 0x17, 0x05, 0x0f, 0x21, 0x17,
    0x4b, 0x4b, 0x50, 0x5c, 0x2c, 0x2c, 0x50, 0x2c, 0x50, 0x61, 0x1d, 0x1d, 0x07, 0x07, 0x07, 0x07,
    0x10, 0x11, 0x12, 0x1e, 0x61, 0x49, 0x50, 0x5c, 0x50, 0x49, 0x49, 0x49, 0x4a, 0x76, 0x61, 0x6f,
    0x29, 0x29, 0x5d, 0x8b, 0x0f, 0x03, 0x8b, 0x52, 0x8b, 0x32, 0x03, 0x21, 0x03, 0x05, 0x0f, 0x29,
    0x46, 0x29, 0x0f, 0x0f, 0x09, 0x0f, 0x29, 0x29, 0x0f, 0x0f, 0xd0, 0x8b, 0x0f, 0x8b, 0x52, 0x5d,
    0x9f, 0x46, 0x0f, 0x21, 0x29, 0x9f, 0x58, 0x29, 0x46, 0x46, 0x46, 0x46, 0x03, 0x0f, 0x58, 0x58,
    0x4b, 0x3e, 0x38, 0x0f, 0x21, 0x21, 0x52, 0x17, 0x52, 0x17, 0x8b, 0x4c, 0x21, 0x21, 0x0f, 0x21,
    0x21, 0x8b, 0x8b, 0xd0, 0x21, 0x21, 0x52, 0x21, 0x4c, 0x8b, 0x4c, 0x21, 0x01, 0x03, 0x05, 0x17,
    0x21, 0x0f, 0x09, 0x05, 0x03, 0x0f, 0x32, 0x03, 0x21, 0x0f, 0x0f, 0x0f, 0x1a, 0x52, 0x4b, 0x4b,
    0x4b, 0x5c, 0x6f, 0x40, 0x17, 0x0f, 0x65, 0x17, 0x09, 0x46, 0x65, 0x17, 0x03, 0x09, 0x58, 0x21,
    0x21, 0x21, 0x09, 0x32, 0x29, 0x8b, 0x21, 0x09, 0x09, 0x05, 0x09, 0x0f, 0x1a, 0x32, 0x52, 0x6f,
    0x4b, 0x3e, 0x58, 0x6f, 0x40, 0x29, 0x17, 0x52, 0x8b, 0x21, 0x90, 0x8b, 0x0f, 0x01, 0x0f, 0x21,
    0x21, 0x17, 0x03, 0x05, 0x09, 0x09, 0x05, 0x05, 0x03, 0x03, 0x35, 0x1a, 0x52, 0x65, 0x38, 0x46,
    0x4b, 0x65, 0x67, 0x5c, 0xb0, 0x5c, 0x1b, 0x25, 0x1b, 0x1a, 0x8e, 0x44, 0x1b, 0x1b, 0x09, 0x09,
    0x35, 0x05, 0x05, 0x8e, 0x8e, 0x1b, 0x25, 0x1b, 0x05, 0x1b, 0x8e, 0x44, 0x44, 0x1b, 0x1b, 0x6f,
    0x21, 0x21, 0x4c, 0x8b, 0x05, 0x09, 0x09, 0x0f, 0x0f, 0x21, 0x03, 0x17, 0x1a, 0x28, 0x35, 0x35,
    0x9f, 0x3e, 0x05, 0x17, 0x21, 0x0f, 0x21, 0x21, 0x09, 0x38, 0x38, 0x17, 0x05, 0x05, 0x21, 0x46,
    0x5c, 0x2c, 0x1d, 0x1d, 0x2c, 0x50, 0x61, 0x2c, 0x1d, 0x1d, 0x1d, 0x0b, 0x0b, 0x10, 0x10, 0x10,
    0x10, 0x11, 0x49, 0x49, 0x50, 0x4a, 0x50, 0x5c, 0x5c, 0x50, 0x61, 0x49, 0x49, 0x50, 0x61, 0xb0,
    0x4c, 0x52, 0x6c, 0x5d, 0x29, 0x8b, 0x8b, 0x52, 0x29, 0x29, 0x52, 0x8b, 0x0f, 0x03, 0x03, 0x29,
    0x29, 0x0f, 0x21, 0x0f, 0x09, 0x03, 0x0f, 0x52, 0x52, 0x29, 0x52, 0x8b, 0x8b, 0x52, 0x8b, 0x4c,
    0x46, 0x40, 0x46, 0x29, 0x0f, 0x58, 0x29, 0x0f, 0x0f, 0x9f, 0x29, 0x29, 0x0f, 0x0f, 0x58, 0x58,
    0x52, 0x58, 0x5c, 0x21, 0x09, 0x21, 0x52, 0x52, 0x17, 0x17, 0x4c, 0x52, 0x01, 0x01, 0x01, 0x21,
    0x52, 0x8b, 0xd0, 0x8b, 0x4c, 0x21, 0x52, 0x8b, 0x52, 0x21, 0x4c, 0x8b, 0x09, 0x01, 0x01, 0x21,
    0x09, 0x21, 0x05, 0x05, 0x05, 0x05, 0x0f, 0x0f, 0x09, 0x05, 0x1a, 0x29, 0x1a, 0x5c, 0x4b, 0x46,
    0x65, 0x65, 0x5c, 0x17, 0x17, 0x46, 0x0f, 0x52, 0x52, 0x46, 0x29, 0x46, 0x09, 0x09, 0x8b, 0x58,
    0x09, 0x29, 0x4c, 0x21, 0x05, 0x03, 0x09, 0x05, 0x05, 0x0f, 0x05, 0x1a, 0x1a, 0x1a, 0x79, 0xb0,
    0x52, 0x58, 0x46, 0x6f, 0x21, 0x4c, 0x4c, 0x8b, 0x8b, 0xd0, 0xd0, 0x4c, 0x17, 0x01, 0x21, 0x21,
    0x21, 0x21, 0x0f, 0x09, 0x05, 0x17, 0x0f, 0x05, 0x03, 0x35, 0x35, 0x35, 0x57, 0x65, 0x29, 0x4b,
    0x65, 0x67, 0x6c, 0x5a, 0x4b, 0x1b, 0x1b, 0x44, 0x1b, 0x1a, 0x44, 0x44, 0x44, 0x8e, 0x35, 0x35,
    0x1a, 0x1a, 0x35, 0x41, 0x8e, 0x44, 0x1b, 0x44, 0x8e, 0x44, 0x38, 0x44, 0x44, 0x1b, 0x35, 0x35,
    0x46, 0x4c, 0x4c, 0x46, 0x09, 0x0f, 0x0f, 0x09, 0x09, 0x17, 0x17, 0x35, 0x35, 0x35, 0x35, 0x35,
    0x38, 0x38, 0x38, 0x21, 0x05, 0x21, 0x21, 0x09, 0x05, 0x9f, 0x2a, 0x21, 0x05, 0x05, 0x58, 0x58,
    0x4b, 0x1b, 0x1d, 0x1d, 0x1d, 0x2c, 0x2c, 0x1d, 0x0a, 0x0a, 0x10, 0x07, 0x07, 0x10, 0x07, 0x10,
    0x0b, 0x1e, 0x12, 0x61, 0x49, 0x61, 0x61, 0x49, 0x61, 0x49, 0x49, 0x49, 0x61, 0x50, 0x49, 0x49,
    0x52, 0x29, 0x8b, 0x6c, 0x52, 0x0f, 0x0f, 0x52, 0x29, 0x52, 0x29, 0x29, 0x29, 0x03, 0x03, 0x52,
    0x8b, 0x52, 0x29, 0x29, 0x03, 0x17, 0x29, 0xd0, 0x90, 0x52, 0x52, 0x52, 0x8b, 0x6c, 0x29, 0x29,
    0x46, 0x46, 0x29, 0x29, 0x29, 0x46, 0x0f, 0x03, 0x05, 0x0f, 0x17, 0x0f, 0x29, 0x0f, 0x29, 0x29,
    0x58, 0x5a, 0x52, 0x29, 0x17, 0x09, 0x0f, 0x21, 0x21, 0x4c, 0x17, 0x01, 0x21, 0x8b, 0x21, 0x52,
    0x52, 0x21, 0x52, 0x52, 0x21, 0x8b, 0x6c, 0x8b, 0x8b, 0x52, 0x21, 0x52, 0x52, 0x01, 0x01, 0x4c,
    0x6c, 0x21, 0x21, 0x05, 0x03, 0x09, 0x03, 0x05, 0x09, 0x0f, 0x26, 0x28, 0x1a, 0x1a, 0x32, 0x3e,
    0x67, 0x67, 0x5c, 0x17, 0x0f, 0x29, 0x21, 0x21, 0x0f, 0x21, 0x21, 0x09, 0x58, 0x09, 0x21, 0x29,
    0x8b, 0x09, 0x0f, 0x03, 0x4c, 0x09, 0x03, 0x05, 0x09, 0x0f, 0x1a, 0x32, 0x35, 0x4c, 0xa9, 0x6f,
    0x52, 0x5c, 0x67, 0x65, 0x21, 0x46, 0x09, 0x52, 0x8b, 0xd0, 0x5d, 0x52, 0x01, 0x0f, 0x52, 0x52,
    0x5d, 0x17, 0x17, 0x03, 0x09, 0x17, 0x05, 0x03, 0x03, 0x35, 0x35, 0x46, 0x40, 0x40, 0x29, 0x3e,
    0x67, 0x67, 0x6f, 0x6f, 0x4b, 0x1b, 0x32, 0x1b, 0x29, 0x35, 0x44, 0x4c, 0x4c, 0x44, 0x44, 0x4c,
    0x1a, 0x35, 0x1b, 0x44, 0x41, 0x44, 0x1b, 0x1b, 0x8e, 0x1a, 0x1b, 0x1b, 0x1b, 0x1b, 0x1b, 0x35,
    0x46, 0x21, 0x8b, 0x21, 0x32, 0x05, 0x05, 0x40, 0x21, 0x17, 0x35, 0x1a, 0x35, 0x35, 0x9f, 0x35,
    0x38, 0x38, 0x21, 0x21, 0x21, 0x38, 0x0f, 0x05, 0x03, 0x05, 0x09, 0x05, 0x21, 0x05, 0x21, 0x21,
    0x2c, 0x0a, 0x0a, 0x0a, 0x1d, 0x0a, 0x0a, 0x1e, 0x0a, 0x1e, 0x0b, 0x10, 0x10, 0x10, 0x10, 0x10,
    0x10, 0x07, 0x10, 0x10, 0x1e, 0x49, 0x49, 0x12, 0x49, 0x1e, 0x12, 0x1e, 0x2e, 0x61, 0x49, 0x50,
    0x29, 0x29, 0x29, 0x29, 0x8b, 0x29, 0x0f, 0x0f, 0x29, 0x29, 0x03, 0x03, 0xd0, 0x29, 0x8b, 0x8b,
    0xd0, 0x99, 0x52, 0x52, 0x03, 0x0f, 0x6c, 0x8b, 0x8b, 0x52, 0x8b, 0xd0, 0x8b, 0x52, 0x29, 0x29,
    0x29, 0x29, 0x29, 0x0f, 0x03, 0x17, 0x17, 0x0f, 0x03, 0x03, 0x0f, 0x52, 0x52, 0x8b, 0x52, 0x52,
    0x5a, 0x65, 0x67, 0x6f, 0x46, 0x29, 0x0f, 0x29, 0x21, 0x52, 0x01, 0x21, 0x8b, 0x52, 0x52, 0x29,
    0x26, 0x21, 0x09, 0x09, 0x29, 0x52, 0x29, 0x21, 0x52, 0x21, 0x01, 0x01, 0xd0, 0x21, 0x99, 0x8b,
    0x90, 0x52, 0x52, 0x03, 0x05, 0x17, 0x17, 0x05, 0x03, 0x17, 0x35, 0x1a, 0x57, 0x38, 0x3e, 0x29,
    0x67, 0x5c, 0x6f, 0x09, 0x01, 0x21, 0x0f, 0x38, 0x21, 0x29, 0x09, 0x58, 0x8b, 0x99, 0x58, 0x52,
    0x52, 0x21, 0x05, 0x40, 0x01, 0x03, 0x05, 0x05, 0x09, 0x09, 0x26, 0x35, 0x4c, 0x67, 0x6f, 0xa7,
    0x5a, 0x5c, 0x6f, 0x65, 0x21, 0x09, 0x52, 0x0f, 0x52, 0x8b, 0x01, 0x52, 0x0f, 0x4c, 0x8b, 0x8b,
    0x99, 0x5d, 0x21, 0x05, 0x03, 0x09, 0x01, 0x05, 0x03, 0x57, 0x35, 0x35, 0x46, 0x3e, 0x3e, 0x29,
    0x6f, 0x5c, 0x6f, 0x90, 0x5c, 0xa9, 0x4b, 0x52, 0x52, 0x58, 0x52, 0x65, 0x65, 0x4b, 0x4b, 0x4b,
    0x46, 0x52, 0x35, 0x6b, 0x44, 0x35, 0x5d, 0x35, 0x35, 0x1a, 0x35, 0x5d, 0x35, 0x35, 0x35, 0x35,
    0x21, 0x21, 0x17, 0x0f, 0x21, 0x09, 0x05, 0x05, 0x21, 0x21, 0x35, 0x35, 0x35, 0xa9, 0x71, 0x5a,
    0x21, 0x21, 0x21, 0x05, 0x03, 0x09, 0x05, 0x05, 0x03, 0x03, 0x05, 0x4c, 0x46, 0x8b, 0x46, 0x46,
    0x4b, 0x2d, 0x13, 0x13, 0x07, 0x07, 0x0b, 0x11, 0x10, 0x07, 0x10, 0x10, 0x10, 0x10, 0x10, 0x10,
    0x11, 0x10, 0x07, 0x10, 0x1e, 0x1e, 0x11, 0x1e, 0x11, 0x0b, 0x1d, 0x0b, 0x1e, 0x49, 0x49, 0x6f,
    0x29, 0x29, 0x29, 0x29, 0x52, 0x29, 0x29, 0x29, 0x03, 0x0f, 0x05, 0x03, 0x5c, 0xd0, 0xd0, 0x8b,
    0x8b, 0xd0, 0x29, 0x52, 0x29, 0x5d, 0x8b, 0x52, 0x52, 0x52, 0x29, 0x29, 0x52, 0xd0, 0x8b, 0x52,
    0x0f, 0x29, 0x29, 0x52, 0x52, 0x0f, 0x0f, 0x46, 0x46, 0x29, 0x5d, 0x8b, 0x8b, 0x52, 0x52, 0x52,
    0x5a, 0x6f, 0x65, 0x52, 0x6f, 0x0f, 0x17, 0x29, 0x52, 0x21, 0x52, 0x0f, 0x52, 0x52, 0x0f, 0x29,
    0x21, 0x21, 0x21, 0x21, 0x52, 0x09, 0x21, 0x21, 0x52, 0x52, 0x21, 0x21, 0x52, 0xd0, 0xd0, 0x8b,
    0xd0, 0x21, 0x52, 0x29, 0x40, 0x38, 0x09, 0x0f, 0x17, 0x09, 0x17, 0x1a, 0x38, 0x46, 0x4b, 0x3e,
    0x6f, 0x67, 0x6f, 0x6f, 0x21, 0x09, 0x0f, 0x38, 0x38, 0x21, 0x6c, 0x21, 0x8b, 0xd0, 0x8b, 0x7d,
    0x21, 0x21, 0x0f, 0x05, 0x03, 0x09, 0x01, 0x09, 0x05, 0x17, 0x35, 0x35, 0x4c, 0x71, 0x90, 0x79,
    0x5a, 0x6f, 0x5a, 0x52, 0x52, 0x09, 0x17, 0x21, 0x0f, 0x52, 0x0f, 0x17, 0x21, 0x8b, 0x21, 0x8b,
    0xd0, 0x21, 0x52, 0x17, 0x38, 0x01, 0x05, 0x09, 0x09, 0x1a, 0x1a, 0x1a, 0x1a, 0x46, 0x46, 0x3e,
    0x6f, 0x6f, 0x6f, 0x6f, 0x67, 0x65, 0x5c, 0x5a, 0x52, 0x52, 0x4b, 0x4b, 0x90, 0x4b, 0x4b, 0x46,
    0x42, 0x46, 0x52, 0x5a, 0x6b, 0x6b, 0x9f, 0x52, 0x52, 0x5d, 0x76, 0x90, 0x7d, 0x76, 0x90, 0x76,
    0x21, 0x21, 0x21, 0x17, 0x46, 0x21, 0x05, 0x17, 0x03, 0x09, 0x35, 0x35, 0x35, 0x6b, 0x5a, 0x52,
    0x05, 0x21, 0x21, 0x46, 0x46, 0x05, 0x05, 0x38, 0x38, 0x21, 0x46, 0x8b, 0x8b, 0x46, 0x46, 0x46,
    0x6b, 0x6b, 0xa9, 0x5c, 0x6b, 0x2a, 0x21, 0x09, 0x46, 0x21, 0x21, 0x05, 0x21, 0x29, 0x21, 0x46,
    0x3e, 0x6f, 0x79, 0x79, 0x6f, 0x90, 0x90, 0x79, 0x67, 0x65, 0x58, 0x52, 0x4b, 0x4b, 0x5a, 0x67,
    0x4b, 0x4b, 0x5c, 0x46, 0x3e, 0x4b, 0x5c, 0x6b, 0x5a, 0x5a, 0x67, 0x67, 0x6f, 0x90, 0x4b, 0x67,
    0x58, 0x4b, 0x5c, 0x46, 0x3e, 0x4b, 0x5c, 0x6b, 0x5c, 0x6f, 0x67, 0x5c, 0x6f, 0x90, 0x4b, 0x67,
    0x3e, 0x67, 0x79, 0x6f, 0x6f, 0x0f, 0x0f, 0x09, 0x21, 0x21, 0x6c, 0x52, 0x52, 0x4c, 0x52, 0x52,
    0x21, 0x21, 0x21, 0x21, 0x21, 0x21, 0x21, 0x09, 0x17, 0x52, 0x32, 0x1a, 0x35, 0x76, 0x4b, 0x65,
    0x8b, 0x21, 0x09, 0x29, 0x29, 0x29, 0x52, 0x29, 0x0f, 0x05, 0x21, 0x09, 0x21, 0x21, 0x52, 0x29,
    0x6f, 0x6f, 0xa9, 0x6f, 0x67, 0x6f, 0x6f, 0x6f, 0x5c, 0x5c, 0x5a, 0x4b, 0x3e, 0xa7, 0xa7, 0x3e,
    0x21, 0x21, 0x21, 0x0f, 0x03, 0x21, 0x03, 0x21, 0x05, 0x52, 0x46, 0x8b, 0x46, 0x52, 0x8b, 0x40,
    0x40, 0x21, 0x29, 0x21, 0x17, 0x21, 0x21, 0x21, 0x21, 0x21, 0x46, 0x46, 0x21, 0x40, 0x8b, 0x52,
    0x21, 0x21, 0x21, 0x38, 0x38, 0x0f, 0x09, 0x05, 0x09, 0x21, 0x35, 0x35, 0x35, 0x35, 0x52, 0xb0,
    0x6b, 0x6b, 0xa9, 0x5c, 0x21, 0x21, 0x21, 0x09, 0x46, 0x21, 0x21, 0x05, 0x21, 0x29, 0x21, 0x46,
    0x5a, 0x5a, 0x5a, 0x6f, 0x09, 0x21, 0x09, 0x21, 0x21, 0x21, 0x8b, 0x52, 0x52, 0xd0, 0x8b, 0x52,
    0x21, 0x09, 0x09, 0x09, 0x0f, 0x09, 0x05, 0x05, 0x03, 0x1a, 0x1a, 0x28, 0x35, 0xa7, 0xa7, 0x3e,
    0x3e, 0x6f, 0x79, 0x79, 0x6f, 0x90, 0x90, 0x79, 0x6f, 0x5c, 0x58, 0x4b, 0x4b, 0x4b, 0x5a, 0x67,
    0x4b, 0x4b, 0x5c, 0x46, 0x3e, 0x4b, 0x5c, 0x6b, 0x65, 0x5c, 0x65, 0x67, 0x6f, 0x90, 0x4b, 0x67,
    0x6b, 0x90, 0x6b, 0x6b, 0x4b, 0x01, 0x21, 0x29, 0x09, 0x09, 0x8b, 0x05, 0x09, 0x52, 0x46, 0x29,
    0x3e, 0xa9, 0x6f, 0x6f, 0xb0, 0x6f, 0x90, 0x6f, 0x67, 0x5c, 0x52, 0x4b, 0x46, 0x46, 0x58, 0x67,
    0x4b, 0x3e, 0x46, 0x3e, 0x4b, 0xa7, 0xa7, 0x5c, 0x4b, 0x4b, 0x6f, 0x67, 0x6f, 0x6f, 0x79, 0x6f,
    0x58, 0x3e, 0x46, 0x3e, 0x4b, 0xa7, 0xa7, 0x5c, 0x4b, 0x58, 0x6f, 0x6f, 0x6f, 0x6f, 0x79, 0x6f,
    0x3e, 0xa9, 0x6f, 0x6f, 0x0f, 0x52, 0x8b, 0x4c, 0x4c, 0x52, 0x8b, 0x90, 0x8b, 0x21, 0x52, 0x29,
    0x4c, 0x52, 0x09, 0x29, 0x21, 0x21, 0x22, 0x09, 0x05, 0x21, 0x35, 0x35, 0x4c, 0x4c, 0x5d, 0x6f,
    0x4b, 0x01, 0x09, 0x8b, 0x21, 0x09, 0x21, 0x52, 0x01, 0x01, 0x0f, 0x21, 0x21, 0x09, 0x21, 0x21,
    0x79, 0x90, 0x6f, 0x79, 0xa9, 0x01, 0x21, 0x01, 0x01, 0x5c, 0x6f, 0x4b, 0x3e, 0x3e, 0xa7, 0x3e,
    0x21, 0x29, 0x05, 0x21, 0x05, 0x05, 0x03, 0x03, 0x05, 0xd0, 0x8b, 0xd0, 0x21, 0x46, 0x46, 0x21,
    0x46, 0x46, 0x46, 0x05, 0x21, 0x21, 0x29, 0x21, 0x05, 0x05, 0x21, 0x21, 0x40, 0x21, 0x21, 0x46,
    0x58, 0xd2, 0x21, 0x05, 0x21, 0x05, 0x09, 0x05, 0x05, 0x03, 0x05, 0x05, 0x35, 0x9f, 0x6f, 0xa9,
    0x67, 0x90, 0x32, 0x21, 0x21, 0x01, 0x21, 0x29, 0x09, 0x09, 0x8b, 0x05, 0x09, 0x52, 0x46, 0x29,
    0x5a, 0x5c, 0x4b, 0x4b, 0x09, 0x03, 0x21, 0x09, 0x3e, 0x58, 0x8b, 0x21, 0x8b, 0xd0, 0xd0, 0x21,
    0x01, 0x09, 0x09, 0x09, 0x09, 0x21, 0x01, 0x03, 0x1a, 0x1a, 0x28, 0x35, 0x21, 0x3e, 0xa7, 0x3e,
    0x3e, 0xa9, 0x6f, 0x6f, 0xb0, 0x6f, 0x90, 0x6f, 0x67, 0x5c, 0x4b, 0x4b, 0x46, 0x46, 0x52, 0x6f,
    0x4b, 0x3e, 0x46, 0x3e, 0x4b, 0xa7, 0xa7, 0x5c, 0x46, 0x4b, 0x6f, 0x6f, 0x6f, 0x6f, 0x79, 0x6f,
    0x6b, 0x90, 0x90, 0x8b, 0x05, 0x05, 0x21, 0x52, 0x4c, 0x21, 0x52, 0x8b, 0x8b, 0x4c, 0x21, 0x21,
    0x6f, 0xa9, 0x6f, 0x6f, 0xa9, 0x6f, 0x76, 0x67, 0x6f, 0x58, 0x46, 0x46, 0x4b, 0x3e, 0x46, 0x6f,
    0x4b, 0x4b, 0x58, 0x5c, 0x5c, 0x4b, 0xa7, 0x3e, 0x46, 0x3e, 0x58, 0x6f, 0x6f, 0x79, 0x6f, 0xa9,
    0x4b, 0x4b, 0x5a, 0x5c, 0x5c, 0x4b, 0xa7, 0x3e, 0x46, 0x3e, 0x4b, 0x6f, 0x6f, 0x79, 0x6f, 0xa9,
    0x6f, 0xa9, 0x65, 0x4b, 0x17, 0x52, 0x52, 0x09, 0x52, 0x8b, 0x52, 0x52, 0xd0, 0x67, 0x09, 0x21,
    0x52, 0x21, 0x21, 0x58, 0x19, 0x0f, 0x09, 0x22, 0x0f, 0x0f, 0x35, 0x28, 0x28, 0x35, 0x4c, 0xa9,
    0x0f, 0x0f, 0x38, 0x9f, 0x03, 0x09, 0x38, 0x21, 0x03, 0x01, 0x09, 0x58, 0xd2, 0x05, 0x0f, 0xb0,
    0x6f, 0x90, 0x90, 0x6f, 0x21, 0x09, 0x21, 0x09, 0x01, 0x01, 0x09, 0x6f, 0x6f, 0x3e, 0x4b, 0x4b,
    0x21, 0x70, 0x46, 0x21, 0x29, 0x03, 0x03, 0x4c, 0x7d, 0x90, 0xd0, 0x70, 0x40, 0x0f, 0x09, 0x21,
    0x21, 0x46, 0x21, 0x29, 0x58, 0x9f, 0x21, 0x05, 0x58, 0x05, 0x05, 0x38, 0x65, 0x8b, 0x21, 0x29,
    0xa7, 0x9f, 0x58, 0x05, 0xd2, 0x58, 0x03, 0x05, 0x05, 0x21, 0x05, 0x05, 0x05, 0x0f, 0x6b, 0x46,
    0x6b, 0x21, 0x21, 0xd0, 0x8b, 0xd0, 0x21, 0x52, 0x4c, 0x21, 0x52, 0x8b, 0x8b, 0x6c, 0x21, 0x21,
    0x4b, 0x6f, 0x6f, 0x4b, 0x4b, 0x21, 0x09, 0x21, 0x0f, 0x3e, 0x29, 0x52, 0x52, 0xd0, 0x8b, 0x21,
    0x01, 0x52, 0x21, 0x05, 0x01, 0x09, 0x03, 0x1a, 0x17, 0x1a, 0x1a, 0x4b, 0x3e, 0x38, 0x46, 0x4b,
    0x6f, 0xa9, 0x6f, 0x6f, 0xa9, 0x6f, 0x76, 0x67, 0x5c, 0x5a, 0x4b, 0x46, 0x4b, 0x38, 0x40, 0x6f,
    0x4b, 0x4b, 0x5a, 0x5c, 0x5a, 0x4b, 0xa7, 0x3e, 0x46, 0x3e, 0x58, 0x6f, 0x6f, 0x79, 0x6f, 0xa9,
    0xa9, 0x4b, 0x9f, 0x21, 0x05, 0x52, 0x09, 0x21, 0x8b, 0x52, 0xd0, 0x21, 0x09, 0x8b, 0x58, 0x9f,
    0x6f, 0x79, 0x90, 0xb0, 0x6f, 0xa7, 0x6f, 0x5c, 0x5c, 0x58, 0x4b, 0x46, 0x40, 0x29, 0x3e, 0x38,
    0xa7, 0x4b, 0x5a, 0x6f, 0x67, 0x5c, 0x5a, 0x3e, 0x5a, 0x58, 0x3e, 0x6f, 0x4b, 0xa9, 0x6f, 0xa9,
    0xa7, 0x52, 0x5c, 0x6f, 0x67, 0x5c, 0x5a, 0x3e, 0x5c, 0x5a, 0x3e, 0x6f, 0x4b, 0xa9, 0x6f, 0xa9,
    0x6f, 0x79, 0x90, 0x4b, 0x17, 0x0f, 0x0f, 0x0f, 0x58, 0x4c, 0x8b, 0xd0, 0x90, 0x52, 0x21, 0x09,
    0x21, 0x21, 0x52, 0x22, 0x09, 0x05, 0x05, 0x03, 0x09, 0x09, 0x17, 0x35, 0x1a, 0x4c, 0x4c, 0xa9,
    0x0f, 0x0f, 0x40, 0x8b, 0x05, 0x03, 0x03, 0x38, 0x03, 0x17, 0xbd, 0x76, 0x58, 0x38, 0x05, 0x21,
    0xa9, 0x6f, 0x90, 0x52, 0x09, 0x6f, 0x09, 0x21, 0x21, 0x6f, 0x01, 0x03, 0x5c, 0x5c, 0x4b, 0x4b,
    0x8b, 0x8b, 0x46, 0x8b, 0x21, 0x46, 0x21, 0x4c, 0xd0, 0x76, 0x0f, 0x21, 0x7d, 0x29, 0x03, 0x21,
    0x17, 0x05, 0x21, 0x09, 0x3e, 0x46, 0x0f, 0x4b, 0x9f, 0x21, 0x21, 0x38, 0x58, 0x9f, 0x52, 0x29,
    0xd2, 0x38, 0x4b, 0x0f, 0x58, 0x58, 0x05, 0x03, 0x17, 0x32, 0x0f, 0x21, 0x21, 0x03, 0x05, 0x4b,
    0xa9, 0x4b, 0x8b, 0x52, 0x21, 0x4c, 0x5d, 0x21, 0x8b, 0x52, 0x52, 0x52, 0x8b, 0x52, 0x58, 0x9f,
    0x38, 0x4b, 0x4b, 0x46, 0x38, 0x09, 0x09, 0x0f, 0x58, 0x0f, 0x21, 0x0f, 0x3e, 0x52, 0x8b, 0x09,
    0x21, 0x09, 0x09, 0x03, 0x03, 0x09, 0x05, 0x03, 0x0f, 0x1a, 0x4b, 0x3e, 0x3e, 0x5c, 0x4b, 0x4b,
    0x6f, 0x79, 0x90, 0xb0, 0x6f, 0xa7, 0x6f, 0x5c, 0x5c, 0x5a, 0x4b, 0x46, 0x38, 0x29, 0x38, 0x3e,
    0xa7, 0x4b, 0x5a, 0x67, 0x67, 0x5c, 0x5a, 0x3e, 0x5a, 0x5a, 0x3e, 0x6f, 0x4b, 0xa9, 0x6f, 0xa9,
    0x6b, 0x46, 0x6b, 0x05, 0x52, 0x8b, 0x21, 0x21, 0x21, 0x52, 0x21, 0x52, 0x8b, 0x52, 0xd2, 0xd2,
    0x79, 0x6f, 0x90, 0x6f, 0x5c, 0xa7, 0xa7, 0x6f, 0x67, 0x58, 0x4b, 0x46, 0x52, 0x52, 0x52, 0x01,
    0x38, 0x46, 0x52, 0x5c, 0x6f, 0x67, 0x5a, 0x6f, 0x65, 0x65, 0x65, 0x6f, 0x3e, 0x6f, 0x21, 0x21,
    0x38, 0x35, 0x1a, 0x5c, 0x67, 0x67, 0x5a, 0x6f, 0x67, 0x67, 0x65, 0x6f, 0x3e, 0x5c, 0x6f, 0x6f,
    0x79, 0x6f, 0x90, 0x6f, 0x46, 0x0f, 0x21, 0x17, 0x17, 0x0f, 0x8b, 0x8b, 0x52, 0xd0, 0x8b, 0x21,
    0x21, 0x09, 0x09, 0x05, 0x05, 0x05, 0x05, 0x22, 0x09, 0x03, 0x1a, 0x28, 0x4c, 0x4c, 0x52, 0x65,
    0x05, 0x21, 0x52, 0x32, 0x0f, 0x05, 0x05, 0x17, 0x03, 0x09, 0x03, 0x21, 0x38, 0x17, 0x0f, 0x05,
    0x67, 0x6f, 0x6f, 0x21, 0x21, 0x21, 0xa7, 0x21, 0x29, 0x29, 0x09, 0x01, 0x0f, 0x4b, 0x4b, 0x46,
    0x8b, 0x46, 0x8b, 0x46, 0x70, 0x4c, 0x21, 0x29, 0x46, 0x09, 0x17, 0x0f, 0x4c, 0x0f, 0x32, 0x05,
    0x0f, 0x4b, 0x09, 0x58, 0x21, 0x21, 0x21, 0xbd, 0x21, 0x38, 0x05, 0x21, 0x21, 0x46, 0x21, 0x17,
    0x58, 0x8b, 0x09, 0x3e, 0x38, 0x38, 0x21, 0x38, 0x0f, 0x21, 0x09, 0x0f, 0x03, 0x21, 0x0f, 0x58,
    0x6b, 0x21, 0x8b, 0xd0, 0x21, 0x6c, 0x99, 0x8b, 0x21, 0x52, 0x8b, 0xd0, 0x52, 0x52, 0xd2, 0xd2,
    0x29, 0x3e, 0x4b, 0x4b, 0x4b, 0x4b, 0x09, 0x3e, 0x0f, 0x3e, 0x52, 0x9f, 0x3e, 0x8b, 0x52, 0x52,
    0x05, 0x01, 0x0f, 0x01, 0x01, 0x03, 0x09, 0x03, 0x1a, 0x1a, 0x4b, 0x4b, 0x5c, 0x4b, 0x4b, 0x46,
    0x79, 0x6f, 0x90, 0x6f, 0x5c, 0xa7, 0xa7, 0x6f, 0x65, 0x58, 0x46, 0x46, 0x3e, 0x29, 0x38, 0x38,
    0x3e, 0x4b, 0x6f, 0x5c, 0x6f, 0x67, 0x5a, 0x6f, 0x67, 0x67, 0x6b, 0x6f, 0x3e, 0x5c, 0x6f, 0x6f,
    0x4b, 0x4b, 0x03, 0x21, 0x09, 0x09, 0x8b, 0x03, 0x21, 0x01, 0x52, 0x52, 0x52, 0x52, 0xd2, 0x9f,
    0x6f, 0xa9, 0x6f, 0x6f, 0x6f, 0x79, 0xb0, 0x6f, 0x6f, 0x5a, 0x3e, 0x4b, 0x17, 0x09, 0x38, 0x09,
    0x17, 0x46, 0x29, 0x5c, 0xa9, 0x4b, 0x4b, 0x4b, 0x76, 0x46, 0x0f, 0x0f, 0x03, 0x09, 0x0f, 0x21,
    0x17, 0x03, 0x35, 0x35, 0xa9, 0x4b, 0x4b, 0x5c, 0x6f, 0x67, 0x6f, 0x4b, 0x65, 0x6f, 0x6f, 0x6f,
    0x6f, 0xa9, 0x79, 0x67, 0x67, 0x5c, 0x17, 0x17, 0x0f, 0x29, 0x52, 0x8b, 0x21, 0x8b, 0x52, 0x21,
    0x9f, 0x09, 0x03, 0x05, 0x03, 0x03, 0x03, 0x05, 0x05, 0x17, 0x1a, 0x1a, 0x4c, 0x29, 0x65, 0x67,
    0x21, 0x05, 0x76, 0x09, 0x17, 0x03, 0x21, 0x17, 0x09, 0x05, 0x09, 0x09, 0x0f, 0x09, 0x0f, 0x17,
    0x5a, 0x5c, 0x29, 0x09, 0x09, 0x09, 0x6f, 0x6f, 0x38, 0x29, 0x5c, 0x01, 0x01, 0x4b, 0x46, 0x3e,
    0x46, 0x21, 0x29, 0x4c, 0x8b, 0x21, 0x52, 0x29, 0x0f, 0x09, 0x05, 0x40, 0x05, 0x21, 0x0f, 0x09,
    0x4b, 0x21, 0x58, 0x9f, 0x3e, 0x9f, 0x21, 0x38, 0x9f, 0x38, 0x5a, 0x58, 0x03, 0x05, 0x09, 0x21,
    0x9f, 0x5a, 0x3e, 0x09, 0x38, 0x17, 0x38, 0x0f, 0x0f, 0x09, 0x03, 0x03, 0x0f, 0x03, 0x05, 0x09,
    0x35, 0x8b, 0x52, 0x29, 0x52, 0x21, 0xd0, 0xd0, 0x29, 0x01, 0x03, 0x58, 0x21, 0x9f, 0xd2, 0x9f,
    0x3e, 0xa7, 0x3e, 0x42, 0x4b, 0x5c, 0x09, 0x0f, 0x0f, 0x9f, 0xd2, 0x58, 0x21, 0x52, 0x52, 0x0f,
    0x0f, 0x09, 0x52, 0x21, 0x4c, 0x0f, 0x03, 0x03, 0x0f, 0x1a, 0x5c, 0x3e, 0x58, 0x4b, 0x46, 0x3e,
    0x6f, 0xa9, 0x6f, 0x6f, 0x6f, 0x79, 0xb0, 0x70, 0x65, 0x5a, 0x3e, 0x4b, 0x3e, 0x46, 0x38, 0x32,
    0x3e, 0x46, 0x52, 0x67, 0xa9, 0x4b, 0x4b, 0x4b, 0x6f, 0x67, 0x6f, 0x4b, 0x65, 0x6f, 0x6f, 0x6f,
    0x05, 0x05, 0x05, 0x32, 0x8b, 0x8b, 0x21, 0x52, 0x09, 0x03, 0x8b, 0xd0, 0x8b, 0x52, 0x9f, 0xd2,
    0x6f, 0x6f, 0x67, 0x67, 0x6f, 0x5c, 0x67, 0x6f, 0x79, 0x67, 0x4b, 0x29, 0x0f, 0x58, 0x09, 0x58,
    0x0f, 0x09, 0x09, 0x0f, 0x4b, 0x65, 0x46, 0x38, 0x4b, 0x0f, 0x3e, 0x38, 0xd0, 0x03, 0x09, 0x09,
    0x38, 0x09, 0x0f, 0x35, 0x35, 0x35, 0x1a, 0x3e, 0x3e, 0x6f, 0x67, 0x67, 0x6f, 0x6f, 0x6f, 0x67,
    0x6f, 0x6b, 0x67, 0x6b, 0x6f, 0x46, 0x5a, 0x65, 0x17, 0x52, 0x0f, 0x29, 0x52, 0x29, 0x21, 0xd2,
    0x9f, 0x58, 0x03, 0x09, 0x05, 0x21, 0x09, 0x03, 0x1a, 0x1a, 0x1a, 0x35, 0x40, 0x4c, 0x6f, 0x67,
    0x0f, 0x0f, 0x21, 0x09, 0x05, 0x05, 0x05, 0x09, 0x03, 0x03, 0x09, 0x0f, 0x09, 0x05, 0x0f, 0x17,
    0x46, 0x5c, 0x09, 0x4c, 0x21, 0x52, 0x4c, 0x09, 0x09, 0x6f, 0x01, 0x01, 0x09, 0x5c, 0x36, 0x3e,
    0x21, 0x05, 0x05, 0x8b, 0x52, 0x5d, 0x4c, 0x21, 0x09, 0x05, 0x05, 0x40, 0x05, 0x09, 0x09, 0x05,
    0x0f, 0x38, 0x58, 0x21, 0x21, 0x46, 0x3e, 0x4b, 0xd2, 0x38, 0x9f, 0x58, 0x03, 0x05, 0x05, 0x05,
    0x65, 0x65, 0x29, 0x05, 0x09, 0x09, 0x38, 0x05, 0x17, 0x38, 0x8b, 0x01, 0x03, 0x05, 0x05, 0x0f,
    0x05, 0x05, 0x21, 0x09, 0x09, 0x52, 0x52, 0x52, 0x09, 0x03, 0x03, 0x09, 0x58, 0xd2, 0x9f, 0xd2,
    0x42, 0x46, 0x46, 0x46, 0x4b, 0x4b, 0x5a, 0x5c, 0x0f, 0x58, 0xd2, 0xd2, 0x5a, 0x22, 0x09, 0x01,
    0x0f, 0x21, 0x32, 0x90, 0x03, 0x05, 0x17, 0x03, 0x1a, 0x1a, 0x1a, 0x5c, 0x6f, 0x58, 0x3e, 0x46,
    0x6f, 0x6f, 0x67, 0x67, 0x6f, 0x5c, 0x67, 0x79, 0x70, 0x5c, 0x4b, 0x5a, 0x5a, 0x4b, 0x3e, 0x29,
    0x3e, 0x4b, 0x5c, 0x4b, 0x4b, 0x4b, 0x4b, 0x3e, 0x3e, 0x6f, 0x67, 0x67, 0x6f, 0x6f, 0x6f, 0x67,
    0x21, 0x05, 0x52, 0x09, 0x52, 0x09, 0x52, 0x8b, 0x52, 0x09, 0xd2, 0xd2, 0x9f, 0x58, 0xd2, 0x38,
    0x67, 0x6f, 0x76, 0x5c, 0x4b, 0x5a, 0x67, 0x6f, 0xa9, 0x6f, 0x21, 0x29, 0x38, 0x9f, 0x9f, 0x21,
    0x0f, 0x17, 0x52, 0x17, 0x0f, 0x4b, 0x46, 0x38, 0x0f, 0x0f, 0x8b, 0x09, 0x52, 0x52, 0x90, 0x4c,
    0x21, 0x58, 0x0f, 0x09, 0x03, 0x35, 0x1a, 0x1a, 0x5c, 0x6f, 0x5c, 0x5c, 0x79, 0x6f, 0x6f, 0x6f,
    0x67, 0x6f, 0x76, 0x5c, 0x4b, 0x5a, 0x46, 0x65, 0x17, 0x0f, 0x29, 0x32, 0x0f, 0x21, 0x29, 0x21,
    0xd2, 0x4b, 0x05, 0x03, 0x03, 0x35, 0x0f, 0x1a, 0x1a, 0x35, 0x1a, 0x4b, 0x3e, 0x29, 0x65, 0x6f,
    0x0f, 0x0f, 0x09, 0x09, 0x52, 0x1b, 0x39, 0x05, 0x05, 0x19, 0x03, 0x1c, 0x38, 0x22, 0x09, 0x03,
    0x5c, 0x09, 0x52, 0x90, 0x7d, 0x52, 0x8b, 0x4c, 0x09, 0x21, 0x01, 0x9f, 0x01, 0x01, 0x4b, 0x4b,
    0x8b, 0x8b, 0x40, 0x21, 0x52, 0x8b, 0x4c, 0x52, 0x05, 0x17, 0x21, 0x05, 0x05, 0x0f, 0x05, 0x21,
    0x21, 0x58, 0x21, 0x46, 0x21, 0x3e, 0xd2, 0xd2, 0x8b, 0x9f, 0x21, 0x38, 0x38, 0x01, 0x03, 0x46,
    0x5a, 0x9f, 0x76, 0x05, 0x21, 0x09, 0x21, 0x09, 0x0f, 0x0f, 0x38, 0x03, 0x01, 0x01, 0x09, 0x21,
    0x21, 0x05, 0x21, 0x09, 0x52, 0x4c, 0x09, 0x09, 0x52, 0x09, 0xd2, 0xd2, 0x9f, 0x58, 0xd2, 0x38,
    0x58, 0x3e, 0x4b, 0x4b, 0x3e, 0x4b, 0x67, 0x5c, 0x6f, 0x0f, 0x58, 0x9f, 0x36, 0x03, 0x40, 0x17,
    0x09, 0x09, 0x09, 0x0f, 0x03, 0x05, 0x03, 0x17, 0x1a, 0x1a, 0x32, 0x6f, 0x5a, 0x4b, 0x4b, 0x4b,
    0x67, 0x6f, 0x76, 0x5c, 0x4b, 0x5a, 0x67, 0x79, 0xa9, 0x79, 0x67, 0x5c, 0x5a, 0x58, 0x4b, 0x46,
    0x3e, 0x46, 0x46, 0x46, 0x58, 0x58, 0x58, 0x58, 0x5a, 0x6f, 0x5c, 0x6f, 0x79, 0x6f, 0x6f, 0x6f,
    0x21, 0x52, 0x09, 0x52, 0x52, 0x8b, 0x52, 0x52, 0x5d, 0x21, 0x3e, 0xd2, 0x9f, 0x3e, 0x9f, 0x65,
    0x6f, 0x67, 0x76, 0xa7, 0x6b, 0x4b, 0x6f, 0x6f, 0x21, 0x21, 0x58, 0x03, 0x58, 0x9f, 0xd2, 0x9f,
    0x17, 0x29, 0x21, 0x52, 0x17, 0x0f, 0x76, 0x46, 0x0f, 0x8b, 0xd0, 0x52, 0x52, 0x21, 0x09, 0x4c,
    0x3e, 0x21, 0x03, 0x0f, 0x0f, 0x03, 0x35, 0x1a, 0x4b, 0x4b, 0x58, 0x5c, 0xb0, 0x4b, 0x67, 0x67,
    0x6f, 0x6f, 0x76, 0xa7, 0x6f, 0x46, 0x65, 0x05, 0x4c, 0x8b, 0x52, 0x6c, 0x29, 0x21, 0x09, 0x9f,
    0x58, 0x21, 0x38, 0x03, 0x09, 0x1a, 0x1a, 0x28, 0x1a, 0x1a, 0x3e, 0x4c, 0x4b, 0x29, 0x6f, 0x6f,
    0x0f, 0x21, 0x09, 0x8e, 0x8e, 0x1b, 0x25, 0x1b, 0x09, 0x1b, 0x8e, 0x8e, 0x44, 0x1b, 0x17, 0x21,
    0x5a, 0x21, 0x8b, 0xd0, 0x8b, 0x21, 0x4c, 0x70, 0x21, 0x21, 0x2a, 0x21, 0x21, 0x01, 0x4b, 0x4b,
    0x8b, 0x4c, 0x46, 0x09, 0x29, 0x52, 0x29, 0x21, 0x09, 0x03, 0x21, 0x09, 0x05, 0x05, 0x0f, 0x0f,
    0x17, 0x21, 0xd2, 0x58, 0x21, 0x21, 0x3e, 0x9f, 0x9f, 0x58, 0x21, 0x17, 0x38, 0x03, 0x46, 0x3e,
    0x38, 0x65, 0x8b, 0x09, 0x4b, 0x38, 0x4b, 0x17, 0x05, 0x0f, 0x46, 0x17, 0x01, 0x01, 0x09, 0x21,
    0x21, 0x05, 0x09, 0x52, 0x52, 0x8b, 0x52, 0x52, 0x6c, 0x21, 0x3e, 0xd2, 0x9f, 0x3e, 0x9f, 0x65,
    0x6f, 0x4b, 0x4b, 0x4b, 0x4b, 0xb0, 0x5c, 0x5c, 0x67, 0x6f, 0x09, 0x3e, 0x21, 0x3e, 0x0f, 0x0f,
    0x09, 0x09, 0x05, 0x09, 0x09, 0x03, 0x1a, 0x1a, 0x1a, 0x1a, 0x6f, 0x5a, 0x4b, 0x3e, 0x46, 0x4b,
    0x6f, 0x67, 0x6b, 0xa7, 0x6b, 0x4b, 0x6f, 0x6f, 0x67, 0x67, 0x5c, 0x5c, 0x5a, 0x58, 0x4b, 0x4b,
    0x3e, 0x46, 0x46, 0x3e, 0x6f, 0x5c, 0x4b, 0x5a, 0x5a, 0x4b, 0x58, 0x5c, 0xb0, 0x4b, 0x6f, 0x67,
    0x05, 0x21, 0x0f, 0x52, 0xd0, 0x8b, 0x52, 0x8b, 0x90, 0x6c, 0x09, 0x3e, 0x58, 0x21, 0x38, 0x58,
    0x67, 0x5c, 0x5a, 0x3e, 0x5a, 0x5c, 0x3e, 0x4b, 0x0f, 0x3e, 0x58, 0x03, 0x38, 0x9f, 0x6b, 0x21,
    0x46, 0x03, 0x8b, 0x21, 0x52, 0x21, 0x29, 0x0f, 0x5d, 0xd0, 0x21, 0x21, 0xd0, 0x8b, 0x03, 0x52,
    0x17, 0x38, 0x21, 0x03, 0x05, 0x05, 0x17, 0x35, 0x5c, 0x52, 0x4b, 0x5c, 0xb0, 0x76, 0x5c, 0x5a,
    0x6f, 0x6f, 0x5a, 0x3e, 0x52, 0x17, 0x29, 0x4c, 0x52, 0x8b, 0x8b, 0x52, 0x8b, 0x09, 0x21, 0x58,
    0x21, 0x05, 0x46, 0x03, 0x09, 0x1a, 0x35, 0x35, 0x35, 0x6f, 0x46, 0x40, 0x40, 0x40, 0x52, 0x52,
    0x09, 0x0f, 0x09, 0x39, 0x8e, 0x44, 0x1b, 0x44, 0x8e, 0x44, 0x3e, 0x44, 0x44, 0x1b, 0x35, 0x17,
    0x6f, 0x67, 0x70, 0x70, 0x52, 0x21, 0x70, 0x8b, 0x4c, 0x09, 0x3e, 0x21, 0x03, 0x01, 0x4b, 0x4b,
    0x29, 0x46, 0x21, 0x52, 0x29, 0x21, 0x0f, 0x21, 0x05, 0x03, 0x09, 0x05, 0x03, 0x05, 0x03, 0x58,
    0x0f, 0x21, 0x21, 0x29, 0x3e, 0x9f, 0x3e, 0x58, 0x58, 0x21, 0x58, 0x38, 0x17, 0x05, 0x21, 0x46,
    0x9f, 0x58, 0x4b, 0x21, 0x29, 0x3e, 0x09, 0x17, 0x05, 0x17, 0x58, 0x0f, 0x38, 0x05, 0x09, 0x29,
    0x05, 0x21, 0x0f, 0x52, 0xd0, 0x8b, 0x52, 0x8b, 0x90, 0x52, 0x09, 0x3e, 0x58, 0x21, 0x38, 0x58,
    0xb0, 0x5c, 0x4b, 0x4b, 0x6f, 0x5c, 0xb0, 0x6f, 0x5c, 0x5c, 0x1b, 0x09, 0x09, 0x22, 0x3e, 0x05,
    0x09, 0x05, 0x05, 0x03, 0x03, 0x03, 0x1a, 0x32, 0x1a, 0x90, 0x4b, 0x58, 0x5c, 0x3e, 0x4b, 0x4b,
    0x6f, 0x5c, 0x58, 0x3e, 0x5a, 0x5c, 0x3e, 0x4b, 0x6f, 0x67, 0x5c, 0x5c, 0x6b, 0x58, 0x3e, 0x4b,
    0x58, 0x3e, 0x3e, 0x6f, 0x6f, 0x5a, 0x5a, 0x6f, 0x5c, 0x4b, 0x4b, 0x5c, 0xb0, 0x76, 0x5c, 0x5a,
    0x21, 0x21, 0x8b, 0xd0, 0x52, 0x52, 0x21, 0x8b, 0xd0, 0x3e, 0x52, 0x09, 0x09, 0x21, 0x46, 0x38,
    0x58, 0x5a, 0x6f, 0x4b, 0x6f, 0x6f, 0x6f, 0x3e, 0x58, 0x9f, 0x09, 0x9f, 0x5a, 0x38, 0x9f, 0x6b,
    0x38, 0x09, 0x21, 0x21, 0x4c, 0x52, 0x4c, 0x21, 0x52, 0x52, 0x21, 0x90, 0x90, 0xd0, 0x5c, 0x21,
    0x4b, 0x58, 0x09, 0x09, 0x03, 0x05, 0x05, 0x35, 0x1a, 0x6f, 0x6f, 0x67, 0x67, 0x5c, 0x5a, 0x4b,
    0x52, 0x52, 0x6f, 0x4b, 0x6f, 0x38, 0x38, 0x52, 0x90, 0x8b, 0x8b, 0x8b, 0x52, 0x52, 0x21, 0x29,
    0x58, 0x58, 0x09, 0x05, 0x09, 0x17, 0x1a, 0x35, 0x4c, 0x46, 0x46, 0x29, 0x4b, 0x29, 0x40, 0x46,
    0x35, 0x09, 0x1b, 0x44, 0x44, 0x44, 0x1b, 0x1b, 0x8e, 0x1a, 0x1b, 0x1b, 0x1b, 0x1b, 0x1b, 0x35,
    0x79, 0x90, 0x21, 0x52, 0x09, 0x09, 0x70, 0x70, 0x65, 0x21, 0x09, 0x01, 0x03, 0x01, 0x4b, 0x58,
    0x21, 0x21, 0x46, 0x52, 0x09, 0x21, 0x01, 0x03, 0x7d, 0x4c, 0x05, 0x05, 0x8b, 0x05, 0x17, 0x21,
    0x0f, 0x58, 0x1a, 0x3e, 0x21, 0xd2, 0x58, 0x21, 0x21, 0x21, 0x40, 0x40, 0x17, 0x05, 0x21, 0x21,
    0x58, 0x9f, 0x21, 0x21, 0x3e, 0x21, 0x09, 0x09, 0x38, 0x38, 0x29, 0x17, 0x05, 0x0f, 0x21, 0x17,
    0x21, 0x21, 0x67, 0xd0, 0xd0, 0x52, 0x21, 0x8b, 0xd0, 0x52, 0x52, 0x09, 0x09, 0x21, 0x46, 0x38,
    0x4b, 0x6f, 0x6f, 0x5c, 0xb0, 0x5c, 0x76, 0xa7, 0x6b, 0x5c, 0x44, 0x44, 0x09, 0x1b, 0x35, 0x3e,
    0x09, 0x03, 0x09, 0x1b, 0x44, 0x1c, 0x1a, 0x90, 0x90, 0x90, 0x6b, 0x3e, 0x5c, 0x4b, 0x4b, 0x5a,
    0x58, 0x5a, 0x6f, 0x4b, 0x6f, 0x6f, 0x6f, 0x3e, 0x58, 0x6f, 0x5c, 0xa7, 0x76, 0x5c, 0x3e, 0xb0,
    0x5c, 0x58, 0x4b, 0x4b, 0x4b, 0x46, 0x4b, 0x6f, 0xb0, 0x70, 0x6f, 0x67, 0x67, 0x5a, 0x58, 0x4b,
    0x21, 0x21, 0xd0, 0x21, 0x21, 0x8b, 0x8b, 0x8b, 0x21, 0x52, 0x21, 0x03, 0x09, 0x9f, 0x46, 0x3e,
    0x4b, 0x3e, 0x5a, 0x67, 0x4b, 0x79, 0x6f, 0x21, 0x46, 0x58, 0x9f, 0x9f, 0x38, 0x38, 0xd2, 0x21,
    0x3e, 0x09, 0x8b, 0x52, 0x52, 0x8b, 0x8b, 0x09, 0x21, 0x09, 0x52, 0x52, 0x90, 0x52, 0x21, 0x4c,
    0x21, 0x0f, 0x21, 0x0f, 0x05, 0x09, 0x0f, 0x35, 0x1a, 0x1a, 0x6f, 0x5c, 0x76, 0x5c, 0x58, 0x4b,
    0x4b, 0x3e, 0x52, 0x6f, 0x52, 0x52, 0x8b, 0x99, 0xd0, 0x52, 0x29, 0x52, 0x8b, 0x29, 0x52, 0x21,
    0x21, 0x09, 0x0f, 0x05, 0x03, 0x21, 0x1a, 0x1a, 0x26, 0x4c, 0x4c, 0x65, 0x5a, 0x46, 0x32, 0x4b,
    0x35, 0x35, 0x35, 0x35, 0x44, 0x35, 0x38, 0x44, 0x35, 0x1a, 0x35, 0x3d, 0x35, 0x35, 0x35, 0x35,
    0x67, 0x6f, 0x21, 0x21, 0x09, 0x09, 0x09, 0x21, 0x09, 0x01, 0x01, 0x01, 0x01, 0x4b, 0x4b, 0x6f,
    0x21, 0x21, 0x46, 0x29, 0x09, 0x21, 0x09, 0x17, 0x17, 0x21, 0x03, 0x21, 0x0f, 0x09, 0x03, 0x35,
    0x35, 0x05, 0x1a, 0x58, 0x9f, 0x9f, 0xd2, 0x09, 0x09, 0x58, 0x17, 0x17, 0x8b, 0x7d, 0x46, 0x52,
    0x9f, 0x3e, 0x05, 0x17, 0x21, 0x0f, 0x21, 0x21, 0x09, 0x38, 0x38, 0x17, 0x05, 0x05, 0x21, 0x46,
    0x21, 0x21, 0x52, 0x52, 0x4c, 0x52, 0x8b, 0x8b, 0x21, 0x52, 0x52, 0x03, 0x09, 0x9f, 0x46, 0x3e,
    0x67, 0x5c, 0x5a, 0x58, 0x4b, 0x5c, 0x6f, 0x5c, 0x5c, 0x44, 0x1b, 0x22, 0x1b, 0x44, 0x09, 0x09,
    0x35, 0x35, 0x44, 0x44, 0x1b, 0x1b, 0x1a, 0x6f, 0x6f, 0x90, 0x6b, 0x3e, 0x46, 0x4b, 0x4b, 0x6f,
    0x4b, 0x3e, 0x5a, 0x5c, 0x4b, 0x79, 0x79, 0x5c, 0x4b, 0x5c, 0x6f, 0x76, 0x6f, 0x67, 0x67, 0x6f,
    0x5c, 0x5c, 0x58, 0x58, 0x4b, 0x3e, 0x46, 0x4b, 0x6f, 0x76, 0x83, 0x5c, 0x76, 0x6b, 0x58, 0x4b,
    0x21, 0x05, 0x21, 0x52, 0x21, 0xd0, 0xd0, 0x09, 0x52, 0x21, 0x52, 0x03, 0x09, 0x21, 0x38, 0x38,
    0x5a, 0x5a, 0x5c, 0x67, 0x79, 0xa9, 0x6f, 0x0f, 0x58, 0x9f, 0xd2, 0x9f, 0x65, 0x38, 0x9f, 0x21,
    0x21, 0x52, 0x52, 0x8b, 0x90, 0x8b, 0x52, 0x8b, 0x8b, 0x21, 0x21, 0x52, 0x52, 0x90, 0x8b, 0x4c,
    0x09, 0x21, 0x05, 0x21, 0x03, 0x21, 0x03, 0x03, 0x35, 0x35, 0xb0, 0x6f, 0xa7, 0x5a, 0x46, 0x4b,
    0x52, 0x52, 0x46, 0x65, 0x29, 0x52, 0x8b, 0x21, 0xd0, 0xd0, 0x52, 0x8b, 0x52, 0x52, 0x01, 0x21,
    0x21, 0x21, 0x09, 0x09, 0x03, 0x05, 0x4c, 0x09, 0x1a, 0x35, 0x4b, 0x4c, 0x6f, 0x4b, 0x29, 0x4b,
    0x35, 0x35, 0x52, 0x65, 0x35, 0x35, 0x35, 0x35, 0x65, 0x67, 0x6f, 0x35, 0x35, 0x35, 0x90, 0x6f,
    0x5a, 0x4b, 0x65, 0x5a, 0x21, 0x52, 0x09, 0x44, 0x21, 0x01, 0x01, 0x09, 0x46, 0x4b, 0x6f, 0xb0,
    0x46, 0x4c, 0x4c, 0x46, 0x09, 0x0f, 0x0f, 0x09, 0x09, 0x21, 0x0f, 0x0f, 0x17, 0x09, 0x03, 0x35,
    0x35, 0x0f, 0x1a, 0x29, 0x58, 0x9f, 0x58, 0x21, 0x21, 0x17, 0xd0, 0x8b, 0x52, 0x40, 0x8b, 0x46,
    0x38, 0x38, 0x38, 0x21, 0x05, 0x21, 0x21, 0x09, 0x05, 0x9f, 0x2a, 0x21, 0x05, 0x05, 0x58, 0x58,
    0x21, 0x05, 0x21, 0x21, 0x52, 0x52, 0x52, 0x09, 0x52, 0x21, 0x52, 0x03, 0x09, 0x21, 0x38, 0x38,
    0x5c, 0x5c, 0x5c, 0x5c, 0x4b, 0xa9, 0x5c, 0x6f, 0x4b, 0x1b, 0x1b, 0x35, 0x1b, 0x8e, 0x35, 0x35,
    0x1a, 0x1a, 0x44, 0x1a, 0x1a, 0x1c, 0x1b, 0x6f, 0x76, 0xa7, 0x3e, 0x4b, 0x3e, 0x4b, 0x6f, 0xb0,
    0x58, 0x5c, 0x5c, 0x6f, 0x79, 0xa9, 0x79, 0x6f, 0x4b, 0xa7, 0xa7, 0x6f, 0x6f, 0x79, 0x5c, 0x6f,
    0x5c, 0x6f, 0x65, 0x3e, 0x6f, 0x5c, 0x58, 0x3e, 0x65, 0x70, 0xb0, 0x6f, 0xa7, 0x65, 0x46, 0x4b,
    0x05, 0x21, 0x09, 0x09, 0x52, 0x52, 0x52, 0x05, 0x21, 0x21, 0x21, 0x46, 0x21, 0x05, 0x26, 0x21,
    0x4b, 0x5a, 0x5c, 0x67, 0x6f, 0x5c, 0x0f, 0x0f, 0x9f, 0x3e, 0x9f, 0xd2, 0x38, 0x0f, 0x58, 0x46,
    0x90, 0x52, 0xd0, 0x52, 0x8b, 0xd0, 0xd0, 0x52, 0x8b, 0x40, 0x21, 0x21, 0x52, 0x52, 0x21, 0x26,
    0x6c, 0x21, 0x29, 0x05, 0x03, 0x05, 0x09, 0x05, 0x09, 0x17, 0x35, 0x6f, 0x5c, 0x4b, 0x29, 0x3e,
    0x4b, 0x5a, 0x5c, 0x65, 0x17, 0x52, 0x29, 0x4c, 0x8b, 0x58, 0x52, 0x4c, 0x21, 0x01, 0x01, 0x52,
    0x6c, 0x21, 0x29, 0x05, 0x09, 0x09, 0x05, 0x0f, 0x1a, 0x35, 0x35, 0x4c, 0x4c, 0x4c, 0x29, 0x3e,
    0x35, 0x5c, 0x6f, 0x67, 0x4b, 0xa9, 0x5c, 0x6f, 0x5c, 0x6f, 0x5c, 0x65, 0x65, 0x76, 0x5a, 0x58,
    0x5a, 0x6b, 0x6f, 0x73, 0x6f, 0x1b, 0x8e, 0x44, 0x19, 0x13, 0x01, 0x5c, 0x6f, 0x6f, 0xa9, 0x6f,
    0x46, 0x21, 0x8b, 0x21, 0x32, 0x05, 0x05, 0x40, 0x21, 0x05, 0x17, 0x05, 0x05, 0x03, 0x17, 0x35,
    0x3e, 0x35, 0x1a, 0x1a, 0x3e, 0x21, 0x9f, 0x0f, 0x7d, 0x7d, 0x8b, 0xd0, 0x90, 0x4c, 0x21, 0x21,
    0x38, 0x38, 0x21, 0x21, 0x21, 0x38, 0x0f, 0x05, 0x03, 0x05, 0x09, 0x05, 0x21, 0x05, 0x21, 0x21,
    0x05, 0x17, 0x29, 0x52, 0x21, 0x40, 0x05, 0x05, 0x21, 0x21, 0x21, 0x46, 0x21, 0x05, 0x26, 0x21,
    0x5c, 0x67, 0x6f, 0x67, 0x4b, 0xa9, 0x5c, 0x6f, 0x5c, 0x6f, 0x67, 0x6f, 0x4c, 0x44, 0x44, 0x4c,
    0x1a, 0x1a, 0x35, 0x67, 0x76, 0xa7, 0x5c, 0x5c, 0x6f, 0x3e, 0x6f, 0x5c, 0x6f, 0x6f, 0xa9, 0x6f,
    0x4b, 0x5a, 0x67, 0x67, 0x67, 0x5c, 0x6f, 0x58, 0x65, 0xa7, 0xa7, 0x6f, 0x6f, 0x6f, 0xa7, 0x5c,
    0x67, 0x6f, 0x90, 0x4b, 0x5c, 0x67, 0x5c, 0x5c, 0x5c, 0x90, 0x6f, 0x6f, 0x5c, 0x58, 0x29, 0x3e,
    0x05, 0x46, 0x21, 0x05, 0x46, 0x03, 0x05, 0x05, 0x21, 0x05, 0x46, 0x46, 0x8b, 0x8b, 0x21, 0x21,
    0x58, 0x5c, 0x67, 0x6f, 0x5c, 0x0f, 0x21, 0x3e, 0x4b, 0x9f, 0x58, 0x38, 0x29, 0x0f, 0x0f, 0x5c,
    0xd0, 0x90, 0x52, 0x52, 0x4c, 0x8b, 0xd0, 0x52, 0x4c, 0x6c, 0x4c, 0x76, 0x21, 0x52, 0x21, 0x21,
    0x90, 0x52, 0x52, 0x21, 0x05, 0x09, 0x0f, 0x05, 0x05, 0x05, 0x35, 0x35, 0x57, 0x38, 0x3e, 0x29,
    0x58, 0x5c, 0x6f, 0x46, 0x0f, 0x21, 0x52, 0x52, 0x21, 0x21, 0x58, 0x0f, 0xd0, 0x21, 0x99, 0x8b,
    0x90, 0x52, 0x52, 0x29, 0x0f, 0x05, 0x05, 0x01, 0x01, 0x35, 0x28, 0x28, 0x57, 0x1a, 0x38, 0x29,
    0x6f, 0x5c, 0x6f, 0x90, 0x5c, 0xa9, 0x4b, 0x58, 0x4b, 0x58, 0x4b, 0x65, 0x5c, 0x4b, 0x4b, 0x4b,
    0x4b, 0x6b, 0xa7, 0x73, 0x44, 0x44, 0x1b, 0x5c, 0x1b, 0x19, 0x19, 0x6f, 0x79, 0x79, 0x6f, 0xa7,
    0x21, 0x21, 0x17, 0x0f, 0x21, 0x09, 0x05, 0x05, 0x21, 0x03, 0x05, 0x03, 0x03, 0x17, 0x35, 0x5c,
    0x6b, 0x6b, 0x1a, 0x05, 0x3e, 0x05, 0x17, 0x1a, 0x52, 0x40, 0x21, 0x8b, 0x8b, 0x4c, 0x21, 0x21,
    0x21, 0x21, 0x21, 0x05, 0x03, 0x09, 0x05, 0x05, 0x03, 0x03, 0x05, 0x4c, 0x46, 0x8b, 0x46, 0x46,
    0x05, 0x46, 0x21, 0x05, 0x46, 0x03, 0x05, 0x05, 0x21, 0x05, 0x46, 0x46, 0x8b, 0x8b, 0x21, 0x21,
    0x6f, 0x5c, 0x6f, 0x90, 0x5c, 0xa9, 0x4b, 0x58, 0x4b, 0x58, 0x4b, 0x65, 0x5c, 0x4b, 0x4b, 0x4b,
    0x40, 0x32, 0x8b, 0x6f, 0x5c, 0x6b, 0x4b, 0x67, 0x5c, 0x6f, 0x6f, 0x79, 0x79, 0x79, 0x6f, 0xa7,
    0x58, 0x5c, 0x67, 0x6f, 0x5c, 0x6b, 0x4b, 0x3e, 0x4b, 0x5a, 0x5c, 0x6f, 0xa7, 0xa9, 0x79, 0x67,
    0x6f, 0x79, 0x79, 0x79, 0x6f, 0x67, 0x6f, 0x5c, 0x5c, 0xa7, 0x6f, 0x5c, 0xa7, 0x4b, 0x3e, 0x29,
    0x46, 0x21, 0x21, 0x21, 0x05, 0x21, 0x21, 0x03, 0x05, 0x21, 0x21, 0x8b, 0x46, 0x46, 0x46, 0x46,
    0x58, 0x6f, 0x5c, 0x5a, 0x4b, 0x0f, 0x21, 0x21, 0x17, 0x09, 0x58, 0x0f, 0x52, 0x29, 0x0f, 0x29,
    0x8b, 0x4c, 0x21, 0x52, 0x21, 0x21, 0x8b, 0x21, 0x4c, 0x52, 0x21, 0x21, 0x52, 0xd0, 0x8b, 0x52,
    0xd0, 0x21, 0x52, 0x29, 0x40, 0x38, 0x09, 0x0f, 0x17, 0x09, 0x17, 0x1a, 0x38, 0x46, 0x4b, 0x3e,
    0x58, 0x6f, 0x5c, 0x21, 0x0f, 0x21, 0x17, 0x0f, 0x03, 0x0f, 0x09, 0x17, 0x52, 0xd0, 0xd0, 0x8b,
    0xd0, 0x21, 0x52, 0x21, 0x0f, 0x03, 0x09, 0x21, 0x09, 0x1a, 0x1a, 0x1a, 0x1a, 0x46, 0x46, 0x3e,
    0x6f, 0x6f, 0x6f, 0x6f, 0x67, 0x67, 0x5c, 0x5c, 0x5a, 0x4b, 0x4b, 0x4b, 0x90, 0x4b, 0x4b, 0x4b,
    0x3e, 0x4b, 0x5c, 0x67, 0x6f, 0x6f, 0xa7, 0x5c, 0x67, 0x67, 0x79, 0x90, 0x79, 0x79, 0x90, 0x79,
    0x21, 0x21, 0x21, 0x17, 0x46, 0x21, 0x05, 0x17, 0x03, 0x0f, 0x21, 0x28, 0x35, 0x35, 0x52, 0x52,
    0x70, 0x6b, 0x90, 0x6b, 0x21, 0x1a, 0x21, 0x21, 0x46, 0x1a, 0x21, 0x21, 0x46, 0x29, 0x8b, 0x46,
    0x05, 0x21, 0x21, 0x46, 0x46, 0x05, 0x05, 0x38, 0x38, 0x21, 0x46, 0x8b, 0x8b, 0x46, 0x46, 0x46,
    0x46, 0x21, 0x21, 0x21, 0x05, 0x21, 0x21, 0x03, 0x05, 0x21, 0x21, 0x8b, 0x46, 0x46, 0x46, 0x46,
    0x6f, 0x6f, 0x6f, 0x6f, 0x67, 0x67, 0x5c, 0x5c, 0x5a, 0x4b, 0x4b, 0x4b, 0x90, 0x4b, 0x4b, 0x46,
    0x46, 0x4b, 0x5c, 0x67, 0x6f, 0x6f, 0xa7, 0x5c, 0x67, 0x67, 0x79, 0x90, 0x79, 0x79, 0x90, 0x79,
    0x58, 0x6f, 0x5c, 0x5a, 0x4b, 0xa7, 0x4b, 0x4b, 0x4b, 0x5a, 0x5c, 0x5c, 0x67, 0x5c, 0x67, 0x5c,
    0x6f, 0x79, 0x90, 0x79, 0x67, 0x67, 0x5c, 0x67, 0x5c, 0x67, 0x5c, 0x5a, 0x4b, 0x4b, 0x4b, 0x3e,
    0x5a, 0x5c, 0x5c, 0x65, 0x58, 0x4b, 0x46, 0x46, 0x46, 0x3e, 0x4b, 0x5c, 0xa7, 0xa7, 0x5c, 0xb0,
    0x6f, 0x6f, 0xa9, 0x6f, 0x6f, 0x70, 0x79, 0x79, 0x6f, 0x67, 0x5a, 0x4b, 0x3e, 0xa7, 0xa7, 0x3e,
    0x36, 0x22, 0x22, 0x22, 0x36, 0x4b, 0x4b, 0x76, 0x76, 0xb0, 0x65, 0x5a, 0x58, 0x58, 0x58, 0x76,
    0x4b, 0x3e, 0x22, 0x36, 0x46, 0x36, 0x22, 0x0f, 0x22, 0x36, 0x36, 0x36, 0x3e, 0x3e, 0x22, 0x22,
    0x52, 0x36, 0x22, 0x36, 0x52, 0x36, 0x22, 0x22, 0x2a, 0x36, 0x36, 0x36, 0x36, 0x36, 0x22, 0x22,
    0x36, 0x22, 0x22, 0x22, 0x36, 0x4b, 0x4b, 0x76, 0x76, 0xb0, 0x65, 0x5a, 0x58, 0x58, 0x58, 0x76,
    0x3e, 0x6f, 0x79, 0x79, 0x6f, 0x90, 0x90, 0x79, 0x67, 0x65, 0x5a, 0x4b, 0x4b, 0x4b, 0x5a, 0x67,
    0x4b, 0x4b, 0x5c, 0x46, 0x3e, 0x4b, 0x5c, 0x6b, 0x5a, 0x65, 0x67, 0x5c, 0x6f, 0x90, 0x4b, 0x6f,
    0x3e, 0x6f, 0x79, 0x79, 0x6f, 0x90, 0x90, 0x79, 0x67, 0x65, 0x5a, 0x4b, 0x4b, 0x4b, 0x5a, 0x67,
    0x4b, 0x4b, 0x5c, 0x46, 0x3e, 0x4b, 0x5c, 0x6b, 0x5a, 0x65, 0x67, 0x5c, 0x6f, 0x90, 0x4b, 0x67,
    0x5a, 0x58, 0x58, 0x58, 0x36, 0x36, 0x36, 0x0f, 0x22, 0x36, 0x36, 0x36, 0x3e, 0x36, 0x22, 0x22,
    0x36, 0x22, 0x22, 0x22, 0x36, 0x4b, 0x4b, 0x65, 0x6f, 0x90, 0x67, 0x5a, 0x5c, 0x90, 0xa7, 0x3e,
    0x3e, 0x6f, 0x79, 0x6f, 0x79, 0x4b, 0x4b, 0x65, 0x76, 0xb0, 0x5c, 0x4b, 0x4b, 0x4b, 0x58, 0x6f,
    0x46, 0x3e, 0x22, 0x36, 0x46, 0x36, 0x22, 0x2a, 0x36, 0x36, 0x58, 0x5a, 0x5c, 0x67, 0x58, 0x6f,
    0x58, 0x4b, 0x65, 0x6f, 0x4b, 0x2a, 0x22, 0x0f, 0x22, 0x36, 0x36, 0x36, 0x3e, 0x36, 0x22, 0x22,
    0x36, 0x22, 0x22, 0x22, 0x36, 0x4b, 0x4b, 0x67, 0x76, 0xb0, 0x5c, 0x4b, 0x4b, 0x4b, 0x58, 0x6f,
    0x5a, 0x5c, 0x67, 0x6f, 0x52, 0x40, 0x46, 0x3e, 0x46, 0x3e, 0xa9, 0x4b, 0xa7, 0xa7, 0x6f, 0xa9,
    0x79, 0x90, 0x6f, 0x6f, 0xa9, 0x6f, 0x90, 0x6f, 0x6f, 0x5c, 0x6f, 0x4b, 0x3e, 0x3e, 0xa7, 0x3e,
    0x46, 0x36, 0x58, 0x4b, 0x76, 0x83, 0x90, 0x4b, 0x76, 0x65, 0x65, 0x58, 0x4b, 0x4b, 0x4b, 0x4b,
    0x4b, 0x46, 0x36, 0x3e, 0x22, 0x2a, 0x22, 0x22, 0x22, 0x36, 0x22, 0x36, 0x42, 0x76, 0x42, 0x36,
    0x5a, 0x4b, 0x36, 0x3e, 0x22, 0x2a, 0x22, 0x22, 0x22, 0x36, 0x22, 0x36, 0x58, 0x6f, 0x58, 0x3e,
    0x46, 0x36, 0x58, 0x4b, 0x76, 0x83, 0x90, 0x4b, 0x76, 0x65, 0x65, 0x58, 0x4b, 0x4b, 0x4b, 0x4b,
    0x3e, 0xa9, 0x6f, 0x6f, 0xb0, 0x6f, 0x90, 0x6f, 0x67, 0x5c, 0x58, 0x4b, 0x46, 0x4b, 0x58, 0x6f,
    0x4b, 0x3e, 0x46, 0x3e, 0x4b, 0xa7, 0xa7, 0x5c, 0x4b, 0x4b, 0x6f, 0x67, 0x6f, 0x79, 0x79, 0x76,
    0x3e, 0xa9, 0x6f, 0x6f, 0xb0, 0x6f, 0x90, 0x6f, 0x67, 0x5c, 0x4b, 0x4b, 0x46, 0x46, 0x4b, 0x6f,
    0x4b, 0x3e, 0x46, 0x3e, 0x4b, 0xa7, 0xa7, 0x5c, 0x4b, 0x58, 0x6f, 0x6f, 0x6f, 0x6f, 0x79, 0x6f,
    0x5a, 0x5a, 0x5a, 0x3e, 0x22, 0x2a, 0x2a, 0x22, 0x22, 0x36, 0x22, 0x36, 0x4b, 0x6f, 0x4b, 0x36,
    0x3e, 0x36, 0x58, 0x4b, 0x6f, 0x8b, 0x90, 0x4b, 0x65, 0x5a, 0x65, 0x4b, 0x3e, 0x3e, 0xa7, 0x3e,
    0x3e, 0xa9, 0x6f, 0x6f, 0xb0, 0x6f, 0x90, 0x4b, 0x65, 0x5a, 0x4b, 0x4b, 0x4b, 0x4b, 0x4b, 0x58,
    0x4b, 0x46, 0x36, 0x3e, 0x22, 0x2a, 0x22, 0x2a, 0x22, 0x36, 0x36, 0x76, 0x71, 0x6f, 0x79, 0x6f,
    0x5a, 0x65, 0x67, 0x65, 0x46, 0x22, 0x2a, 0x22, 0x22, 0x36, 0x22, 0x36, 0x4b, 0x6f, 0x4b, 0x36,
    0x3e, 0x36, 0x58, 0x4b, 0x6f, 0x8b, 0x90, 0x4b, 0x6f, 0x5a, 0x4b, 0x4b, 0x4b, 0x4b, 0x4b, 0x58,
    0x4b, 0x6f, 0x6f, 0x4b, 0x46, 0x46, 0x46, 0x58, 0x5a, 0x58, 0x3e, 0x4b, 0x4b, 0x58, 0x5c, 0x6f,
    0x6f, 0x90, 0x90, 0x79, 0x79, 0x90, 0xa9, 0x6f, 0x90, 0x5c, 0x67, 0x67, 0x6f, 0x3e, 0x4b, 0x4b,
    0x76, 0x90, 0x4b, 0x83, 0x90, 0x90, 0x76, 0x67, 0x76, 0x4b, 0x4b, 0x4b, 0x58, 0x3e, 0x58, 0x76,
    0x5a, 0x36, 0x46, 0x65, 0x36, 0x22, 0x22, 0x22, 0x36, 0x4b, 0x3e, 0x3b, 0x36, 0x36, 0x36, 0x36,
    0x67, 0x36, 0x58, 0x76, 0x36, 0x22, 0x22, 0x22, 0x3e, 0x58, 0x3e, 0x3e, 0x36, 0x36, 0x36, 0x36,
    0x76, 0x90, 0x4b, 0x83, 0x90, 0x90, 0x76, 0x67, 0x76, 0x4b, 0x4b, 0x4b, 0x58, 0x3e, 0x58, 0x76,
    0x6f, 0xa9, 0x6f, 0x6f, 0xa9, 0x6f, 0x76, 0x67, 0x6f, 0x5a, 0x4b, 0x46, 0x4b, 0x3e, 0x4b, 0x65,
    0x4b, 0x4b, 0x5a, 0x5c, 0x58, 0x4b, 0xa7, 0x3e, 0x42, 0x4b, 0x58, 0x6f, 0x6f, 0x79, 0x79, 0xa9,
    0x79, 0xa9, 0x6f, 0x6f, 0xa9, 0x6f, 0x76, 0x67, 0x6f, 0x58, 0x46, 0x3e, 0x4b, 0x3e, 0x3e, 0x65,
    0x4b, 0x4b, 0x5a, 0x5a, 0x58, 0x4b, 0xa7, 0x3e, 0x46, 0x3e, 0x58, 0x6f, 0x6f, 0x79, 0x6f, 0xa9,
    0x4b, 0x65, 0x65, 0x46, 0x36, 0x36, 0x22, 0x22, 0x36, 0x4b, 0x3e, 0x3e, 0x36, 0x2a, 0x22, 0x36,
    0x79, 0x90, 0x4b, 0x83, 0x90, 0x90, 0x6f, 0x5a, 0x5c, 0x46, 0x42, 0x4b, 0x6f, 0x3e, 0x46, 0x4b,
    0x6f, 0xa9, 0x6f, 0x6f, 0xa9, 0x6f, 0x76, 0x67, 0x65, 0x46, 0x4b, 0x4b, 0x4b, 0x36, 0x4b, 0x6f,
    0x5a, 0x36, 0x46, 0x5c, 0x36, 0x22, 0x22, 0x36, 0x3e, 0x46, 0x46, 0x5a, 0x6f, 0x6f, 0x6f, 0xa9,
    0x4b, 0x6f, 0x6f, 0x58, 0x46, 0x3e, 0x22, 0x22, 0x36, 0x4b, 0x3e, 0x3e, 0x36, 0x2a, 0x22, 0x36,
    0x79, 0x90, 0x4b, 0x83, 0x90, 0x90, 0x6f, 0x5c, 0x6f, 0x46, 0x4b, 0x4b, 0x4b, 0x36, 0x4b, 0x6f,
    0x38, 0x4b, 0x46, 0x4b, 0x46, 0x40, 0x46, 0x3e, 0x90, 0x4b, 0x4b, 0x4b, 0x4b, 0x4b, 0x5a, 0x67,
    0xa9, 0x6f, 0x90, 0x6f, 0x6f, 0x6f, 0x6f, 0x6f, 0xa9, 0x79, 0x6b, 0x67, 0x5c, 0x58, 0x4b, 0x4b,
    0x71, 0x76, 0x90, 0xb0, 0x58, 0x4b, 0x76, 0x65, 0x4b, 0x36, 0x22, 0x36, 0x22, 0x22, 0x36, 0x46,
    0x90, 0x36, 0x36, 0x6f, 0x6f, 0x36, 0x4b, 0x4b, 0x3e, 0x36, 0x36, 0x46, 0x3e, 0x22, 0x36, 0x3e,
    0x90, 0x36, 0x36, 0x6f, 0x6f, 0x36, 0x65, 0x52, 0x36, 0x36, 0x36, 0x58, 0x36, 0x22, 0x36, 0x3e,
    0x71, 0x76, 0x90, 0xb0, 0x58, 0x4b, 0x76, 0x65, 0x4b, 0x36, 0x22, 0x36, 0x22, 0x22, 0x36, 0x46,
    0x6f, 0x79, 0x76, 0xb0, 0x6f, 0xa7, 0x76, 0x67, 0x5a, 0x5a, 0x4b, 0x46, 0x3e, 0x38, 0x2a, 0x36,
    0x3e, 0x46, 0x58, 0x6f, 0x67, 0x5a, 0x4b, 0x42, 0x3e, 0x4b, 0x4b, 0x6f, 0x3e, 0xa9, 0x65, 0x36,
    0x65, 0x67, 0x90, 0x90, 0x6f, 0xa7, 0x6f, 0x5c, 0x5c, 0x4b, 0x3e, 0x36, 0x3e, 0x36, 0x36, 0x36,
    0x42, 0x58, 0x5c, 0x67, 0x67, 0x67, 0x5a, 0x3e, 0x5a, 0x5a, 0x3e, 0x6f, 0x4b, 0xa9, 0x6f, 0xa9,
    0x38, 0x4b, 0x46, 0x52, 0x3e, 0x4b, 0x3e, 0x3e, 0x36, 0x36, 0x36, 0x42, 0x3e, 0x22, 0x36, 0x3e,
    0x6f, 0x6f, 0x90, 0xb0, 0x58, 0x4b, 0x6f, 0x4b, 0x3e, 0x3e, 0x3e, 0x46, 0x4b, 0x58, 0x4b, 0x4b,
    0x6f, 0x79, 0x76, 0xb0, 0x6f, 0xa7, 0x6f, 0x5c, 0x4b, 0x36, 0x22, 0x36, 0x22, 0x22, 0x36, 0x3e,
    0x90, 0x36, 0x36, 0x6f, 0x5c, 0x36, 0x4b, 0x46, 0x3e, 0x3e, 0x4b, 0x65, 0x58, 0xa9, 0x6f, 0xa9,
    0x38, 0x4b, 0x46, 0x4b, 0x5c, 0x46, 0x46, 0x3e, 0x36, 0x36, 0x36, 0x42, 0x3e, 0x22, 0x36, 0x3e,
    0x6f, 0x6f, 0x90, 0xb0, 0x58, 0x4b, 0x6f, 0x58, 0x4b, 0x36, 0x22, 0x36, 0x22, 0x22, 0x36, 0x3e,
    0x29, 0x38, 0x40, 0x46, 0x46, 0x4b, 0x58, 0x5c, 0x6f, 0x5c, 0x58, 0x3e, 0x4b, 0x58, 0x4b, 0x67,
    0x6f, 0x5c, 0x6f, 0x79, 0xa9, 0x6f, 0xa7, 0x76, 0x67, 0x67, 0x67, 0x5c, 0x6f, 0x58, 0x46, 0x46,
    0x76, 0x4b, 0x65, 0x46, 0x22, 0x36, 0x90, 0x36, 0x36, 0x36, 0x22, 0x22, 0x22, 0x0f, 0x22, 0x22,
    0x36, 0x65, 0x76, 0x90, 0x90, 0x76, 0x65, 0x4b, 0x36, 0x36, 0x46, 0x76, 0x3e, 0x36, 0x3e, 0x4b,
    0x36, 0x76, 0x76, 0x90, 0x90, 0x67, 0x76, 0x58, 0x36, 0x3e, 0x58, 0x6f, 0x52, 0x3e, 0x36, 0x58,
    0x76, 0x4b, 0x65, 0x46, 0x22, 0x36, 0x90, 0x36, 0x36, 0x36, 0x22, 0x22, 0x22, 0x0f, 0x22, 0x22,
    0x79, 0x6f, 0x90, 0x5c, 0x5a, 0x4b, 0x5a, 0x5c, 0x65, 0x4b, 0x58, 0x4b, 0x3e, 0x29, 0x2a, 0x22,
    0x3e, 0x42, 0x4b, 0x67, 0x6f, 0x67, 0x58, 0x3e, 0x36, 0x3b, 0x42, 0x4b, 0x3e, 0x3e, 0x3e, 0x3e,
    0x5a, 0x4b, 0x67, 0x6b, 0x65, 0xa7, 0x83, 0x76, 0x5c, 0x4b, 0x36, 0x2a, 0x2a, 0x2d, 0x36, 0x36,
    0x3e, 0x5c, 0x6f, 0x5a, 0x6f, 0x6f, 0x5a, 0x6f, 0x5c, 0x5c, 0x5c, 0x6f, 0x3e, 0x5c, 0x6f, 0x6f,
    0x29, 0x3e, 0x46, 0x58, 0x90, 0x4b, 0x3e, 0x2d, 0x2a, 0x36, 0x42, 0x6f, 0x3e, 0x36, 0x3e, 0x4b,
    0x67, 0x4b, 0x5c, 0x42, 0x22, 0x36, 0x90, 0x36, 0x3e, 0x42, 0x36, 0x58, 0x6f, 0x58, 0x4b, 0x46,
    0x79, 0x6f, 0x90, 0x6f, 0x5c, 0xa7, 0x76, 0x65, 0x5c, 0x36, 0x22, 0x22, 0x22, 0x0f, 0x22, 0x2a,
    0x36, 0x5c, 0x67, 0x90, 0x90, 0x6f, 0x5c, 0x42, 0x3e, 0x3e, 0x58, 0x58, 0x52, 0x67, 0x6f, 0x6f,
    0x29, 0x3e, 0x3e, 0x46, 0x3e, 0x3e, 0x42, 0x4b, 0x22, 0x2a, 0x4b, 0x6f, 0x3e, 0x36, 0x3e, 0x4b,
    0x67, 0x4b, 0x5c, 0x42, 0x22, 0x36, 0x90, 0x36, 0x36, 0x36, 0x22, 0x22, 0x22, 0x0f, 0x22, 0x2a,
    0x29, 0x29, 0x46, 0x46, 0x46, 0x3e, 0x5c, 0x5c, 0x5c, 0x5c, 0x5a, 0x4b, 0x5c, 0x5c, 0x5c, 0x67,
    0x58, 0x58, 0x5a, 0x4b, 0x76, 0x70, 0x76, 0x6f, 0x67, 0x67, 0x67, 0x67, 0x5a, 0x4b, 0x46, 0x3e,
    0x4b, 0xa9, 0x65, 0x4b, 0x36, 0x76, 0xb0, 0x4b, 0x36, 0x3e, 0x36, 0x22, 0x2a, 0x22, 0x36, 0x38,
    0x46, 0x36, 0x65, 0x65, 0x4b, 0x36, 0x4b, 0x2a, 0x2a, 0x36, 0x36, 0x46, 0x2a, 0x2a, 0x4b, 0x36,
    0x52, 0x36, 0x76, 0x76, 0x58, 0x3e, 0x58, 0x36, 0x2a, 0x36, 0x36, 0x52, 0x22, 0x36, 0x58, 0x3e,
    0x4b, 0xa9, 0x65, 0x4b, 0x36, 0x76, 0xb0, 0x4b, 0x36, 0x3e, 0x36, 0x22, 0x2a, 0x22, 0x36, 0x38,
    0x6f, 0xa9, 0x6f, 0x6f, 0x4b, 0x65, 0x76, 0x4b, 0x3e, 0x4b, 0x3e, 0x22, 0x2a, 0x22, 0x36, 0x36,
    0x3e, 0x3e, 0x46, 0x5a, 0xa9, 0x46, 0x36, 0x2a, 0x36, 0x36, 0x4b, 0x36, 0x36, 0x36, 0x36, 0x36,
    0x58, 0x90, 0x5c, 0x79, 0x79, 0x76, 0x90, 0x6f, 0x5a, 0x46, 0x36, 0x22, 0x22, 0x36, 0x36, 0x36,
    0x36, 0x3e, 0x58, 0x3e, 0x36, 0x36, 0x4b, 0x5c, 0x5c, 0x4b, 0x6f, 0x4b, 0x67, 0x6f, 0x6f, 0x6f,
    0x29, 0x29, 0x46, 0x3e, 0x46, 0x36, 0x3e, 0x2a, 0x2a, 0x36, 0x36, 0x3e, 0x2a, 0x36, 0x4b, 0x36,
    0x4b, 0xa9, 0x5c, 0x4b, 0x36, 0x6f, 0xb0, 0x4b, 0x36, 0x4b, 0x5a, 0x5c, 0x5a, 0x58, 0x46, 0x46,
    0x6f, 0xa9, 0x6f, 0x67, 0x6f, 0x79, 0x90, 0x4b, 0x36, 0x3e, 0x36, 0x22, 0x22, 0x2a, 0x22, 0x36,
    0x46, 0x36, 0x5c, 0x5c, 0x4b, 0x36, 0x4b, 0x36, 0x36, 0x36, 0x46, 0x52, 0x65, 0x70, 0x67, 0x67,
    0x29, 0x29, 0x46, 0x3e, 0x36, 0x36, 0x4b, 0x2a, 0x22, 0x22, 0x36, 0x3e, 0x2a, 0x36, 0x4b, 0x36,
    0x4b, 0xa9, 0x5c, 0x4b, 0x36, 0x6f, 0xb0, 0x4b, 0x36, 0x3e, 0x36, 0x22, 0x22, 0x2a, 0x22, 0x2a,
    0x3e, 0xa7, 0x3e, 0x46, 0x4b, 0x5a, 0x6f, 0x67, 0x73, 0x67, 0x67, 0x67, 0x67, 0x65, 0x5c, 0x5c,
    0x4b, 0x5a, 0x5a, 0x6f, 0x90, 0x90, 0x6f, 0x79, 0x6f, 0x67, 0x67, 0x6f, 0x5a, 0x4b, 0x46, 0x42,
    0x4b, 0x5a, 0x76, 0xb0, 0x76, 0x67, 0x76, 0x90, 0x4b, 0x36, 0x4b, 0x22, 0x3e, 0x3e, 0x36, 0x32,
    0x58, 0x36, 0x36, 0x22, 0x2a, 0x2a, 0x36, 0x22, 0x22, 0x2a, 0x36, 0x22, 0x22, 0x22, 0x36, 0x36,
    0x65, 0x36, 0x36, 0x22, 0x36, 0x22, 0x36, 0x22, 0x22, 0x22, 0x36, 0x22, 0x22, 0x22, 0x36, 0x36,
    0x4b, 0x5a, 0x76, 0xb0, 0x76, 0x67, 0x76, 0x90, 0x4b, 0x36, 0x4b, 0x22, 0x3e, 0x3e, 0x36, 0x32,
    0x6f, 0x6f, 0x76, 0x90, 0x67, 0x5c, 0x6f, 0x90, 0x4b, 0x36, 0x4b, 0x36, 0x3e, 0x3e, 0x3e, 0x29,
    0x3e, 0x36, 0x42, 0x3e, 0x2d, 0x2a, 0x36, 0x2a, 0x36, 0x2a, 0x36, 0x22, 0x36, 0x36, 0x3e, 0x36,
    0x3e, 0x4b, 0x6f, 0xb0, 0x79, 0x5c, 0x6f, 0x79, 0x4b, 0x3e, 0x3e, 0x22, 0x36, 0x3e, 0x3e, 0x29,
    0x3e, 0x36, 0x3e, 0x3e, 0x2a, 0x2a, 0x36, 0x22, 0x36, 0x5c, 0x36, 0x6f, 0x67, 0x6f, 0x67, 0x67,
    0x3e, 0xa7, 0x3e, 0x3e, 0x3e, 0x2d, 0x2a, 0x19, 0x22, 0x22, 0x36, 0x22, 0x22, 0x22, 0x36, 0x36,
    0x4b, 0x4b, 0x6f, 0xb0, 0x6f, 0x67, 0x6f, 0x90, 0x4b, 0x5a, 0x65, 0x67, 0x6f, 0x58, 0x3e, 0x46,
    0x6f, 0x6f, 0x6f, 0x65, 0x5c, 0x5c, 0x6b, 0x6f, 0x4b, 0x36, 0x4b, 0x22, 0x36, 0x3e, 0x3e, 0x29,
    0x52, 0x36, 0x36, 0x22, 0x2a, 0x22, 0x36, 0x22, 0x22, 0x22, 0x46, 0x36, 0x76, 0x6f, 0x6f, 0x67,
    0x3e, 0xa7, 0x3e, 0x36, 0x36, 0x2a, 0x36, 0x22, 0x19, 0x0f, 0x19, 0x19, 0x22, 0x22, 0x36, 0x36,
    0x4b, 0x58, 0x6f, 0xb0, 0x79, 0x67, 0x6f, 0x90, 0x4b, 0x36, 0x42, 0x22, 0x36, 0x3e, 0x3e, 0x29,
    0x3e, 0x42, 0x46, 0x46, 0x46, 0x4b, 0x5a, 0x65, 0x67, 0x67, 0x6f, 0x6f, 0x6f, 0x5c, 0x76, 0x5c,
    0x58, 0x3e, 0x6f, 0x4b, 0x6f, 0x90, 0x6f, 0x90, 0x6f, 0x67, 0x5c, 0x5c, 0x4b, 0x4b, 0x4b, 0x4b,
    0x4b, 0x46, 0x65, 0x76, 0x4b, 0x65, 0x5a, 0x90, 0xa9, 0x90, 0x79, 0x4b, 0x36, 0x5a, 0x4b, 0x46,
    0x58, 0x76, 0x58, 0x42, 0x36, 0x2a, 0x19, 0x19, 0x22, 0x19, 0x22, 0x13, 0x0f, 0x19, 0x22, 0x36,
    0x65, 0x6f, 0x5a, 0x58, 0x36, 0x2a, 0x22, 0x19, 0x22, 0x22, 0x22, 0x22, 0x19, 0x19, 0x2a, 0x2a,
    0x4b, 0x46, 0x65, 0x76, 0x4b, 0x65, 0x5a, 0x90, 0xa9, 0x90, 0x79, 0x4b, 0x36, 0x5a, 0x4b, 0x46,
    0x67, 0x67, 0x67, 0x6f, 0x58, 0x5c, 0x5c, 0x90, 0xa9, 0x90, 0x6f, 0x3e, 0x36, 0x58, 0x46, 0x3e,
    0x42, 0x6f, 0x4b, 0x42, 0x2a, 0x2a, 0x19, 0x19, 0x22, 0x19, 0x22, 0x13, 0x0f, 0x19, 0x22, 0x36,
    0x3e, 0x46, 0x4b, 0x6f, 0x5c, 0x58, 0x5c, 0x90, 0xa9, 0x90, 0x6f, 0x4b, 0x36, 0x58, 0x46, 0x3e,
    0x3e, 0x5c, 0x4b, 0x3e, 0x38, 0x2a, 0x19, 0x19, 0x19, 0x36, 0x36, 0x4b, 0x5a, 0x65, 0x6b, 0x67,
    0x4b, 0x46, 0x46, 0x4b, 0x36, 0x2a, 0x22, 0x0f, 0x19, 0x22, 0x22, 0x13, 0x0f, 0x19, 0x22, 0x36,
    0x4b, 0x46, 0x4b, 0x6f, 0x5c, 0x58, 0x5a, 0x90, 0x6f, 0x67, 0x65, 0x65, 0x52, 0x4b, 0x4b, 0x4b,
    0x67, 0x6f, 0x76, 0x5c, 0x4b, 0x5a, 0x67, 0x79, 0xa9, 0x90, 0x6f, 0x4b, 0x36, 0x58, 0x46, 0x3e,
    0x4b, 0x6f, 0x58, 0x42, 0x36, 0x22, 0x22, 0x0f, 0x22, 0x36, 0x36, 0x22, 0x4b, 0x76, 0x6f, 0x6f,
    0x46, 0x46, 0x3e, 0x36, 0x22, 0x2a, 0x22, 0x0f, 0x22, 0x22, 0x22, 0x0f, 0x19, 0x19, 0x22, 0x36,
    0x4b, 0x46, 0x58, 0x6f, 0x5c, 0x4b, 0x5a, 0x90, 0xa9, 0x83, 0x67, 0x3e, 0x36, 0x4b, 0x42, 0x3e,
    0x58, 0x3e, 0x4b, 0x4b, 0x3e, 0x4b, 0x6b, 0x67, 0x67, 0x67, 0x5c, 0x79, 0x70, 0x6f, 0xa7, 0x5c,
    0x5c, 0x4b, 0x79, 0x90, 0x6f, 0x83, 0x8b, 0x70, 0x6f, 0x6f, 0x67, 0x58, 0x4b, 0x46, 0x4b, 0x4b,
    0x36, 0x36, 0x3e, 0x65, 0x4b, 0x46, 0x36, 0x4b, 0x90, 0x67, 0x6b, 0x90, 0x90, 0x67, 0x58, 0x3e,
    0x36, 0x58, 0x4b, 0x36, 0x36, 0x22, 0x19, 0x19, 0x0f, 0x19, 0x0f, 0x0f, 0x19, 0x0f, 0x2a, 0x36,
    0x36, 0x65, 0x58, 0x36, 0x36, 0x22, 0x22, 0x19, 0x22, 0x22, 0x22, 0x19, 0x22, 0x19, 0x22, 0x36,
    0x36, 0x36, 0x3e, 0x65, 0x4b, 0x46, 0x36, 0x4b, 0x90, 0x67, 0x6b, 0x90, 0x90, 0x67, 0x58, 0x3e,
    0x67, 0x67, 0x5c, 0x4b, 0x4b, 0x46, 0x36, 0x5c, 0x90, 0x67, 0x65, 0x90, 0x90, 0x5c, 0x42, 0x3e,
    0x36, 0x4b, 0x4b, 0x36, 0x36, 0x22, 0x19, 0x19, 0x0f, 0x19, 0x0f, 0x0f, 0x19, 0x0f, 0x22, 0x22,
    0x3e, 0x36, 0x4b, 0x5c, 0x4b, 0x46, 0x36, 0x5c, 0x90, 0x67, 0x65, 0x90, 0x90, 0x5c, 0x42, 0x3e,
    0x36, 0x4b, 0x4b, 0x36, 0x2a, 0x22, 0x19, 0x19, 0x0f, 0x22, 0x22, 0x4b, 0x6b, 0x58, 0x65, 0x5c,
    0x5a, 0x3e, 0x46, 0x3e, 0x36, 0x2a, 0x22, 0x22, 0x0f, 0x19, 0x0f, 0x0f, 0x19, 0x0f, 0x2a, 0x36,
    0x2a, 0x36, 0x4b, 0x5c, 0x4b, 0x46, 0x36, 0x4b, 0x65, 0x67, 0x5a, 0x5a, 0x4b, 0x46, 0x46, 0x4b,
    0x67, 0x6f, 0x6f, 0xa7, 0x6b, 0x4b, 0x6f, 0x5c, 0x6f, 0x5a, 0x65, 0x90, 0x90, 0x5c, 0x42, 0x3e,
    0x36, 0x58, 0x4b, 0x36, 0x36, 0x22, 0x19, 0x0f, 0x0f, 0x22, 0x19, 0x36, 0x6f, 0x58, 0x67, 0x6f,
    0x5a, 0x3e, 0x3e, 0x36, 0x36, 0x2a, 0x2d, 0x2a, 0x22, 0x22, 0x2a, 0x19, 0x0f, 0x0f, 0x22, 0x36,
    0x46, 0x42, 0x46, 0x5c, 0x4b, 0x4b, 0x36, 0x4b, 0x90, 0x79, 0x5c, 0x90, 0x90, 0x4b, 0x3e, 0x36,
    0x6f, 0x4b, 0x4b, 0x4b, 0x4b, 0xb0, 0x5c, 0x5c, 0x67, 0x67, 0x6f, 0xa9, 0x79, 0x67, 0x5c, 0x67,
    0x79, 0x79, 0x6f, 0x90, 0x90, 0x83, 0x90, 0x90, 0x6f, 0x90, 0x4b, 0x4b, 0x4b, 0x3e, 0x4b, 0x4b,
    0x22, 0x36, 0x36, 0x4b, 0x42, 0x42, 0x42, 0x4b, 0x76, 0x4b, 0x46, 0x65, 0x76, 0x5a, 0x3e, 0x36,
    0x22, 0x36, 0x36, 0x36, 0x22, 0x2a, 0x0f, 0x0f, 0x22, 0x22, 0x22, 0x0f, 0x0f, 0x2a, 0x36, 0x36,
    0x22, 0x36, 0x36, 0x3e, 0x22, 0x2a, 0x19, 0x19, 0x2a, 0x22, 0x22, 0x22, 0x19, 0x36, 0x36, 0x3e,
    0x22, 0x36, 0x36, 0x4b, 0x42, 0x42, 0x42, 0x4b, 0x76, 0x4b, 0x46, 0x65, 0x76, 0x5a, 0x3e, 0x36,
    0x65, 0x5c, 0x5a, 0x4b, 0x42, 0x3e, 0x42, 0x4b, 0x6f, 0x4b, 0x42, 0x4b, 0x6f, 0x4b, 0x36, 0x36,
    0x22, 0x36, 0x36, 0x36, 0x22, 0x2a, 0x0f, 0x0f, 0x22, 0x22, 0x22, 0x0f, 0x0f, 0x2a, 0x36, 0x22,
    0x2a, 0x2a, 0x36, 0x4b, 0x42, 0x42, 0x42, 0x4b, 0x6f, 0x4b, 0x42, 0x4b, 0x6f, 0x4b, 0x36, 0x36,
    0x22, 0x36, 0x36, 0x36, 0x22, 0x2a, 0x0f, 0x0f, 0x22, 0x2a, 0x36, 0x3e, 0xb0, 0x76, 0x5c, 0x5a,
    0x76, 0x4b, 0x4b, 0x3e, 0x3e, 0x22, 0x22, 0x36, 0x22, 0x22, 0x22, 0x0f, 0x0f, 0x2a, 0x36, 0x22,
    0x2a, 0x2a, 0x36, 0x4b, 0x42, 0x42, 0x42, 0x4b, 0x6f, 0x76, 0x4b, 0x5c, 0x4b, 0x3e, 0x4b, 0x4b,
    0x5c, 0x5c, 0x5a, 0x3e, 0x5a, 0x5c, 0x3e, 0x4b, 0x5c, 0x42, 0x4b, 0x4b, 0x6f, 0x4b, 0x36, 0x36,
    0x22, 0x36, 0x36, 0x36, 0x22, 0x2a, 0x0f, 0x0f, 0x22, 0x2a, 0x22, 0x5c, 0x67, 0x76, 0x6f, 0x65,
    0x76, 0x4b, 0x4b, 0x3e, 0x22, 0x22, 0x4b, 0x22, 0x22, 0x2a, 0x2d, 0x2a, 0x0f, 0x3e, 0x36, 0x46,
    0x4b, 0x42, 0x3e, 0x4b, 0x42, 0x4b, 0x4b, 0x90, 0x6f, 0x90, 0x4b, 0x5a, 0x6f, 0x58, 0x36, 0x36,
    0xb0, 0x5c, 0x4b, 0x4b, 0x6f, 0x5c, 0xb0, 0x6f, 0x5c, 0x5c, 0x5c, 0x5c, 0x6f, 0x5c, 0x67, 0x67,
    0x79, 0x90, 0x90, 0x6f, 0x76, 0x90, 0x70, 0x90, 0x90, 0x90, 0x67, 0x3e, 0x5c, 0x4b, 0x4b, 0x5a,
    0x22, 0x36, 0x36, 0x36, 0x42, 0x3e, 0x36, 0x42, 0x46, 0x36, 0x3e, 0x36, 0x76, 0x5a, 0x3e, 0x22,
    0x2a, 0x22, 0x3e, 0x4b, 0x4b, 0x3e, 0x22, 0x36, 0x36, 0x22, 0x2a, 0x2a, 0x22, 0x3e, 0x46, 0x36,
    0x2a, 0x22, 0x36, 0x58, 0x58, 0x36, 0x22, 0x36, 0x36, 0x22, 0x2a, 0x2a, 0x22, 0x36, 0x58, 0x36,
    0x22, 0x36, 0x36, 0x36, 0x42, 0x3e, 0x36, 0x42, 0x46, 0x36, 0x3e, 0x36, 0x76, 0x5a, 0x3e, 0x22,
    0x5a, 0x5a, 0x6f, 0x3e, 0x36, 0x42, 0x36, 0x42, 0x42, 0x36, 0x3e, 0x36, 0x6f, 0x58, 0x3e, 0x22,
    0x2a, 0x22, 0x3e, 0x4b, 0x46, 0x3e, 0x22, 0x36, 0x36, 0x22, 0x2a, 0x2a, 0x22, 0x3e, 0x42, 0x36,
    0x22, 0x36, 0x36, 0x36, 0x3e, 0x42, 0x36, 0x42, 0x42, 0x36, 0x3e, 0x36, 0x6f, 0x58, 0x3e, 0x22,
    0x2a, 0x22, 0x3e, 0x4b, 0x46, 0x36, 0x2a, 0x22, 0x2a, 0x22, 0x36, 0x4b, 0x5c, 0x6f, 0x5a, 0x4b,
    0xb0, 0x5c, 0x4b, 0x58, 0x67, 0x3e, 0x5a, 0x58, 0x3e, 0x22, 0x2a, 0x2a, 0x22, 0x3e, 0x42, 0x36,
    0x22, 0x36, 0x36, 0x36, 0x3e, 0x42, 0x36, 0x46, 0x4b, 0x42, 0x36, 0x3e, 0x5c, 0x4b, 0x58, 0x5a,
    0x5a, 0x5a, 0x6f, 0x4b, 0x6f, 0x6f, 0x6f, 0x3e, 0x42, 0x36, 0x3e, 0x36, 0x6f, 0x58, 0x3e, 0x22,
    0x2a, 0x22, 0x3e, 0x4b, 0x4b, 0x3e, 0x22, 0x36, 0x36, 0x22, 0x3e, 0x52, 0x76, 0x76, 0x76, 0x65,
    0xb0, 0x5c, 0x5c, 0x4b, 0x36, 0x58, 0x36, 0x22, 0x22, 0x36, 0x36, 0x3e, 0x46, 0x4b, 0x3e, 0x5c,
    0x58, 0x3e, 0x36, 0x36, 0x36, 0x5a, 0x6f, 0x90, 0x8b, 0x90, 0x67, 0x3e, 0x5c, 0x4b, 0x4b, 0x46,
    0x4b, 0x6f, 0x6f, 0x5c, 0xb0, 0x5c, 0x76, 0xa7, 0x76, 0x67, 0x5c, 0x5c, 0x5a, 0x5a, 0x67, 0x6f,
    0x67, 0x76, 0xb0, 0x79, 0x67, 0x6f, 0x67, 0x6f, 0x6f, 0x90, 0x6b, 0x3e, 0x46, 0x4b, 0x4b, 0x6f,
    0x36, 0x4b, 0x36, 0x36, 0x4b, 0x58, 0x4b, 0x58, 0x36, 0x5a, 0x4b, 0x36, 0x76, 0x71, 0x4b, 0x22,
    0x3e, 0x36, 0x4b, 0x4b, 0x65, 0x58, 0x3e, 0x36, 0x3e, 0x36, 0x36, 0x22, 0x36, 0x42, 0x65, 0x4b,
    0x3e, 0x36, 0x5a, 0x65, 0x76, 0x58, 0x36, 0x36, 0x3e, 0x36, 0x36, 0x22, 0x36, 0x58, 0x76, 0x65,
    0x36, 0x4b, 0x36, 0x36, 0x4b, 0x58, 0x4b, 0x58, 0x36, 0x5a, 0x4b, 0x36, 0x76, 0x71, 0x4b, 0x22,
    0x58, 0x3e, 0x5a, 0x5c, 0x5a, 0x58, 0x5a, 0x5a, 0x36, 0x5c, 0x4b, 0x36, 0x5c, 0x67, 0x4b, 0x22,
    0x36, 0x36, 0x4b, 0x58, 0x4b, 0x4b, 0x3e, 0x36, 0x3e, 0x36, 0x36, 0x22, 0x36, 0x42, 0x5c, 0x46,
    0x36, 0x46, 0x36, 0x36, 0x4b, 0x58, 0x5a, 0x5a, 0x36, 0x5c, 0x4b, 0x36, 0x5c, 0x67, 0x4b, 0x22,
    0x36, 0x36, 0x4b, 0x58, 0x4b, 0x42, 0x22, 0x22, 0x22, 0x36, 0x3e, 0x4b, 0x76, 0x5c, 0x52, 0x4b,
    0x4b, 0x6f, 0x6f, 0x5c, 0xb0, 0x5c, 0x76, 0x70, 0x36, 0x36, 0x36, 0x22, 0x36, 0x42, 0x5c, 0x46,
    0x36, 0x46, 0x36, 0x36, 0x4b, 0x58, 0x5a, 0x58, 0x3e, 0x58, 0x4b, 0x36, 0x3e, 0x4b, 0x4b, 0x6f,
    0x58, 0x3e, 0x5a, 0x6f, 0x5a, 0x58, 0x58, 0x4b, 0x3e, 0x4b, 0x58, 0x36, 0x5c, 0x67, 0x4b, 0x22,
    0x36, 0x36, 0x58, 0x5a, 0x5a, 0x4b, 0x3e, 0x36, 0x3e, 0x36, 0x46, 0x4c, 0x76, 0x71, 0x5a, 0x52,
    0x4b, 0x6f, 0x6f, 0x5c, 0xb0, 0x67, 0x36, 0x22, 0x3e, 0x3e, 0x3e, 0x3e, 0x4b, 0x5a, 0x65, 0x67,
    0x5c, 0x6f, 0xb0, 0x76, 0x4b, 0x65, 0x67, 0x6f, 0x6f, 0x90, 0x6b, 0x3e, 0x46, 0x4b, 0x4b, 0x6f,
    0x67, 0x5c, 0x5c, 0x5a, 0x4b, 0x5c, 0x6f, 0x67, 0x5c, 0x67, 0x5c, 0x5c, 0x4b, 0x6f, 0x5c, 0x6f,
    0x5a, 0x4b, 0x67, 0x6f, 0x5c, 0x76, 0x5c, 0x67, 0x6f, 0xa7, 0x3e, 0x4b, 0x3e, 0x4b, 0x6f, 0xb0,
    0x5a, 0x5a, 0x4b, 0x5c, 0x5a, 0x4b, 0x76, 0x76, 0x4b, 0x76, 0x90, 0xb0, 0x90, 0x79, 0x6f, 0x36,
    0x36, 0x67, 0x6f, 0x46, 0x76, 0x5c, 0x36, 0x36, 0x4b, 0x3e, 0x22, 0x22, 0x36, 0x36, 0x58, 0x36,
    0x36, 0x76, 0x71, 0x52, 0x6f, 0x5a, 0x36, 0x36, 0x58, 0x36, 0x22, 0x22, 0x36, 0x36, 0x65, 0x36,
    0x5a, 0x5a, 0x4b, 0x5c, 0x5a, 0x4b, 0x76, 0x76, 0x4b, 0x76, 0x90, 0xb0, 0x90, 0x79, 0x6f, 0x36,
    0x58, 0x5a, 0x5a, 0x6f, 0x58, 0x4b, 0x6f, 0x67, 0x5c, 0x6f, 0x90, 0xb0, 0x90, 0x76, 0x67, 0x36,
    0x36, 0x5c, 0x65, 0x3e, 0x6f, 0x58, 0x36, 0x36, 0x4b, 0x3e, 0x22, 0x22, 0x3e, 0x36, 0x4b, 0x3e,
    0x58, 0x5a, 0x5a, 0x4b, 0x58, 0x5c, 0x67, 0x67, 0x5c, 0x6f, 0x90, 0xb0, 0x90, 0x76, 0x67, 0x36,
    0x36, 0x5c, 0x65, 0x3e, 0x6f, 0x58, 0x36, 0x36, 0x4b, 0x3e, 0x22, 0x6f, 0xa7, 0x70, 0x46, 0x40,
    0x67, 0x5c, 0x65, 0x58, 0x4b, 0x5c, 0x76, 0x58, 0x42, 0x3e, 0x22, 0x22, 0x3e, 0x36, 0x4b, 0x3e,
    0x58, 0x5a, 0x5a, 0x4b, 0x58, 0x5c, 0x67, 0x6f, 0x58, 0x5a, 0x76, 0x90, 0x3e, 0x4b, 0x6f, 0xb0,
    0x58, 0x5c, 0x5c, 0x6f, 0x4b, 0x4b, 0x6f, 0x58, 0x46, 0x58, 0x4b, 0x90, 0x90, 0x76, 0x67, 0x36,
    0x36, 0x67, 0x76, 0x46, 0x6f, 0x5a, 0x36, 0x36, 0x58, 0x36, 0x46, 0x65, 0xa7, 0x65, 0x52, 0x46,
    0x67, 0x5c, 0x65, 0x58, 0x4b, 0x5c, 0x6f, 0x5a, 0x58, 0x3e, 0x3e, 0x3e, 0x5a, 0x5a, 0x5c, 0x67,
    0x5a, 0x4b, 0x6b, 0x6f, 0x5c, 0x76, 0x5c, 0x67, 0x76, 0xa7, 0x3e, 0x4b, 0x3e, 0x4b, 0x6f, 0xb0,
    0x67, 0x67, 0x6f, 0x5c, 0x4b, 0xa9, 0x5c, 0x6f, 0x5c, 0x6f, 0x5c, 0x6f, 0x5c, 0x5a, 0x5a, 0x58,
    0x5a, 0x6b, 0x6f, 0x79, 0x76, 0xa7, 0x5c, 0x5c, 0x6f, 0x3e, 0x6f, 0x5c, 0x6f, 0x6f, 0xa9, 0x6f,
    0x58, 0x58, 0x65, 0x76, 0x46, 0x65, 0x76, 0x65, 0x65, 0x36, 0x36, 0x4b, 0x65, 0x76, 0x90, 0x65,
    0x67, 0x76, 0x90, 0x65, 0x58, 0x76, 0x5a, 0x4b, 0x36, 0x4b, 0x4b, 0x4b, 0x65, 0x52, 0x32, 0x46,
    0x6f, 0x6f, 0x90, 0x76, 0x5a, 0x6f, 0x5a, 0x58, 0x36, 0x58, 0x58, 0x58, 0x6f, 0x5a, 0x32, 0x52,
    0x58, 0x58, 0x65, 0x76, 0x46, 0x65, 0x76, 0x65, 0x65, 0x36, 0x36, 0x4b, 0x65, 0x76, 0x90, 0x65,
    0x58, 0x5a, 0x5a, 0x58, 0x4b, 0x58, 0x65, 0x5c, 0x5c, 0x36, 0x36, 0x4b, 0x4b, 0x6f, 0x90, 0x5a,
    0x5c, 0x65, 0x90, 0x58, 0x4b, 0x6f, 0x58, 0x46, 0x36, 0x4b, 0x4b, 0x4b, 0x5c, 0x46, 0x29, 0x3e,
    0x4b, 0x4b, 0x5c, 0x6f, 0x4b, 0x5c, 0x6f, 0x5c, 0x5c, 0x36, 0x36, 0x4b, 0x4b, 0x6f, 0x90, 0x5a,
    0x5c, 0x65, 0x90, 0x58, 0x4b, 0x6f, 0x58, 0x4b, 0x36, 0x3e, 0x5a, 0x65, 0x4b, 0x4b, 0x29, 0x3e,
    0x67, 0x67, 0x6f, 0x6f, 0x4b, 0xa9, 0x67, 0x4b, 0x36, 0x4b, 0x4b, 0x4b, 0x5c, 0x46, 0x29, 0x3e,
    0x4b, 0x4b, 0x5c, 0x6f, 0x4b, 0x5c, 0x6f, 0x5c, 0x3e, 0x42, 0x6f, 0x3e, 0x4b, 0x79, 0xa9, 0x6f,
    0x58, 0x5a, 0x5c, 0x67, 0x6f, 0x5c, 0x6f, 0x5c, 0x36, 0x2a, 0x22, 0x36, 0x5c, 0x6f, 0x90, 0x5a,
    0x67, 0x67, 0x90, 0x5a, 0x5a, 0x6f, 0x65, 0x5a, 0x46, 0x58, 0x6b, 0x83, 0x6b, 0x52, 0x29, 0x46,
    0x67, 0x67, 0x6f, 0x6f, 0x4b, 0xa9, 0x5c, 0x6f, 0x5a, 0x58, 0x5a, 0x5c, 0x65, 0x5c, 0x5a, 0x58,
    0x5a, 0x6f, 0x6f, 0x76, 0x6f, 0xa7, 0x5c, 0x5c, 0x6f, 0x3e, 0x6f, 0x5c, 0x6f, 0x6f, 0xa9, 0x6f,
    0x6f, 0x5c, 0x6f, 0x90, 0x5c, 0xa9, 0x4b, 0x58, 0x4b, 0x4b, 0x4b, 0x5c, 0x65, 0x5a, 0x4b, 0x4b,
    0x4b, 0x6b, 0xa7, 0x76, 0x5c, 0x6b, 0x4b, 0x6b, 0x67, 0x6f, 0x79, 0x79, 0x79, 0x79, 0x6f, 0xa7,
    0x58, 0x65, 0x36, 0x36, 0x2a, 0x22, 0x36, 0x46, 0x2a, 0x2a, 0x22, 0x3e, 0x42, 0x4b, 0x36, 0x36,
    0x76, 0x4b, 0x36, 0x36, 0x4b, 0x4b, 0x76, 0x36, 0x5a, 0x76, 0xbd, 0x90, 0x76, 0x5a, 0x46, 0x32,
    0x6f, 0x58, 0x36, 0x36, 0x58, 0x58, 0x6f, 0x36, 0x76, 0x6f, 0xbd, 0x90, 0x71, 0x65, 0x52, 0x32,
    0x58, 0x65, 0x36, 0x36, 0x2a, 0x22, 0x36, 0x46, 0x2a, 0x2a, 0x22, 0x3e, 0x42, 0x4b, 0x36, 0x36,
    0x5a, 0x5c, 0x5a, 0x4b, 0x4b, 0x22, 0x36, 0x3e, 0x2a, 0x2a, 0x22, 0x3e, 0x42, 0x4b, 0x36, 0x36,
    0x6f, 0x4b, 0x36, 0x36, 0x4b, 0x4b, 0x6f, 0x36, 0x5a, 0x6b, 0xa7, 0x90, 0x6f, 0x4b, 0x46, 0x29,
    0x4b, 0x5c, 0x36, 0x36, 0x2a, 0x22, 0x36, 0x3e, 0x2a, 0x2a, 0x22, 0x3e, 0x42, 0x4b, 0x36, 0x36,
    0x6f, 0x4b, 0x36, 0x36, 0x4b, 0x4b, 0x6f, 0x36, 0x5a, 0x5c, 0x70, 0x6b, 0x90, 0x58, 0x46, 0x29,
    0x6f, 0x5c, 0x6f, 0x90, 0x5a, 0x4b, 0x65, 0x36, 0x5a, 0x6b, 0xa7, 0x90, 0x6f, 0x4b, 0x46, 0x29,
    0x4b, 0x5c, 0x36, 0x36, 0x2a, 0x22, 0x36, 0x2a, 0x36, 0x36, 0x3e, 0x36, 0x58, 0x6b, 0x6f, 0xa7,
    0x5a, 0x65, 0x67, 0x6f, 0x5c, 0x22, 0x36, 0x36, 0x36, 0x22, 0x22, 0x3e, 0x42, 0x4b, 0x36, 0x36,
    0x6f, 0x58, 0x36, 0x36, 0x58, 0x58, 0x76, 0x58, 0x65, 0x65, 0xa7, 0x8b, 0x8b, 0x70, 0x52, 0x29,
    0x6f, 0x5c, 0x6f, 0x90, 0x5c, 0xa9, 0x4b, 0x58, 0x58, 0x4b, 0x58, 0x5a, 0x6b, 0x5a, 0x4b, 0x4b,
    0x4b, 0x6b, 0xa7, 0x76, 0x5c, 0x6b, 0x4b, 0x67, 0x5c, 0x67, 0x76, 0x79, 0x76, 0x79, 0x6f, 0xa7,
    0x6f, 0x6f, 0x6f, 0x6f, 0x67, 0x67, 0x5c, 0x5c, 0x5a, 0x4b, 0x4b, 0x4b, 0x90, 0x4b, 0x4b, 0x4b,
    0x3e, 0x4b, 0x5c, 0x67, 0x6f, 0x6f, 0xa7, 0x5c, 0x67, 0x67, 0x79, 0x90, 0x79, 0x79, 0x90, 0x79,
    0x58, 0x3e, 0x36, 0x2a, 0x22, 0x22, 0x22, 0x22, 0x2a, 0x36, 0x3e, 0x42, 0x42, 0x36, 0x2a, 0x22,
    0x36, 0x22, 0x36, 0x22, 0x36, 0x42, 0x58, 0x65, 0x76, 0x4b, 0x4b, 0x58, 0x58, 0x58, 0x52, 0x4b,
    0x36, 0x22, 0x36, 0x22, 0x36, 0x58, 0x65, 0x76, 0x6b, 0x5a, 0x5a, 0x65, 0x65, 0x65, 0x65, 0x5a,
    0x58, 0x3e, 0x36, 0x2a, 0x22, 0x22, 0x22, 0x22, 0x2a, 0x36, 0x3e, 0x42, 0x42, 0x36, 0x2a, 0x22,
    0x5a, 0x6f, 0x5c, 0x58, 0x22, 0x22, 0x22, 0x22, 0x2a, 0x36, 0x3e, 0x42, 0x42, 0x36, 0x2a, 0x22,
    0x36, 0x22, 0x36, 0x22, 0x36, 0x46, 0x4b, 0x5c, 0x6f, 0x58, 0x4b, 0x4b, 0x4b, 0x4b, 0x4b, 0x3e,
    0x42, 0x3e, 0x36, 0x2a, 0x22, 0x22, 0x22, 0x22, 0x2a, 0x36, 0x3e, 0x42, 0x42, 0x36, 0x2a, 0x22,
    0x36, 0x22, 0x36, 0x22, 0x36, 0x46, 0x4b, 0x5c, 0x6f, 0x4b, 0x65, 0x58, 0x4b, 0x4b, 0x4b, 0x3e,
    0x6f, 0x6f, 0x6f, 0x6f, 0x36, 0x42, 0x58, 0x5a, 0x5a, 0x58, 0x4b, 0x4b, 0x4b, 0x4b, 0x4b, 0x3e,
    0x42, 0x3e, 0x36, 0x2a, 0x22, 0x22, 0x22, 0x2a, 0x36, 0x3e, 0x3e, 0x4b, 0x58, 0x71, 0x90, 0x79,
    0x5a, 0x6f, 0x5c, 0x58, 0x4b, 0x22, 0x22, 0x22, 0x2a, 0x36, 0x3e, 0x42, 0x42, 0x36, 0x2a, 0x22,
    0x36, 0x22, 0x36, 0x22, 0x36, 0x58, 0x5a, 0x67, 0x70, 0x65, 0x65, 0x65, 0x67, 0x65, 0x5d, 0x4b,
    0x6f, 0x6f, 0x6f, 0x6f, 0x67, 0x67, 0x5c, 0x5c, 0x5a, 0x4b, 0x4b, 0x4b, 0x90, 0x4b, 0x4b, 0x4b,
    0x46, 0x4b, 0x5c, 0x67, 0x6f, 0x6f, 0xa7, 0x5c, 0x67, 0x6f, 0x79, 0x90, 0x83, 0x83, 0x90, 0x83,
    0x3e, 0x36, 0x22, 0x22, 0x3e, 0x36, 0x22, 0x0f, 0x22, 0x36, 0x36, 0x36, 0x3e, 0x36, 0x22, 0x22,
    0x36, 0x22, 0x22, 0x22, 0x36, 0x4b, 0x4b, 0x65, 0x5c, 0x5c, 0x5a, 0x5a, 0x70, 0xa7, 0xa7, 0x3e,
    0x36, 0x22, 0x22, 0x22, 0x36, 0x4b, 0x4b, 0x76, 0x76, 0xb0, 0x65, 0x5a, 0x58, 0x58, 0x58, 0x76,
    0x4b, 0x3e, 0x22, 0x36, 0x46, 0x36, 0x22, 0x0f, 0x22, 0x36, 0x36, 0x36, 0x3e, 0x3e, 0x22, 0x22,
    0x4b, 0x3e, 0x22, 0x36, 0x46, 0x36, 0x22, 0x0f, 0x2a, 0x36, 0x76, 0x76, 0x65, 0x67, 0x65, 0xb0,
    0x76, 0x76, 0xa9, 0x76, 0x83, 0x4b, 0x76, 0x76, 0x76, 0xb0, 0x65, 0x5a, 0x58, 0x58, 0x58, 0x76,
    0x76, 0x76, 0xa9, 0x76, 0x76, 0x83, 0x83, 0x76, 0x71, 0x67, 0x65, 0x5a, 0x46, 0xbd, 0xbd, 0x46,
    0x5a, 0x58, 0x6f, 0x70, 0x65, 0x5a, 0x52, 0x58, 0x4b, 0x46, 0x58, 0x65, 0xbd, 0xbd, 0x65, 0xb0,
    0x58, 0x58, 0x65, 0x58, 0x36, 0x4b, 0x4b, 0x76, 0x76, 0xb0, 0x65, 0x5a, 0x58, 0x58, 0x58, 0x76,
    0x4b, 0x3e, 0x22, 0x36, 0x46, 0x36, 0x22, 0x0f, 0x22, 0x36, 0x36, 0x36, 0x36, 0x4b, 0x5c, 0x71,
    0x4b, 0x3e, 0x22, 0x36, 0x46, 0x36, 0x22, 0x0f, 0x22, 0x36, 0x36, 0x36, 0x3e, 0x3e, 0x22, 0x22,
    0x36, 0x22, 0x22, 0x22, 0x36, 0x4b, 0x4b, 0x76, 0x76, 0xb0, 0x65, 0x5a, 0x58, 0x58, 0x58, 0x76,
    0x36, 0x22, 0x22, 0x22, 0x36, 0x4b, 0x4b, 0x76, 0x76, 0xb0, 0x65, 0x65, 0x6f, 0x90, 0x58, 0x71,
    0x46, 0x71, 0x6f, 0x36, 0x46, 0x36, 0x22, 0x0f, 0x22, 0x36, 0x36, 0x36, 0x3e, 0x3e, 0x22, 0x22,
    0x3e, 0x6f, 0x79, 0x79, 0x6f, 0x90, 0x90, 0x79, 0x67, 0x5c, 0x5c, 0x58, 0x4b, 0x4b, 0x58, 0x6f,
    0x4b, 0x4b, 0x5c, 0x5c, 0x3e, 0x4b, 0x5c, 0x6b, 0x65, 0x5c, 0x65, 0x67, 0x6f, 0x90, 0x4b, 0x67,
    0x46, 0x42, 0x3e, 0x36, 0x22, 0x2a, 0x22, 0x22, 0x22, 0x36, 0x22, 0x36, 0x4b, 0x6f, 0x4b, 0x36,
    0x3e, 0x36, 0x58, 0x4b, 0x6f, 0x83, 0x90, 0x4b, 0x6f, 0x5a, 0x4b, 0x4b, 0x46, 0x3e, 0xa7, 0x3e,
    0x46, 0x36, 0x58, 0x4b, 0x76, 0x83, 0x90, 0x4b, 0x76, 0x65, 0x65, 0x58, 0x4b, 0x4b, 0x4b, 0x4b,
    0x4b, 0x46, 0x36, 0x3e, 0x22, 0x2a, 0x22, 0x22, 0x22, 0x36, 0x22, 0x36, 0x42, 0x76, 0x42, 0x36,
    0x4b, 0x46, 0x36, 0x3e, 0x22, 0x2a, 0x22, 0x22, 0x22, 0x76, 0x4b, 0x4b, 0x65, 0x65, 0x76, 0xa9,
    0x83, 0x90, 0x83, 0x65, 0xb0, 0x90, 0x90, 0x4b, 0x76, 0x65, 0x65, 0x58, 0x4b, 0x4b, 0x4b, 0x4b,
    0x83, 0x90, 0x76, 0x76, 0xa9, 0x76, 0x90, 0x6f, 0x76, 0x65, 0x76, 0x58, 0x46, 0x46, 0xbd, 0x46,
    0x67, 0x70, 0x6f, 0x76, 0x5a, 0x58, 0x52, 0x52, 0x58, 0x46, 0xa9, 0x58, 0xbd, 0xbd, 0x76, 0xa9,
    0x58, 0x46, 0x58, 0x4b, 0x76, 0x83, 0x90, 0x4b, 0x76, 0x65, 0x65, 0x58, 0x4b, 0x4b, 0x4b, 0x4b,
    0x4b, 0x46, 0x36, 0x3e, 0x22, 0x2a, 0x22, 0x22, 0x22, 0x36, 0x22, 0x3e, 0x58, 0x52, 0x65, 0x6f,
    0x4b, 0x46, 0x36, 0x3e, 0x22, 0x2a, 0x22, 0x22, 0x22, 0x36, 0x22, 0x36, 0x42, 0x76, 0x42, 0x36,
    0x46, 0x36, 0x58, 0x4b, 0x76, 0x83, 0x90, 0x4b, 0x76, 0x65, 0x65, 0x58, 0x4b, 0x4b, 0x4b, 0x4b,
    0x46, 0x36, 0x58, 0x4b, 0x76, 0x83, 0x90, 0x4b, 0x76, 0x65, 0x65, 0x5a, 0x58, 0x6f, 0x83, 0x76,
    0x46, 0xa9, 0x83, 0x76, 0x22, 0x2a, 0x22, 0x22, 0x22, 0x36, 0x22, 0x36, 0x42, 0x76, 0x42, 0x36,
    0x3e, 0xa9, 0x6f, 0x6f, 0xb0, 0x6f, 0x90, 0x76, 0x67, 0x5c, 0x5a, 0x5a, 0x58, 0x3e, 0x4b, 0x5c,
    0xc3, 0x7b, 0x6f, 0x6f, 0x76, 0xa7, 0xa7, 0x5c, 0x46, 0x4b, 0x6f, 0x6f, 0x6f, 0x6f, 0x79, 0x6f,
    0x4b, 0x36, 0x42, 0x5c, 0x36, 0x22, 0x22, 0x22, 0x36, 0x4b, 0x3e, 0x3e, 0x36, 0x2a, 0x22, 0x36,
    0x79, 0x90, 0x4b, 0x83, 0x90, 0x90, 0x67, 0x5c, 0x6f, 0x46, 0x46, 0x46, 0x4b, 0x3e, 0x4b, 0x4b,
    0x76, 0x90, 0x4b, 0x83, 0x90, 0x90, 0x76, 0x67, 0x76, 0x4b, 0x4b, 0x4b, 0x58, 0x3e, 0x58, 0x76,
    0x5a, 0x36, 0x46, 0x65, 0x36, 0x22, 0x22, 0x22, 0x36, 0x4b, 0x3e, 0x3b, 0x36, 0x36, 0x36, 0x36,
    0x5a, 0x36, 0x46, 0x65, 0x36, 0x22, 0x22, 0x22, 0x3e, 0x4b, 0x3e, 0x36, 0x65, 0x6f, 0xa9, 0x83,
    0x76, 0x90, 0x90, 0x6b, 0x4b, 0x90, 0x76, 0x67, 0x76, 0x4b, 0x4b, 0x4b, 0x58, 0x3e, 0x58, 0x76,
    0x76, 0x90, 0x90, 0x83, 0x76, 0x22, 0x22, 0x6f, 0x90, 0x65, 0x71, 0x6f, 0x76, 0x46, 0x58, 0x58,
    0x5a, 0x76, 0x6f, 0x58, 0x65, 0x58, 0x4b, 0x5a, 0x65, 0x5a, 0x58, 0x58, 0x5a, 0x5a, 0x6f, 0x76,
    0x58, 0x58, 0x65, 0x6f, 0x90, 0x90, 0x76, 0x67, 0x76, 0x4b, 0x4b, 0x4b, 0x58, 0x3e, 0x58, 0x76,
    0x5a, 0x36, 0x46, 0x65, 0x36, 0x22, 0x22, 0x22, 0x36, 0x4b, 0x36, 0x46, 0x58, 0x46, 0x4c, 0x76,
    0x5a, 0x36, 0x46, 0x65, 0x36, 0x22, 0x22, 0x22, 0x36, 0x4b, 0x3e, 0x3b, 0x36, 0x36, 0x36, 0x36,
    0x76, 0x90, 0x4b, 0x83, 0x90, 0x90, 0x76, 0x67, 0x76, 0x4b, 0x4b, 0x4b, 0x58, 0x3e, 0x58, 0x76,
    0x76, 0x90, 0x4b, 0x83, 0x90, 0x90, 0x76, 0x67, 0x76, 0x4b, 0x4b, 0x42, 0x76, 0x76, 0x79, 0xa9,
    0x79, 0xa9, 0x4b, 0x65, 0x36, 0x22, 0x22, 0x22, 0x36, 0x4b, 0x3e, 0x3b, 0x36, 0x36, 0x36, 0x36,
    0x6f, 0xa9, 0x6f, 0x6f, 0xa9, 0x6f, 0x76, 0x67, 0x67, 0x5c, 0x4b, 0x67, 0x5c, 0x5c, 0x4b, 0xba,
    0xc8, 0x87, 0x7b, 0x6f, 0x5c, 0x6f, 0xa7, 0x3e, 0x46, 0x3e, 0x58, 0x6f, 0x6f, 0x79, 0x6f, 0xa9,
    0x90, 0x36, 0x36, 0x6f, 0x5c, 0x36, 0x4b, 0x46, 0x3e, 0x36, 0x36, 0x42, 0x3e, 0x22, 0x36, 0x3e,
    0x6f, 0x6f, 0x90, 0xb0, 0x58, 0x4b, 0x6f, 0x4b, 0x3e, 0x3e, 0x3e, 0x4b, 0x4b, 0x52, 0x4b, 0x4b,
    0x71, 0x76, 0x90, 0xb0, 0x58, 0x4b, 0x76, 0x65, 0x4b, 0x36, 0x22, 0x36, 0x22, 0x22, 0x36, 0x46,
    0x90, 0x36, 0x36, 0x6f, 0x6f, 0x36, 0x4b, 0x4b, 0x3e, 0x36, 0x36, 0x46, 0x3e, 0x22, 0x36, 0x3e,
    0x90, 0x36, 0x36, 0x6f, 0x6f, 0x36, 0x4b, 0x46, 0x36, 0x46, 0x36, 0x4b, 0x58, 0x52, 0x65, 0x6f,
    0xa9, 0x79, 0x90, 0x5a, 0x4b, 0x4b, 0x76, 0x65, 0x4b, 0x36, 0x22, 0x36, 0x22, 0x22, 0x36, 0x46,
    0xa9, 0x76, 0x90, 0x8b, 0x76, 0x36, 0x5a, 0x79, 0xa9, 0x83, 0x6f, 0x76, 0x36, 0x65, 0x58, 0x58,
    0x40, 0x4c, 0x58, 0xb0, 0x58, 0x58, 0x4b, 0x46, 0x90, 0x5c, 0x52, 0x4b, 0x58, 0x5a, 0x65, 0x70,
    0xbd, 0x58, 0x67, 0x76, 0x4b, 0x4b, 0x76, 0x65, 0x4b, 0x36, 0x22, 0x36, 0x22, 0x22, 0x36, 0x46,
    0x90, 0x36, 0x36, 0x6f, 0x6f, 0x36, 0x4b, 0x4b, 0x3e, 0x3e, 0x36, 0x4b, 0x46, 0x32, 0x40, 0x46,
    0x90, 0x36, 0x36, 0x6f, 0x6f, 0x36, 0x4b, 0x4b, 0x3e, 0x36, 0x36, 0x46, 0x3e, 0x22, 0x36, 0x3e,
    0x71, 0x76, 0x90, 0xb0, 0x58, 0x4b, 0x76, 0x65, 0x4b, 0x36, 0x22, 0x36, 0x22, 0x22, 0x36, 0x46,
    0x71, 0x76, 0x90, 0xb0, 0x58, 0x4b, 0x76, 0x65, 0x4b, 0x36, 0x22, 0x36, 0x22, 0x22, 0x76, 0xa9,
    0x76, 0x36, 0x36, 0x6f, 0x6f, 0x36, 0x4b, 0x4b, 0x3e, 0x36, 0x36, 0x46, 0x3e, 0x22, 0x36, 0x3e,
    0x6f, 0x79, 0x90, 0xb0, 0x6f, 0xa7, 0x6f, 0x5c, 0x5c, 0x90, 0x90, 0x6f, 0x6f, 0xfb, 0xf7, 0xf5,
    0xe4, 0xc8, 0x94, 0x7b, 0x7b, 0x6f, 0x6f, 0x3e, 0x5c, 0x5c, 0x3e, 0x6f, 0x4b, 0xa9, 0x6f, 0xa9,
    0x3e, 0x5c, 0x67, 0x90, 0x90, 0x6f, 0x5c, 0x4b, 0x36, 0x36, 0x42, 0x6f, 0x3e, 0x36, 0x3e, 0x4b,
    0x67, 0x4b, 0x5c, 0x42, 0x22, 0x36, 0x90, 0x36, 0x36, 0x3e, 0x42, 0x4b, 0x58, 0x4b, 0x46, 0x46,
    0x76, 0x4b, 0x65, 0x46, 0x22, 0x36, 0x90, 0x36, 0x36, 0x36, 0x22, 0x22, 0x22, 0x0f, 0x22, 0x2a,
    0x36, 0x65, 0x76, 0x90, 0x90, 0x76, 0x65, 0x4b, 0x36, 0x36, 0x46, 0x76, 0x3e, 0x36, 0x3e, 0x4b,
    0x36, 0x65, 0x76, 0x90, 0x90, 0x76, 0x65, 0x4b, 0x36, 0x36, 0x46, 0x76, 0x4b, 0x46, 0x4b, 0x76,
    0x76, 0x4b, 0x65, 0x46, 0x22, 0x36, 0x90, 0x36, 0x36, 0x36, 0x22, 0x22, 0x22, 0x0f, 0x22, 0x22,
    0x6f, 0x67, 0x6f, 0x90, 0x90, 0x76, 0x65, 0x5a, 0x76, 0x76, 0x65, 0x76, 0x3e, 0x3e, 0x58, 0x52,
    0x32, 0x40, 0x65, 0x46, 0x22, 0x36, 0x58, 0x65, 0x76, 0x36, 0x58, 0x42, 0x52, 0x5a, 0x58, 0x6f,
    0x46, 0x5a, 0x76, 0x65, 0x79, 0x65, 0x90, 0x36, 0x36, 0x36, 0x22, 0x22, 0x22, 0x0f, 0x22, 0x22,
    0x36, 0x65, 0x76, 0x90, 0x90, 0x76, 0x65, 0x4b, 0x36, 0x3b, 0x46, 0x76, 0x46, 0x32, 0x40, 0x40,
    0x36, 0x65, 0x76, 0x90, 0x90, 0x76, 0x65, 0x4b, 0x36, 0x36, 0x46, 0x76, 0x3e, 0x36, 0x3e, 0x4b,
    0x76, 0x4b, 0x65, 0x46, 0x22, 0x36, 0x90, 0x36, 0x36, 0x36, 0x22, 0x22, 0x22, 0x0f, 0x22, 0x22,
    0x76, 0x4b, 0x65, 0x46, 0x22, 0x36, 0x90, 0x36, 0x36, 0x36, 0x22, 0x22, 0x22, 0x0f, 0x76, 0x22,
    0x36, 0x65, 0x76, 0x90, 0x90, 0x76, 0x65, 0x4b, 0x36, 0x36, 0x46, 0x76, 0x3e, 0x36, 0x3e, 0x4b,
    0x79, 0x6f, 0x90, 0x6f, 0x5c, 0xa7, 0xa7, 0x70, 0x6f, 0x90, 0x6f, 0xfb, 0xf5, 0xf1, 0xf5, 0xf5,
    0xe7, 0xc3, 0x7b, 0x87, 0xb5, 0x56, 0x5c, 0x6f, 0x67, 0x67, 0x65, 0x6f, 0x3e, 0x5c, 0x6f, 0x6f,
    0x3e, 0x36, 0x5c, 0x5c, 0x4b, 0x36, 0x4b, 0x2d, 0x2a, 0x36, 0x36, 0x3e, 0x22, 0x2a, 0x4b, 0x36,
    0x4b, 0xa9, 0x5c, 0x4b, 0x36, 0x6f, 0xb0, 0x4b, 0x36, 0x3e, 0x42, 0x5a, 0x5a, 0x4b, 0x46, 0x46,
    0x4b, 0xa9, 0x65, 0x4b, 0x36, 0x76, 0xb0, 0x4b, 0x36, 0x3e, 0x36, 0x22, 0x22, 0x36, 0x36, 0x38,
    0x46, 0x36, 0x65, 0x65, 0x4b, 0x36, 0x4b, 0x2a, 0x2a, 0x36, 0x36, 0x46, 0x2a, 0x2a, 0x4b, 0x36,
    0x46, 0x36, 0x65, 0x65, 0x4b, 0x36, 0x4b, 0x2a, 0x2a, 0x36, 0x36, 0x46, 0x46, 0x36, 0x4b, 0x36,
    0x65, 0x65, 0x6b, 0x4b, 0x36, 0x76, 0xb0, 0x4b, 0x36, 0x3e, 0x36, 0x22, 0x2a, 0x22, 0x36, 0x38,
    0x65, 0x65, 0x65, 0x5a, 0x42, 0x36, 0x4b, 0x3e, 0x65, 0x76, 0x3e, 0x46, 0x2a, 0x2a, 0x4b, 0x3e,
    0x32, 0x32, 0x65, 0x4b, 0x36, 0x76, 0xb0, 0x4b, 0x36, 0x3e, 0x36, 0x22, 0x4b, 0x67, 0x70, 0x71,
    0x4b, 0x52, 0x6c, 0x71, 0xa9, 0x58, 0xb0, 0x4b, 0x36, 0x3e, 0x36, 0x22, 0x2a, 0x22, 0x36, 0x38,
    0x46, 0x36, 0x65, 0x65, 0x4b, 0x36, 0x4b, 0x2d, 0x2a, 0x2a, 0x36, 0x46, 0x3e, 0x58, 0x46, 0x3d,
    0x46, 0x36, 0x65, 0x65, 0x4b, 0x36, 0x4b, 0x2a, 0x2a, 0x36, 0x36, 0x46, 0x2a, 0x2a, 0x4b, 0x36,
    0x4b, 0xa9, 0x65, 0x4b, 0x36, 0x76, 0xb0, 0x4b, 0x36, 0x3e, 0x36, 0x22, 0x2a, 0x22, 0x36, 0x38,
    0x4b, 0xa9, 0x65, 0x4b, 0x36, 0x76, 0xb0, 0x4b, 0x36, 0x3e, 0x36, 0x22, 0x2a, 0x22, 0x36, 0x38,
    0x46, 0x36, 0x65, 0x65, 0x4b, 0x36, 0x4b, 0x2a, 0x2a, 0x36, 0x36, 0x46, 0x2a, 0x2a, 0x4b, 0x36,
    0x6f, 0xa9, 0x6f, 0x6f, 0x6f, 0x83, 0x79, 0x6f, 0xd6, 0xf5, 0xf5, 0xee, 0xee, 0xee, 0xfb, 0xfe,
    0xfb, 0xcc, 0x56, 0x87, 0x87, 0x87, 0x41, 0x5c, 0x5c, 0x73, 0x67, 0x4b, 0x67, 0x6f, 0x6f, 0x6f,
    0x46, 0x36, 0x3e, 0x22, 0x2a, 0x2a, 0x36, 0x2a, 0x22, 0x2d, 0x36, 0x22, 0x0f, 0x22, 0x36, 0x36,
    0x58, 0x58, 0x6f, 0xb0, 0x79, 0x5c, 0x6f, 0x90, 0x4b, 0x36, 0x4b, 0x5a, 0x58, 0x4b, 0x3e, 0x46,
    0x4b, 0x5a, 0x76, 0xb0, 0x76, 0x67, 0x76, 0x90, 0x4b, 0x36, 0x4b, 0x22, 0x36, 0x3e, 0x36, 0x32,
    0x58, 0x36, 0x36, 0x22, 0x2a, 0x2a, 0x36, 0x22, 0x22, 0x2a, 0x36, 0x22, 0x22, 0x22, 0x36, 0x36,
    0x58, 0x36, 0x36, 0x22, 0x2a, 0x2a, 0x36, 0x22, 0x22, 0x2a, 0x36, 0x22, 0x22, 0x22, 0x36, 0x46,
    0x4b, 0x5a, 0x76, 0xb0, 0x76, 0x67, 0x76, 0x90, 0x4b, 0x36, 0x4b, 0x22, 0x3e, 0x3e, 0x36, 0x32,
    0x5a, 0x5a, 0x65, 0x76, 0x36, 0x22, 0x36, 0x22, 0x22, 0x2a, 0x36, 0x22, 0x22, 0x22, 0x36, 0x36,
    0x4b, 0x5a, 0x76, 0xb0, 0x76, 0x67, 0x76, 0x90, 0x4b, 0x36, 0x4b, 0x22, 0x76, 0x71, 0x6b, 0x67,
    0x46, 0x52, 0x65, 0x58, 0x58, 0x65, 0x79, 0x90, 0x4b, 0x36, 0x4b, 0x22, 0x36, 0x3e, 0x36, 0x32,
    0x58, 0x36, 0x36, 0x22, 0x2a, 0x22, 0x36, 0x22, 0x22, 0x22, 0x36, 0x2a, 0x22, 0x4b, 0x46, 0x32,
    0x58, 0x36, 0x36, 0x22, 0x2a, 0x2a, 0x36, 0x22, 0x22, 0x2a, 0x36, 0x22, 0x22, 0x22, 0x36, 0x36,
    0x4b, 0x5a, 0x76, 0xb0, 0x76, 0x67, 0x76, 0x90, 0x4b, 0x36, 0x4b, 0x22, 0x3e, 0x3e, 0x36, 0x32,
    0x4b, 0x5a, 0x76, 0xb0, 0x76, 0x67, 0x76, 0x90, 0x4b, 0x36, 0x4b, 0x22, 0x3e, 0x3e, 0x36, 0x32,
    0x58, 0x36, 0x36, 0x22, 0x2a, 0x2a, 0x36, 0x22, 0x22, 0x2a, 0x36, 0x22, 0x22, 0x22, 0x36, 0x36,
    0x6f, 0x6f, 0x67, 0x67, 0x6f, 0x90, 0x90, 0x6f, 0xe4, 0xf5, 0xee, 0xee, 0xe4, 0xf5, 0xfe, 0xfe,
    0xfe, 0xdb, 0x41, 0x68, 0x7b, 0x59, 0x41, 0x6f, 0x5c, 0x6f, 0x67, 0x6f, 0x6f, 0x6f, 0x6f, 0x67,
    0x4b, 0x6f, 0x4b, 0x4b, 0x36, 0x22, 0x19, 0x22, 0x2a, 0x22, 0x36, 0x0f, 0x0f, 0x0f, 0x22, 0x36,
    0x58, 0x4b, 0x58, 0x6f, 0x5a, 0x5c, 0x5a, 0x90, 0xa9, 0x90, 0x67, 0x5a, 0x52, 0x4b, 0x4b, 0x4b,
    0x4b, 0x46, 0x65, 0x76, 0x4b, 0x65, 0x5a, 0x90, 0xa9, 0x90, 0x79, 0x4b, 0x36, 0x5a, 0x52, 0x46,
    0x58, 0x76, 0x58, 0x42, 0x36, 0x2a, 0x19, 0x19, 0x22, 0x19, 0x22, 0x13, 0x0f, 0x19, 0x22, 0x36,
    0x58, 0x76, 0x58, 0x42, 0x36, 0x2a, 0x19, 0x19, 0x22, 0x19, 0x22, 0x13, 0x0f, 0x19, 0x22, 0x36,
    0x4b, 0x46, 0x65, 0x76, 0x4b, 0x65, 0x5a, 0x90, 0xa9, 0x90, 0x79, 0x4b, 0x36, 0x5a, 0x4b, 0x46,
    0x5a, 0x46, 0x76, 0x58, 0x76, 0x22, 0x19, 0x19, 0x22, 0x19, 0x22, 0x13, 0x0f, 0x19, 0x22, 0x36,
    0x4b, 0x46, 0x65, 0x76, 0x4b, 0x65, 0x5a, 0x90, 0xa9, 0x90, 0x76, 0x4b, 0x6b, 0x65, 0x83, 0x65,
    0x46, 0x4b, 0x4b, 0x4b, 0x58, 0x65, 0x5a, 0x90, 0xa9, 0x90, 0x76, 0x4b, 0x36, 0x5a, 0x4b, 0x46,
    0x58, 0x76, 0x58, 0x42, 0x3e, 0x22, 0x5c, 0x83, 0xa9, 0x22, 0x22, 0x0f, 0x65, 0x65, 0x58, 0x52,
    0x58, 0x76, 0x58, 0x42, 0x36, 0x2a, 0x19, 0x19, 0x22, 0x19, 0x22, 0x13, 0x0f, 0x19, 0x22, 0x36,
    0x4b, 0x46, 0x65, 0x76, 0x4b, 0x65, 0x5a, 0x90, 0xa9, 0x90, 0x79, 0x4b, 0x36, 0x5a, 0x4b, 0x46,
    0x4b, 0x46, 0x65, 0x76, 0x4b, 0x65, 0x5a, 0x90, 0xa9, 0x90, 0x79, 0x4b, 0x36, 0x5a, 0x4b, 0x46,
    0x58, 0x76, 0x58, 0x42, 0x36, 0x2a, 0x19, 0x19, 0x22, 0x19, 0x22, 0x13, 0x0f, 0x19, 0x22, 0x36,
    0x67, 0x6f, 0x76, 0x5c, 0x4b, 0x6f, 0x6f, 0xd6, 0xf5, 0xd6, 0xe7, 0xdb, 0xe4, 0xfa, 0xfd, 0xfe,
    0xfe, 0xee, 0x7b, 0x56, 0x7b, 0x68, 0x41, 0x41, 0x3e, 0x6f, 0x5c, 0x6f, 0x79, 0x6f, 0x6f, 0x6f,
    0x3e, 0x3e, 0x3e, 0x36, 0x36, 0x22, 0x0f, 0x0f, 0x36, 0x6f, 0x42, 0x0f, 0x22, 0x3e, 0x22, 0x3e,
    0x4b, 0x36, 0x4b, 0x4b, 0x4b, 0x4b, 0x36, 0x58, 0x76, 0x6f, 0x5a, 0x58, 0x4b, 0x3e, 0x46, 0x4b,
    0x36, 0x36, 0x3e, 0x65, 0x4b, 0x46, 0x36, 0x4b, 0x90, 0x67, 0x6b, 0x90, 0x90, 0x67, 0x4b, 0x46,
    0x36, 0x58, 0x4b, 0x36, 0x36, 0x22, 0x19, 0x19, 0x0f, 0x19, 0x0f, 0x0f, 0x19, 0x0f, 0x2a, 0x36,
    0x36, 0x58, 0x4b, 0x36, 0x36, 0x22, 0x19, 0x19, 0x0f, 0x19, 0x0f, 0x0f, 0x19, 0x0f, 0x2a, 0x36,
    0x36, 0x36, 0x3e, 0x65, 0x4b, 0x46, 0x36, 0x4b, 0x90, 0x67, 0x6b, 0x90, 0x90, 0x67, 0x58, 0x3e,
    0x67, 0x58, 0x76, 0x90, 0x76, 0x2a, 0x0f, 0x0f, 0x0f, 0x19, 0x0f, 0x0f, 0x19, 0x0f, 0x2a, 0x36,
    0x36, 0x36, 0x3e, 0x65, 0x4b, 0x46, 0x36, 0x4b, 0x90, 0x76, 0x65, 0x83, 0x79, 0x76, 0xbd, 0x65,
    0x52, 0x52, 0x52, 0x46, 0x4b, 0x4b, 0x36, 0x4b, 0x5a, 0x5a, 0x6b, 0x90, 0x90, 0x67, 0x58, 0x3e,
    0x36, 0x58, 0x4b, 0x3e, 0x36, 0x58, 0x76, 0x6f, 0x76, 0x22, 0x0f, 0x65, 0x67, 0x65, 0x58, 0x58,
    0x36, 0x58, 0x4b, 0x36, 0x36, 0x22, 0x19, 0x19, 0x0f, 0x19, 0x0f, 0x0f, 0x19, 0x0f, 0x2a, 0x36,
    0x36, 0x36, 0x3e, 0x65, 0x4b, 0x46, 0x36, 0x4b, 0x90, 0x67, 0x6b, 0x90, 0x90, 0x67, 0x58, 0x3e,
    0x36, 0x36, 0x3e, 0x65, 0x4b, 0x46, 0x36, 0x4b, 0x90, 0x67, 0x6b, 0x90, 0x90, 0x67, 0x58, 0x3e,
    0x36, 0x58, 0x4b, 0x36, 0x36, 0x22, 0x19, 0x19, 0x0f, 0x19, 0x0f, 0x0f, 0x19, 0x0f, 0x2a, 0x36,
    0x6f, 0x67, 0x6b, 0xa7, 0x6f, 0x90, 0x55, 0xee, 0xd6, 0xe7, 0xd6, 0xd6, 0xf5, 0xfe, 0xfd, 0xfe,
    0xfe, 0xfb, 0xb5, 0x41, 0x87, 0x56, 0x41, 0x56, 0x1c, 0x3e, 0x4b, 0x5c, 0xb0, 0x4b, 0x6f, 0x67,
    0x3e, 0x4b, 0x42, 0x3e, 0x22, 0x2a, 0x2a, 0x0f, 0x3e, 0x65, 0x58, 0x4b, 0x58, 0x5a, 0x5c, 0x5a,
    0x5c, 0x76, 0x4b, 0x4b, 0x4b, 0x58, 0x58, 0x5a, 0x58, 0x4b, 0x4b, 0x5c, 0x5c, 0x3e, 0x4b, 0x4b,
    0x22, 0x36, 0x36, 0x4b, 0x42, 0x42, 0x42, 0x4b, 0x76, 0x4b, 0x46, 0x65, 0x76, 0x5a, 0x36, 0x46,
    0x22, 0x2a, 0x36, 0x36, 0x22, 0x2a, 0x0f, 0x0f, 0x22, 0x22, 0x22, 0x0f, 0x0f, 0x2a, 0x36, 0x36,
    0x22, 0x36, 0x36, 0x36, 0x22, 0x2a, 0x0f, 0x0f, 0x22, 0x22, 0x22, 0x0f, 0x0f, 0x2a, 0x36, 0x36,
    0x22, 0x36, 0x36, 0x4b, 0x42, 0x42, 0x42, 0x4b, 0x76, 0x4b, 0x46, 0x65, 0x76, 0x5a, 0x3e, 0x36,
    0x76, 0x83, 0x76, 0x90, 0x22, 0x2a, 0x0f, 0x0f, 0x22, 0x22, 0x22, 0x0f, 0x0f, 0x2a, 0x36, 0x36,
    0x22, 0x36, 0x36, 0x4b, 0x42, 0x42, 0x42, 0x4b, 0x76, 0x4b, 0x76, 0xa9, 0x79, 0x6f, 0x6f, 0x67,
    0x5a, 0x46, 0x46, 0x76, 0x4b, 0x4b, 0x76, 0x76, 0x65, 0x58, 0x65, 0x65, 0x76, 0x65, 0x36, 0x36,
    0x22, 0x36, 0x36, 0x36, 0x5c, 0x67, 0x46, 0x5a, 0x76, 0x6f, 0x65, 0x65, 0x76, 0x65, 0x46, 0x58,
    0x22, 0x36, 0x36, 0x36, 0x22, 0x2a, 0x0f, 0x0f, 0x22, 0x22, 0x22, 0x0f, 0x0f, 0x2a, 0x3e, 0x36,
    0x22, 0x36, 0x36, 0x4b, 0x42, 0x42, 0x42, 0x4b, 0x76, 0x4b, 0x46, 0x65, 0x76, 0x5a, 0x3e, 0x36,
    0x22, 0x36, 0x36, 0x4b, 0x42, 0x42, 0x42, 0x4b, 0x76, 0x4b, 0x46, 0x65, 0x76, 0x5a, 0x3e, 0x36,
    0x22, 0x36, 0x36, 0x36, 0x22, 0x2a, 0x0f, 0x0f, 0x22, 0x22, 0x22, 0x0f, 0x0f, 0x2a, 0x36, 0x36,
    0x6f, 0x5c, 0x58, 0x3e, 0x90, 0x55, 0xb2, 0xb2, 0xee, 0xdb, 0xc3, 0xdb, 0xf6, 0xfb, 0xfe, 0xfd,
    0xfa, 0xf5, 0xdb, 0x41, 0x56, 0x87, 0x56, 0x56, 0x1c, 0x1c, 0x6f, 0x5c, 0x67, 0x67, 0x5c, 0x5a,
    0x58, 0x5a, 0x58, 0x3e, 0x3e, 0x46, 0x22, 0x36, 0x46, 0x4b, 0x58, 0x58, 0x5a, 0x5a, 0x5c, 0x65,
    0x6f, 0x6f, 0x6b, 0x58, 0x3e, 0x5c, 0x67, 0x67, 0x4b, 0x4b, 0x4b, 0x36, 0x5c, 0x58, 0x58, 0x5a,
    0x22, 0x36, 0x36, 0x36, 0x42, 0x3e, 0x36, 0x42, 0x46, 0x36, 0x3e, 0x36, 0x76, 0x4b, 0x76, 0x76,
    0x4b, 0x22, 0x36, 0x4b, 0x4b, 0x3e, 0x22, 0x36, 0x36, 0x22, 0x2a, 0x2a, 0x22, 0x3e, 0x46, 0x36,
    0x2a, 0x22, 0x3e, 0x4b, 0x4b, 0x3e, 0x22, 0x36, 0x36, 0x22, 0x2a, 0x2a, 0x22, 0x3e, 0x46, 0x36,
    0x22, 0x36, 0x36, 0x36, 0x42, 0x3e, 0x36, 0x42, 0x46, 0x36, 0x3e, 0x36, 0x76, 0x5a, 0x3e, 0x22,
    0x76, 0x83, 0x90, 0x76, 0x4b, 0x36, 0x22, 0x36, 0x36, 0x22, 0x2a, 0x2a, 0x22, 0x3e, 0x46, 0x36,
    0x22, 0x36, 0x36, 0x36, 0x42, 0x3e, 0x36, 0x42, 0x46, 0x36, 0x5a, 0x67, 0x76, 0x67, 0x70, 0x6f,
    0x65, 0x5c, 0x5a, 0x5a, 0x58, 0x52, 0x5c, 0x79, 0xb0, 0x83, 0x76, 0x36, 0x76, 0x67, 0x65, 0x5a,
    0x22, 0x22, 0x36, 0x5a, 0x6b, 0x71, 0x67, 0x46, 0x5a, 0x76, 0x65, 0xbd, 0x83, 0x70, 0x46, 0xb0,
    0x2a, 0x22, 0x3e, 0x4b, 0x4b, 0x3e, 0x22, 0x36, 0x2a, 0x22, 0x2a, 0x2a, 0x22, 0x3e, 0x4b, 0x36,
    0x22, 0x36, 0x36, 0x36, 0x42, 0x3e, 0x36, 0x42, 0x46, 0x36, 0x3e, 0x36, 0x76, 0x5a, 0x3e, 0x22,
    0x22, 0x36, 0x36, 0x36, 0x42, 0x3e, 0x36, 0x42, 0x46, 0x36, 0x3e, 0x36, 0x76, 0x5a, 0x3e, 0x22,
    0x2a, 0x22, 0x3e, 0x4b, 0x4b, 0x3e, 0x22, 0x36, 0x36, 0x22, 0x2a, 0x2a, 0x22, 0x3e, 0x46, 0x36,
    0x58, 0x5a, 0x6f, 0x4b, 0x6f, 0x78, 0xc3, 0xee, 0xd6, 0xb2, 0xc3, 0xe9, 0xf6, 0xfb, 0xfb, 0xf5,
    0xfa, 0xfb, 0xf5, 0x56, 0x1c, 0x7b, 0x75, 0x87, 0x41, 0x1c, 0x3e, 0x6f, 0x5c, 0x6f, 0x5c, 0x4b,
    0x4b, 0x5c, 0x6f, 0x4b, 0x90, 0x4b, 0x4b, 0x36, 0x4b, 0x5a, 0x5c, 0x5a, 0x5a, 0x5c, 0x67, 0x67,
    0x67, 0x6f, 0x76, 0x4b, 0x4b, 0x67, 0x6b, 0x6f, 0x6f, 0x76, 0x65, 0x4b, 0x4b, 0x4b, 0x4b, 0x6f,
    0x36, 0x4b, 0x36, 0x36, 0x4b, 0x58, 0x4b, 0x58, 0x36, 0x5a, 0x4b, 0x36, 0x65, 0x67, 0x70, 0x76,
    0x76, 0x36, 0x76, 0x4b, 0x65, 0x4b, 0x3e, 0x36, 0x3e, 0x36, 0x36, 0x22, 0x36, 0x42, 0x65, 0x4b,
    0x3e, 0x36, 0x4b, 0x4b, 0x65, 0x58, 0x3e, 0x36, 0x3e, 0x36, 0x36, 0x22, 0x36, 0x42, 0x65, 0x4b,
    0x36, 0x4b, 0x36, 0x36, 0x4b, 0x58, 0x4b, 0x58, 0x36, 0x5a, 0x4b, 0x36, 0x76, 0x71, 0x4b, 0x22,
    0x71, 0x76, 0xb0, 0x83, 0x76, 0x76, 0x36, 0x36, 0x3e, 0x36, 0x36, 0x22, 0x36, 0x42, 0x65, 0x4b,
    0x36, 0x4b, 0x36, 0x36, 0x4b, 0x58, 0x4b, 0x58, 0x36, 0x65, 0x71, 0x6b, 0x67, 0x67, 0x67, 0x76,
    0x65, 0x65, 0x65, 0x5a, 0x5a, 0x46, 0x52, 0x5c, 0x76, 0x83, 0x76, 0x65, 0x83, 0x65, 0x5a, 0x58,
    0x5a, 0x46, 0x4b, 0x76, 0x58, 0x83, 0x79, 0x6b, 0x58, 0x65, 0x76, 0x83, 0x76, 0x6b, 0x71, 0x76,
    0x3e, 0x36, 0x4b, 0x4b, 0x65, 0x58, 0x3e, 0x3e, 0x3e, 0x36, 0x36, 0x22, 0x36, 0x4b, 0x58, 0x76,
    0x36, 0x4b, 0x36, 0x36, 0x4b, 0x58, 0x4b, 0x58, 0x36, 0x5a, 0x4b, 0x36, 0x76, 0x71, 0x4b, 0x22,
    0x36, 0x4b, 0x36, 0x36, 0x4b, 0x58, 0x4b, 0x58, 0x36, 0x5a, 0x4b, 0x36, 0x76, 0x71, 0x4b, 0x22,
    0x3e, 0x36, 0x4b, 0x4b, 0x65, 0x58, 0x3e, 0x36, 0x3e, 0x36, 0x36, 0x22, 0x36, 0x42, 0x65, 0x4b,
    0x4b, 0x3e, 0x5a, 0x5a, 0x3e, 0xb9, 0xf5, 0xdb, 0xdb, 0xc3, 0xe7, 0xf5, 0xe7, 0xfb, 0xfb, 0xee,
    0xe9, 0xf5, 0xf5, 0xba, 0x1c, 0x56, 0x56, 0x7b, 0x41, 0x1c, 0x1c, 0x3e, 0x6f, 0x5c, 0x5a, 0x58,
    0x67, 0x5c, 0x65, 0x58, 0x4b, 0x5c, 0x67, 0x4b, 0x5a, 0x5c, 0x65, 0x5c, 0x4b, 0x6f, 0x5c, 0x6f,
    0x5a, 0x58, 0x76, 0x6f, 0x5c, 0x76, 0x76, 0x67, 0x76, 0xa7, 0x3e, 0x4b, 0x3e, 0x4b, 0x6f, 0xb0,
    0x5a, 0x5a, 0x4b, 0x5c, 0x5a, 0x4b, 0x76, 0x76, 0x4b, 0x76, 0x90, 0xb0, 0x65, 0x67, 0x6f, 0x6f,
    0x65, 0x4b, 0x76, 0x46, 0x76, 0x4b, 0x36, 0x36, 0x4b, 0x3e, 0x22, 0x22, 0x36, 0x36, 0x58, 0x36,
    0x36, 0x67, 0x6f, 0x46, 0x76, 0x5c, 0x36, 0x36, 0x4b, 0x3e, 0x22, 0x22, 0x36, 0x36, 0x58, 0x36,
    0x5a, 0x5a, 0x4b, 0x5c, 0x5a, 0x4b, 0x76, 0x76, 0x4b, 0x76, 0x90, 0xb0, 0x90, 0x79, 0x6f, 0x36,
    0x65, 0x58, 0x76, 0x76, 0x65, 0x76, 0x36, 0x36, 0x4b, 0x3e, 0x22, 0x22, 0x36, 0x36, 0x58, 0x36,
    0x5a, 0x5a, 0x4b, 0x5c, 0x5a, 0x4b, 0x76, 0x76, 0x4b, 0x76, 0x90, 0x65, 0x65, 0x76, 0x6f, 0x70,
    0x65, 0x76, 0x67, 0x46, 0x76, 0x67, 0x5c, 0x46, 0x70, 0x83, 0xb0, 0x76, 0xbd, 0x70, 0x52, 0x58,
    0x65, 0x65, 0x6b, 0x71, 0x83, 0xa9, 0x79, 0x76, 0x58, 0xbd, 0xbd, 0x76, 0x76, 0x83, 0x65, 0x76,
    0x36, 0x67, 0x6f, 0x46, 0x76, 0x5c, 0x36, 0x36, 0x4b, 0x3e, 0x22, 0x22, 0x36, 0x58, 0x76, 0xb0,
    0x70, 0x65, 0x4b, 0x5a, 0x5a, 0x4b, 0x76, 0x76, 0x4b, 0x76, 0x90, 0xb0, 0x90, 0x79, 0x6f, 0x36,
    0x5a, 0x5a, 0x4b, 0x5c, 0x5a, 0x4b, 0x76, 0x76, 0x4b, 0x76, 0x90, 0xb0, 0x90, 0x79, 0x6f, 0x36,
    0x36, 0x67, 0x6f, 0x46, 0x76, 0x5c, 0x36, 0x36, 0x4b, 0x3e, 0x22, 0x22, 0x36, 0x36, 0x58, 0x36,
    0x58, 0x5c, 0x65, 0x70, 0x8e, 0xee, 0xdb, 0xe4, 0xe4, 0xe4, 0xfb, 0xfb, 0xf4, 0xfe, 0xfb, 0xe9,
    0xdb, 0xee, 0xee, 0xdb, 0x41, 0x1c, 0x56, 0x56, 0x56, 0x1c, 0x20, 0x27, 0x5c, 0x4b, 0x6f, 0x4b,
    0x67, 0x67, 0x6f, 0x6f, 0x4b, 0xa9, 0x5c, 0x6f, 0x4b, 0x6f, 0x65, 0x65, 0x5c, 0x5a, 0x58, 0x58,
    0x5a, 0x6f, 0x6f, 0x76, 0x6f, 0xa7, 0x5c, 0x5c, 0x6f, 0x3e, 0x6f, 0x5c, 0x6f, 0x6f, 0xa9, 0x6f,
    0x58, 0x58, 0x65, 0x76, 0x46, 0x65, 0x76, 0x65, 0x65, 0x36, 0x76, 0x4b, 0x6f, 0x79, 0x65, 0x70,
    0x71, 0x79, 0x90, 0x58, 0x6f, 0x6f, 0x65, 0x4b, 0x36, 0x4b, 0x4b, 0x4b, 0x65, 0x52, 0x32, 0x46,
    0x67, 0x76, 0x90, 0x65, 0x58, 0x76, 0x5a, 0x4b, 0x36, 0x4b, 0x4b, 0x4b, 0x65, 0x52, 0x32, 0x46,
    0x58, 0x58, 0x65, 0x76, 0x46, 0x65, 0x76, 0x65, 0x65, 0x36, 0x36, 0x4b, 0x65, 0x76, 0x90, 0x65,
    0x65, 0x76, 0x76, 0x83, 0x76, 0xbd, 0x76, 0x4b, 0x36, 0x4b, 0x4b, 0x4b, 0x65, 0x52, 0x32, 0x46,
    0x58, 0x58, 0x65, 0x76, 0x46, 0x65, 0x76, 0x65, 0x65, 0x36, 0x36, 0x42, 0x65, 0x5a, 0x5a, 0x65,
    0x71, 0x79, 0x90, 0x58, 0x67, 0x70, 0x58, 0x65, 0x65, 0x90, 0x76, 0x76, 0x65, 0x65, 0x32, 0x46,
    0x5a, 0x65, 0x71, 0x6f, 0x6b, 0x67, 0x76, 0x5a, 0x65, 0xbd, 0xbd, 0x76, 0x76, 0x76, 0xbd, 0x65,
    0x67, 0x76, 0x90, 0x65, 0x58, 0x76, 0x5a, 0x4b, 0x36, 0x5a, 0x4b, 0x67, 0x76, 0x76, 0xa9, 0x76,
    0x67, 0x67, 0x71, 0x76, 0x4b, 0x65, 0x76, 0x65, 0x65, 0x36, 0x36, 0x4b, 0x65, 0x76, 0x90, 0x65,
    0x58, 0x58, 0x65, 0x76, 0x46, 0x65, 0x76, 0x65, 0x65, 0x36, 0x36, 0x4b, 0x65, 0x76, 0x90, 0x65,
    0x67, 0x76, 0x90, 0x65, 0x58, 0x76, 0x5a, 0x4b, 0x36, 0x4b, 0x4b, 0x4b, 0x65, 0x52, 0x32, 0x46,
    0x4b, 0x4b, 0x76, 0x70, 0xba, 0xd8, 0xe4, 0xe7, 0xe7, 0xce, 0xfb, 0xce, 0xee, 0xf5, 0xfb, 0xd6,
    0xa2, 0xba, 0xc3, 0xba, 0x87, 0x1c, 0x41, 0x41, 0x41, 0x27, 0x1c, 0x1c, 0x1c, 0x3b, 0x4b, 0x6f,
    0x6f, 0x5c, 0x6f, 0x90, 0x5c, 0xa9, 0x4b, 0x58, 0x58, 0x4b, 0x58, 0x5a, 0x65, 0x4b, 0x4b, 0x4b,
    0x4b, 0x6b, 0xa7, 0x76, 0x5c, 0x6b, 0x4b, 0x67, 0x5c, 0x67, 0x76, 0x79, 0x76, 0x79, 0x6f, 0xa7,
    0x58, 0x65, 0x36, 0x36, 0x2a, 0x22, 0x36, 0x46, 0x2a, 0x22, 0x76, 0x71, 0x65, 0xa9, 0x83, 0x71,
    0x76, 0x76, 0x79, 0x76, 0x6f, 0x76, 0x76, 0x36, 0x5a, 0x76, 0xbd, 0x90, 0x76, 0x5a, 0x46, 0x32,
    0x76, 0x4b, 0x36, 0x36, 0x4b, 0x4b, 0x76, 0x36, 0x5a, 0x76, 0xbd, 0x90, 0x76, 0x5a, 0x46, 0x32,
    0x58, 0x65, 0x36, 0x36, 0x2a, 0x22, 0x36, 0x46, 0x2a, 0x2a, 0x22, 0x3e, 0x42, 0x4b, 0x36, 0x36,
    0x58, 0x65, 0xbd, 0x76, 0x5a, 0x58, 0x76, 0x36, 0x5a, 0x76, 0xbd, 0x90, 0x76, 0x5a, 0x46, 0x32,
    0x58, 0x65, 0x36, 0x36, 0x2a, 0x22, 0x36, 0x46, 0x2a, 0x2a, 0x22, 0x3e, 0x4b, 0x58, 0x58, 0x58,
    0x76, 0x76, 0x79, 0x76, 0x76, 0x6f, 0x67, 0x70, 0x65, 0xbd, 0x76, 0x65, 0xbd, 0x58, 0x46, 0x32,
    0x5a, 0x6b, 0x67, 0x76, 0x65, 0x65, 0x58, 0x46, 0x58, 0x65, 0x67, 0x83, 0xbd, 0xa9, 0x83, 0x71,
    0x76, 0x4b, 0x36, 0x36, 0x4b, 0x4b, 0x76, 0x36, 0x5a, 0x76, 0x6b, 0x79, 0x76, 0x76, 0x76, 0xbd,
    0x76, 0x65, 0x6f, 0x90, 0x22, 0x2a, 0x36, 0x46, 0x2a, 0x2a, 0x22, 0x3e, 0x42, 0x4b, 0x36, 0x36,
    0x58, 0x65, 0x36, 0x36, 0x2a, 0x22, 0x36, 0x46, 0x2a, 0x2a, 0x22, 0x3e, 0x42, 0x4b, 0x36, 0x36,
    0x76, 0x4b, 0x36, 0x36, 0x4b, 0x4b, 0x76, 0x36, 0x5a, 0x76, 0xbd, 0x90, 0x76, 0x5a, 0x46, 0x32,
    0x4b, 0x70, 0x6f, 0xbf, 0x8e, 0xd8, 0xea, 0xd8, 0xbf, 0xa1, 0xe7, 0xce, 0xee, 0xee, 0xf5, 0xd6,
    0xa2, 0xa2, 0xdb, 0xba, 0x7b, 0x7b, 0x1c, 0x7b, 0x41, 0x1c, 0x1c, 0x1c, 0x06, 0x1c, 0x3b, 0x4b,
    0x6f, 0x6f, 0x6f, 0x6f, 0x67, 0x67, 0x5c, 0x5c, 0x5a, 0x4b, 0x4b, 0x4b, 0x90, 0x4b, 0x4b, 0x4b,
    0x46, 0x4b, 0x5c, 0x67, 0x6f, 0x6f, 0xa7, 0x5c, 0x67, 0x6f, 0x79, 0x90, 0x83, 0x83, 0x90, 0x83,
    0x58, 0x3e, 0x36, 0x2a, 0x22, 0x22, 0x22, 0x22, 0x2a, 0x3e, 0x76, 0x76, 0x71, 0x70, 0x67, 0x65,
    0x76, 0x83, 0x90, 0x79, 0x65, 0x58, 0x58, 0x65, 0x76, 0x4b, 0x4b, 0x58, 0x58, 0x58, 0x52, 0x4b,
    0x36, 0x22, 0x36, 0x22, 0x36, 0x42, 0x58, 0x65, 0x76, 0x4b, 0x4b, 0x58, 0x58, 0x58, 0x52, 0x4b,
    0x58, 0x3e, 0x36, 0x2a, 0x22, 0x22, 0x22, 0x22, 0x2a, 0x36, 0x3e, 0x42, 0x42, 0x36, 0x2a, 0x22,
    0x52, 0x5a, 0x65, 0x76, 0x36, 0x42, 0x58, 0x65, 0x76, 0x4b, 0x4b, 0x58, 0x58, 0x58, 0x52, 0x4b,
    0x58, 0x3e, 0x36, 0x2a, 0x22, 0x22, 0x22, 0x22, 0x2a, 0x36, 0x3e, 0x42, 0x4b, 0x58, 0x58, 0x58,
    0x76, 0x83, 0x90, 0x83, 0x70, 0x71, 0x65, 0x67, 0x70, 0x67, 0x65, 0x65, 0x5a, 0x58, 0x52, 0x4b,
    0x65, 0x76, 0x67, 0x65, 0x58, 0xbd, 0x58, 0x58, 0x5a, 0x65, 0x65, 0x65, 0x67, 0x70, 0x67, 0x65,
    0x36, 0x22, 0x36, 0x22, 0x36, 0x42, 0x58, 0x65, 0x76, 0x4b, 0x4b, 0x90, 0x83, 0x83, 0x90, 0x83,
    0x76, 0x76, 0x76, 0x22, 0x22, 0x22, 0x22, 0x22, 0x2a, 0x36, 0x3e, 0x42, 0x42, 0x36, 0x2a, 0x22,
    0x58, 0x3e, 0x36, 0x2a, 0x22, 0x22, 0x22, 0x22, 0x2a, 0x36, 0x3e, 0x42, 0x42, 0x36, 0x2a, 0x22,
    0x36, 0x22, 0x36, 0x22, 0x36, 0x42, 0x58, 0x65, 0x76, 0x4b, 0x4b, 0x58, 0x58, 0x58, 0x52, 0x4b,
    0x70, 0x70, 0x8e, 0x8e, 0xbf, 0xee, 0xb9, 0xb9, 0xbf, 0xce, 0xb5, 0xa1, 0xe7, 0xfe, 0xd6, 0xd6,
    0xa2, 0xa2, 0xa2, 0xa2, 0x41, 0x7b, 0x7b, 0x7b, 0x68, 0x68, 0x56, 0x1c, 0x15, 0x06, 0x1c, 0x3b,
    0x7b, 0x7b, 0x87, 0xb7, 0x87, 0xbf, 0xa1, 0x9b, 0x9b, 0xd6, 0xe7, 0xee, 0xfb, 0xfe, 0xe7, 0xb5,
    0xdb, 0xad, 0xc3, 0xc3, 0x7b, 0xa1, 0x8e, 0x06, 0x06, 0x7b, 0x2b, 0x06, 0x15, 0x15, 0x15, 0x20,
    0x29, 0x29, 0x29, 0x17, 0x03, 0x0f, 0x03, 0x0f, 0x0f, 0x6c, 0x6c, 0xa4, 0x6c, 0x6c, 0xa4, 0x5d,
    0x6c, 0x29, 0x29, 0x29, 0x29, 0x29, 0x29, 0x21, 0x29, 0x29, 0x6c, 0x6c, 0x29, 0x5d, 0xa4, 0x7d,
    0x75, 0x75, 0x87, 0xb7, 0x87, 0xbf, 0xa1, 0x9b, 0x9b, 0xd6, 0xe7, 0xe7, 0xfb, 0xfe, 0xe7, 0xb5,
    0xdb, 0xad, 0xc3, 0xc3, 0x7b, 0xa1, 0x8e, 0x06, 0x06, 0x7b, 0x2b, 0x06, 0x15, 0x15, 0x15, 0x20,
    0x22, 0x22, 0x22, 0x22, 0x36, 0x4b, 0x4b, 0x76, 0x76, 0xb0, 0x65, 0x5a, 0x58, 0x58, 0x58, 0x6f,
    0x46, 0x36, 0x22, 0x36, 0x46, 0x36, 0x22, 0x0f, 0x22, 0x36, 0x36, 0x36, 0x3e, 0x3e, 0x22, 0x22,
    0x75, 0x73, 0x87, 0xb7, 0x87, 0xbf, 0xa1, 0x9b, 0x9b, 0xd6, 0xe7, 0xe7, 0xfb, 0xfe, 0xe7, 0xb5,
    0xdb, 0xad, 0xc3, 0xc3, 0x7b, 0xa1, 0x8e, 0x06, 0x06, 0x7b, 0x2b, 0x06, 0x15, 0x15, 0x15, 0x20,
    0x3e, 0x6f, 0x79, 0x79, 0x6f, 0x90, 0x90, 0x79, 0x6b, 0x5a, 0x58, 0x4b, 0x4b, 0x4b, 0x5a, 0x67,
    0x02, 0x22, 0xa9, 0x6f, 0x6f, 0x79, 0x76, 0x6f, 0x67, 0x65, 0x5a, 0x4b, 0x3e, 0xa7, 0xa7, 0x3e,
    0x6b, 0x6f, 0x74, 0x45, 0x74, 0x93, 0xa1, 0xb2, 0xbf, 0xd8, 0xce, 0x9b, 0x6d, 0x6d, 0x8a, 0x86,
    0x58, 0x4b, 0x65, 0x65, 0x5c, 0x4b, 0x4b, 0x51, 0x51, 0x60, 0x6d, 0x74, 0x84, 0x81, 0x84, 0x7a,
    0x6d, 0x7a, 0x6d, 0x6d, 0x7a, 0x84, 0x86, 0xa1, 0xa1, 0xa1, 0x9b, 0x6d, 0x39, 0x20, 0x15, 0x41,
    0x2b, 0x44, 0x8e, 0x59, 0x41, 0x56, 0x87, 0x87, 0x7b, 0x59, 0x59, 0x56, 0x56, 0x06, 0xa7, 0x3e,
    0x70, 0x78, 0x78, 0xbf, 0xb7, 0x86, 0x93, 0xb2, 0xd6, 0xce, 0xb9, 0xee, 0xfb, 0xfb, 0xe7, 0xc3,
    0xa1, 0x68, 0x56, 0xc3, 0x8e, 0xc3, 0x2b, 0x15, 0x06, 0x06, 0x56, 0x1c, 0x06, 0x15, 0x20, 0x20,
    0x32, 0x38, 0x0f, 0x21, 0x17, 0x03, 0x03, 0x03, 0x0f, 0xd0, 0xa4, 0xd0, 0x29, 0x6c, 0x6c, 0x29,
    0xc3, 0x7b, 0x6c, 0x0f, 0x29, 0x29, 0x38, 0x26, 0x0f, 0x0f, 0x29, 0x29, 0x29, 0x6c, 0x65, 0x6c,
    0x6b, 0xd2, 0x78, 0xbf, 0xb7, 0x7a, 0x8e, 0xb2, 0xd6, 0xce, 0xbf, 0xe7, 0xfb, 0xfb, 0xe7, 0xc3,
    0xa1, 0x68, 0x56, 0xc3, 0x8e, 0xc3, 0x2b, 0x15, 0x06, 0x06, 0x56, 0x1c, 0x06, 0x15, 0x1c, 0x2b,
    0x46, 0x36, 0x58, 0x4b, 0x76, 0x83, 0x90, 0x4b, 0x76, 0x65, 0x65, 0x58, 0x4b, 0x4b, 0x5c, 0x4b,
    0xc3, 0x7b, 0x36, 0x36, 0x22, 0x2a, 0x22, 0x22, 0x22, 0x36, 0x22, 0x36, 0x42, 0x76, 0x3e, 0x36,
    0x65, 0x46, 0x78, 0xbf, 0xb7, 0x7a, 0x8e, 0xb2, 0xd6, 0xce, 0xbf, 0xe7, 0xfb, 0xfb, 0xe7, 0xc3,
    0xa1, 0x68, 0x56, 0xc3, 0x8e, 0xc3, 0x2b, 0x15, 0x06, 0x06, 0x56, 0x1c, 0x06, 0x15, 0x15, 0x2b,
    0x3e, 0xa9, 0x6f, 0x6f, 0xb0, 0x6f, 0x90, 0x6f, 0x67, 0x5c, 0x4b, 0x4b, 0x4b, 0x46, 0x58, 0x67,
    0x02, 0x02, 0x6f, 0x5c, 0xa9, 0x6f, 0x76, 0x6f, 0x6f, 0x58, 0x6f, 0x4b, 0x3e, 0x3e, 0xa7, 0x3e,
    0x73, 0x74, 0x45, 0x84, 0x8a, 0xa1, 0x9b, 0xb2, 0xbf, 0xd8, 0xbf, 0x74, 0x54, 0x6d, 0x5e, 0x8e,
    0x5a, 0x65, 0x67, 0x6f, 0x58, 0x46, 0x4b, 0x4b, 0x69, 0x45, 0x7a, 0x6d, 0x8a, 0x8a, 0x6d, 0x7a,
    0x5e, 0x5e, 0x5e, 0x60, 0x54, 0x6d, 0x86, 0xa1, 0x9b, 0xa1, 0xa1, 0x6d, 0x2b, 0x13, 0x1c, 0x2b,
    0x02, 0x02, 0x87, 0x59, 0x1c, 0x41, 0x41, 0x59, 0x87, 0x8e, 0x56, 0x3e, 0x59, 0x3e, 0xa7, 0x3e,
    0x3f, 0x6f, 0x5c, 0x6f, 0x4b, 0x75, 0x91, 0x9b, 0xb7, 0xb9, 0xa1, 0xd8, 0xee, 0xf6, 0xe7, 0xd8,
    0x8e, 0x41, 0x41, 0x7b, 0x8e, 0x7b, 0xc3, 0x2b, 0x20, 0x06, 0x15, 0x20, 0x20, 0x1c, 0x15, 0x2b,
    0x29, 0x6c, 0x6c, 0x29, 0x32, 0x03, 0x03, 0x5d, 0xa4, 0xa4, 0xd0, 0x71, 0x6c, 0x29, 0x0f, 0xba,
    0xc8, 0x87, 0x87, 0x29, 0x6b, 0x9f, 0x29, 0x0f, 0x6b, 0x0f, 0x0f, 0x6c, 0x6c, 0xa4, 0x6c, 0x6c,
    0xbd, 0xd2, 0x6b, 0x9f, 0xd2, 0x56, 0x91, 0x9b, 0xb7, 0xbf, 0xa5, 0xd8, 0xe7, 0xf6, 0xe7, 0xd8,
    0x8e, 0x41, 0x41, 0x7b, 0x8e, 0x7b, 0xc3, 0x2b, 0x20, 0x06, 0x15, 0x20, 0x20, 0x1c, 0x15, 0x29,
    0x76, 0x90, 0x4b, 0x83, 0x90, 0x90, 0x76, 0x67, 0x76, 0x4b, 0x4b, 0x4b, 0x58, 0x36, 0x58, 0xba,
    0xc8, 0x87, 0x7b, 0x65, 0x36, 0x22, 0x22, 0x22, 0x36, 0x4b, 0x3e, 0x3b, 0x36, 0x36, 0x36, 0x36,
    0x5a, 0x36, 0x46, 0x65, 0x36, 0x56, 0x91, 0x9b, 0xb7, 0xbf, 0xa5, 0xd8, 0xe7, 0xf6, 0xe7, 0xd8,
    0x8e, 0x41, 0x41, 0x7b, 0x8e, 0x7b, 0xc3, 0x2b, 0x20, 0x06, 0x15, 0x20, 0x20, 0x20, 0x15, 0x76,
    0x6f, 0xa9, 0x6f, 0x6f, 0xa9, 0x6f, 0x76, 0x67, 0x6f, 0x5a, 0x4b, 0x46, 0x4b, 0x3e, 0x3e, 0x6f,
    0x44, 0x02, 0x02, 0x6f, 0x5c, 0x90, 0xa9, 0x6f, 0x90, 0x58, 0x65, 0x6b, 0x6f, 0x3e, 0x4b, 0x4b,
    0x6f, 0x6d, 0x78, 0x81, 0x7a, 0x8e, 0xa1, 0xa1, 0xbf, 0xbf, 0x8e, 0x54, 0x3a, 0x54, 0x6d, 0x86,
    0x4b, 0x6f, 0x6f, 0x4b, 0x4b, 0x46, 0x3e, 0x4b, 0x51, 0x4a, 0x4a, 0x5e, 0x6d, 0x60, 0x60, 0x60,
    0x5e, 0x6d, 0x6d, 0x54, 0x45, 0x6d, 0x7a, 0xa1, 0x8e, 0x93, 0xa1, 0x54, 0x15, 0x13, 0x06, 0x06,
    0x41, 0x02, 0x06, 0x2b, 0x1c, 0x1c, 0x41, 0x39, 0x7b, 0x59, 0x41, 0x3e, 0x6f, 0x3e, 0x4b, 0x4b,
    0x4b, 0x6f, 0x4b, 0x51, 0x6f, 0x78, 0x7a, 0x7a, 0xa1, 0xa1, 0x8e, 0xbf, 0xd8, 0xea, 0xcc, 0xb2,
    0x7b, 0x56, 0x39, 0x39, 0x41, 0x41, 0x41, 0x44, 0x15, 0x15, 0x1c, 0x20, 0x1b, 0x1c, 0x2b, 0x3b,
    0x9d, 0xa4, 0x6c, 0xa4, 0x29, 0x6c, 0x29, 0x6c, 0xd0, 0xd0, 0x29, 0x29, 0xa4, 0xfb, 0xf7, 0xf5,
    0xe4, 0xc8, 0x94, 0x7b, 0x7b, 0xd2, 0x6b, 0xd2, 0x9f, 0x6b, 0x38, 0x29, 0xa4, 0x6c, 0x6c, 0x6c,
    0xd2, 0x9f, 0xd2, 0xd2, 0x6b, 0x78, 0x7a, 0x7a, 0xa5, 0xa1, 0x8e, 0xbf, 0xd6, 0xea, 0xc6, 0xb2,
    0x7b, 0x56, 0x39, 0x39, 0x41, 0x41, 0x41, 0x44, 0x15, 0x15, 0x1c, 0x20, 0x1b, 0x1c, 0x2b, 0x9f,
    0x71, 0x76, 0x90, 0xb0, 0x58, 0x4b, 0x76, 0x65, 0x4b, 0x36, 0x22, 0x36, 0x22, 0xfb, 0xf7, 0xf5,
    0xe4, 0xc8, 0x94, 0x7b, 0x75, 0x36, 0x58, 0x46, 0x3e, 0x36, 0x36, 0x46, 0x3e, 0x22, 0x36, 0x36,
    0x90, 0x36, 0x36, 0x6f, 0x65, 0x65, 0x7a, 0x7a, 0xa5, 0xa1, 0x8e, 0xbf, 0xd6, 0xea, 0xc6, 0xb2,
    0x7b, 0x56, 0x39, 0x39, 0x41, 0x41, 0x41, 0x44, 0x15, 0x15, 0x1c, 0x27, 0x20, 0x22, 0x2d, 0x4b,
    0x79, 0x76, 0x90, 0xb0, 0x6f, 0xa7, 0x6f, 0x58, 0x5a, 0x58, 0x4b, 0x46, 0x38, 0x29, 0x38, 0x3e,
    0xad, 0x06, 0x02, 0x04, 0x6f, 0x6b, 0x6f, 0x6f, 0xa9, 0x79, 0x6b, 0x65, 0x5c, 0x5a, 0x4b, 0x4b,
    0x4a, 0x5e, 0x84, 0x8a, 0x8a, 0xa1, 0xa1, 0xa1, 0xa1, 0x8e, 0x54, 0x3f, 0x45, 0x5e, 0x86, 0x97,
    0x38, 0x4b, 0x46, 0x46, 0x3e, 0x4b, 0x4b, 0x58, 0x5a, 0x60, 0x51, 0x74, 0x60, 0x69, 0x60, 0x69,
    0x7a, 0x74, 0x74, 0x4a, 0x54, 0x6d, 0x74, 0x84, 0x6d, 0xa1, 0xa1, 0x44, 0x06, 0x04, 0x04, 0x04,
    0xad, 0x1c, 0x02, 0x2b, 0x15, 0x04, 0x15, 0x39, 0x2b, 0x3b, 0x3e, 0x6f, 0x5c, 0x5a, 0x4b, 0x4b,
    0x6f, 0x4b, 0x42, 0x51, 0x51, 0x55, 0x78, 0xa7, 0xa1, 0x8a, 0x7a, 0xb9, 0xd8, 0xe7, 0xc6, 0x8e,
    0x7b, 0x56, 0x2b, 0x1c, 0x56, 0x41, 0x41, 0x41, 0x44, 0x39, 0x2b, 0x2b, 0x15, 0x15, 0x2b, 0x4b,
    0xa4, 0x6c, 0xa4, 0x7d, 0x6c, 0x6c, 0x29, 0x29, 0x6c, 0x29, 0x29, 0xfb, 0xf5, 0xf1, 0xf5, 0xf5,
    0xe7, 0xc3, 0x7b, 0x87, 0xb5, 0x56, 0x9f, 0xd2, 0x6b, 0x46, 0x0f, 0x21, 0x6c, 0x6c, 0x29, 0x29,
    0x6b, 0x9f, 0x9f, 0x6b, 0x46, 0x46, 0x78, 0xa7, 0xa5, 0x8a, 0x7a, 0xbf, 0xd8, 0xe7, 0xc3, 0x8e,
    0x7b, 0x56, 0x2b, 0x1c, 0x56, 0x41, 0x56, 0x41, 0x44, 0x39, 0x2b, 0x2b, 0x15, 0x15, 0x2b, 0xd2,
    0x76, 0x4b, 0x65, 0x46, 0x22, 0x36, 0x90, 0x36, 0x36, 0x36, 0x22, 0xfb, 0xf5, 0xf1, 0xf5, 0xf5,
    0xe7, 0xc3, 0x7b, 0x87, 0xb5, 0x56, 0x65, 0x4b, 0x36, 0x3e, 0x46, 0x76, 0x3e, 0x36, 0x42, 0x5c,
    0x36, 0x65, 0x76, 0x90, 0x90, 0x76, 0x36, 0x36, 0xa5, 0x8a, 0x7a, 0xbf, 0xd8, 0xe7, 0xc3, 0x8e,
    0x7b, 0x56, 0x2b, 0x1c, 0x56, 0x41, 0x56, 0x41, 0x44, 0x39, 0x2b, 0x25, 0x15, 0x15, 0x36, 0x22,
    0x79, 0x6f, 0x90, 0x6f, 0x58, 0xa7, 0xa7, 0x6f, 0x67, 0x58, 0x4b, 0x46, 0x3e, 0x29, 0x38, 0x38,
    0xba, 0x94, 0x02, 0x02, 0x19, 0x6f, 0xa7, 0x76, 0x67, 0x65, 0x5a, 0x5c, 0x6f, 0x58, 0x4b, 0x46,
    0x45, 0x51, 0x5e, 0x60, 0x7a, 0x8a, 0xa1, 0xa1, 0xa1, 0x74, 0x3f, 0x34, 0x2d, 0x74, 0x86, 0xa1,
    0x29, 0x3e, 0x3e, 0x46, 0x46, 0x4b, 0x58, 0x58, 0x69, 0x60, 0x5a, 0x60, 0x51, 0x51, 0x51, 0x51,
    0x45, 0x3b, 0x3a, 0x45, 0x45, 0x5e, 0x8a, 0x8a, 0x45, 0xa1, 0x7a, 0x3f, 0x13, 0x02, 0x04, 0x04,
    0xcc, 0x87, 0x02, 0x2b, 0x1c, 0x04, 0x06, 0x15, 0x2b, 0x4b, 0x6f, 0x67, 0x6f, 0x58, 0x46, 0x46,
    0x38, 0x51, 0x38, 0x51, 0x51, 0x6f, 0x51, 0x51, 0x7a, 0x7a, 0x7a, 0xbf, 0xdd, 0xf6, 0xbf, 0x8e,
    0x7b, 0x41, 0x39, 0x2b, 0x41, 0x41, 0x56, 0x78, 0x41, 0x44, 0x1c, 0x2b, 0x2f, 0x3f, 0x3b, 0x3e,
    0x6c, 0x29, 0x29, 0x6c, 0xa4, 0x5d, 0x6c, 0x6c, 0xd6, 0xf5, 0xf5, 0xee, 0xee, 0xee, 0xfb, 0xfe,
    0xfb, 0xcc, 0x56, 0x87, 0x87, 0x87, 0x41, 0x6b, 0x9f, 0x46, 0x46, 0x0f, 0x03, 0x0f, 0x0f, 0x29,
    0x9f, 0x6b, 0x6b, 0xd2, 0x9f, 0xd2, 0x6b, 0x51, 0x7a, 0x81, 0x7a, 0xbf, 0xdd, 0xf6, 0xbf, 0x97,
    0x7b, 0x41, 0x39, 0x2b, 0x41, 0x41, 0x56, 0x78, 0x41, 0x3a, 0x1c, 0x2b, 0x2f, 0x3f, 0xd2, 0x9f,
    0x4b, 0xa9, 0x65, 0x4b, 0x36, 0x76, 0xb0, 0x4b, 0xcc, 0xf5, 0xf5, 0xee, 0xee, 0xee, 0xfb, 0xfe,
    0xfb, 0xcc, 0x56, 0x87, 0x87, 0x87, 0x41, 0x36, 0x2d, 0x2a, 0x36, 0x46, 0x2a, 0x2a, 0x4b, 0x36,
    0x46, 0x36, 0x65, 0x65, 0x4b, 0x36, 0x4b, 0x51, 0x7a, 0x7a, 0x7a, 0xbf, 0xdd, 0xf6, 0xbf, 0x97,
    0x7b, 0x41, 0x39, 0x2b, 0x41, 0x41, 0x56, 0x78, 0x41, 0x45, 0x1c, 0x2b, 0x2f, 0x36, 0x36, 0x38,
    0x6f, 0xa9, 0x79, 0x6f, 0x6f, 0x79, 0xb0, 0x83, 0x6b, 0x5a, 0x3e, 0x4b, 0x3e, 0x46, 0x3e, 0x32,
    0xc3, 0xd6, 0x62, 0x02, 0x08, 0x2d, 0x6f, 0x6f, 0x58, 0x65, 0x65, 0x5a, 0x5a, 0x58, 0x46, 0x46,
    0x45, 0x45, 0x60, 0x60, 0x45, 0x6d, 0x8a, 0x84, 0x7a, 0x25, 0x25, 0x2b, 0x4a, 0x6d, 0x7a, 0x97,
    0x29, 0x29, 0x4b, 0x4b, 0x46, 0x3e, 0x5a, 0x5c, 0x5a, 0x5a, 0x5a, 0x60, 0x58, 0x58, 0x51, 0x51,
    0x3b, 0x3b, 0x2d, 0x3a, 0x4a, 0x54, 0x6d, 0x6d, 0x45, 0x8a, 0x8a, 0x2b, 0x13, 0x04, 0x06, 0x08,
    0xcc, 0xdb, 0x59, 0x04, 0x06, 0x04, 0x04, 0x04, 0x3e, 0x6f, 0x67, 0x67, 0x5a, 0x4b, 0x46, 0x3e,
    0x3e, 0x73, 0x3b, 0x3e, 0x51, 0x6f, 0x5c, 0x60, 0x78, 0x84, 0x8e, 0xb9, 0xd8, 0xea, 0xb9, 0x7b,
    0x56, 0x39, 0x2b, 0x27, 0x27, 0x41, 0x39, 0x56, 0x78, 0x3f, 0x3f, 0x2b, 0x2b, 0x3b, 0x3e, 0x42,
    0x29, 0x0f, 0x0f, 0x3d, 0x6c, 0x29, 0x29, 0x6c, 0xe4, 0xf5, 0xee, 0xee, 0xe4, 0xf2, 0xfe, 0xfe,
    0xfe, 0xdb, 0x41, 0x68, 0x7b, 0x59, 0x41, 0x46, 0x6b, 0x29, 0x46, 0x6b, 0x03, 0x03, 0x09, 0x0f,
    0x76, 0x6b, 0xd2, 0xbd, 0xd2, 0xa7, 0x6b, 0x46, 0x78, 0x7a, 0x8e, 0xbf, 0xd8, 0xea, 0xbf, 0x75,
    0x56, 0x39, 0x2b, 0x27, 0x27, 0x41, 0x39, 0x56, 0x78, 0x45, 0x2d, 0x2b, 0x2b, 0xd2, 0x9f, 0xd2,
    0x4b, 0x58, 0x76, 0xb0, 0x76, 0x67, 0x76, 0x90, 0xe4, 0xf5, 0xee, 0xee, 0xe4, 0xf2, 0xfe, 0xfe,
    0xfe, 0xdb, 0x41, 0x68, 0x7b, 0x59, 0x41, 0x22, 0x22, 0x2a, 0x36, 0x22, 0x22, 0x22, 0x36, 0x36,
    0x58, 0x36, 0x36, 0x22, 0x2a, 0x2a, 0x36, 0x22, 0x22, 0x7a, 0x8e, 0xbf, 0xd8, 0xea, 0xbf, 0x75,
    0x56, 0x41, 0x2b, 0x27, 0x27, 0x41, 0x41, 0x56, 0x78, 0x3f, 0x4b, 0x2b, 0x2b, 0x3b, 0x36, 0x32,
    0x6f, 0x6f, 0x6f, 0x65, 0x6f, 0x5c, 0x67, 0x79, 0x79, 0x58, 0x4b, 0x5a, 0x58, 0x52, 0x46, 0x29,
    0xc8, 0xe0, 0xb5, 0x06, 0x02, 0x1b, 0x3b, 0x6f, 0x6f, 0x67, 0x65, 0x65, 0x58, 0x4b, 0x3e, 0x4b,
    0x6b, 0x76, 0x69, 0x5e, 0x78, 0x6d, 0x6d, 0x6d, 0x45, 0x1b, 0x19, 0x2d, 0x3a, 0x8a, 0x9b, 0xa1,
    0x3e, 0xa7, 0x3e, 0x46, 0x4b, 0x58, 0x6f, 0x5a, 0x69, 0x73, 0x69, 0x58, 0x69, 0x58, 0x51, 0x42,
    0x42, 0x3b, 0x3b, 0x3a, 0x3a, 0x74, 0x6d, 0x54, 0x55, 0x8a, 0x6d, 0x06, 0x08, 0x04, 0x08, 0x13,
    0xc8, 0xe0, 0xb5, 0x1c, 0x04, 0x06, 0x39, 0x4b, 0x4b, 0x6f, 0x67, 0x6f, 0x5a, 0x4b, 0x46, 0x42,
    0x3e, 0x58, 0x3e, 0xa7, 0x6f, 0x5c, 0x51, 0x3f, 0x47, 0x78, 0x90, 0x8e, 0xb9, 0xd8, 0xb7, 0x7b,
    0x56, 0x41, 0x2b, 0x1c, 0x1c, 0x2b, 0x2b, 0x3b, 0x42, 0x45, 0x3f, 0x45, 0x51, 0x3e, 0x42, 0x4b,
    0x9d, 0xa4, 0x6c, 0x32, 0x29, 0x0f, 0x29, 0xd6, 0xf5, 0xd6, 0xe7, 0xdb, 0xe4, 0xfa, 0xfe, 0xfe,
    0xfe, 0xee, 0x7b, 0x56, 0x7b, 0x68, 0x41, 0x41, 0xd2, 0x6b, 0x46, 0x40, 0x46, 0x01, 0x03, 0x52,
    0x6b, 0x9f, 0xd2, 0xd2, 0x9f, 0x9f, 0xd2, 0xd2, 0x9f, 0x78, 0x90, 0x8e, 0xbf, 0xd8, 0xb7, 0x75,
    0x56, 0x44, 0x2b, 0x1c, 0x1c, 0x2b, 0x2b, 0x3b, 0x3b, 0x45, 0x3f, 0x3f, 0x6b, 0xd2, 0xd2, 0x46,
    0x4b, 0x4b, 0x65, 0x76, 0x4b, 0x65, 0x65, 0xd6, 0xf5, 0xd6, 0xe7, 0xdb, 0xe4, 0xfa, 0xfe, 0xfe,
    0xfe, 0xee, 0x7b, 0x56, 0x7b, 0x68, 0x41, 0x41, 0x22, 0x22, 0x22, 0x13, 0x0f, 0x19, 0x22, 0x36,
    0x58, 0x76, 0x58, 0x42, 0x36, 0x2a, 0x19, 0x19, 0x22, 0x78, 0x90, 0x8e, 0xbf, 0xd8, 0xb7, 0x75,
    0x56, 0x39, 0x2b, 0x1c, 0x1c, 0x2b, 0x2b, 0x51, 0x3b, 0x45, 0x58, 0x3f, 0x36, 0x5a, 0x4b, 0x46,
    0xba, 0x87, 0x6f, 0x58, 0x4b, 0x5a, 0x67, 0x79, 0xa9, 0x76, 0x6b, 0x65, 0x5c, 0x58, 0x4b, 0x4b,
    0xb5, 0xba, 0xd6, 0x62, 0x04, 0x13, 0x22, 0x90, 0x6f, 0x5c, 0x67, 0x5a, 0x58, 0x4b, 0x4b, 0x4b,
    0x6b, 0x6b, 0x6b, 0x69, 0x69, 0x51, 0x51, 0x3a, 0x3b, 0x19, 0x2d, 0x2d, 0x45, 0x86, 0xa1, 0xa1,
    0x4b, 0x46, 0x46, 0x46, 0x4b, 0x4b, 0x5a, 0x5c, 0x65, 0x5a, 0x58, 0x69, 0x58, 0x58, 0x69, 0x58,
    0x58, 0x2d, 0x3a, 0x3b, 0x3a, 0x74, 0x4a, 0x45, 0x45, 0x45, 0x45, 0x13, 0x13, 0x08, 0x08, 0x13,
    0xb5, 0xba, 0xdb, 0x59, 0x04, 0x04, 0x04, 0x4b, 0x67, 0x5c, 0x5c, 0x5c, 0x4b, 0x4b, 0x4b, 0x4b,
    0xb0, 0x3e, 0x6f, 0x79, 0xb0, 0x6f, 0x3f, 0x4a, 0x78, 0x55, 0x8e, 0xb7, 0xb9, 0xb7, 0x8a, 0x7b,
    0x4a, 0x45, 0x2b, 0x2b, 0x2b, 0x2b, 0x45, 0x51, 0x3e, 0x51, 0x51, 0x3b, 0x51, 0x3e, 0x51, 0x4b,
    0xa4, 0x6c, 0x6c, 0x0f, 0x29, 0x01, 0x4a, 0xee, 0xd6, 0xe7, 0xdb, 0xd6, 0xf5, 0xfe, 0xfb, 0xfe,
    0xfe, 0xfb, 0xb5, 0x41, 0x87, 0x56, 0x41, 0x56, 0x1c, 0x6b, 0x3e, 0x29, 0x46, 0x03, 0x6c, 0x5d,
    0x46, 0x6b, 0xd2, 0xd2, 0x9f, 0xd2, 0x6b, 0x52, 0x6b, 0x9f, 0x8e, 0xb7, 0xbf, 0xb7, 0x8a, 0x75,
    0x4a, 0x45, 0x2b, 0x2b, 0x2b, 0x2b, 0x45, 0x51, 0x29, 0x46, 0xd2, 0x9f, 0x52, 0x52, 0x9f, 0x76,
    0x2a, 0x36, 0x46, 0x65, 0x4b, 0x4b, 0x4a, 0xee, 0xd6, 0xe7, 0xdb, 0xd6, 0xf5, 0xfe, 0xfb, 0xfe,
    0xfe, 0xfb, 0xb5, 0x41, 0x87, 0x56, 0x41, 0x56, 0x1c, 0x22, 0x0f, 0x0f, 0x19, 0x0f, 0x2a, 0x36,
    0x36, 0x58, 0x4b, 0x36, 0x36, 0x22, 0x19, 0x19, 0x0f, 0x22, 0x22, 0xb7, 0xbf, 0xb7, 0x8a, 0x75,
    0x4a, 0x45, 0x2b, 0x2b, 0x2b, 0x2b, 0x4b, 0x51, 0x90, 0x67, 0x6b, 0x90, 0x90, 0x67, 0x58, 0x3e,
    0xfd, 0xfa, 0xba, 0x87, 0x56, 0x4b, 0x6f, 0x6f, 0x6f, 0x67, 0x5a, 0x5c, 0x5a, 0x58, 0x4b, 0x4b,
    0xad, 0xb5, 0xb5, 0xb5, 0x1c, 0x04, 0x13, 0x19, 0x22, 0x6f, 0x6f, 0x58, 0x4b, 0x46, 0x46, 0x4b,
    0x67, 0x65, 0x6b, 0x91, 0x69, 0x5c, 0x60, 0x69, 0x45, 0x3a, 0x2d, 0x3a, 0x86, 0x97, 0xa1, 0xa1,
    0x58, 0x3e, 0x4b, 0x4b, 0x3e, 0x4b, 0x65, 0x5a, 0x65, 0x65, 0x58, 0x51, 0x58, 0x65, 0x5a, 0x69,
    0x58, 0x22, 0x3b, 0x3b, 0x45, 0x45, 0x45, 0x45, 0x3a, 0x45, 0x45, 0x19, 0x04, 0x08, 0x04, 0x19,
    0xa2, 0xb5, 0xad, 0xb5, 0x1c, 0x04, 0x39, 0x42, 0x90, 0x79, 0x67, 0x58, 0x4b, 0x46, 0x4b, 0x4b,
    0x6f, 0x4b, 0x58, 0x5a, 0x5c, 0x6b, 0x3f, 0x3f, 0x51, 0x51, 0x8a, 0xb0, 0xb7, 0x93, 0x74, 0x7a,
    0x4a, 0x4a, 0x45, 0x2b, 0x2b, 0x51, 0x3b, 0x51, 0x51, 0x51, 0x3e, 0x3e, 0x5c, 0x90, 0x90, 0x51,
    0x29, 0x6c, 0x29, 0x0f, 0x0f, 0x4a, 0xb2, 0xb2, 0xee, 0xdb, 0xc3, 0xdb, 0xf6, 0xfb, 0xfe, 0xfb,
    0xfa, 0xf5, 0xdb, 0x41, 0x56, 0x87, 0x56, 0x56, 0x1c, 0x1c, 0x46, 0x46, 0x29, 0x0f, 0x29, 0x6c,
    0x9f, 0x6b, 0x67, 0x9f, 0x9f, 0x9f, 0x46, 0x52, 0x29, 0x6b, 0x5a, 0x69, 0xb7, 0x8e, 0x78, 0x7a,
    0x4a, 0x51, 0x45, 0x2b, 0x2b, 0x51, 0x90, 0x90, 0x6c, 0x0f, 0x46, 0x6b, 0x29, 0x29, 0x52, 0x65,
    0x2a, 0x2a, 0x36, 0x4b, 0x51, 0x4a, 0xb2, 0xb2, 0xee, 0xdb, 0xc3, 0xdb, 0xf6, 0xfb, 0xfe, 0xfb,
    0xfa, 0xf5, 0xdb, 0x41, 0x56, 0x87, 0x56, 0x56, 0x1c, 0x27, 0x19, 0x0f, 0x0f, 0x2a, 0x36, 0x36,
    0x22, 0x36, 0x36, 0x36, 0x22, 0x2a, 0x0f, 0x0f, 0x22, 0x22, 0x22, 0x0f, 0xb7, 0x8e, 0x78, 0x7a,
    0x4a, 0x51, 0x45, 0x2b, 0x2b, 0x51, 0x42, 0x4b, 0x76, 0x4b, 0x46, 0x65, 0x76, 0x5a, 0x3e, 0x36,
    0xfb, 0xfa, 0xf1, 0xee, 0xba, 0x87, 0x56, 0x59, 0x6f, 0x6f, 0x58, 0x58, 0x6b, 0x58, 0x3e, 0x4b,
    0x94, 0xa2, 0xad, 0xb5, 0x68, 0x06, 0x13, 0x08, 0x13, 0x1b, 0x4b, 0x58, 0x4b, 0x3e, 0x4b, 0x4b,
    0x65, 0x5a, 0x58, 0x3e, 0x5a, 0x5c, 0x5a, 0x51, 0x45, 0x2d, 0x45, 0x6d, 0xa1, 0xa1, 0xa1, 0xa1,
    0x83, 0x4b, 0x4b, 0x4b, 0x4b, 0xb0, 0x58, 0x58, 0x5a, 0x65, 0x6f, 0xa9, 0x79, 0x6b, 0x5c, 0x65,
    0x5a, 0x42, 0x42, 0x3b, 0x45, 0x51, 0x45, 0x2d, 0x45, 0x34, 0x25, 0x13, 0x13, 0x04, 0x13, 0x19,
    0xa2, 0xa2, 0xad, 0xb5, 0x68, 0x06, 0x04, 0x3e, 0x65, 0x90, 0x4b, 0x4b, 0x4b, 0x3e, 0x4b, 0x4b,
    0xb0, 0x76, 0x4b, 0x4b, 0x6f, 0x5c, 0xb0, 0x6f, 0x4b, 0x51, 0xb0, 0x90, 0x90, 0x8a, 0x7a, 0x44,
    0x4a, 0x4a, 0x51, 0x3b, 0x51, 0x3e, 0x4b, 0x3e, 0x3e, 0x4b, 0x6f, 0x3e, 0x90, 0x90, 0x6f, 0x6f,
    0x29, 0x29, 0x6c, 0x29, 0x03, 0x78, 0xc3, 0xee, 0xd6, 0xb2, 0xc3, 0xe9, 0xf6, 0xfb, 0xfb, 0xf5,
    0xfa, 0xfb, 0xf5, 0x56, 0x1c, 0x7b, 0x75, 0x87, 0x41, 0x1c, 0x29, 0x0f, 0x0f, 0x0f, 0x29, 0x29,
    0x6b, 0x9f, 0x29, 0x32, 0x6b, 0x9f, 0x9f, 0x6b, 0x29, 0x40, 0x4b, 0x6b, 0x0f, 0x8a, 0x7a, 0x44,
    0x4a, 0x60, 0x6c, 0x3b, 0x51, 0xa4, 0x9d, 0xd0, 0x71, 0x6c, 0x0f, 0x0f, 0x29, 0x9f, 0x46, 0x46,
    0x22, 0x36, 0x36, 0x36, 0x36, 0x78, 0xc3, 0xee, 0xd6, 0xb2, 0xc3, 0xe9, 0xf6, 0xfb, 0xfb, 0xf5,
    0xfa, 0xfb, 0xf5, 0x56, 0x1c, 0x7b, 0x75, 0x87, 0x41, 0x1c, 0x22, 0x22, 0x22, 0x3e, 0x46, 0x36,
    0x2a, 0x22, 0x3e, 0x4b, 0x4b, 0x3e, 0x22, 0x36, 0x36, 0x22, 0x2a, 0x2a, 0x22, 0x8a, 0x7a, 0x44,
    0x4a, 0x51, 0x51, 0x51, 0x51, 0x4b, 0x36, 0x42, 0x46, 0x36, 0x3e, 0x36, 0x76, 0x5a, 0x3e, 0x22,
    0xfc, 0xf5, 0xe7, 0xe9, 0xee, 0xd8, 0xa2, 0x56, 0x56, 0x56, 0x56, 0xa7, 0x6b, 0x58, 0x3e, 0xb0,
    0x7a, 0xb5, 0xad, 0x7b, 0x87, 0x39, 0x04, 0x13, 0x04, 0x13, 0x25, 0x36, 0x58, 0x4b, 0x58, 0x5c,
    0x4b, 0x58, 0x6f, 0x4b, 0x6f, 0x6f, 0x60, 0x60, 0x51, 0x45, 0x8a, 0xa1, 0x97, 0xa1, 0x97, 0x9b,
    0xb0, 0x58, 0x4b, 0x4b, 0x6b, 0x58, 0xb0, 0x6f, 0x58, 0x5a, 0x58, 0x5a, 0x6f, 0x5c, 0x67, 0x6b,
    0x6b, 0x6b, 0x3b, 0x2d, 0x51, 0x45, 0x45, 0x3a, 0x2d, 0x3a, 0x3f, 0x13, 0x13, 0x13, 0x22, 0x19,
    0x87, 0xb5, 0xad, 0x7b, 0x8e, 0x39, 0x04, 0x04, 0x90, 0x90, 0x67, 0x3e, 0x5c, 0x4b, 0x4b, 0x5a,
    0x4b, 0x6f, 0x6f, 0x5c, 0xb0, 0x5c, 0x90, 0xa7, 0x6f, 0x6f, 0x5c, 0x90, 0x6f, 0x78, 0x44, 0x55,
    0x45, 0x51, 0x60, 0x51, 0x3e, 0x58, 0x4b, 0x67, 0x6f, 0x90, 0x51, 0x42, 0x3e, 0x6f, 0x4b, 0x6f,
    0x29, 0x29, 0x6c, 0xa4, 0x0f, 0xbf, 0xf5, 0xdb, 0xdb, 0xc3, 0xe7, 0xf5, 0xe7, 0xfb, 0xfb, 0xe7,
    0xe9, 0xf5, 0xf5, 0xba, 0x1c, 0x56, 0x56, 0x7b, 0x41, 0x1c, 0x2b, 0xa4, 0x0f, 0xa4, 0x6c, 0x71,
    0x9f, 0x46, 0x0f, 0x21, 0x29, 0x9f, 0x6b, 0x29, 0x46, 0x52, 0x46, 0x46, 0x03, 0x78, 0x45, 0x47,
    0x51, 0x51, 0x51, 0x6c, 0x6c, 0x6c, 0xa4, 0x29, 0x29, 0x6c, 0x03, 0x0f, 0x9f, 0x6b, 0x52, 0x46,
    0x36, 0x4b, 0x36, 0x36, 0x4b, 0xbf, 0xf5, 0xdb, 0xdb, 0xc3, 0xe7, 0xf5, 0xe7, 0xfb, 0xfb, 0xe7,
    0xe9, 0xf5, 0xf5, 0xba, 0x1c, 0x56, 0x56, 0x7b, 0x41, 0x1c, 0x1c, 0x22, 0x36, 0x46, 0x65, 0x4b,
    0x3e, 0x36, 0x4b, 0x4b, 0x65, 0x58, 0x3e, 0x36, 0x3e, 0x36, 0x36, 0x22, 0x3b, 0x78, 0x44, 0x4a,
    0x51, 0x51, 0x4b, 0x51, 0x4b, 0x58, 0x4b, 0x58, 0x36, 0x5a, 0x4b, 0x36, 0x76, 0x6f, 0x4b, 0x22,
    0xfc, 0xfa, 0xf2, 0xe9, 0xdb, 0xba, 0x87, 0xa2, 0x87, 0x56, 0x39, 0x2b, 0x58, 0x5c, 0x65, 0x67,
    0x56, 0xb5, 0x94, 0x87, 0xad, 0x87, 0x06, 0x04, 0x13, 0x08, 0x13, 0x3e, 0x42, 0x4b, 0x4b, 0x6f,
    0x4b, 0x3e, 0x5a, 0x6f, 0x6b, 0x60, 0x51, 0x69, 0x6d, 0x6d, 0x7a, 0x8a, 0xa1, 0x7a, 0x86, 0xa1,
    0x4b, 0x6f, 0x6f, 0x58, 0xb0, 0x58, 0x76, 0xa7, 0x76, 0x65, 0x5c, 0x5a, 0x5a, 0x5a, 0x67, 0x6f,
    0x65, 0x5a, 0x58, 0x51, 0x45, 0x51, 0x42, 0x42, 0x3b, 0x3b, 0x36, 0x19, 0x22, 0x19, 0x2d, 0x42,
    0x44, 0xb5, 0x94, 0x94, 0xa2, 0x87, 0x1c, 0x04, 0x04, 0x90, 0x6b, 0x3e, 0x46, 0x4b, 0x4b, 0x6f,
    0x67, 0x5c, 0x5c, 0x5a, 0x4b, 0x5c, 0x6f, 0x67, 0x6f, 0x90, 0x5c, 0x67, 0x6b, 0x78, 0x55, 0x45,
    0x3b, 0x51, 0x51, 0x5a, 0x5c, 0x76, 0x5c, 0x79, 0x6f, 0xa7, 0x3e, 0x4b, 0x3e, 0x4b, 0x6f, 0xb0,
    0x5d, 0x6c, 0x6c, 0x6c, 0x8e, 0xee, 0xdb, 0xe4, 0xe4, 0xe4, 0xfb, 0xfb, 0xf4, 0xfe, 0xfb, 0xe9,
    0xdb, 0xee, 0xee, 0xdb, 0x41, 0x1c, 0x56, 0x56, 0x56, 0x1c, 0x1c, 0x1c, 0xa4, 0x65, 0xa4, 0x65,
    0x46, 0x40, 0x46, 0x29, 0x0f, 0x6b, 0x21, 0x0f, 0x0f, 0x9f, 0x32, 0x29, 0x0f, 0x0f, 0x4a, 0x45,
    0x36, 0x51, 0x6c, 0x6c, 0x3d, 0x0f, 0x0f, 0x29, 0x32, 0x6c, 0x03, 0x0f, 0x29, 0x46, 0x46, 0x46,
    0x6f, 0x5a, 0x4b, 0x4b, 0x8e, 0xee, 0xdb, 0xe4, 0xe4, 0xe4, 0xfb, 0xfb, 0xf4, 0xfe, 0xfb, 0xe9,
    0xdb, 0xee, 0xee, 0xdb, 0x41, 0x1c, 0x56, 0x56, 0x56, 0x1c, 0x1c, 0x1c, 0x36, 0x3e, 0x58, 0x36,
    0x36, 0x67, 0x6f, 0x46, 0x76, 0x5c, 0x36, 0x36, 0x4b, 0x3e, 0x22, 0x22, 0x36, 0x3e, 0x22, 0x3f,
    0x3b, 0x51, 0x51, 0x5a, 0x58, 0x4b, 0x76, 0x76, 0x4b, 0x76, 0x90, 0xb0, 0x90, 0x79, 0x6f, 0x36,
    0xfc, 0xfa, 0xf5, 0xee, 0xe0, 0xba, 0xa2, 0x87, 0x44, 0x41, 0x39, 0x2b, 0x44, 0x6f, 0x58, 0x6f,
    0x39, 0x7b, 0x87, 0x94, 0xb5, 0xb5, 0x41, 0x13, 0x04, 0x08, 0x04, 0x2d, 0x42, 0x4b, 0x6f, 0xb0,
    0x58, 0x58, 0x5c, 0x5a, 0x5a, 0x60, 0x51, 0x5e, 0x6d, 0x68, 0x7a, 0x8a, 0xa1, 0x86, 0x7a, 0x9b,
    0x65, 0x67, 0x65, 0x5a, 0x4b, 0x58, 0x67, 0x67, 0x5c, 0x67, 0x65, 0x5c, 0x4b, 0x6f, 0x67, 0x6f,
    0x5a, 0x58, 0x58, 0x58, 0x51, 0x58, 0x51, 0x42, 0x42, 0x42, 0x3b, 0x2d, 0x36, 0x22, 0x3b, 0x51,
    0x25, 0x7b, 0x7b, 0x9b, 0xb5, 0xb5, 0x41, 0x13, 0x04, 0xa7, 0x3e, 0x4b, 0x3e, 0x4b, 0x6f, 0xb0,
    0x67, 0x67, 0x6f, 0x5c, 0x4b, 0xa9, 0x5c, 0x6f, 0x5c, 0x6f, 0x6f, 0x5c, 0x6f, 0x5a, 0x4b, 0x44,
    0x4b, 0x65, 0x5c, 0x76, 0x76, 0xa7, 0x5c, 0x90, 0x90, 0x3e, 0x6f, 0x5c, 0x6f, 0x6f, 0xa9, 0x6f,
    0x6c, 0x29, 0xa4, 0x6c, 0xba, 0xd8, 0xe4, 0xe7, 0xe7, 0xce, 0xfb, 0xce, 0xee, 0xf5, 0xfb, 0xd6,
    0xa2, 0xba, 0xc3, 0xba, 0x87, 0x1c, 0x41, 0x41, 0x41, 0x27, 0x1c, 0x1c, 0x19, 0x6c, 0x38, 0x29,
    0x46, 0x46, 0x29, 0x29, 0x29, 0x46, 0x0f, 0x03, 0x05, 0x0f, 0x17, 0x0f, 0x29, 0x0f, 0x29, 0x44,
    0x0f, 0xa4, 0x29, 0x29, 0x32, 0x6c, 0x0f, 0x0f, 0x29, 0x29, 0x29, 0x6c, 0x29, 0x0f, 0x32, 0x29,
    0x58, 0x5a, 0x6b, 0x76, 0xba, 0xd8, 0xe4, 0xe7, 0xe7, 0xce, 0xfb, 0xce, 0xee, 0xf5, 0xfb, 0xd6,
    0xa2, 0xba, 0xc3, 0xba, 0x87, 0x1c, 0x41, 0x41, 0x41, 0x27, 0x1c, 0x1c, 0x22, 0x58, 0x32, 0x46,
    0x67, 0x76, 0x90, 0x65, 0x58, 0x76, 0x5a, 0x4b, 0x36, 0x4b, 0x4b, 0x4b, 0x65, 0x52, 0x32, 0x44,
    0x58, 0x58, 0x65, 0x76, 0x46, 0x65, 0x76, 0x65, 0x65, 0x36, 0x36, 0x4b, 0x65, 0x76, 0x90, 0x6f,
    0xfd, 0xfa, 0xfa, 0xf1, 0xe4, 0xdb, 0xc3, 0xa2, 0x44, 0x41, 0x1c, 0x39, 0x2b, 0x39, 0x44, 0x58,
    0x15, 0x7b, 0x7b, 0x87, 0x94, 0x87, 0x68, 0x2b, 0x13, 0x13, 0x13, 0x19, 0x6f, 0x6f, 0xa9, 0x6f,
    0x58, 0x5a, 0x65, 0x67, 0x6b, 0x6b, 0x60, 0x74, 0x6d, 0x6d, 0x8a, 0x8a, 0x81, 0x81, 0x7a, 0x9b,
    0x65, 0x6b, 0x67, 0x6b, 0x4b, 0xa9, 0x58, 0x6f, 0x65, 0x6f, 0x5a, 0x5c, 0x5c, 0x58, 0x58, 0x58,
    0x58, 0x65, 0x42, 0x6b, 0x5a, 0x58, 0x58, 0x4b, 0x3b, 0x58, 0x58, 0x22, 0x22, 0x67, 0xa9, 0x6f,
    0x15, 0x7b, 0x7b, 0x9b, 0x97, 0x9b, 0x75, 0x2b, 0x13, 0x04, 0x6f, 0x5c, 0x6f, 0x6f, 0xa9, 0x6f,
    0x6f, 0x5c, 0x6f, 0x90, 0x5c, 0xa9, 0x4b, 0x58, 0x4b, 0x4b, 0x4b, 0x5c, 0x65, 0x5a, 0x4b, 0x3b,
    0x46, 0x69, 0xa7, 0x76, 0x5c, 0x6b, 0x4b, 0x6b, 0x67, 0x6f, 0x79, 0x79, 0x79, 0x79, 0x6f, 0xa7,
    0x29, 0x29, 0x29, 0xbf, 0x8e, 0xd8, 0xea, 0xd8, 0xc6, 0xa5, 0xe7, 0xce, 0xee, 0xee, 0xf5, 0xd6,
    0xa2, 0xa2, 0xdb, 0xba, 0x7b, 0x7b, 0x1c, 0x7b, 0x41, 0x1c, 0x1c, 0x1c, 0x06, 0x15, 0x29, 0x29,
    0x29, 0x29, 0x29, 0x0f, 0x03, 0x17, 0x17, 0x0f, 0x03, 0x03, 0x0f, 0x6c, 0x6c, 0xa4, 0x6c, 0x6c,
    0x0f, 0x6c, 0x29, 0x0f, 0x6c, 0x03, 0x0f, 0x0f, 0x29, 0x0f, 0x6c, 0x6c, 0xa4, 0xa4, 0x29, 0x29,
    0x58, 0x65, 0x36, 0xbf, 0x8e, 0xd8, 0xea, 0xd8, 0xc6, 0xa5, 0xe7, 0xce, 0xee, 0xee, 0xf5, 0xd6,
    0xa2, 0xa2, 0xdb, 0xba, 0x7b, 0x7b, 0x1c, 0x7b, 0x41, 0x1c, 0x1c, 0x1c, 0x06, 0x19, 0x46, 0x32,
    0x76, 0x4b, 0x36, 0x36, 0x4b, 0x4b, 0x76, 0x36, 0x5a, 0x76, 0xbd, 0x90, 0x76, 0x5a, 0x46, 0x32,
    0x58, 0x65, 0x36, 0x36, 0x2a, 0x22, 0x36, 0x46, 0x2a, 0x2a, 0x22, 0x3e, 0x42, 0x4b, 0x36, 0x36,
    0xfe, 0xfe, 0xfd, 0xf4, 0xdb, 0xcc, 0xcc, 0xba, 0x87, 0x56, 0x1c, 0x1c, 0x2b, 0x20, 0x06, 0x19,
    0x06, 0x56, 0x75, 0xa1, 0x97, 0x8e, 0x87, 0x59, 0x15, 0x13, 0x08, 0x04, 0x2d, 0x6f, 0x6f, 0xa7,
    0x5a, 0x65, 0x65, 0x6f, 0x6b, 0x58, 0x69, 0x4a, 0x60, 0x5e, 0x6d, 0x6d, 0x81, 0x84, 0x8a, 0x9b,
    0x6b, 0x58, 0x6f, 0x90, 0x58, 0xa9, 0x4b, 0x58, 0x58, 0x58, 0x58, 0x5a, 0x65, 0x58, 0x4b, 0x4b,
    0x4b, 0x6b, 0x9f, 0x76, 0x58, 0x6b, 0x4b, 0x6b, 0x65, 0x6b, 0x76, 0x76, 0x58, 0x76, 0x6f, 0xa7,
    0x20, 0x44, 0x75, 0xa1, 0x8e, 0x8e, 0x8e, 0x44, 0x15, 0x06, 0x6f, 0x67, 0x6f, 0x79, 0x6f, 0xa7,
    0x6f, 0x6f, 0x6f, 0x6f, 0x67, 0x67, 0x5c, 0x5c, 0x5a, 0x4b, 0x4b, 0x4b, 0x90, 0x4b, 0x4b, 0x4b,
    0x3e, 0x4b, 0x5c, 0x67, 0x6f, 0x6f, 0xa7, 0x5c, 0x67, 0x67, 0x79, 0x90, 0x79, 0x79, 0x90, 0x79,
    0x29, 0x29, 0x8e, 0x8e, 0xc6, 0xe7, 0xbf, 0xbf, 0xc6, 0xce, 0xb5, 0xa5, 0xe7, 0xfe, 0xd6, 0xd6,
    0xa2, 0xa2, 0xa2, 0xa2, 0x41, 0x7b, 0x7b, 0x7b, 0x68, 0x68, 0x56, 0x1c, 0x15, 0x06, 0x1c, 0x6c,
    0x0f, 0x29, 0x29, 0x65, 0x6c, 0x0f, 0x0f, 0x46, 0x46, 0x29, 0x6c, 0xa4, 0xa4, 0x6c, 0x6c, 0x6c,
    0x6c, 0x29, 0x29, 0x29, 0x0f, 0x0f, 0x0f, 0x03, 0x0f, 0x0f, 0x29, 0xa4, 0xa4, 0x6c, 0x6c, 0xa4,
    0x58, 0x36, 0x8e, 0x8e, 0xc6, 0xe7, 0xbf, 0xbf, 0xc6, 0xce, 0xb5, 0xa5, 0xe7, 0xfe, 0xd6, 0xd6,
    0xa2, 0xa2, 0xa2, 0xa2, 0x41, 0x7b, 0x7b, 0x7b, 0x68, 0x68, 0x56, 0x1c, 0x15, 0x06, 0x1c, 0x46,
    0x36, 0x22, 0x36, 0x22, 0x36, 0x42, 0x58, 0x65, 0x76, 0x4b, 0x4b, 0x58, 0x58, 0x58, 0x52, 0x4b,
    0x58, 0x3e, 0x36, 0x2a, 0x22, 0x22, 0x22, 0x22, 0x2a, 0x36, 0x3e, 0x42, 0x42, 0x36, 0x2a, 0x22,
    0xfe, 0xfe, 0xf0, 0xce, 0xb5, 0xa2, 0x94, 0x87, 0x87, 0x56, 0x1c, 0x1c, 0x1c, 0x41, 0x1c, 0x02,
    0x13, 0x15, 0x7a, 0x9b, 0x97, 0x87, 0x87, 0x7b, 0x39, 0x15, 0x13, 0x02, 0x22, 0x6f, 0x90, 0x79,
    0x5a, 0x6f, 0x5a, 0x58, 0x4b, 0x9f, 0x51, 0x69, 0x60, 0x60, 0x6d, 0x74, 0x8a, 0x88, 0x8a, 0x84,
    0x6f, 0x6f, 0x6f, 0x6f, 0x6b, 0x65, 0x5a, 0x5a, 0x5a, 0x58, 0x4b, 0x4b, 0x90, 0x4b, 0x4b, 0x4b,
    0x4b, 0x4b, 0x58, 0x6b, 0x6f, 0x6f, 0xa7, 0x58, 0x65, 0x6f, 0x76, 0x90, 0x83, 0x83, 0x90, 0x83,
    0x1c, 0x15, 0x7b, 0x9b, 0x7b, 0x87, 0x87, 0x68, 0x41, 0x15, 0x13, 0x90, 0x79, 0x79, 0x90, 0x79,
    0x4b, 0x87, 0x8e, 0x5c, 0x5c, 0xcc, 0xcc, 0xb2, 0xad, 0x8e, 0x8e, 0xe9, 0xf4, 0xf4, 0xe4, 0xad,
    0x15, 0x15, 0x44, 0x9b, 0x7b, 0x56, 0x7b, 0x75, 0x59, 0x3f, 0x2b, 0x13, 0x8e, 0x90, 0x4b, 0x67,
    0x56, 0x39, 0x13, 0xa1, 0x87, 0xb9, 0xa1, 0x9b, 0x9b, 0xd6, 0xe4, 0xee, 0xfb, 0xfe, 0xe7, 0xad,
    0x13, 0x13, 0x13, 0x39, 0x3e, 0x4b, 0x5c, 0x6b, 0x65, 0x5a, 0x65, 0x67, 0x6f, 0x90, 0x4b, 0x67,
    0x3e, 0x6f, 0x79, 0x79, 0x6f, 0x90, 0x90, 0x79, 0x6f, 0x5c, 0x5c, 0x13, 0x13, 0x8e, 0x7b, 0x7b,
    0x6c, 0x21, 0x21, 0x21, 0x21, 0x21, 0x29, 0x21, 0x21, 0x21, 0x6c, 0x6c, 0x21, 0x6c, 0x8b, 0x6c,
    0x21, 0x21, 0x21, 0x0f, 0x01, 0x09, 0x01, 0x09, 0x09, 0x6c, 0x6c, 0x8b, 0x71, 0x6c, 0x8b, 0x6c,
    0x02, 0x19, 0x09, 0x21, 0x21, 0x01, 0x01, 0x6c, 0x6c, 0x21, 0x09, 0x09, 0x21, 0x29, 0x21, 0x6c,
    0x21, 0x21, 0xa1, 0x45, 0x74, 0x93, 0xa1, 0xb2, 0xbf, 0xd8, 0xce, 0x9b, 0x7a, 0x6d, 0x8a, 0x86,
    0x56, 0x41, 0x56, 0x87, 0x87, 0x8e, 0x94, 0x94, 0xa2, 0xba, 0x7a, 0x04, 0x06, 0x06, 0x1c, 0x15,
    0x15, 0x06, 0x44, 0x8e, 0x75, 0x7b, 0x87, 0x75, 0x56, 0x44, 0x1b, 0x04, 0x04, 0x6c, 0x8b, 0x6c,
    0x21, 0x21, 0x09, 0x01, 0x21, 0x21, 0x09, 0x01, 0x21, 0x45, 0x5e, 0x7a, 0x84, 0x81, 0x7a, 0x7a,
    0x6d, 0x7a, 0x6d, 0x6d, 0x7a, 0x84, 0x7a, 0xa1, 0xa1, 0xa1, 0x9b, 0x6d, 0x39, 0x20, 0x15, 0x41,
    0x59, 0x27, 0x06, 0x13, 0x13, 0x25, 0x09, 0x01, 0x21, 0x8b, 0x6c, 0x21, 0x8b, 0xd0, 0xd0, 0x99,
    0x21, 0x87, 0x8e, 0x8e, 0xa1, 0xcc, 0xcc, 0xc3, 0xad, 0x8e, 0x8e, 0xe9, 0xf4, 0xf4, 0xe4, 0xad,
    0x2b, 0x44, 0x8e, 0x59, 0x41, 0x56, 0x87, 0x87, 0x7b, 0x59, 0x59, 0x56, 0x56, 0x06, 0x06, 0x6c,
    0x5a, 0x5c, 0x67, 0x6f, 0x5c, 0xa1, 0x3e, 0xcc, 0xa2, 0xa1, 0x8e, 0xf4, 0xf4, 0xe4, 0xd6, 0xa2,
    0x7b, 0x7b, 0x44, 0x22, 0x44, 0x06, 0x8a, 0x7a, 0x6d, 0x44, 0x2f, 0x13, 0x04, 0x6f, 0x6f, 0x6f,
    0x2b, 0x2b, 0x56, 0x59, 0xa1, 0x7a, 0x8a, 0xb2, 0xd6, 0xce, 0xb2, 0xee, 0xfb, 0xfb, 0xe7, 0xcc,
    0x7b, 0x7b, 0x39, 0x13, 0x06, 0xa7, 0xa7, 0x4b, 0x4b, 0x4b, 0x6f, 0x6f, 0x6f, 0x6f, 0x79, 0x6f,
    0x3e, 0xa9, 0x6f, 0x6f, 0xb0, 0x6f, 0x90, 0x73, 0x6f, 0x5c, 0x8e, 0xe4, 0xe9, 0xfe, 0xfe, 0xfe,
    0x6c, 0x6c, 0x6c, 0x09, 0x21, 0x21, 0x29, 0x21, 0x09, 0x09, 0x21, 0x21, 0x21, 0x6c, 0x6c, 0x6c,
    0x29, 0x21, 0x09, 0x21, 0x0f, 0x01, 0x01, 0x01, 0x09, 0xd0, 0x8b, 0xd0, 0x21, 0x6c, 0x6c, 0x21,
    0x02, 0x02, 0x09, 0x01, 0x09, 0x01, 0x01, 0x03, 0x03, 0x05, 0x21, 0x09, 0x21, 0x29, 0x6c, 0x21,
    0x21, 0x74, 0x45, 0x84, 0x86, 0xa1, 0x9b, 0xb2, 0xbf, 0xd8, 0xbf, 0x81, 0x5b, 0x6d, 0x5e, 0x8e,
    0x44, 0x68, 0x87, 0x7a, 0x86, 0x94, 0xa2, 0x8e, 0xa2, 0xa2, 0x87, 0x06, 0x02, 0x06, 0x15, 0x15,
    0x15, 0x15, 0x39, 0x7a, 0x6d, 0x6d, 0x8e, 0x7a, 0x7a, 0x54, 0x39, 0x13, 0x02, 0x19, 0x6c, 0x6c,
    0x58, 0xd2, 0x21, 0x09, 0x9f, 0x01, 0x01, 0x03, 0x09, 0x45, 0x7a, 0x6d, 0x8a, 0x8a, 0x6d, 0x7a,
    0x60, 0x54, 0x5e, 0x60, 0x5e, 0x68, 0x86, 0xa1, 0x9b, 0xa1, 0xa1, 0x6d, 0x2b, 0x13, 0x1c, 0x2b,
    0x1c, 0x20, 0x20, 0x15, 0x13, 0x01, 0x03, 0x01, 0x0f, 0x6c, 0x8b, 0x21, 0x67, 0xd0, 0x8b, 0x6c,
    0x58, 0xd0, 0x21, 0x09, 0x9f, 0x21, 0xcc, 0xcc, 0xa1, 0xa1, 0x8e, 0xf4, 0xf4, 0xe4, 0xd6, 0xa2,
    0x02, 0x02, 0x87, 0x59, 0x1c, 0x41, 0x41, 0x59, 0x87, 0x8e, 0x56, 0x41, 0x59, 0x21, 0x6c, 0x21,
    0x4b, 0x6f, 0x6f, 0x4b, 0x4b, 0x4b, 0x5c, 0x5c, 0x8e, 0x8e, 0xc8, 0xfb, 0xf4, 0xe0, 0xcc, 0xd6,
    0xcc, 0xcc, 0x7b, 0x87, 0x15, 0x15, 0x20, 0x44, 0x6d, 0x44, 0x39, 0x25, 0x04, 0x04, 0x6f, 0xa9,
    0x2b, 0x2b, 0x15, 0x45, 0x7a, 0x7a, 0x74, 0x9b, 0xa1, 0xb2, 0xa1, 0xd8, 0xee, 0xf4, 0xe4, 0xd8,
    0xcc, 0xcc, 0x7b, 0x87, 0x1c, 0x15, 0x06, 0x3e, 0x42, 0x3e, 0x58, 0x6f, 0x6f, 0x79, 0x6f, 0xa9,
    0x6f, 0xa9, 0x6f, 0x6f, 0xa9, 0x6f, 0x76, 0x6f, 0x6f, 0x8e, 0xfb, 0xfa, 0xfd, 0xfe, 0xfe, 0xfe,
    0x21, 0x6c, 0x21, 0x21, 0x58, 0x9f, 0x21, 0x09, 0x4b, 0x09, 0x09, 0x6c, 0x6c, 0x8b, 0x6c, 0x6c,
    0x21, 0x6c, 0x5d, 0x21, 0x29, 0x01, 0x01, 0x4c, 0x8b, 0x8b, 0xd0, 0x71, 0x6c, 0x21, 0x09, 0x09,
    0x44, 0x02, 0x02, 0x8b, 0x09, 0x09, 0x21, 0x01, 0x01, 0x03, 0x09, 0x21, 0x21, 0x09, 0x21, 0x21,
    0x21, 0x74, 0x74, 0x81, 0x7a, 0x93, 0xa1, 0xa5, 0xbf, 0xbf, 0x8e, 0x55, 0x55, 0x47, 0x7a, 0x86,
    0x68, 0x68, 0x7b, 0x87, 0x87, 0x7a, 0xb2, 0xb5, 0xa2, 0x7b, 0x87, 0x39, 0x02, 0x06, 0x15, 0x15,
    0x15, 0x15, 0x3f, 0x44, 0x7a, 0x7a, 0x6d, 0x7a, 0x7a, 0x47, 0x44, 0x25, 0x13, 0x04, 0x6c, 0x6c,
    0xbd, 0xd2, 0x58, 0x9f, 0xd2, 0x58, 0x01, 0x01, 0x01, 0x21, 0x3f, 0x74, 0x5e, 0x51, 0x5e, 0x51,
    0x5e, 0x5e, 0x5e, 0x54, 0x45, 0x6d, 0x7a, 0xa1, 0x8e, 0x93, 0xa1, 0x44, 0x15, 0x13, 0x06, 0x06,
    0x1c, 0x2b, 0x2b, 0x15, 0x13, 0x21, 0x01, 0x01, 0x01, 0x21, 0x8b, 0x6c, 0x21, 0x6c, 0x6c, 0x21,
    0xd0, 0xd0, 0x58, 0x9f, 0xd0, 0x21, 0x21, 0x21, 0x8e, 0x8e, 0xc8, 0xfb, 0xf4, 0xe0, 0xcc, 0xd6,
    0x56, 0x02, 0x06, 0x2b, 0x1c, 0x1c, 0x41, 0x39, 0x7b, 0x59, 0x41, 0x41, 0x21, 0x09, 0x21, 0x21,
    0x38, 0x4b, 0x46, 0x46, 0x46, 0x4b, 0x46, 0x3e, 0x8e, 0x8e, 0xcc, 0xba, 0xe4, 0xcc, 0xd6, 0xe4,
    0xfe, 0xf1, 0xcc, 0xcc, 0x87, 0x04, 0x04, 0x44, 0x39, 0x3f, 0x44, 0x2f, 0x15, 0x13, 0x6f, 0xa9,
    0x13, 0x15, 0x15, 0x56, 0x15, 0x56, 0x7a, 0x8e, 0xa1, 0x8e, 0x8a, 0xb9, 0xd6, 0xee, 0xcc, 0xb2,
    0xfe, 0xf1, 0xcc, 0xcc, 0x87, 0x02, 0x06, 0x39, 0x5c, 0x5a, 0x3e, 0x6f, 0x4b, 0xa9, 0x6f, 0xa9,
    0x6f, 0x79, 0x90, 0xb0, 0x6f, 0xa7, 0x6f, 0x5c, 0x44, 0xe4, 0xfa, 0xfe, 0xfe, 0xfe, 0xfd, 0xfe,
    0x09, 0x09, 0x21, 0xd2, 0x9f, 0xd2, 0x58, 0xd2, 0x9f, 0x58, 0x29, 0x21, 0x8b, 0x6c, 0x6c, 0x6c,
    0x8b, 0x8b, 0x6c, 0x8b, 0x21, 0x6c, 0x21, 0x52, 0xd0, 0xd0, 0x21, 0x21, 0x8b, 0x8b, 0x01, 0x09,
    0xad, 0x06, 0x02, 0x04, 0x09, 0x01, 0x09, 0x01, 0x01, 0x01, 0x01, 0x03, 0x09, 0x21, 0x58, 0x9f,
    0x8e, 0x5e, 0x84, 0x8a, 0x86, 0xa1, 0x97, 0xa1, 0xa1, 0x8e, 0x54, 0x3a, 0x3f, 0x54, 0x7a, 0x97,
    0x59, 0x7b, 0x75, 0x87, 0x87, 0x8e, 0x7a, 0x59, 0x59, 0x68, 0x87, 0x7b, 0x02, 0x06, 0x13, 0x13,
    0x06, 0x13, 0x06, 0x44, 0x47, 0x74, 0x5b, 0x5e, 0x56, 0x74, 0x3a, 0x3f, 0x13, 0x13, 0x13, 0x3f,
    0xd2, 0x9f, 0xd2, 0xd2, 0x58, 0x58, 0x09, 0x01, 0x9f, 0x6c, 0x21, 0x74, 0x5e, 0x5e, 0x21, 0x5e,
    0x21, 0x74, 0x74, 0x4a, 0x4a, 0x6d, 0x74, 0x84, 0x6d, 0xa1, 0xa1, 0x44, 0x06, 0x04, 0x04, 0x04,
    0x15, 0x1c, 0x1c, 0x06, 0x13, 0x58, 0x09, 0x01, 0x9f, 0x6c, 0x29, 0x21, 0x6c, 0x21, 0x21, 0x0f,
    0xd0, 0x9f, 0xd0, 0xd0, 0x58, 0x58, 0x09, 0x21, 0x21, 0x8e, 0xcc, 0xba, 0xe4, 0xcc, 0xd6, 0xe4,
    0xad, 0x1c, 0x02, 0x2b, 0x15, 0x04, 0x15, 0x39, 0x1c, 0x21, 0x41, 0x21, 0x21, 0x21, 0x58, 0x9f,
    0x29, 0x3e, 0x3e, 0x46, 0x4b, 0x46, 0x4b, 0x58, 0x3e, 0xa2, 0x94, 0x94, 0xad, 0xad, 0xdb, 0xe4,
    0xfe, 0xf4, 0xe0, 0xad, 0x87, 0x04, 0x04, 0x1c, 0x44, 0x2f, 0x3f, 0x34, 0x22, 0x2b, 0x6f, 0x6f,
    0x08, 0x1b, 0x2b, 0x15, 0x25, 0x3f, 0x54, 0x75, 0xa1, 0x8a, 0x7a, 0xb6, 0xd6, 0xe4, 0xc8, 0x8e,
    0xfe, 0xf4, 0xe0, 0xad, 0x87, 0x02, 0x02, 0x06, 0x5c, 0x6f, 0x67, 0x6f, 0x3e, 0x5c, 0x6f, 0x6f,
    0x79, 0x6f, 0x90, 0x6f, 0x5c, 0xa7, 0xa7, 0x44, 0xe0, 0xf4, 0xfe, 0xfe, 0xf4, 0xf4, 0xfe, 0xfe,
    0x01, 0x09, 0x09, 0x09, 0xd2, 0x9f, 0x9f, 0xd2, 0x58, 0x3e, 0x09, 0x21, 0x6c, 0x6c, 0x21, 0x21,
    0x8b, 0x6c, 0x8b, 0x6c, 0x6c, 0x5d, 0x21, 0x21, 0x6c, 0x21, 0x21, 0x21, 0xd0, 0xd0, 0x6c, 0x01,
    0xba, 0x94, 0x02, 0x02, 0x19, 0x01, 0x09, 0x01, 0x01, 0x01, 0x01, 0x01, 0x09, 0x21, 0xd2, 0xd2,
    0x51, 0x6c, 0x6c, 0x5e, 0x7a, 0x86, 0xa1, 0xa1, 0xa1, 0x74, 0x3f, 0x34, 0x34, 0x5e, 0x86, 0xa1,
    0x56, 0x59, 0x7b, 0x7b, 0x7b, 0x44, 0x56, 0x56, 0x44, 0x56, 0x7b, 0x7b, 0x02, 0x04, 0x25, 0x06,
    0x13, 0x13, 0x13, 0x34, 0x74, 0x4a, 0x4a, 0x74, 0x55, 0x47, 0x3f, 0x25, 0x13, 0x13, 0x13, 0x13,
    0x58, 0x9f, 0x9f, 0x58, 0x3e, 0x3e, 0x21, 0x58, 0x58, 0x21, 0x09, 0x21, 0x21, 0x51, 0x2a, 0x21,
    0x09, 0x45, 0x45, 0x45, 0x45, 0x5e, 0x8a, 0x8a, 0x45, 0xa1, 0x7a, 0x3f, 0x13, 0x02, 0x04, 0x04,
    0x06, 0x06, 0x1c, 0x13, 0x6c, 0x3e, 0x21, 0x58, 0x58, 0x21, 0x09, 0x21, 0x8b, 0x8b, 0x09, 0x09,
    0x58, 0x9f, 0x9f, 0x58, 0x3e, 0x3e, 0x21, 0x52, 0x21, 0xa2, 0x8e, 0x94, 0xad, 0xad, 0xdb, 0xe4,
    0xcc, 0x87, 0x02, 0x2b, 0x1c, 0x04, 0x06, 0x15, 0x2b, 0x06, 0x01, 0x04, 0x09, 0x21, 0xd0, 0xd0,
    0x29, 0x29, 0x3e, 0x46, 0x46, 0x3e, 0x5c, 0x5c, 0x67, 0x8e, 0x8e, 0x87, 0xad, 0xd6, 0xe4, 0xe7,
    0xfe, 0xfe, 0xe0, 0xcc, 0xad, 0x06, 0x1c, 0x06, 0x20, 0x15, 0x34, 0x34, 0x2d, 0x6f, 0x6f, 0x6f,
    0x08, 0x13, 0x2b, 0x13, 0x25, 0x2d, 0x51, 0x60, 0x7a, 0x7a, 0x7a, 0xb9, 0xd8, 0xf4, 0xc3, 0x8e,
    0xfe, 0xfe, 0xe0, 0xcc, 0xad, 0x06, 0x1c, 0x06, 0x1c, 0x5c, 0x6f, 0x4b, 0x44, 0x2b, 0x41, 0x44,
    0x6f, 0xa9, 0x73, 0x6f, 0x67, 0x58, 0xb0, 0xcc, 0xf4, 0xe9, 0xfe, 0xb2, 0xb2, 0xf4, 0xfe, 0xfe,
    0x58, 0x9f, 0x09, 0x65, 0x9f, 0xd2, 0xd2, 0x58, 0x9f, 0x3e, 0x3e, 0x9b, 0xa1, 0xe7, 0x09, 0x21,
    0x6c, 0x29, 0x21, 0x6c, 0x8b, 0x6c, 0x6c, 0x6c, 0x29, 0x09, 0x09, 0x6c, 0x6c, 0x6c, 0x21, 0x09,
    0xc3, 0xd6, 0x62, 0x02, 0x06, 0x2d, 0x01, 0x01, 0x01, 0x01, 0x58, 0x21, 0x9f, 0xd2, 0xd2, 0x9f,
    0x6c, 0x8b, 0x51, 0x6c, 0x60, 0x6d, 0x8a, 0x84, 0x7a, 0x3f, 0x1b, 0x25, 0x4a, 0x6d, 0x7a, 0x97,
    0x56, 0x56, 0x59, 0x56, 0x39, 0x2b, 0x39, 0x44, 0x56, 0x44, 0x56, 0x7b, 0x1c, 0x13, 0x3f, 0x15,
    0x13, 0x13, 0x13, 0x3f, 0x4a, 0x3f, 0x3a, 0x3a, 0x4a, 0x4a, 0x3a, 0x3a, 0x25, 0x13, 0x13, 0x13,
    0x9f, 0x58, 0x58, 0xd2, 0x9f, 0xd2, 0x58, 0xd2, 0x9f, 0x58, 0x01, 0x01, 0x6c, 0x21, 0x09, 0x21,
    0x03, 0x09, 0x2d, 0x45, 0x45, 0x54, 0x5e, 0x6d, 0x45, 0x8a, 0x8a, 0x2b, 0x13, 0x08, 0x04, 0x08,
    0x04, 0x06, 0x65, 0x6c, 0x9f, 0xd2, 0x58, 0xd2, 0x9f, 0x58, 0x01, 0x01, 0x6c, 0x21, 0x09, 0x01,
    0x9f, 0x58, 0x58, 0xd0, 0x9f, 0xd0, 0x58, 0xd0, 0x21, 0x21, 0x8e, 0x87, 0xad, 0xd6, 0xe4, 0xe7,
    0xcc, 0xdb, 0x59, 0x04, 0x06, 0x06, 0x04, 0x04, 0x21, 0x21, 0x58, 0x21, 0x99, 0xd0, 0xd0, 0x9f,
    0x3e, 0xa7, 0x3e, 0x42, 0x4b, 0x5a, 0x6f, 0x67, 0x6f, 0x3e, 0x3e, 0x8e, 0xad, 0xe4, 0xe9, 0xe4,
    0xfe, 0xfd, 0xe4, 0xe4, 0xad, 0x2b, 0x15, 0x15, 0x39, 0x39, 0x2f, 0x2f, 0x6f, 0x6f, 0x6f, 0x67,
    0x04, 0x13, 0x2b, 0x22, 0x2d, 0x2d, 0x5c, 0x51, 0x74, 0x84, 0x8a, 0xb2, 0xd8, 0xee, 0xb9, 0x7b,
    0xfe, 0xfd, 0xe4, 0xe4, 0xad, 0x1c, 0x27, 0x1c, 0x41, 0x44, 0x44, 0xe9, 0xee, 0xcc, 0xa2, 0x44,
    0x44, 0x44, 0x44, 0x6f, 0x6f, 0x5c, 0x44, 0xd6, 0xe7, 0xfb, 0xe9, 0xb2, 0xd8, 0xfd, 0xfe, 0xfe,
    0xd2, 0x9f, 0x58, 0x9f, 0x58, 0xd2, 0x58, 0x3e, 0x58, 0x21, 0xb2, 0xd8, 0xee, 0xe7, 0xba, 0xa1,
    0x21, 0x09, 0x09, 0x21, 0x6c, 0x29, 0x21, 0x6c, 0x21, 0x09, 0x09, 0x6c, 0x09, 0x09, 0x09, 0xd2,
    0xc8, 0xe0, 0xb5, 0x06, 0x02, 0x1b, 0x2d, 0x09, 0x01, 0x01, 0x09, 0x58, 0xd2, 0xd2, 0x9f, 0xd2,
    0x21, 0x6c, 0x09, 0x21, 0x7a, 0x6d, 0x6d, 0x6d, 0x4a, 0x1b, 0x19, 0x2d, 0x3a, 0x8a, 0x9b, 0xa1,
    0x56, 0x56, 0x39, 0x39, 0x39, 0x39, 0x44, 0x56, 0x44, 0x3c, 0x44, 0x56, 0x41, 0x15, 0x2b, 0x13,
    0x08, 0x04, 0x13, 0x1b, 0x3f, 0x34, 0x3f, 0x34, 0x34, 0x3f, 0x3f, 0x45, 0x3a, 0x1b, 0x13, 0x13,
    0x65, 0x58, 0xd2, 0xbd, 0xd2, 0xa7, 0x58, 0x3e, 0x58, 0x58, 0x9f, 0x01, 0x01, 0x09, 0x09, 0x09,
    0x21, 0x29, 0x2a, 0x2d, 0x3a, 0x74, 0x6d, 0x54, 0x5e, 0x8a, 0x6d, 0x06, 0x08, 0x06, 0x08, 0x08,
    0x13, 0x6c, 0x6c, 0xd2, 0xd2, 0xa7, 0x58, 0x3e, 0x58, 0x58, 0x9f, 0x01, 0x01, 0x09, 0x09, 0x09,
    0x65, 0x58, 0xd0, 0xd0, 0xd0, 0x9f, 0x58, 0x3e, 0x58, 0x58, 0x21, 0x87, 0xad, 0xe4, 0xe9, 0xe4,
    0xc8, 0xe0, 0xb5, 0x1c, 0x04, 0x06, 0x04, 0x06, 0x21, 0x04, 0x09, 0x58, 0xd0, 0xd0, 0x9f, 0xd0,
    0x3e, 0x46, 0x42, 0x46, 0x46, 0x4b, 0x5a, 0x67, 0x67, 0x6f, 0x6f, 0x5c, 0xdb, 0xe9, 0xe0, 0xcc,
    0xfe, 0xfe, 0xdb, 0xe0, 0xe4, 0x7b, 0x06, 0x2b, 0x56, 0x56, 0x15, 0x2b, 0x6f, 0x6f, 0x6f, 0x6f,
    0x13, 0x13, 0x13, 0x2d, 0x6f, 0x5c, 0x51, 0x2d, 0x45, 0x6d, 0x90, 0x8a, 0xb2, 0xd8, 0xa1, 0x87,
    0xfe, 0xfe, 0xdb, 0xe0, 0xe4, 0x7b, 0x06, 0x1c, 0x56, 0xe9, 0xee, 0xee, 0xf5, 0xfa, 0xfa, 0xdb,
    0xdb, 0xdb, 0x44, 0x44, 0x4b, 0x44, 0x7b, 0xd6, 0xe0, 0xf4, 0xcc, 0xd8, 0xf2, 0xfe, 0xfe, 0xfe,
    0xd2, 0xd2, 0x58, 0x58, 0x3e, 0x65, 0x58, 0x9f, 0xa1, 0xd8, 0xe0, 0xee, 0xf5, 0xfb, 0xfb, 0xfa,
    0xba, 0x87, 0x6c, 0x21, 0x21, 0x09, 0x21, 0x01, 0x09, 0x21, 0x21, 0x09, 0x09, 0x09, 0x09, 0x21,
    0xb5, 0xba, 0xd6, 0x62, 0x04, 0x13, 0x22, 0x6c, 0x09, 0xd2, 0xd2, 0x9f, 0x58, 0xd2, 0xd2, 0x3b,
    0x8b, 0x8b, 0x6c, 0x21, 0x21, 0x6c, 0x6c, 0x3a, 0x2a, 0x19, 0x2d, 0x34, 0x45, 0x86, 0xa1, 0xa1,
    0x44, 0x39, 0x39, 0x2b, 0x41, 0x39, 0x39, 0x39, 0x44, 0x39, 0x44, 0x44, 0x7b, 0x2b, 0x20, 0x13,
    0x08, 0x08, 0x04, 0x13, 0x25, 0x2b, 0x2d, 0x34, 0x2d, 0x34, 0x3f, 0x45, 0x3b, 0x6c, 0x2d, 0x6c,
    0x5a, 0x9f, 0xd2, 0xd2, 0x9f, 0x9f, 0xd2, 0xd2, 0x9f, 0x58, 0x38, 0x01, 0x01, 0x01, 0x01, 0x01,
    0x8b, 0x09, 0x21, 0x6c, 0x45, 0x74, 0x4a, 0x45, 0x45, 0x45, 0x45, 0x13, 0x13, 0x04, 0x04, 0x13,
    0x13, 0x9f, 0xd2, 0xd2, 0x9f, 0x9f, 0xd2, 0xd2, 0x9f, 0x58, 0x38, 0x01, 0x01, 0x01, 0x01, 0x01,
    0x5a, 0x9f, 0xd0, 0xd0, 0x9f, 0x9f, 0xd0, 0xd0, 0x9f, 0x58, 0x41, 0xa1, 0xdb, 0xe9, 0xe0, 0xcc,
    0xb5, 0xba, 0xdb, 0x59, 0x04, 0x06, 0x04, 0x21, 0x09, 0xd0, 0xd0, 0x9f, 0x58, 0xd0, 0xd0, 0x36,
    0x58, 0x3e, 0x4b, 0x4b, 0x3e, 0x4b, 0x6b, 0x67, 0x73, 0x6f, 0x5c, 0xd6, 0xe9, 0xe0, 0xcc, 0xb2,
    0xf4, 0xb9, 0x7b, 0xad, 0xe0, 0x56, 0x1c, 0x04, 0x56, 0x44, 0x15, 0x5c, 0xb0, 0x4b, 0x6f, 0x67,
    0x45, 0x3b, 0x45, 0x6b, 0xb0, 0x6f, 0x2d, 0x45, 0x74, 0x3f, 0x8a, 0xa1, 0xb2, 0xa1, 0x86, 0x75,
    0xf4, 0xb9, 0x7b, 0xad, 0xe0, 0x56, 0x1c, 0x04, 0xe9, 0xd6, 0xf0, 0xfa, 0xfa, 0xfb, 0xf5, 0xe9,
    0xdb, 0xdb, 0xdb, 0x44, 0x15, 0x15, 0x9b, 0xdb, 0xd6, 0xdb, 0xdb, 0xd8, 0xfb, 0xfd, 0xfe, 0xfe,
    0x46, 0x58, 0x21, 0x3e, 0x21, 0x9f, 0x9f, 0xd6, 0xf1, 0xf1, 0xee, 0xf5, 0xfa, 0xfb, 0xfb, 0xfd,
    0xfb, 0xfa, 0xba, 0x87, 0x56, 0x01, 0x01, 0x01, 0x21, 0x01, 0x21, 0x09, 0x09, 0x01, 0x01, 0x9f,
    0xad, 0xb5, 0xb5, 0xb5, 0x1c, 0x13, 0x13, 0x19, 0x22, 0x3e, 0xd2, 0x9f, 0x46, 0x3e, 0x9f, 0x58,
    0x8b, 0x5d, 0x6c, 0x09, 0x21, 0x01, 0x6c, 0x21, 0x22, 0x3b, 0x34, 0x3a, 0x86, 0x97, 0xa1, 0xa1,
    0x39, 0x41, 0x2b, 0x1c, 0x39, 0x2b, 0x34, 0x44, 0x39, 0x44, 0x44, 0x39, 0x44, 0x2b, 0x06, 0x15,
    0x13, 0x04, 0x02, 0x04, 0x3f, 0x25, 0x2d, 0x2d, 0x3b, 0x25, 0x2d, 0x6c, 0x6c, 0x01, 0x6c, 0x5d,
    0x3e, 0x58, 0xd2, 0xd2, 0x9f, 0xd2, 0x58, 0x3e, 0x52, 0x9f, 0x58, 0x21, 0x01, 0x01, 0x01, 0x01,
    0x09, 0x21, 0x5d, 0x67, 0x3b, 0x51, 0x45, 0x45, 0x3a, 0x45, 0x4a, 0x19, 0x21, 0x13, 0x04, 0x58,
    0x3e, 0x58, 0xd2, 0xd2, 0x9f, 0xd2, 0x58, 0x3e, 0x52, 0x9f, 0x58, 0x21, 0x01, 0x01, 0x01, 0x01,
    0x3e, 0x58, 0xd0, 0xd0, 0x9f, 0xd0, 0x58, 0x4b, 0x58, 0x44, 0x44, 0xd6, 0xe9, 0xe0, 0xcc, 0xb2,
    0xa2, 0xb5, 0xad, 0xb5, 0x1c, 0x04, 0x13, 0x6c, 0x21, 0x3e, 0xd0, 0x9f, 0x46, 0x3e, 0x9f, 0x58,
    0x6f, 0x4b, 0x4b, 0x4b, 0x4b, 0xb0, 0x5c, 0x5c, 0x6f, 0xb2, 0xb9, 0xe0, 0xe4, 0xcc, 0xa1, 0x9b,
    0xee, 0xc3, 0x8e, 0x56, 0xad, 0x56, 0x15, 0x04, 0x2b, 0x15, 0x04, 0x13, 0xb0, 0x79, 0x5c, 0x5a,
    0x3e, 0x22, 0x45, 0x58, 0x6f, 0x6f, 0x2d, 0x2d, 0x51, 0x51, 0x7a, 0xb0, 0xa1, 0x8a, 0x7a, 0x7a,
    0xea, 0xb9, 0x97, 0x59, 0xad, 0x59, 0x2b, 0xe9, 0xf2, 0xe9, 0xf2, 0xf5, 0xfb, 0xfb, 0xfa, 0xfd,
    0xfd, 0xfa, 0xee, 0xe0, 0xa2, 0x8e, 0xa2, 0xb2, 0x87, 0xcc, 0xe4, 0xed, 0xfe, 0xfd, 0xfe, 0xfe,
    0x58, 0x21, 0x38, 0x58, 0x21, 0x21, 0xcc, 0xf4, 0xf2, 0xf4, 0xf4, 0xf5, 0xfa, 0xfb, 0xfa, 0xfc,
    0xfb, 0xfa, 0xee, 0xee, 0xba, 0x87, 0x56, 0x59, 0x09, 0x01, 0x09, 0x09, 0x01, 0x0f, 0x01, 0x58,
    0x94, 0xa2, 0xad, 0xb5, 0x68, 0x06, 0x15, 0x13, 0x13, 0x22, 0x3e, 0x58, 0x21, 0x21, 0x46, 0x58,
    0x21, 0x6c, 0x21, 0x09, 0x09, 0x01, 0x21, 0x09, 0x09, 0x2d, 0x45, 0x6d, 0xa1, 0xa1, 0xa1, 0xa1,
    0x41, 0x2b, 0x2b, 0x20, 0x27, 0x2b, 0x2b, 0x39, 0x34, 0x3a, 0x44, 0x3f, 0x39, 0x44, 0x15, 0x15,
    0x13, 0x04, 0x04, 0x21, 0x6c, 0x25, 0x2a, 0x2d, 0x3e, 0x21, 0x3e, 0x3e, 0x21, 0x09, 0x21, 0x6c,
    0x9f, 0x58, 0x5a, 0x9f, 0x9f, 0x9f, 0x3e, 0x46, 0x21, 0x58, 0x4b, 0x58, 0x3e, 0x01, 0x21, 0x8b,
    0x8b, 0x6c, 0x21, 0xd0, 0x6c, 0x51, 0x45, 0x3a, 0x45, 0x21, 0x2a, 0x13, 0x2a, 0x21, 0x19, 0x58,
    0x9f, 0x58, 0x5a, 0x9f, 0x9f, 0x9f, 0x3e, 0x46, 0x21, 0x58, 0x4b, 0x58, 0x3e, 0x01, 0x21, 0x8b,
    0x9f, 0x58, 0x5a, 0x9f, 0x9f, 0x9f, 0x3e, 0x3e, 0x41, 0xa2, 0xb9, 0xe0, 0xe4, 0xcc, 0xa1, 0x9b,
    0xa2, 0xa2, 0xad, 0xb5, 0x68, 0x06, 0x04, 0x8b, 0x6c, 0x09, 0x3e, 0x58, 0x21, 0x21, 0x46, 0x58,
    0xb0, 0x5c, 0x4b, 0x4b, 0x6f, 0x5c, 0xb0, 0x6f, 0xad, 0xa1, 0xdb, 0xe4, 0xdb, 0xa1, 0x7b, 0x97,
    0xd8, 0xb2, 0x87, 0x75, 0x87, 0xad, 0x15, 0x04, 0x15, 0x15, 0x04, 0x04, 0x6f, 0x5c, 0x58, 0x4b,
    0xb0, 0x76, 0x4b, 0x4b, 0x6f, 0x5c, 0xb0, 0x6f, 0x4b, 0x51, 0xb0, 0x90, 0x90, 0x7a, 0x7a, 0x54,
    0xd8, 0xb2, 0x87, 0x75, 0x87, 0xad, 0xe4, 0xf0, 0xf2, 0xf4, 0xf6, 0xf6, 0xf9, 0xfd, 0xfd, 0xfe,
    0xfb, 0xfa, 0xe4, 0xe7, 0xe9, 0xdb, 0xa2, 0x56, 0x7b, 0x75, 0xad, 0xe4, 0xfa, 0xfd, 0xfe, 0xfd,
    0x3e, 0x58, 0x58, 0x09, 0x21, 0xb5, 0xee, 0xf1, 0xf1, 0xf4, 0xf5, 0xf9, 0xf7, 0xfb, 0xfd, 0xfd,
    0xfb, 0xfa, 0xe7, 0xe9, 0xee, 0xd8, 0xa2, 0x56, 0x56, 0x56, 0x59, 0x09, 0x8b, 0x09, 0x21, 0x58,
    0x7a, 0xb5, 0xad, 0x7b, 0x87, 0x39, 0x13, 0x08, 0x06, 0x13, 0x25, 0x09, 0x21, 0x9f, 0x3e, 0x3e,
    0x21, 0x21, 0x6c, 0x21, 0x01, 0x09, 0x01, 0x01, 0x91, 0x45, 0x8a, 0xa1, 0x9b, 0xa1, 0x97, 0x9b,
    0x2b, 0x2b, 0x27, 0x20, 0x2b, 0x2b, 0x20, 0x2b, 0x34, 0x3f, 0x3f, 0x44, 0x34, 0x25, 0x25, 0x06,
    0x13, 0x13, 0x13, 0x6c, 0x21, 0x6c, 0x09, 0x21, 0x3e, 0x21, 0x21, 0x09, 0x09, 0x09, 0x21, 0x21,
    0x58, 0x9f, 0x21, 0x29, 0x4b, 0x9f, 0x9f, 0x58, 0x21, 0x38, 0x3e, 0x58, 0x09, 0x8b, 0x21, 0x21,
    0x6c, 0x21, 0x21, 0x6c, 0x6c, 0x8b, 0x21, 0x21, 0x21, 0x21, 0x6c, 0x21, 0x6c, 0x21, 0x3e, 0x3e,
    0x58, 0x9f, 0x21, 0x29, 0x4b, 0x9f, 0x9f, 0x58, 0x21, 0x38, 0x3e, 0x58, 0x09, 0x8b, 0x21, 0x21,
    0x58, 0x9f, 0x21, 0x29, 0x4b, 0x9f, 0x9f, 0x1b, 0xad, 0xa1, 0xdb, 0xe4, 0xdb, 0xa1, 0x7b, 0x97,
    0x87, 0xb5, 0xad, 0x7b, 0x8e, 0x39, 0x04, 0x06, 0x6c, 0x6c, 0x09, 0x09, 0x21, 0x9f, 0x3e, 0x3e,
    0x4b, 0x6f, 0x67, 0x5c, 0xb0, 0x5c, 0x6f, 0x3f, 0x8a, 0xc6, 0xdb, 0xdb, 0xb9, 0x6d, 0x8a, 0x9b,
    0xb9, 0xb2, 0x87, 0x44, 0x56, 0xdb, 0x44, 0x06, 0x1c, 0x2b, 0x13, 0x04, 0x06, 0x5c, 0x4b, 0x4b,
    0x4b, 0x6f, 0x67, 0x5c, 0xb0, 0x5c, 0x90, 0xa7, 0x6f, 0x6f, 0x5c, 0x90, 0x6f, 0x74, 0x4a, 0x3f,
    0xb9, 0xb2, 0x87, 0x39, 0x56, 0xe4, 0xf2, 0xf0, 0xf2, 0xf2, 0xfa, 0xf4, 0xf2, 0xfc, 0xfd, 0xfe,
    0xfc, 0xf7, 0xf2, 0xe4, 0xdb, 0xc3, 0x87, 0xa2, 0x87, 0x56, 0x2b, 0x8e, 0xea, 0xfd, 0xfe, 0xf1,
    0x3e, 0x21, 0x09, 0x09, 0x09, 0xe4, 0xf4, 0xf1, 0xf1, 0xf2, 0xfa, 0xf4, 0xf4, 0xfc, 0xfd, 0xfd,
    0xfc, 0xfa, 0xf2, 0xe9, 0xdb, 0xba, 0x87, 0xa2, 0x87, 0x41, 0x39, 0x27, 0x01, 0x01, 0x05, 0x21,
    0x56, 0xb5, 0x94, 0x87, 0xad, 0x87, 0x06, 0x13, 0x08, 0x13, 0x13, 0x09, 0x9f, 0x4b, 0x3e, 0x3e,
    0x21, 0x21, 0x6c, 0x8b, 0x09, 0x01, 0x8b, 0x6c, 0x8b, 0x6d, 0x84, 0x8a, 0xa1, 0x7a, 0x86, 0xa1,
    0x39, 0x20, 0x2b, 0x1b, 0x15, 0x15, 0x20, 0x25, 0x3f, 0x44, 0x3a, 0x34, 0x2f, 0x25, 0x25, 0x15,
    0x13, 0x13, 0x22, 0x21, 0x09, 0x09, 0x21, 0x29, 0x09, 0x09, 0xd0, 0x8b, 0x09, 0x8b, 0x6c, 0x6c,
    0x9f, 0x3e, 0x09, 0x21, 0x21, 0x9f, 0x58, 0x2a, 0x3e, 0x3e, 0x3e, 0x3e, 0x01, 0x09, 0x58, 0x58,
    0x21, 0x29, 0x21, 0x6c, 0x6c, 0x6c, 0x21, 0x6c, 0x6c, 0x21, 0x6c, 0x21, 0x29, 0x58, 0x3e, 0x3e,
    0x9f, 0x3e, 0x09, 0x21, 0x21, 0x9f, 0x58, 0x2a, 0x3e, 0x3e, 0x3e, 0x3e, 0x01, 0x09, 0x58, 0x58,
    0x9f, 0x3e, 0x09, 0x21, 0x21, 0x9f, 0x13, 0x3f, 0x8a, 0xc6, 0xdb, 0xdb, 0xb9, 0x6d, 0x8a, 0x9b,
    0x44, 0xb5, 0x94, 0x97, 0xa2, 0x87, 0x1c, 0x04, 0x21, 0x6c, 0x04, 0x09, 0x9f, 0x4b, 0x3e, 0x3e,
    0x67, 0x5c, 0x5c, 0x5a, 0x4b, 0x5c, 0x25, 0x6d, 0xb9, 0xd6, 0xcc, 0xd6, 0x9b, 0x44, 0x8a, 0x8a,
    0xa2, 0x7b, 0x44, 0x44, 0x56, 0xd6, 0x7b, 0x06, 0x06, 0x15, 0x13, 0x13, 0x04, 0x04, 0x3e, 0x4b,
    0x67, 0x5c, 0x5c, 0x5a, 0x4b, 0x5c, 0x6f, 0x67, 0x6f, 0x90, 0x5c, 0x67, 0x69, 0x74, 0x3f, 0x2d,
    0xa2, 0x7b, 0x41, 0x39, 0xe9, 0xed, 0xf0, 0xf0, 0xf0, 0xf0, 0xf4, 0xee, 0xfb, 0xfd, 0xfe, 0xfe,
    0xfc, 0xfa, 0xf5, 0xee, 0xe4, 0xba, 0xa2, 0x87, 0x56, 0x56, 0x39, 0x7b, 0xdb, 0xe9, 0xf4, 0xe7,
    0x21, 0x09, 0x21, 0x09, 0xdb, 0xf4, 0xf1, 0xf1, 0xf0, 0xf0, 0xf4, 0xee, 0xfb, 0xfd, 0xfd, 0xfd,
    0xfc, 0xfa, 0xf5, 0xee, 0xe0, 0xba, 0xa2, 0x87, 0x44, 0x41, 0x39, 0x2b, 0x44, 0x01, 0x01, 0x21,
    0x39, 0x7b, 0x87, 0x94, 0xb5, 0xb5, 0x41, 0x13, 0x04, 0x08, 0x04, 0x34, 0x21, 0x3e, 0x3e, 0x3e,
    0x6c, 0x5d, 0x6c, 0x5d, 0x21, 0x8b, 0x8b, 0x6c, 0x21, 0x59, 0x74, 0x8a, 0xa1, 0x86, 0x7a, 0x9b,
    0x27, 0x20, 0x15, 0x15, 0x1c, 0x20, 0x15, 0x25, 0x3a, 0x3a, 0x45, 0x34, 0x34, 0x3a, 0x45, 0x2d,
    0x1b, 0x19, 0x6c, 0x09, 0x05, 0x01, 0x09, 0x67, 0x6c, 0x21, 0x5d, 0x8b, 0x8b, 0x6c, 0x8b, 0x6c,
    0x3e, 0x38, 0x3e, 0x21, 0x09, 0x58, 0x21, 0x09, 0x09, 0x9f, 0x29, 0x21, 0x09, 0x09, 0x58, 0x58,
    0x21, 0x09, 0x8b, 0x6c, 0x21, 0x09, 0x09, 0x21, 0x29, 0x6c, 0x01, 0x09, 0x21, 0x3e, 0x3e, 0x3e,
    0x3e, 0x38, 0x3e, 0x21, 0x09, 0x58, 0x21, 0x09, 0x09, 0x9f, 0x29, 0x21, 0x09, 0x09, 0x58, 0x58,
    0x3e, 0x38, 0x3e, 0x21, 0x09, 0x58, 0x25, 0x6d, 0xb9, 0xd6, 0xcc, 0xd6, 0x9b, 0x44, 0x8a, 0x8a,
    0x25, 0x7b, 0x7b, 0x9b, 0xb5, 0xb5, 0x41, 0x13, 0x04, 0x6c, 0x04, 0x09, 0x21, 0x3e, 0x3e, 0x3e,
    0x67, 0x67, 0x6b, 0x67, 0x51, 0x25, 0x44, 0x8a, 0xa1, 0xb9, 0xd6, 0xcc, 0x8a, 0x7a, 0x6d, 0x8a,
    0x87, 0x44, 0x2b, 0x56, 0xad, 0xcc, 0xad, 0x15, 0x04, 0x04, 0x22, 0x13, 0x06, 0x04, 0x04, 0x3e,
    0x67, 0x67, 0x6f, 0x5c, 0x4b, 0xa9, 0x5c, 0x6f, 0x5c, 0x6f, 0x6f, 0x5c, 0x6f, 0x4b, 0x4b, 0x44,
    0x87, 0x56, 0x2b, 0xad, 0xe4, 0xe9, 0xee, 0xf0, 0xf2, 0xee, 0xe4, 0xf5, 0xfd, 0xfe, 0xfe, 0xfe,
    0xfd, 0xfa, 0xfa, 0xf0, 0xe4, 0xcc, 0xc3, 0xad, 0x56, 0x41, 0x1c, 0x39, 0x2b, 0x39, 0x6d, 0xb5,
    0x8b, 0x6c, 0x21, 0xd6, 0xf4, 0xf1, 0xee, 0xf0, 0xf4, 0xee, 0xe4, 0xf5, 0xfb, 0xfe, 0xfe, 0xfe,
    0xfd, 0xfa, 0xfa, 0xf1, 0xe4, 0xdb, 0xc3, 0xa2, 0x44, 0x41, 0x1c, 0x39, 0x2b, 0x39, 0x44, 0x6c,
    0x15, 0x7b, 0x7b, 0x87, 0x94, 0x87, 0x68, 0x2b, 0x13, 0x13, 0x13, 0x13, 0x21, 0x09, 0x29, 0x21,
    0x6c, 0x21, 0x8b, 0x6c, 0x6c, 0x09, 0x09, 0x6c, 0x6d, 0x6d, 0x8a, 0x81, 0x84, 0x81, 0x7a, 0x9b,
    0x39, 0x15, 0x13, 0x13, 0x13, 0x1b, 0x3f, 0x34, 0x34, 0x3f, 0x34, 0x25, 0x25, 0x3f, 0x3f, 0x6c,
    0x25, 0x19, 0x21, 0x21, 0x01, 0x0f, 0x21, 0xd0, 0x99, 0x6c, 0x6c, 0x6c, 0x8b, 0x6c, 0x21, 0x21,
    0x3e, 0x3e, 0x21, 0x21, 0x21, 0x3e, 0x0f, 0x01, 0x03, 0x09, 0x0f, 0x09, 0x21, 0x09, 0x21, 0x21,
    0x09, 0x8b, 0x21, 0x29, 0x29, 0x6c, 0x09, 0x09, 0x21, 0x21, 0x21, 0x6c, 0x21, 0x09, 0x29, 0x21,
    0x3e, 0x3e, 0x21, 0x21, 0x21, 0x3e, 0x0f, 0x01, 0x03, 0x09, 0x0f, 0x09, 0x21, 0x09, 0x21, 0x21,
    0x3e, 0x3e, 0x21, 0x21, 0x21, 0x25, 0x44, 0x8a, 0xa1, 0xb9, 0xd6, 0xcc, 0x8a, 0x7a, 0x6d, 0x8a,
    0x15, 0x7b, 0x7b, 0x9b, 0x97, 0x9b, 0x75, 0x2b, 0x13, 0x21, 0x21, 0x6c, 0x21, 0x09, 0x29, 0x21,
    0x6f, 0x5c, 0x67, 0x90, 0x44, 0x51, 0x44, 0x86, 0xa1, 0xb9, 0xd8, 0xb6, 0x9b, 0x6d, 0x7a, 0x9b,
    0x56, 0x44, 0x44, 0x8e, 0x94, 0xa2, 0xcc, 0x44, 0x15, 0x04, 0x06, 0x15, 0x06, 0x06, 0x04, 0x29,
    0x6f, 0x5c, 0x6f, 0x90, 0x5c, 0xa9, 0x4b, 0x58, 0x4b, 0x4b, 0x4b, 0x5c, 0x65, 0x5a, 0x4b, 0x46,
    0x59, 0x39, 0xcc, 0xe0, 0xe9, 0xe9, 0xf0, 0xf4, 0xe4, 0xdb, 0xf0, 0xfd, 0xfe, 0xfe, 0xfe, 0xfe,
    0xfe, 0xfe, 0xfd, 0xf2, 0xdb, 0xcc, 0xcc, 0xba, 0x87, 0x56, 0x1c, 0x1c, 0x39, 0x27, 0x1c, 0x7b,
    0xd0, 0x8b, 0xd6, 0xe4, 0xe9, 0xee, 0xf2, 0xf4, 0xe4, 0xd8, 0xf0, 0xfb, 0xfe, 0xfe, 0xfe, 0xfe,
    0xfe, 0xfe, 0xfd, 0xf4, 0xdb, 0xcc, 0xcc, 0xba, 0x87, 0x56, 0x1c, 0x1c, 0x2b, 0x20, 0x06, 0x19,
    0x06, 0x56, 0x75, 0xa1, 0x97, 0x8e, 0x87, 0x59, 0x15, 0x13, 0x08, 0x04, 0x2d, 0x8b, 0x21, 0x21,
    0x21, 0x29, 0x21, 0x21, 0x8b, 0x21, 0x09, 0x09, 0x5e, 0x6d, 0x6d, 0x84, 0x81, 0x84, 0x8a, 0x9b,
    0x2b, 0x06, 0x13, 0x13, 0x13, 0x06, 0x25, 0x22, 0x3f, 0x2d, 0x2d, 0x2d, 0xd0, 0x6c, 0x21, 0x6c,
    0x6c, 0x8b, 0x71, 0x6c, 0x01, 0x09, 0x5d, 0x8b, 0x8b, 0x6c, 0x8b, 0xd0, 0x90, 0x6c, 0x21, 0x21,
    0x21, 0x21, 0x21, 0x09, 0x01, 0x0f, 0x0f, 0x09, 0x01, 0x01, 0x09, 0x6c, 0x6c, 0x8b, 0x6c, 0x6c,
    0x09, 0x6c, 0x29, 0x09, 0x6c, 0x01, 0x09, 0x09, 0x21, 0x09, 0x6c, 0x6c, 0x8b, 0x8b, 0x21, 0x21,
    0x21, 0x21, 0x21, 0x09, 0x01, 0x0f, 0x0f, 0x09, 0x01, 0x01, 0x09, 0x6c, 0x6c, 0x8b, 0x6c, 0x6c,
    0x21, 0x21, 0x21, 0x09, 0x44, 0x51, 0x44, 0x86, 0xa1, 0xb9, 0xd8, 0xb6, 0x9b, 0x6d, 0x7a, 0x9b,
    0x20, 0x44, 0x75, 0xa1, 0x8e, 0x8e, 0x8e, 0x44, 0x15, 0x06, 0x6c, 0x6c, 0x8b, 0x8b, 0x21, 0x21,
    0x6f, 0x6f, 0x6f, 0x1b, 0x34, 0x44, 0x6d, 0x86, 0xa1, 0xbf, 0xd8, 0xa1, 0x86, 0x7a, 0x7a, 0x8a,
    0x56, 0x56, 0x8e, 0x87, 0x87, 0x94, 0xad, 0x56, 0x44, 0x44, 0x44, 0x13, 0x06, 0x06, 0x04, 0x04,
    0x6f, 0x6f, 0x6f, 0x6f, 0x67, 0x67, 0x5c, 0x5c, 0x5a, 0x4b, 0x4b, 0x4b, 0x90, 0x4b, 0x4b, 0x4b,
    0x56, 0xad, 0xe0, 0xe4, 0xe9, 0xf4, 0xf4, 0xea, 0xb9, 0xd8, 0xf4, 0xfd, 0xfe, 0xfe, 0xfe, 0xfe,
    0xfe, 0xfe, 0xf0, 0xcc, 0xba, 0xa2, 0x94, 0x87, 0x87, 0x56, 0x1c, 0x1c, 0x1c, 0x41, 0x1c, 0x1c,
    0x8b, 0xd6, 0xe0, 0xe7, 0xee, 0xf1, 0xf4, 0xea, 0xb9, 0xd8, 0xf6, 0xfc, 0xfe, 0xfe, 0xfe, 0xfe,
    0xfe, 0xfe, 0xf0, 0xce, 0xb5, 0xa2, 0x94, 0x87, 0x87, 0x56, 0x1c, 0x1c, 0x1c, 0x41, 0x1c, 0x02,
    0x13, 0x15, 0x7a, 0x9b, 0x97, 0x87, 0x87, 0x7b, 0x39, 0x15, 0x06, 0x02, 0x22, 0x6c, 0x7d, 0x8b,
    0x21, 0x21, 0x21, 0x21, 0x6c, 0x21, 0x21, 0x21, 0x01, 0x74, 0x5e, 0x84, 0x84, 0x81, 0x8a, 0x84,
    0x59, 0x1c, 0x13, 0x13, 0x13, 0x3f, 0x3a, 0x21, 0x01, 0x6c, 0x21, 0x6c, 0x6c, 0xd0, 0xd0, 0x6c,
    0x8b, 0xd0, 0x21, 0x6c, 0x21, 0x6c, 0x8b, 0x7d, 0x6c, 0x6c, 0x21, 0x21, 0x6c, 0xd0, 0x8b, 0x7d,
    0x09, 0x21, 0x21, 0x6c, 0x6c, 0x09, 0x09, 0x3e, 0x3e, 0x21, 0x6c, 0x8b, 0x8b, 0x7d, 0x6c, 0x6c,
    0x6c, 0x21, 0x21, 0x21, 0x09, 0x09, 0x09, 0x01, 0x09, 0x09, 0x21, 0x8b, 0x8b, 0x7d, 0x7d, 0x8b,
    0x09, 0x21, 0x21, 0x6c, 0x6c, 0x09, 0x09, 0x3e, 0x3e, 0x21, 0x6c, 0x8b, 0x8b, 0x7d, 0x6c, 0x6c,
    0x09, 0x21, 0x21, 0x1b, 0x3f, 0x54, 0x6d, 0x86, 0xa1, 0xbf, 0xd8, 0xa1, 0x86, 0x7a, 0x7a, 0x8a,
    0x1c, 0x15, 0x7b, 0x9b, 0x7b, 0x87, 0x87, 0x68, 0x41, 0x15, 0x13, 0x8b, 0x8b, 0x7d, 0x7d, 0x8b,
    0x21, 0xad, 0xa2, 0x51, 0x3f, 0x86, 0x9b, 0x9b, 0xb9, 0xd8, 0xb9, 0x9b, 0x44, 0x44, 0x6d, 0x6d,
    0x1c, 0x15, 0x44, 0x9b, 0x7b, 0x56, 0x7b, 0x75, 0x59, 0x3f, 0x2b, 0x13, 0x8e, 0x6c, 0x8b, 0x6c,
    0xdb, 0xb5, 0xcc, 0xcc, 0x7b, 0xa1, 0x8e, 0x06, 0x06, 0x7b, 0x2b, 0x06, 0x15, 0x1c, 0x1c, 0x1b,
    0x7b, 0x7b, 0x87, 0xa1, 0x87, 0xb9, 0x9b, 0x9b, 0x9b, 0xd6, 0xe4, 0xe4, 0xfb, 0xfe, 0xe7, 0xb5,
    0x1c, 0x13, 0x13, 0x39, 0x21, 0x21, 0x21, 0x21, 0x21, 0x21, 0x6c, 0x6c, 0x21, 0x6c, 0x8b, 0x6c,
    0x21, 0x21, 0x21, 0x0f, 0x01, 0x09, 0x01, 0x09, 0x09, 0x5c, 0x6c, 0x13, 0x13, 0x8e, 0x7b, 0x7b,
    0x87, 0x87, 0x8e, 0x01, 0x21, 0x21, 0x09, 0x01, 0x21, 0x8b, 0x6c, 0x21, 0x8b, 0xd0, 0xd0, 0x8b,
    0x21, 0x21, 0x09, 0x21, 0x21, 0x01, 0x01, 0x6c, 0x6c, 0x21, 0x09, 0x09, 0x21, 0x21, 0x21, 0x06,
    0x15, 0x06, 0x39, 0x87, 0x75, 0x75, 0x7b, 0x87, 0x68, 0x44, 0x20, 0x02, 0x13, 0x6c, 0x8b, 0x6c,
    0x42, 0x36, 0x19, 0x2a, 0x3e, 0x2d, 0x19, 0x09, 0x22, 0x2d, 0x2a, 0x2d, 0x2d, 0x2d, 0x19, 0x19,
    0x3e, 0x36, 0x19, 0x2a, 0x3e, 0x2d, 0x19, 0x09, 0x22, 0x2d, 0x2a, 0x2d, 0x2d, 0x2d, 0x19, 0x19,
    0x3b, 0x19, 0xa1, 0x45, 0x5e, 0x8a, 0x9b, 0xb2, 0xbf, 0xd8, 0xce, 0x9b, 0x7a, 0x6d, 0x8a, 0x86,
    0x56, 0x41, 0x56, 0x7b, 0x86, 0x87, 0x97, 0x94, 0xa2, 0xba, 0x7a, 0x04, 0x04, 0x06, 0x1c, 0x15,
    0x15, 0x06, 0x44, 0x8e, 0x75, 0x7a, 0x7b, 0x7a, 0x56, 0x44, 0x25, 0x04, 0x04, 0x2d, 0x19, 0x19,
    0x3e, 0x36, 0x19, 0x2a, 0x3e, 0x2a, 0x3b, 0x3b, 0x45, 0x51, 0x60, 0x6d, 0x8a, 0x84, 0x7a, 0x6d,
    0x6d, 0x84, 0x5e, 0x5e, 0x84, 0x84, 0x86, 0xa1, 0xa1, 0xa1, 0x9b, 0x6d, 0x39, 0x2b, 0x27, 0x41,
    0x21, 0xad, 0x7a, 0x6d, 0x84, 0x8a, 0xb2, 0x9b, 0xb9, 0xb9, 0x8e, 0xe4, 0xe9, 0xfe, 0xfe, 0xfe,
    0x7b, 0x7b, 0x44, 0x22, 0x44, 0x06, 0x8a, 0x7a, 0x6d, 0x44, 0x2f, 0x13, 0x04, 0x6c, 0x6c, 0x6c,
    0xa1, 0x68, 0x56, 0xcc, 0x8e, 0xcc, 0x2b, 0x15, 0x06, 0x06, 0x56, 0x1c, 0x06, 0x15, 0x1c, 0x2b,
    0x56, 0x2b, 0x13, 0x7b, 0xa1, 0x6d, 0x8a, 0xb2, 0xd6, 0xce, 0xb9, 0xe4, 0xfb, 0xfb, 0xe7, 0xcc,
    0x7b, 0x7b, 0x39, 0x13, 0x06, 0x21, 0x21, 0x21, 0x09, 0x09, 0x21, 0x21, 0x21, 0x6c, 0x6c, 0x6c,
    0x29, 0x21, 0x09, 0x21, 0x0f, 0x01, 0x01, 0x01, 0x09, 0xd0, 0x8e, 0xe4, 0xe9, 0xfe, 0xfe, 0xfe,
    0xba, 0xc3, 0x87, 0x56, 0x56, 0x01, 0x01, 0x03, 0x0f, 0x6c, 0x8b, 0x65, 0x71, 0xd0, 0x8b, 0xa2,
    0x21, 0x21, 0x09, 0x01, 0x09, 0x01, 0x01, 0x03, 0x03, 0x05, 0x21, 0x21, 0x59, 0xba, 0xf4, 0xf4,
    0x15, 0x15, 0x39, 0x7a, 0x6d, 0x6d, 0x8e, 0x7a, 0x7a, 0x44, 0x2b, 0x13, 0x02, 0x6c, 0x6c, 0x6c,
    0x42, 0x3b, 0x2d, 0x36, 0x19, 0x22, 0x19, 0x22, 0x19, 0x2a, 0x19, 0x2a, 0x3b, 0x6f, 0x3b, 0x36,
    0x42, 0x3b, 0x2d, 0x36, 0x19, 0x22, 0x19, 0x22, 0x19, 0x2a, 0x19, 0x2a, 0x3b, 0x6f, 0x42, 0xe0,
    0x3e, 0x60, 0x45, 0x6d, 0x8a, 0xa1, 0xa1, 0xb2, 0xbf, 0xd8, 0xbf, 0x81, 0x5e, 0x6d, 0x5e, 0x8e,
    0x44, 0x68, 0x8e, 0x87, 0x7a, 0x8e, 0xa2, 0x8e, 0x94, 0xa2, 0x8e, 0x06, 0x02, 0x04, 0x15, 0x15,
    0x13, 0x20, 0x3f, 0x7a, 0x7a, 0x6d, 0x8e, 0x7a, 0x7a, 0x54, 0x25, 0x13, 0x02, 0x13, 0x42, 0x36,
    0x42, 0x3b, 0x2d, 0x36, 0x19, 0x22, 0x2d, 0x45, 0x42, 0x51, 0x69, 0x60, 0x8a, 0x8a, 0x6d, 0x69,
    0x69, 0x69, 0x51, 0x60, 0x74, 0x6d, 0x86, 0xa1, 0x9b, 0xa1, 0xa1, 0x59, 0x2b, 0x1b, 0x13, 0x2b,
    0x2d, 0x6d, 0x7a, 0x7a, 0x6d, 0x8a, 0x8a, 0xb2, 0xb9, 0x9b, 0xfb, 0xfa, 0xfd, 0xfe, 0xfe, 0xfe,
    0xcc, 0xcc, 0x7b, 0x87, 0x15, 0x15, 0x20, 0x44, 0x6d, 0x44, 0x39, 0x25, 0x04, 0x04, 0x6c, 0x6c,
    0x8e, 0x44, 0x56, 0x7b, 0x8e, 0x7b, 0xcc, 0x2b, 0x20, 0x06, 0x1c, 0x20, 0x15, 0x20, 0x1c, 0x15,
    0x27, 0x20, 0x2b, 0x13, 0x15, 0x54, 0x6d, 0x9b, 0xa1, 0xb9, 0xa1, 0xd8, 0xe4, 0xf4, 0xe4, 0xd8,
    0xcc, 0xcc, 0x7b, 0x87, 0x1c, 0x15, 0x15, 0x09, 0x58, 0x09, 0x09, 0x6c, 0x6c, 0x8b, 0x6c, 0x6c,
    0x21, 0x6c, 0x5d, 0x21, 0x29, 0x01, 0x01, 0x6c, 0x8b, 0x8e, 0xfb, 0xfa, 0xfd, 0xfe, 0xfe, 0xfe,
    0xf1, 0xd6, 0x87, 0x7b, 0x87, 0x7b, 0x01, 0x01, 0x01, 0x21, 0x8b, 0x6c, 0x21, 0x6c, 0xcc, 0xd6,
    0x68, 0x21, 0x09, 0x8b, 0x09, 0x09, 0x21, 0x01, 0x03, 0x01, 0x21, 0x59, 0xf4, 0xf4, 0xf2, 0xf1,
    0x13, 0x15, 0x3f, 0x3f, 0x7a, 0x7a, 0x6d, 0x7a, 0x7a, 0x44, 0x39, 0x2d, 0x13, 0x13, 0x6c, 0x6c,
    0x58, 0x2d, 0x42, 0x5c, 0x2d, 0x19, 0x19, 0x19, 0x36, 0x42, 0x36, 0x36, 0x2d, 0x2a, 0x2a, 0x2d,
    0x58, 0x2d, 0x42, 0x5c, 0x2d, 0x19, 0x19, 0x19, 0x36, 0x42, 0x36, 0x36, 0x2d, 0x2d, 0xd6, 0xdb,
    0x6f, 0x5e, 0x84, 0x81, 0x7a, 0x93, 0x97, 0xa5, 0xbf, 0xbf, 0x8e, 0x54, 0x45, 0x54, 0x7a, 0x86,
    0x68, 0x68, 0x7b, 0x7b, 0x87, 0x7a, 0xb2, 0xb5, 0xa2, 0x87, 0x8e, 0x39, 0x02, 0x06, 0x15, 0x15,
    0x15, 0x15, 0x2d, 0x45, 0x5e, 0x7a, 0x7a, 0x7a, 0x7a, 0x45, 0x45, 0x25, 0x13, 0x04, 0x2d, 0x2d,
    0x58, 0x2d, 0x42, 0x5c, 0x2d, 0x19, 0x2a, 0x22, 0x3b, 0x51, 0x45, 0x51, 0x5e, 0x60, 0x60, 0x69,
    0x58, 0x51, 0x45, 0x55, 0x54, 0x6d, 0x7a, 0xa1, 0x8e, 0x9b, 0xa1, 0x44, 0x25, 0x13, 0x13, 0x13,
    0x8b, 0x56, 0x6d, 0x7a, 0x6d, 0x7a, 0x6d, 0x8a, 0x9b, 0xe4, 0xfb, 0xfe, 0xfe, 0xfe, 0xfd, 0xfe,
    0xfe, 0xf1, 0xcc, 0xcc, 0x87, 0x04, 0x04, 0x44, 0x39, 0x3f, 0x44, 0x34, 0x15, 0x13, 0x6c, 0x6c,
    0x7b, 0x56, 0x39, 0x41, 0x41, 0x44, 0x44, 0x39, 0x15, 0x15, 0x2b, 0x2b, 0x22, 0x2b, 0x20, 0x1c,
    0x2b, 0x13, 0x2b, 0x13, 0x56, 0x74, 0x6d, 0x6d, 0xa1, 0x8e, 0x8a, 0xb9, 0xd6, 0xee, 0xcc, 0xb2,
    0xfe, 0xf1, 0xcc, 0xcc, 0x87, 0x02, 0x06, 0x39, 0x9f, 0x58, 0x29, 0x21, 0x8b, 0x6c, 0x6c, 0x6c,
    0x8b, 0x8b, 0x6c, 0x8b, 0x21, 0x6c, 0x21, 0x6c, 0x44, 0xe4, 0xfa, 0xfe, 0xfe, 0xfe, 0xfd, 0xfe,
    0xfc, 0xf4, 0xcc, 0x41, 0x87, 0x7b, 0x7b, 0x01, 0x9f, 0x6c, 0x29, 0x21, 0x6c, 0x21, 0xdb, 0xe4,
    0xad, 0x1c, 0x21, 0x21, 0x09, 0x01, 0x09, 0x01, 0x01, 0x21, 0x41, 0xf4, 0xf2, 0xf1, 0xf4, 0xf4,
    0x06, 0x06, 0x06, 0x3a, 0x3a, 0x74, 0x74, 0x74, 0x44, 0x74, 0x3f, 0x2d, 0x13, 0x13, 0x6c, 0x6c,
    0x90, 0x2d, 0x2d, 0x6b, 0x6f, 0x2d, 0x4b, 0x42, 0x36, 0x36, 0x2d, 0x42, 0x2d, 0x19, 0x2d, 0x36,
    0x90, 0x2d, 0x2d, 0x6b, 0x6f, 0x2d, 0x4b, 0x42, 0x36, 0x36, 0x2d, 0x51, 0x2d, 0xcc, 0xdb, 0xe4,
    0x8a, 0x6d, 0x84, 0x8a, 0x86, 0xa1, 0xa1, 0xa1, 0xa1, 0x8e, 0x45, 0x3a, 0x3f, 0x45, 0x7a, 0x97,
    0x59, 0x7b, 0x75, 0x7b, 0x8e, 0x8e, 0x7a, 0x59, 0x59, 0x68, 0x8e, 0x75, 0x02, 0x06, 0x13, 0x13,
    0x13, 0x06, 0x06, 0x3a, 0x3f, 0x45, 0x74, 0x4a, 0x5e, 0x74, 0x3a, 0x3f, 0x13, 0x13, 0x13, 0x3f,
    0x90, 0x2d, 0x2d, 0x6b, 0x6f, 0x2d, 0x4b, 0x42, 0x3b, 0x3b, 0x3b, 0x42, 0x51, 0x51, 0x51, 0x51,
    0x51, 0x45, 0x45, 0x45, 0x51, 0x6d, 0x74, 0x84, 0x6d, 0xa1, 0xa1, 0x44, 0x06, 0x08, 0x04, 0x02,
    0x8b, 0x6c, 0x8b, 0x44, 0x6d, 0x7a, 0x8a, 0x7a, 0xb2, 0xf4, 0xfe, 0xfe, 0xf4, 0xf4, 0xfe, 0xfe,
    0xfe, 0xf4, 0xe0, 0xad, 0x87, 0x04, 0x04, 0x1c, 0x44, 0x2f, 0x3f, 0x34, 0x25, 0x2b, 0x21, 0x21,
    0x7b, 0x44, 0x39, 0x2b, 0x56, 0x56, 0x44, 0x44, 0x44, 0x39, 0x2b, 0x2b, 0x15, 0x15, 0x20, 0x15,
    0x13, 0x15, 0x6d, 0x13, 0x56, 0x3e, 0x74, 0x9f, 0xa1, 0x8a, 0x6d, 0xb9, 0xd6, 0xe4, 0xcc, 0x8e,
    0xfe, 0xf4, 0xe0, 0xad, 0x87, 0x02, 0x02, 0x06, 0x58, 0x3e, 0x09, 0x2a, 0x6c, 0x6c, 0x21, 0x21,
    0x8b, 0x6c, 0x8b, 0x6c, 0x6c, 0x6c, 0x21, 0x44, 0xe0, 0xf4, 0xfe, 0xfe, 0xf4, 0xf4, 0xfe, 0xfe,
    0xfe, 0xfb, 0xcc, 0x41, 0x56, 0x87, 0x68, 0x7b, 0x58, 0x21, 0x09, 0x21, 0x8b, 0xad, 0xdb, 0xe4,
    0xcc, 0x87, 0x21, 0x21, 0x01, 0x03, 0x09, 0x01, 0x21, 0x59, 0xcc, 0xf4, 0xf4, 0xf1, 0xf1, 0xf4,
    0x13, 0x13, 0x13, 0x25, 0x74, 0x44, 0x3f, 0x44, 0x44, 0x3a, 0x44, 0x25, 0x13, 0x13, 0x00, 0x21,
    0x2d, 0x5c, 0x5c, 0x90, 0x90, 0x6f, 0x5c, 0x3b, 0x2d, 0x36, 0x51, 0x6f, 0x3e, 0x2d, 0x2d, 0x42,
    0x2d, 0x5c, 0x5c, 0x90, 0x90, 0x6f, 0x5c, 0x42, 0x2d, 0x2a, 0x42, 0x6f, 0xa1, 0xdb, 0xe4, 0xe9,
    0x60, 0x60, 0x51, 0x6d, 0x84, 0x84, 0xa1, 0xa1, 0xa1, 0x54, 0x34, 0x2d, 0x2d, 0x5b, 0x8a, 0xa1,
    0x56, 0x59, 0x7b, 0x7b, 0x75, 0x41, 0x56, 0x56, 0x44, 0x59, 0x7b, 0x7b, 0x02, 0x04, 0x25, 0x06,
    0x13, 0x13, 0x13, 0x25, 0x45, 0x45, 0x3f, 0x4a, 0x45, 0x45, 0x3f, 0x2d, 0x13, 0x13, 0x13, 0x13,
    0x2d, 0x5c, 0x5c, 0x90, 0x90, 0x6f, 0x5c, 0x3b, 0x36, 0x3b, 0x3b, 0x3b, 0x3b, 0x51, 0x51, 0x4b,
    0x4b, 0x51, 0x3b, 0x45, 0x54, 0x5e, 0x8a, 0x8a, 0x45, 0xa1, 0x7a, 0x34, 0x1b, 0x02, 0x04, 0x04,
    0x6c, 0x21, 0x22, 0x56, 0x44, 0x6d, 0x8e, 0xc8, 0xf4, 0xe9, 0xfe, 0xb2, 0xb2, 0xf4, 0xfe, 0xfe,
    0xfe, 0xfe, 0xe0, 0xcc, 0xad, 0x06, 0x1c, 0x06, 0x20, 0x15, 0x2f, 0x3f, 0x2d, 0x09, 0x09, 0x21,
    0x7b, 0x41, 0x39, 0x2b, 0x44, 0x44, 0x44, 0x74, 0x44, 0x39, 0x34, 0x2b, 0x2f, 0x3f, 0x2b, 0x2b,
    0x06, 0x13, 0x56, 0x6d, 0x56, 0xd2, 0x6c, 0x5a, 0x6d, 0x6d, 0x6d, 0xb9, 0xd8, 0xf4, 0xb9, 0x8e,
    0xfe, 0xfe, 0xe0, 0xcc, 0xad, 0x06, 0x1c, 0x06, 0x1c, 0x3e, 0x3e, 0x09, 0x44, 0x2b, 0x41, 0x44,
    0x6c, 0x21, 0x21, 0x6c, 0x8b, 0x5a, 0x6c, 0xcc, 0xf4, 0xe9, 0xfe, 0xb2, 0xb2, 0xf4, 0xfe, 0xfe,
    0xfd, 0xfe, 0xe0, 0x41, 0x41, 0x68, 0x59, 0x41, 0x56, 0x58, 0x01, 0x01, 0x6c, 0xd6, 0xe4, 0xe7,
    0xcc, 0xdb, 0x59, 0x21, 0x01, 0x01, 0x01, 0x01, 0x21, 0xa2, 0xe9, 0xe0, 0xe0, 0xf1, 0xf4, 0xfd,
    0x13, 0x08, 0x13, 0x3f, 0x34, 0x44, 0x3f, 0x3f, 0x3f, 0x3a, 0x3f, 0x8e, 0x8e, 0xdb, 0x41, 0x39,
    0x3e, 0x2d, 0x5c, 0x5c, 0x42, 0x36, 0x42, 0x2a, 0x2a, 0x2d, 0x2d, 0x9b, 0xa1, 0xe7, 0x42, 0x2d,
    0x36, 0x2d, 0x5c, 0x5c, 0x42, 0x36, 0x42, 0x2a, 0x22, 0x2d, 0x2d, 0x6d, 0xc3, 0xdb, 0xe4, 0xe9,
    0x5e, 0x51, 0x60, 0x5e, 0x60, 0x6d, 0x8a, 0x74, 0x84, 0x45, 0x1b, 0x22, 0x3f, 0x6d, 0x7a, 0x9b,
    0x56, 0x56, 0x59, 0x56, 0x39, 0x2b, 0x41, 0x44, 0x56, 0x44, 0x56, 0x7b, 0x1c, 0x13, 0x3f, 0x20,
    0x13, 0x13, 0x13, 0x2d, 0x45, 0x3a, 0x45, 0x3a, 0x45, 0x45, 0x3a, 0x34, 0x25, 0x13, 0x13, 0x13,
    0x36, 0x2d, 0x5c, 0x5c, 0x42, 0x36, 0x42, 0x2a, 0x22, 0x2d, 0x2a, 0x42, 0x2d, 0x3b, 0x3b, 0x42,
    0x51, 0x4b, 0x51, 0x51, 0x51, 0x54, 0x5e, 0x6d, 0x45, 0x8a, 0x8a, 0x2b, 0x13, 0x08, 0x04, 0x08,
    0x21, 0x09, 0x09, 0x21, 0x44, 0x44, 0x44, 0xd6, 0xe7, 0xfb, 0xe9, 0xb2, 0xd8, 0xfd, 0xfe, 0xfe,
    0xfe, 0xfd, 0xe4, 0xe4, 0xad, 0x2b, 0x15, 0x15, 0x39, 0x39, 0x2f, 0x2f, 0x01, 0x01, 0x09, 0x09,
    0x41, 0x44, 0x25, 0x2b, 0x2b, 0x44, 0x41, 0x56, 0x74, 0x45, 0x2d, 0x2b, 0x2b, 0xd2, 0x9f, 0x2b,
    0x59, 0x56, 0xd2, 0xbd, 0xd2, 0xa7, 0x6c, 0x3e, 0x74, 0x6d, 0x8a, 0xb9, 0xd8, 0xee, 0xb9, 0x7b,
    0xfe, 0xfd, 0xe4, 0xe4, 0xad, 0x1c, 0x27, 0x1c, 0x41, 0x44, 0x44, 0xe9, 0xee, 0xcc, 0xa2, 0x44,
    0x56, 0x44, 0x44, 0x21, 0x6c, 0x21, 0x44, 0xd6, 0xe7, 0xfb, 0xe9, 0xb2, 0xd8, 0xfd, 0xfe, 0xfe,
    0xfc, 0xfb, 0xfd, 0x59, 0x56, 0xa2, 0x56, 0x39, 0x39, 0x2b, 0x9f, 0x8e, 0xad, 0xe4, 0xe9, 0xe4,
    0xc8, 0xe0, 0xb5, 0x21, 0x21, 0x6c, 0x6c, 0x09, 0x59, 0xb5, 0xf4, 0xf4, 0xfb, 0xfb, 0xe9, 0xfa,
    0x13, 0x02, 0x13, 0x1b, 0x44, 0x3f, 0x3f, 0x44, 0x3f, 0x3f, 0xb2, 0xdb, 0xe9, 0xe0, 0xb5, 0x87,
    0x42, 0x2d, 0x2d, 0x19, 0x22, 0x22, 0x2d, 0x19, 0x19, 0x19, 0xa5, 0xd8, 0xf0, 0xe7, 0xba, 0xa1,
    0x42, 0x2d, 0x2d, 0x19, 0x22, 0x22, 0x2d, 0x19, 0x19, 0x19, 0x68, 0x9b, 0xcc, 0xe7, 0xe9, 0xdb,
    0x42, 0x4b, 0x69, 0x5c, 0x60, 0x5e, 0x60, 0x60, 0x84, 0x2d, 0x3f, 0x4a, 0x3a, 0x8a, 0xa1, 0x9b,
    0x44, 0x56, 0x39, 0x2b, 0x39, 0x41, 0x39, 0x39, 0x44, 0x3c, 0x44, 0x56, 0x41, 0x15, 0x2b, 0x1b,
    0x13, 0x04, 0x13, 0x1b, 0x3f, 0x34, 0x2d, 0x2d, 0x34, 0x34, 0x3a, 0x34, 0x2d, 0x25, 0x13, 0x13,
    0x42, 0x2d, 0x2d, 0x19, 0x22, 0x22, 0x2d, 0x19, 0x19, 0x19, 0x2d, 0x22, 0x19, 0x3b, 0x3b, 0x2d,
    0x51, 0x3b, 0x51, 0x45, 0x51, 0x60, 0x6d, 0x54, 0x5e, 0x8a, 0x6d, 0x06, 0x08, 0x04, 0x08, 0x13,
    0x8b, 0x8b, 0x6c, 0x21, 0x56, 0x44, 0x56, 0xd6, 0xe0, 0xf4, 0xcc, 0xd8, 0xf2, 0xfe, 0xfe, 0xfe,
    0xfe, 0xfe, 0xdb, 0xe0, 0xe4, 0x7b, 0x06, 0x2b, 0x56, 0x56, 0x15, 0x2b, 0x3e, 0x01, 0x01, 0x6c,
    0x54, 0x3a, 0x39, 0x2b, 0x2b, 0x2b, 0x2b, 0x3a, 0x3b, 0x45, 0x3f, 0x3f, 0x6c, 0xd2, 0xd2, 0x3b,
    0x56, 0x9f, 0xd2, 0xd2, 0x9f, 0x9f, 0xd2, 0xd2, 0x9f, 0x74, 0x9f, 0x8a, 0xb9, 0xd8, 0xa1, 0x7b,
    0xfe, 0xfe, 0xdb, 0xe0, 0xe4, 0x7b, 0x06, 0x1c, 0x56, 0xe9, 0xee, 0xee, 0xf5, 0xfa, 0xfa, 0xdb,
    0xdb, 0xdb, 0x44, 0x56, 0x21, 0x41, 0x7b, 0xd6, 0xe0, 0xf4, 0xcc, 0xd8, 0xf2, 0xfe, 0xfe, 0xfe,
    0xfd, 0xf5, 0xfb, 0xc8, 0x06, 0x7b, 0x87, 0x41, 0x44, 0x2b, 0x41, 0xa1, 0xdb, 0xe9, 0xe0, 0xcc,
    0xb5, 0xba, 0xdb, 0x59, 0x21, 0x6c, 0x8b, 0x21, 0x2b, 0xe9, 0xe9, 0xf1, 0xf1, 0xe9, 0xf6, 0xfc,
    0x06, 0x04, 0x04, 0x13, 0x3f, 0x3f, 0x3f, 0x3f, 0xa1, 0xe0, 0xe0, 0xe7, 0xf5, 0xfa, 0xfb, 0xfa,
    0x42, 0x6f, 0x4b, 0x42, 0x2a, 0x22, 0x19, 0x09, 0xa1, 0xd8, 0xe0, 0xf0, 0xf5, 0xfa, 0xfb, 0xfa,
    0x42, 0x6f, 0x4b, 0x42, 0x2a, 0x22, 0x19, 0x09, 0x22, 0x19, 0x8e, 0xa5, 0xdb, 0xe9, 0xe0, 0xc8,
    0x42, 0x3e, 0x5c, 0x58, 0x5a, 0x69, 0x58, 0x51, 0x5e, 0x45, 0x3a, 0x2d, 0x45, 0x8e, 0x97, 0xa1,
    0x39, 0x39, 0x2b, 0x1c, 0x41, 0x39, 0x2b, 0x39, 0x44, 0x39, 0x44, 0x44, 0x75, 0x2b, 0x20, 0x13,
    0x13, 0x19, 0x1b, 0x22, 0x2d, 0x2d, 0x2d, 0x34, 0x2d, 0x2d, 0x2d, 0x2d, 0x45, 0x2d, 0x1b, 0x22,
    0x42, 0x6f, 0x4b, 0x42, 0x2a, 0x22, 0x19, 0x19, 0x19, 0x19, 0x19, 0x0f, 0x13, 0x0f, 0x22, 0x2a,
    0x45, 0x3b, 0x51, 0x4b, 0x51, 0x51, 0x51, 0x54, 0x45, 0x4a, 0x45, 0x13, 0x13, 0x08, 0x08, 0x13,
    0x8b, 0x5d, 0x6c, 0x09, 0x21, 0x2f, 0x8a, 0xdb, 0xcc, 0xdb, 0xe0, 0xd8, 0xfb, 0xfe, 0xfe, 0xfe,
    0xf4, 0xb9, 0x7b, 0xad, 0xe0, 0x56, 0x1c, 0x04, 0x56, 0x44, 0x15, 0x21, 0x3e, 0x01, 0x6c, 0x5d,
    0x51, 0x45, 0x2b, 0x2b, 0x34, 0x2b, 0x45, 0x51, 0x21, 0x3e, 0xd2, 0x9f, 0x52, 0x46, 0x9f, 0x71,
    0x3e, 0x6c, 0xd2, 0xd2, 0x9f, 0xd2, 0x6c, 0x4c, 0x6c, 0x9f, 0x8a, 0xa1, 0xb9, 0xa1, 0x6d, 0x7b,
    0xf4, 0xb9, 0x7b, 0xad, 0xe0, 0x56, 0x1c, 0x04, 0xe9, 0xd6, 0xf0, 0xfa, 0xfa, 0xfb, 0xf5, 0xe9,
    0xdb, 0xdb, 0xdb, 0x44, 0x15, 0x15, 0x9b, 0xdb, 0xd6, 0xdb, 0xdb, 0xd8, 0xfb, 0xfd, 0xfe, 0xfe,
    0xf4, 0xe9, 0xf4, 0xf4, 0x41, 0x06, 0x41, 0x7b, 0x59, 0x44, 0x44, 0xd6, 0xe9, 0xe0, 0xcc, 0xb2,
    0xa2, 0xb5, 0xad, 0xb5, 0x1c, 0x6c, 0x6c, 0x21, 0xb5, 0xf4, 0xf4, 0xf4, 0xf5, 0xfc, 0xfe, 0xfe,
    0x13, 0x04, 0x02, 0x02, 0x3f, 0x2d, 0x3f, 0xd6, 0xf1, 0xf1, 0xe7, 0xfa, 0xfb, 0xfa, 0xfb, 0xfe,
    0x2a, 0x4b, 0x42, 0x2d, 0x2d, 0x19, 0x09, 0xcc, 0xf1, 0xf2, 0xee, 0xf5, 0xf9, 0xfa, 0xfb, 0xfc,
    0x2a, 0x4b, 0x42, 0x2d, 0x2d, 0x22, 0x09, 0x09, 0x51, 0x45, 0x8e, 0xcc, 0xe9, 0xe0, 0xcc, 0xa2,
    0x22, 0x2a, 0x3b, 0x5c, 0x69, 0x42, 0x42, 0x51, 0x73, 0x45, 0x2d, 0x3a, 0x7a, 0xa1, 0xa1, 0xa1,
    0x39, 0x39, 0x2b, 0x2b, 0x39, 0x2b, 0x2b, 0x34, 0x44, 0x39, 0x44, 0x3f, 0x44, 0x2b, 0x06, 0x13,
    0x13, 0x19, 0x19, 0x22, 0x22, 0x2d, 0x2d, 0x45, 0x2d, 0x2d, 0x2d, 0x2d, 0x2d, 0x19, 0x2a, 0x2d,
    0x2a, 0x4b, 0x42, 0x2d, 0x2d, 0x19, 0x0f, 0x0f, 0x13, 0x0f, 0x19, 0x0f, 0x0f, 0x09, 0x22, 0x2a,
    0x22, 0x2d, 0x36, 0x5c, 0x51, 0x51, 0x54, 0x4a, 0x45, 0x45, 0x45, 0x19, 0x04, 0x08, 0x04, 0x13,
    0x21, 0x6c, 0x21, 0x09, 0x09, 0x9b, 0xcc, 0xcc, 0xa1, 0xcc, 0xe0, 0xf0, 0xfe, 0xfd, 0xfd, 0xfe,
    0xee, 0xc3, 0x8e, 0x56, 0xad, 0x56, 0x15, 0x04, 0x2b, 0x15, 0x04, 0x13, 0x21, 0x09, 0x21, 0x6c,
    0x3f, 0x51, 0x45, 0x2b, 0x2b, 0x51, 0x90, 0x8b, 0x6c, 0x09, 0x3e, 0x6c, 0x21, 0x21, 0x3e, 0x6c,
    0x9f, 0x6c, 0x65, 0x9f, 0x9f, 0x9f, 0x3e, 0x46, 0x21, 0x6c, 0x6c, 0x6c, 0xa1, 0x8a, 0x6d, 0x54,
    0xea, 0xb9, 0x97, 0x59, 0xad, 0x59, 0x2b, 0xe9, 0xf2, 0xe9, 0xf2, 0xf5, 0xfb, 0xfb, 0xfa, 0xfd,
    0xfb, 0xfa, 0xee, 0xe0, 0xa2, 0x8e, 0xa2, 0xb2, 0x87, 0xcc, 0xe4, 0xed, 0xfe, 0xfd, 0xfe, 0xfe,
    0xe9, 0xf4, 0xe9, 0xf4, 0xa2, 0x04, 0x1c, 0x39, 0x41, 0xa2, 0xb9, 0xe0, 0xe4, 0xcc, 0xa1, 0x9b,
    0xa2, 0xa2, 0xad, 0xb5, 0x59, 0x39, 0x21, 0x2b, 0xcc, 0xcc, 0xd6, 0xdb, 0xf4, 0xfe, 0xfe, 0xfe,
    0x06, 0x02, 0x02, 0x13, 0x1b, 0x2d, 0xd6, 0xee, 0xee, 0xf1, 0xf5, 0xf6, 0xfa, 0xfb, 0xfa, 0xfc,
    0x22, 0x22, 0x2a, 0x36, 0x19, 0x19, 0xcc, 0xf4, 0xf4, 0xf2, 0xf6, 0xf5, 0xfa, 0xfb, 0xfa, 0xfd,
    0x22, 0x22, 0x2a, 0x36, 0x19, 0x19, 0x3b, 0x45, 0x45, 0x6d, 0xb9, 0xe0, 0xe7, 0xcc, 0x8e, 0x8e,
    0x22, 0x2d, 0x36, 0x42, 0x36, 0x36, 0x3b, 0x51, 0x51, 0x2d, 0x45, 0x6d, 0x8e, 0xa1, 0xa1, 0xa1,
    0x41, 0x2b, 0x2b, 0x20, 0x2b, 0x25, 0x25, 0x2b, 0x34, 0x44, 0x3f, 0x34, 0x3f, 0x44, 0x15, 0x13,
    0x13, 0x13, 0x19, 0x19, 0x22, 0x22, 0x22, 0x2d, 0x19, 0x22, 0x22, 0x2d, 0x2a, 0x2d, 0x36, 0x2d,
    0x22, 0x22, 0x2d, 0x36, 0x19, 0x22, 0x09, 0x09, 0x19, 0x22, 0x19, 0x09, 0x09, 0x22, 0x36, 0x2d,
    0x22, 0x2a, 0x2d, 0x3b, 0x42, 0x51, 0x51, 0x54, 0x45, 0x45, 0x2d, 0x13, 0x13, 0x04, 0x13, 0x13,
    0x21, 0x21, 0x6c, 0x21, 0x9b, 0xcc, 0xcc, 0xa1, 0xcc, 0xdb, 0xdb, 0xee, 0xfa, 0xfc, 0xfe, 0xfd,
    0xd8, 0xb2, 0x87, 0x75, 0x87, 0xad, 0x15, 0x04, 0x15, 0x15, 0x04, 0x04, 0x09, 0x09, 0x21, 0x21,
    0x3f, 0x51, 0x6c, 0x3b, 0x51, 0x8b, 0x90, 0xd0, 0x67, 0x6c, 0x09, 0x09, 0x21, 0x9f, 0x3e, 0x3e,
    0x6c, 0x9f, 0x21, 0x29, 0x6c, 0x9f, 0x9f, 0x6c, 0x21, 0x38, 0x46, 0x6c, 0x09, 0x7a, 0x6d, 0x54,
    0xd8, 0xb2, 0x87, 0x75, 0x87, 0xad, 0xe4, 0xf0, 0xf2, 0xf4, 0xf6, 0xf6, 0xf9, 0xfd, 0xfd, 0xfe,
    0xfc, 0xfa, 0xe4, 0xe7, 0xe9, 0xdb, 0xa2, 0x56, 0x7b, 0x75, 0xad, 0xe4, 0xfa, 0xfd, 0xfe, 0xfd,
    0xe4, 0xdb, 0xe0, 0xe9, 0xf4, 0x41, 0x1c, 0x1b, 0xad, 0xa1, 0xdb, 0xe4, 0xdb, 0xa1, 0x7b, 0x97,
    0x87, 0xb5, 0xad, 0x7b, 0x8e, 0x39, 0x04, 0x08, 0x08, 0x2b, 0xba, 0xf4, 0xfb, 0xfe, 0xfe, 0xfe,
    0x13, 0x13, 0x13, 0x13, 0x19, 0xba, 0xe4, 0xee, 0xee, 0xfa, 0xf6, 0xfa, 0xf5, 0xfc, 0xfe, 0xfe,
    0x22, 0x19, 0x36, 0x42, 0x42, 0xb5, 0xee, 0xf2, 0xf2, 0xf4, 0xf6, 0xf6, 0xfa, 0xfb, 0xfc, 0xfd,
    0x22, 0x19, 0x36, 0x42, 0x42, 0x2d, 0x3a, 0x3f, 0x5e, 0xb2, 0xdb, 0xe0, 0xdb, 0x8e, 0x7a, 0xa1,
    0x19, 0x2a, 0x2d, 0x36, 0x2d, 0x3b, 0x2d, 0x42, 0x7a, 0x5e, 0x8a, 0x93, 0xa1, 0xa1, 0x97, 0x9b,
    0x39, 0x2b, 0x20, 0x20, 0x1c, 0x20, 0x22, 0x2d, 0x3f, 0x2d, 0x3a, 0x3a, 0x2d, 0x25, 0x25, 0x06,
    0x13, 0x19, 0x19, 0x2d, 0x22, 0x22, 0x19, 0x2a, 0x2d, 0x19, 0x22, 0x2a, 0x2d, 0x2d, 0x3e, 0x2d,
    0x22, 0x19, 0x36, 0x42, 0x42, 0x36, 0x19, 0x2d, 0x2a, 0x19, 0x22, 0x22, 0x19, 0x36, 0x3e, 0x2d,
    0x19, 0x2a, 0x36, 0x36, 0x42, 0x42, 0x51, 0x60, 0x45, 0x51, 0x45, 0x1b, 0x2d, 0x13, 0x19, 0x19,
    0x21, 0x21, 0x6c, 0x9b, 0xcc, 0xad, 0xa1, 0xb9, 0xd6, 0xd6, 0xcc, 0xcc, 0xee, 0xfe, 0xfe, 0xf4,
    0xb9, 0xb2, 0x87, 0x44, 0x56, 0xdb, 0x44, 0x06, 0x1c, 0x2b, 0x13, 0x04, 0x06, 0x8b, 0x6c, 0x6c,
    0x51, 0x51, 0x51, 0x6c, 0x6c, 0x6c, 0x8b, 0x21, 0x21, 0x6c, 0x01, 0x09, 0x9f, 0x6c, 0x46, 0x3e,
    0x9f, 0x3e, 0x09, 0x21, 0x21, 0x9f, 0x6c, 0x29, 0x3e, 0x3e, 0x3e, 0x3e, 0x01, 0x74, 0x3f, 0x45,
    0xb9, 0xb2, 0x87, 0x39, 0x56, 0xe4, 0xf2, 0xf0, 0xf2, 0xf2, 0xfa, 0xf4, 0xf2, 0xfc, 0xfd, 0xfe,
    0xfc, 0xf7, 0xf2, 0xe4, 0xdb, 0xc3, 0x87, 0xa2, 0x87, 0x56, 0x2b, 0x8e, 0xea, 0xfd, 0xfe, 0xf1,
    0xdb, 0xdb, 0xd6, 0xdb, 0xf4, 0x7b, 0x13, 0x3f, 0x8a, 0xc6, 0xdb, 0xdb, 0xb9, 0x6d, 0x8a, 0x9b,
    0x44, 0xb5, 0x94, 0x97, 0xa2, 0x87, 0x1c, 0x04, 0x04, 0x04, 0x97, 0xfa, 0xfc, 0xfd, 0xfe, 0xfd,
    0x13, 0x13, 0x13, 0x2d, 0x2d, 0xe0, 0xf2, 0xf0, 0xf2, 0xf2, 0xfa, 0xf6, 0xee, 0xfd, 0xfe, 0xfe,
    0x36, 0x2d, 0x4b, 0x42, 0x5c, 0xe0, 0xf4, 0xf2, 0xf2, 0xf2, 0xfa, 0xf4, 0xf4, 0xfb, 0xfd, 0xfd,
    0x36, 0x2d, 0x42, 0x4b, 0x5c, 0x45, 0x3f, 0x45, 0xb2, 0xc8, 0xdb, 0xdb, 0xb9, 0x7a, 0x8e, 0x9b,
    0x2d, 0x3b, 0x2d, 0x2d, 0x42, 0x4b, 0x42, 0x4b, 0x73, 0x8a, 0x86, 0x86, 0xa1, 0x7a, 0x8e, 0xa1,
    0x41, 0x27, 0x2b, 0x20, 0x15, 0x1b, 0x2b, 0x25, 0x34, 0x3f, 0x3a, 0x3f, 0x34, 0x34, 0x2b, 0x15,
    0x13, 0x13, 0x2d, 0x3b, 0x22, 0x19, 0x2a, 0x2d, 0x36, 0x2d, 0x2d, 0x19, 0x2a, 0x3b, 0x5c, 0x42,
    0x36, 0x2d, 0x46, 0x4b, 0x4b, 0x4b, 0x36, 0x36, 0x36, 0x36, 0x2d, 0x19, 0x2a, 0x3b, 0x5c, 0x42,
    0x2d, 0x3e, 0x2d, 0x2d, 0x42, 0x51, 0x5e, 0x69, 0x51, 0x58, 0x51, 0x51, 0x42, 0x19, 0x2d, 0x19,
    0x6c, 0x5c, 0x6c, 0xb2, 0x97, 0x8e, 0x97, 0x9b, 0xdb, 0xd6, 0xe4, 0xee, 0xf5, 0xfe, 0xfa, 0xe4,
    0xa2, 0x7b, 0x44, 0x44, 0x56, 0xd6, 0x7b, 0x06, 0x06, 0x15, 0x13, 0x13, 0x04, 0x04, 0x8b, 0x6c,
    0x3b, 0x51, 0x6c, 0x6c, 0x21, 0x09, 0x09, 0x21, 0x29, 0x6c, 0x01, 0x09, 0x21, 0x3e, 0x3e, 0x3e,
    0x3e, 0x38, 0x3e, 0x21, 0x09, 0x6c, 0x21, 0x09, 0x09, 0x9f, 0x29, 0x21, 0x09, 0x09, 0x4a, 0x3f,
    0xa2, 0x7b, 0x41, 0x39, 0xe9, 0xed, 0xf0, 0xf0, 0xf0, 0xf0, 0xf4, 0xee, 0xfb, 0xfd, 0xfe, 0xfe,
    0xfc, 0xfa, 0xf5, 0xee, 0xe4, 0xba, 0xa2, 0x87, 0x56, 0x56, 0x39, 0x7b, 0xdb, 0xe9, 0xf4, 0xe4,
    0xe7, 0xcc, 0xdb, 0xdb, 0xe0, 0xd6, 0x25, 0x6d, 0xb9, 0xd6, 0xcc, 0xd6, 0x9b, 0x44, 0x8a, 0x8a,
    0x25, 0x7b, 0x7b, 0x9b, 0xb5, 0xb5, 0x41, 0x13, 0x04, 0x04, 0x44, 0xf6, 0xfb, 0xfe, 0xfe, 0xfa,
    0x13, 0x13, 0x13, 0x3f, 0xe0, 0xe9, 0xee, 0xf2, 0xe7, 0xee, 0xf2, 0xe7, 0xfa, 0xfd, 0xfe, 0xfe,
    0x2d, 0x5c, 0x6f, 0x3e, 0xdb, 0xf4, 0xf2, 0xf0, 0xf0, 0xf0, 0xf4, 0xee, 0xfa, 0xfd, 0xfd, 0xfd,
    0x2d, 0x5c, 0x67, 0x3e, 0x3b, 0x45, 0x45, 0x8e, 0xb9, 0xd6, 0xcc, 0xd6, 0x8e, 0x5e, 0x86, 0x93,
    0x4b, 0x4b, 0x42, 0x4b, 0x4b, 0x42, 0x6f, 0x69, 0x6d, 0x78, 0x7a, 0x7a, 0xa1, 0x86, 0x7a, 0x9b,
    0x27, 0x20, 0x13, 0x13, 0x1b, 0x1b, 0x22, 0x2d, 0x2d, 0x3a, 0x45, 0x3a, 0x2d, 0x3a, 0x3f, 0x34,
    0x25, 0x13, 0x2d, 0x3b, 0x6f, 0x4b, 0x22, 0x36, 0x3b, 0x2d, 0x19, 0x19, 0x2d, 0x2d, 0x4b, 0x2d,
    0x2d, 0x5c, 0x67, 0x3e, 0x6f, 0x4b, 0x2d, 0x2d, 0x42, 0x36, 0x19, 0x19, 0x2d, 0x2d, 0x4b, 0x2d,
    0x5c, 0x4b, 0x42, 0x4b, 0x4b, 0x42, 0x73, 0x5c, 0x58, 0x69, 0x4b, 0x4b, 0x4b, 0x4b, 0x5a, 0x2d,
    0x6c, 0x21, 0xa1, 0x9b, 0x97, 0xa1, 0xa1, 0x9b, 0xcc, 0xdb, 0xe4, 0xcc, 0xfa, 0xfd, 0xf2, 0xcc,
    0x87, 0x44, 0x2b, 0x56, 0xad, 0xcc, 0xad, 0x15, 0x04, 0x04, 0x22, 0x13, 0x06, 0x04, 0x04, 0x21,
    0x09, 0x8b, 0x21, 0x29, 0x29, 0x6c, 0x09, 0x09, 0x21, 0x21, 0x21, 0x6c, 0x21, 0x09, 0x29, 0x21,
    0x3e, 0x3e, 0x21, 0x21, 0x21, 0x3e, 0x0f, 0x01, 0x03, 0x09, 0x0f, 0x09, 0x21, 0x09, 0x21, 0x44,
    0x87, 0x56, 0x2b, 0xad, 0xe4, 0xe9, 0xee, 0xf0, 0xf2, 0xee, 0xe4, 0xf5, 0xfd, 0xfe, 0xfe, 0xfe,
    0xfd, 0xfa, 0xfa, 0xf0, 0xe4, 0xcc, 0xc3, 0xad, 0x56, 0x41, 0x1c, 0x39, 0x2b, 0x39, 0x6d, 0xb5,
    0xf4, 0xe9, 0xd6, 0xdb, 0xcc, 0x25, 0x44, 0x8a, 0xa1, 0xb9, 0xd6, 0xcc, 0x8a, 0x7a, 0x6d, 0x8a,
    0x15, 0x7b, 0x7b, 0x9b, 0x97, 0x9b, 0x75, 0x2b, 0x13, 0x04, 0x15, 0xdb, 0xfe, 0xfe, 0xf4, 0xea,
    0x1b, 0x13, 0x02, 0xdb, 0xee, 0xee, 0xe7, 0xf2, 0xf2, 0xee, 0xe0, 0xf6, 0xfd, 0xfe, 0xfe, 0xfe,
    0x5c, 0x6f, 0x90, 0xdb, 0xf4, 0xf0, 0xee, 0xf0, 0xf2, 0xee, 0xe4, 0xf5, 0xfc, 0xfd, 0xfe, 0xfe,
    0x5c, 0x6f, 0x90, 0x5c, 0x2d, 0x3a, 0x6d, 0x8a, 0xa1, 0xbf, 0xd6, 0xcc, 0x8e, 0x6d, 0x86, 0x9b,
    0x4b, 0x4b, 0x5c, 0x6f, 0x42, 0x5c, 0x58, 0x69, 0x5e, 0x6d, 0x8a, 0x84, 0x7a, 0x81, 0x7a, 0x9b,
    0x39, 0x1c, 0x15, 0x13, 0x13, 0x19, 0x1c, 0x25, 0x2d, 0x45, 0x3a, 0x3b, 0x2d, 0x2d, 0x34, 0x2d,
    0x2d, 0x19, 0x22, 0x36, 0x42, 0x6f, 0x4b, 0x42, 0x2d, 0x3b, 0x42, 0x42, 0x5c, 0x46, 0x29, 0x3e,
    0x5c, 0x6f, 0x90, 0x5c, 0x4b, 0x6f, 0x4b, 0x42, 0x2d, 0x42, 0x42, 0x42, 0x5c, 0x46, 0x29, 0x3e,
    0x4b, 0x4b, 0x5c, 0x6f, 0x3e, 0x5c, 0x6f, 0x5c, 0x5c, 0x36, 0x51, 0x3e, 0x5c, 0x6f, 0x90, 0x4b,
    0x21, 0x8e, 0x56, 0x56, 0x8e, 0xb2, 0xb2, 0xa2, 0xa1, 0xad, 0xd6, 0xad, 0xf4, 0xf4, 0xe4, 0xad,
    0x56, 0x44, 0x44, 0x8e, 0x94, 0xa2, 0xcc, 0x44, 0x15, 0x04, 0x06, 0x15, 0x06, 0x06, 0x04, 0x21,
    0x09, 0x6c, 0x29, 0x09, 0x6c, 0x01, 0x09, 0x09, 0x21, 0x09, 0x6c, 0x6c, 0x8b, 0x8b, 0x21, 0x21,
    0x21, 0x21, 0x21, 0x09, 0x01, 0x0f, 0x0f, 0x09, 0x01, 0x01, 0x09, 0x6c, 0x6c, 0x8b, 0x6c, 0x6c,
    0x59, 0x39, 0xcc, 0xe0, 0xe9, 0xe9, 0xf0, 0xf4, 0xe4, 0xdb, 0xf0, 0xfd, 0xfe, 0xfe, 0xfe, 0xfe,
    0xfe, 0xfe, 0xfd, 0xf2, 0xdb, 0xcc, 0xcc, 0xba, 0x87, 0x56, 0x1c, 0x1c, 0x39, 0x27, 0x1c, 0x7b,
    0xf4, 0xe0, 0xcc, 0xad, 0x54, 0x51, 0x44, 0x86, 0xa1, 0xb9, 0xd8, 0xb6, 0x9b, 0x6d, 0x7a, 0x9b,
    0x20, 0x44, 0x75, 0xa1, 0x8e, 0x8e, 0x8e, 0x44, 0x15, 0x15, 0x04, 0xd8, 0xfe, 0xfd, 0xbf, 0xf2,
    0x2d, 0x13, 0xdb, 0xe0, 0xe9, 0xee, 0xf0, 0xf2, 0xe0, 0xe0, 0xe7, 0xfb, 0xfd, 0xfe, 0xfe, 0xfe,
    0x6f, 0x42, 0xd6, 0xe4, 0xee, 0xf0, 0xf2, 0xf4, 0xe4, 0xd8, 0xf0, 0xfb, 0xfd, 0xfe, 0xfe, 0xfe,
    0x6f, 0x42, 0x2d, 0x3a, 0x3f, 0x45, 0x7a, 0x8e, 0x9b, 0xbf, 0xd8, 0xb6, 0x8e, 0x86, 0x8e, 0xa1,
    0x4b, 0x5c, 0x36, 0x2d, 0x22, 0x22, 0x36, 0x51, 0x51, 0x54, 0x6d, 0x6d, 0x84, 0x8a, 0x8a, 0x9b,
    0x2b, 0x06, 0x13, 0x13, 0x19, 0x1b, 0x19, 0x25, 0x2d, 0x45, 0x2d, 0x45, 0x3a, 0x36, 0x2d, 0x3a,
    0x36, 0x42, 0x19, 0x2d, 0x42, 0x4b, 0x6f, 0x2d, 0x4b, 0x6b, 0xa7, 0x90, 0x6f, 0x4b, 0x3e, 0x29,
    0x6f, 0x42, 0x2a, 0x2d, 0x42, 0x4b, 0x6f, 0x2d, 0x58, 0x6b, 0xa7, 0x90, 0x6f, 0x4b, 0x46, 0x29,
    0x4b, 0x5c, 0x36, 0x2a, 0x22, 0x22, 0x22, 0x3e, 0x22, 0x22, 0x19, 0x2d, 0x3b, 0x42, 0x36, 0x2a,
    0x2b, 0x56, 0x56, 0x87, 0xb2, 0xb5, 0xb2, 0xa1, 0x97, 0x8e, 0xb5, 0xcc, 0xf4, 0xe4, 0xd6, 0x87,
    0x56, 0x56, 0x8e, 0x87, 0x87, 0x94, 0xad, 0x56, 0x44, 0x44, 0x44, 0x13, 0x06, 0x06, 0x04, 0x04,
    0x6c, 0x21, 0x21, 0x21, 0x09, 0x09, 0x09, 0x01, 0x09, 0x09, 0x21, 0x8b, 0x8b, 0x7d, 0x7d, 0x8b,
    0x09, 0x21, 0x21, 0x6c, 0x6c, 0x09, 0x09, 0x3e, 0x3e, 0x21, 0x6c, 0x8b, 0x8b, 0x7d, 0x6c, 0x6c,
    0x56, 0xad, 0xe0, 0xe4, 0xe9, 0xf4, 0xf4, 0xea, 0xb9, 0xd8, 0xf4, 0xfd, 0xfe, 0xfe, 0xfe, 0xfe,
    0xfe, 0xfe, 0xf0, 0xcc, 0xba, 0xa2, 0x94, 0x87, 0x87, 0x56, 0x1c, 0x1c, 0x1c, 0x41, 0x1c, 0x1c,
    0xf6, 0xd6, 0xb5, 0x1b, 0x3f, 0x54, 0x6d, 0x86, 0xa1, 0xbf, 0xd8, 0xa1, 0x86, 0x7a, 0x7a, 0x8a,
    0x1c, 0x15, 0x7b, 0x9b, 0x7b, 0x87, 0x87, 0x68, 0x41, 0x15, 0x13, 0x8e, 0xfb, 0xb9, 0xea, 0xf6,
    0x2d, 0xdb, 0xe0, 0xe4, 0xe7, 0xf1, 0xf2, 0xe7, 0xce, 0xd6, 0xf0, 0xfe, 0xfe, 0xfe, 0xfe, 0xfe,
    0x2d, 0xd6, 0xe0, 0xe7, 0xee, 0xf1, 0xf4, 0xea, 0xb9, 0xd8, 0xf6, 0xfc, 0xfe, 0xfe, 0xfe, 0xfe,
    0x2a, 0x19, 0x3f, 0x22, 0x45, 0x74, 0x6d, 0x9b, 0xb6, 0xce, 0xd8, 0xa1, 0x8a, 0x7a, 0x7a, 0x9b,
    0x4b, 0x36, 0x22, 0x22, 0x19, 0x22, 0x2d, 0x45, 0x45, 0x5e, 0x6d, 0x84, 0x81, 0x84, 0x8a, 0x7a,
    0x59, 0x1c, 0x15, 0x13, 0x13, 0x1b, 0x19, 0x22, 0x3a, 0x5e, 0x5e, 0x2d, 0x36, 0x2d, 0x3b, 0x3b,
    0x2d, 0x2d, 0x22, 0x19, 0x2a, 0x42, 0x4b, 0x5c, 0x6f, 0x42, 0x42, 0x4b, 0x4b, 0x4b, 0x4b, 0x3e,
    0x2a, 0x19, 0x2d, 0x19, 0x2a, 0x3e, 0x4b, 0x5c, 0x6f, 0x58, 0x4b, 0x4b, 0x4b, 0x4b, 0x4b, 0x4b,
    0x42, 0x3b, 0x2a, 0x22, 0x22, 0x19, 0x19, 0x22, 0x22, 0x2d, 0x36, 0x36, 0x36, 0x2d, 0x22, 0x22,
    0x59, 0x27, 0x06, 0x15, 0x19, 0x19, 0x19, 0x19, 0x22, 0x22, 0x2a, 0x2d, 0x36, 0x2d, 0x22, 0x2d,
    0x1c, 0x44, 0x8e, 0x59, 0x41, 0x44, 0x87, 0x87, 0x7b, 0x59, 0x59, 0x56, 0x56, 0x06, 0x06, 0x6f,
    0x2d, 0xb5, 0xa2, 0x51, 0x3f, 0x86, 0x9b, 0x9b, 0xb9, 0xd8, 0xb9, 0x9b, 0x44, 0x44, 0x6d, 0x6d,
    0x15, 0x15, 0x44, 0x9b, 0x75, 0x44, 0x59, 0x68, 0x54, 0x44, 0x25, 0x06, 0x8e, 0x2d, 0x22, 0x2a,
    0xdb, 0xad, 0xc3, 0xc3, 0x75, 0xa1, 0x8e, 0x06, 0x06, 0x75, 0x1c, 0x06, 0x15, 0x1c, 0x1c, 0x15,
    0x36, 0x22, 0x22, 0x22, 0x2d, 0x4b, 0x4b, 0x67, 0x76, 0xb0, 0x5c, 0x13, 0x13, 0x8e, 0x75, 0x75,
    0x3e, 0x36, 0x22, 0x2d, 0x2d, 0x1b, 0x25, 0x2b, 0x34, 0x2d, 0x34, 0x3f, 0x3f, 0x3a, 0x3f, 0x25,
    0x02, 0x13, 0x6d, 0x74, 0x74, 0x84, 0x7a, 0x8e, 0xa1, 0xa1, 0xa1, 0x6d, 0x44, 0x34, 0x15, 0x41,
    0xee, 0xb5, 0xb5, 0xba, 0xb2, 0x8e, 0x8e, 0x13, 0x1b, 0x04, 0x3f, 0x13, 0x13, 0x8e, 0x75, 0x75,
    0x13, 0x13, 0x13, 0x39, 0x39, 0x74, 0xa5, 0xb9, 0xce, 0xec, 0xf6, 0xf6, 0xa1, 0xc6, 0xec, 0xee,
    0x87, 0x87, 0x87, 0x8e, 0xa1, 0xcc, 0xcc, 0xc3, 0xb2, 0x8e, 0x8e, 0xee, 0xf5, 0xf5, 0xe4, 0xb5,
    0x56, 0x56, 0x8e, 0x59, 0x41, 0x56, 0x87, 0x87, 0x7b, 0x59, 0x59, 0x56, 0x56, 0x06, 0x06, 0x06,
    0x13, 0x13, 0x13, 0x39, 0x39, 0x44, 0xa5, 0xb9, 0xce, 0xec, 0xf6, 0xf6, 0xa1, 0xc6, 0xec, 0xee,
    0xee, 0xb5, 0xb5, 0xba, 0xb2, 0x8e, 0x8e, 0x13, 0x1b, 0x04, 0x3f, 0x13, 0x13, 0x8e, 0x75, 0x75,
    0x87, 0x87, 0x87, 0x8e, 0xa1, 0xcc, 0xcc, 0xc3, 0xb2, 0x8e, 0x8e, 0xee, 0xf5, 0xf6, 0xe4, 0xb5,
    0x56, 0xee, 0xe9, 0xe9, 0xee, 0xf2, 0xf2, 0xce, 0xa5, 0xea, 0xf6, 0xfe, 0xfe, 0xfe, 0xfe, 0xfe,
    0x1c, 0x20, 0x20, 0x20, 0x1b, 0x19, 0x19, 0x22, 0x19, 0x2d, 0x2a, 0x2d, 0x36, 0x6f, 0x3b, 0x36,
    0x02, 0x02, 0x87, 0x59, 0x1c, 0x41, 0x41, 0x56, 0x87, 0x8e, 0x56, 0x41, 0x59, 0x42, 0x4b, 0x58,
    0x3e, 0xb5, 0x86, 0x6d, 0x7a, 0x8e, 0xa1, 0x9b, 0xb9, 0xb9, 0x8e, 0xe0, 0xe9, 0xfe, 0xfe, 0xfe,
    0x75, 0x75, 0x44, 0x22, 0x44, 0x06, 0x8e, 0x7a, 0x6d, 0x54, 0x3f, 0x06, 0x04, 0x6f, 0x4b, 0x36,
    0xa1, 0x68, 0x56, 0xc3, 0x8e, 0xc3, 0x1c, 0x15, 0x15, 0x06, 0x56, 0x20, 0x06, 0x15, 0x15, 0x1c,
    0x3e, 0x2d, 0x58, 0x4b, 0x6f, 0x90, 0x90, 0x4b, 0x6f, 0x5c, 0x8e, 0xe0, 0xe9, 0xfe, 0xfe, 0xfe,
    0x4b, 0x3e, 0x36, 0x2d, 0x36, 0x3a, 0x2d, 0x25, 0x2d, 0x3f, 0x34, 0x2d, 0x34, 0x44, 0x25, 0xe0,
    0x02, 0x02, 0x74, 0x74, 0x74, 0x6d, 0x7a, 0x86, 0x8e, 0x8e, 0xa1, 0x3f, 0x34, 0x3f, 0x44, 0x2b,
    0xd8, 0xb2, 0xa1, 0xb9, 0xb9, 0x97, 0x8e, 0x8e, 0x04, 0x13, 0x8e, 0xe4, 0xee, 0xfe, 0xfe, 0xfe,
    0x7b, 0x7b, 0x39, 0x13, 0x06, 0x06, 0xa5, 0xa5, 0xa5, 0xb9, 0xf2, 0x9b, 0xa5, 0xbf, 0xb9, 0xd8,
    0xba, 0xc3, 0x87, 0x56, 0x56, 0xa1, 0xcc, 0xcc, 0xa1, 0xa1, 0x8e, 0xf5, 0xf5, 0xe4, 0xd6, 0x87,
    0x56, 0x56, 0x8e, 0x59, 0x1c, 0x41, 0x41, 0x56, 0x87, 0x8e, 0x59, 0x41, 0x59, 0xba, 0xf1, 0xf1,
    0x7b, 0x7b, 0x39, 0x13, 0x06, 0x06, 0xa5, 0xa5, 0xa5, 0xb9, 0xf2, 0x9b, 0xa5, 0xbf, 0xb9, 0xd8,
    0xd8, 0xb2, 0xa1, 0xb9, 0xb9, 0x8e, 0x8e, 0x8e, 0x04, 0x13, 0x8e, 0xe4, 0xee, 0xfe, 0xfe, 0xfe,
    0xba, 0xc3, 0x87, 0x56, 0x56, 0xa1, 0xcc, 0xcc, 0xa1, 0xa1, 0x8e, 0xf6, 0xf5, 0xe4, 0xcc, 0xa2,
    0xf1, 0xee, 0xe4, 0xe9, 0xee, 0xf2, 0xe4, 0xb9, 0xbf, 0xf0, 0xfb, 0xfd, 0xfe, 0xfe, 0xfe, 0xfe,
    0x15, 0x2b, 0x2b, 0x15, 0x19, 0x22, 0x19, 0x19, 0x36, 0x42, 0x22, 0x36, 0x2d, 0x2a, 0x2a, 0x2d,
    0x44, 0x02, 0x04, 0x1c, 0x1c, 0x1c, 0x41, 0x39, 0x75, 0x59, 0x41, 0x41, 0x4b, 0x22, 0x4b, 0x6f,
    0x2d, 0x6d, 0x7a, 0x84, 0x6d, 0x8e, 0x86, 0xa1, 0xb9, 0x9b, 0xfb, 0xfa, 0xfd, 0xfe, 0xfe, 0xfe,
    0xc3, 0xc3, 0x75, 0x87, 0x15, 0x15, 0x20, 0x44, 0x6d, 0x44, 0x39, 0x1c, 0x04, 0x04, 0x2d, 0x2d,
    0x8e, 0x44, 0x44, 0x75, 0x8e, 0x75, 0xc3, 0x1c, 0x1c, 0x06, 0x1c, 0x15, 0x20, 0x1c, 0x15, 0x15,
    0x79, 0x90, 0x4b, 0x6f, 0x90, 0x90, 0x6f, 0x5c, 0x6f, 0x8e, 0xfb, 0xfa, 0xfd, 0xfe, 0xfe, 0xfe,
    0x5c, 0x2d, 0x3b, 0x42, 0x3b, 0x3b, 0x36, 0x3a, 0x2b, 0x2b, 0x34, 0x34, 0x45, 0x25, 0xc3, 0xe0,
    0x44, 0x02, 0x02, 0x3a, 0x3a, 0x5e, 0x84, 0x8e, 0x86, 0x8e, 0x8e, 0x44, 0x2b, 0x2b, 0x3f, 0x2b,
    0xb5, 0x8e, 0x86, 0x8e, 0x86, 0x8e, 0x8e, 0xa2, 0x3f, 0x8e, 0xfb, 0xfa, 0xfd, 0xfe, 0xfe, 0xfe,
    0xc3, 0xc3, 0x7b, 0x87, 0x1c, 0x15, 0x15, 0x06, 0xa5, 0xa5, 0xce, 0x9b, 0xa5, 0xa5, 0xa1, 0xb5,
    0xf1, 0xd6, 0x87, 0x7b, 0x87, 0x7b, 0xa1, 0x97, 0x8e, 0x8e, 0xc8, 0xfb, 0xf5, 0xdb, 0xcc, 0x87,
    0x59, 0x75, 0x87, 0x2b, 0x1c, 0x15, 0x41, 0x39, 0x75, 0x56, 0x41, 0x41, 0xf1, 0xf1, 0xf1, 0xf1,
    0xc3, 0xc3, 0x7b, 0x87, 0x1c, 0x15, 0x15, 0x06, 0xa5, 0xa5, 0xce, 0x9b, 0xa5, 0xa5, 0xa1, 0xb5,
    0xb5, 0x8e, 0x86, 0x8e, 0x81, 0x7a, 0x81, 0xa2, 0x3f, 0x8e, 0xfb, 0xfa, 0xfd, 0xfe, 0xfe, 0xfe,
    0xf1, 0xd6, 0x87, 0x7b, 0x87, 0x7b, 0xa1, 0x97, 0x8e, 0x8e, 0xc8, 0xfb, 0xf5, 0xe0, 0xcc, 0xd6,
    0xd6, 0xe0, 0xd6, 0xe9, 0xf1, 0xe7, 0xbf, 0xb9, 0xe9, 0xf5, 0xfc, 0xfe, 0xfe, 0xfe, 0xfe, 0xfe,
    0x15, 0x13, 0x15, 0x06, 0x19, 0x36, 0x3e, 0x3e, 0x36, 0x36, 0x2d, 0x42, 0x36, 0x19, 0x2d, 0x36,
    0xb5, 0x1c, 0x02, 0x1c, 0x1c, 0x04, 0x15, 0x39, 0x1c, 0x29, 0x41, 0x29, 0x29, 0x22, 0x22, 0x3e,
    0x6f, 0x56, 0x6d, 0x84, 0x6d, 0x7a, 0x6d, 0x8a, 0x9b, 0xe4, 0xfa, 0xfe, 0xfe, 0xfe, 0xfd, 0xfe,
    0xfe, 0xf6, 0xc3, 0xc3, 0x87, 0x04, 0x04, 0x44, 0x34, 0x39, 0x44, 0x2b, 0x15, 0x06, 0x2d, 0x36,
    0x75, 0x41, 0x41, 0x39, 0x39, 0x44, 0x44, 0x39, 0x15, 0x15, 0x2b, 0x20, 0x22, 0x1c, 0x1c, 0x15,
    0x6f, 0x6f, 0x90, 0xb0, 0x58, 0x4b, 0x6f, 0x5c, 0x44, 0xe4, 0xfb, 0xfe, 0xfe, 0xfe, 0xfd, 0xfe,
    0x90, 0x2d, 0x2d, 0x65, 0x4b, 0x2d, 0x3b, 0x36, 0x2d, 0x2d, 0x25, 0x45, 0x25, 0xcc, 0xe0, 0xe4,
    0xad, 0x1c, 0x02, 0x04, 0x3a, 0x74, 0x6d, 0x84, 0x59, 0x8e, 0x7a, 0x7a, 0x3a, 0x2b, 0x06, 0x27,
    0x8e, 0x6d, 0x81, 0x8e, 0x81, 0x81, 0x7a, 0x81, 0x44, 0xe4, 0xfb, 0xfe, 0xfe, 0xfe, 0xfd, 0xfe,
    0xfe, 0xf6, 0xc3, 0xc3, 0x87, 0x02, 0x06, 0x39, 0x06, 0x8e, 0xa5, 0x8e, 0x9b, 0x8e, 0x75, 0x8e,
    0xfd, 0xf5, 0xc3, 0x41, 0x87, 0x7b, 0x87, 0x8e, 0x8e, 0x8e, 0xc3, 0xc3, 0xe4, 0xcc, 0xcc, 0x59,
    0x56, 0x59, 0x59, 0x2b, 0x1c, 0x04, 0x15, 0x39, 0x2b, 0x59, 0x41, 0xf1, 0xf1, 0xf1, 0xf1, 0xf1,
    0xfe, 0xf6, 0xc3, 0xc3, 0x87, 0x02, 0x06, 0x39, 0x06, 0x8e, 0xa5, 0x9b, 0x9b, 0x8e, 0x75, 0x8e,
    0x8e, 0x6d, 0x81, 0x8e, 0x81, 0x81, 0x7a, 0x81, 0x44, 0xe4, 0xfb, 0xfe, 0xfe, 0xfe, 0xfd, 0xfe,
    0xfd, 0xf5, 0xc3, 0x41, 0x87, 0x7b, 0x87, 0x8e, 0x8e, 0x8e, 0xc3, 0xba, 0xe4, 0xcc, 0xdb, 0xe7,
    0xee, 0xe0, 0xe0, 0xee, 0xf1, 0xdb, 0xb9, 0xdb, 0xf0, 0xfa, 0xfd, 0xfe, 0xfe, 0xfe, 0xfe, 0xfe,
    0x08, 0x15, 0x19, 0x22, 0x2d, 0x42, 0x5c, 0x3b, 0x36, 0x2d, 0x3e, 0x6f, 0x36, 0x36, 0x36, 0x3b,
    0xba, 0x87, 0x02, 0x1c, 0x1c, 0x04, 0x04, 0x1c, 0x1c, 0x06, 0x22, 0x22, 0x22, 0x19, 0x22, 0x22,
    0x67, 0x4b, 0x5c, 0x44, 0x6d, 0x7a, 0x8e, 0x84, 0xa1, 0xf4, 0xfe, 0xfe, 0xf6, 0xf6, 0xfe, 0xfe,
    0xfd, 0xf6, 0xe7, 0xb5, 0x87, 0x04, 0x04, 0x15, 0x44, 0x2b, 0x2f, 0x2d, 0x22, 0x25, 0x2d, 0x4b,
    0x75, 0x41, 0x1c, 0x1c, 0x56, 0x56, 0x44, 0x44, 0x44, 0x44, 0x1c, 0x20, 0x15, 0x15, 0x20, 0x1c,
    0x67, 0x4b, 0x5c, 0x42, 0x22, 0x2d, 0x90, 0x44, 0xe0, 0xf1, 0xfe, 0xfe, 0xf6, 0xf6, 0xfe, 0xfe,
    0x2d, 0x5c, 0x5c, 0x90, 0x90, 0x6f, 0x3b, 0x2d, 0x3a, 0x3a, 0x45, 0x25, 0xa2, 0xcc, 0xe0, 0xe7,
    0xcc, 0x87, 0x02, 0x02, 0x15, 0x59, 0x59, 0x6d, 0x5e, 0xa1, 0x6d, 0x5e, 0x19, 0x0f, 0x2b, 0x2b,
    0x75, 0x68, 0x6d, 0x81, 0x7a, 0x7a, 0x81, 0x74, 0xe7, 0xf5, 0xfe, 0xfe, 0xf6, 0xf6, 0xfe, 0xfe,
    0xfe, 0xf6, 0xe7, 0xb5, 0x87, 0x02, 0x02, 0x06, 0x15, 0x2b, 0x9b, 0x7a, 0x47, 0x44, 0x41, 0x75,
    0xfe, 0xfb, 0xcc, 0x41, 0x56, 0x87, 0x68, 0x7b, 0x8e, 0xa2, 0x94, 0xa2, 0xd6, 0xb5, 0xba, 0x41,
    0x56, 0x56, 0x8e, 0x59, 0x1c, 0x06, 0x04, 0x06, 0x2b, 0x06, 0xc3, 0xf1, 0xee, 0xf1, 0xf1, 0xf1,
    0xfe, 0xf6, 0xe7, 0xb5, 0x87, 0x02, 0x02, 0x06, 0x1c, 0x2b, 0x8e, 0x7a, 0x54, 0x44, 0x44, 0x75,
    0x75, 0x68, 0x6d, 0x81, 0x7a, 0x81, 0x81, 0x47, 0xe7, 0xf5, 0xfe, 0xfe, 0xf6, 0xf6, 0xfe, 0xfe,
    0xfe, 0xfb, 0xcc, 0x41, 0x56, 0x87, 0x68, 0x7b, 0x8e, 0xa2, 0x94, 0x97, 0xb5, 0xb5, 0xe0, 0xee,
    0xe4, 0xd6, 0xdb, 0xe7, 0xe7, 0xcc, 0xdb, 0xe9, 0xee, 0xfd, 0xfe, 0xfe, 0xfe, 0xfe, 0xfe, 0xfa,
    0x04, 0x1b, 0x22, 0x22, 0x22, 0x2a, 0x42, 0x2a, 0x22, 0x2d, 0x2a, 0x3e, 0x22, 0x22, 0x42, 0x36,
    0xc3, 0xdb, 0x59, 0x04, 0x04, 0x06, 0x06, 0x04, 0x29, 0x2a, 0x22, 0x2a, 0x22, 0x22, 0x22, 0x2a,
    0x4b, 0xa9, 0x5c, 0x56, 0x44, 0x6d, 0x8e, 0xc8, 0xf1, 0xe9, 0xfe, 0xb2, 0xb2, 0xf6, 0xfe, 0xfe,
    0xfe, 0xfe, 0xe0, 0xc3, 0xb5, 0x06, 0x15, 0x06, 0x20, 0x15, 0x34, 0x34, 0x2d, 0x2d, 0x4b, 0x36,
    0x75, 0x39, 0x1c, 0x27, 0x44, 0x39, 0x44, 0x74, 0x44, 0x3a, 0x1c, 0x2b, 0x3f, 0x3f, 0x1c, 0x1c,
    0x4b, 0xa9, 0x5c, 0x4b, 0x2d, 0x6b, 0xb0, 0xcc, 0xf1, 0xe9, 0xfe, 0xb2, 0xb2, 0xf6, 0xfe, 0xfe,
    0x3e, 0x2d, 0x5c, 0x5c, 0x4b, 0x36, 0x3b, 0x2d, 0x41, 0x2d, 0x2d, 0x6d, 0xc3, 0xe0, 0xe4, 0xe4,
    0xcc, 0xdb, 0x59, 0x02, 0x06, 0x25, 0x59, 0x84, 0x6d, 0x60, 0x51, 0x36, 0x19, 0x19, 0x2d, 0x2b,
    0x54, 0x75, 0x59, 0x59, 0x81, 0x6d, 0x7a, 0xc3, 0xf1, 0xee, 0xfe, 0xb9, 0xb9, 0xf6, 0xfe, 0xfe,
    0xfe, 0xfe, 0xe0, 0xc3, 0xb5, 0x06, 0x06, 0x06, 0x27, 0x15, 0x3f, 0x47, 0x47, 0x2f, 0x39, 0x44,
    0xfd, 0xfe, 0xe0, 0x41, 0x41, 0x68, 0x59, 0x41, 0x56, 0x8e, 0x8e, 0x8e, 0xd6, 0xc3, 0xa2, 0x8e,
    0x59, 0x56, 0x87, 0x87, 0x1c, 0x04, 0x06, 0x04, 0x06, 0xa2, 0xee, 0xe7, 0xe7, 0xf5, 0xf5, 0xfd,
    0xfe, 0xfe, 0xe0, 0xc3, 0xb5, 0x06, 0x06, 0x06, 0x27, 0x15, 0x2f, 0x47, 0x47, 0x2b, 0x41, 0x44,
    0x44, 0x75, 0x59, 0x59, 0x81, 0x81, 0x9b, 0xc8, 0xf1, 0xee, 0xfe, 0xb9, 0xb9, 0xf6, 0xfe, 0xfe,
    0xfd, 0xfe, 0xe0, 0x41, 0x41, 0x68, 0x59, 0x41, 0x56, 0x8e, 0x8e, 0x8e, 0xb5, 0xd6, 0xe7, 0xee,
    0xdb, 0xd6, 0xdb, 0xd6, 0xdb, 0xdb, 0xee, 0xea, 0xf2, 0xfe, 0xfe, 0xfe, 0xfe, 0xfe, 0xfe, 0xee,
    0x19, 0x22, 0x2d, 0x22, 0x22, 0x22, 0x2d, 0x19, 0x19, 0x19, 0x2d, 0x19, 0x19, 0x19, 0x2d, 0x2d,
    0xc3, 0xe0, 0xad, 0x1c, 0x04, 0x06, 0x04, 0x06, 0x29, 0x22, 0x46, 0x22, 0x22, 0x22, 0x22, 0x29,
    0x4b, 0x58, 0x6f, 0xb0, 0x44, 0x44, 0x44, 0xd6, 0xe7, 0xfb, 0xe9, 0xb2, 0xd8, 0xfd, 0xfe, 0xfe,
    0xfe, 0xfd, 0xe0, 0xe7, 0xb5, 0x1c, 0x1c, 0x15, 0x39, 0x44, 0x3f, 0x3f, 0x22, 0x22, 0x2d, 0x2d,
    0x41, 0x41, 0x1c, 0x1c, 0x27, 0x44, 0x39, 0x56, 0x74, 0x3f, 0x45, 0x1c, 0x1c, 0x36, 0x36, 0x1c,
    0x44, 0x44, 0x44, 0xb0, 0x6f, 0x5c, 0x44, 0xd6, 0xe7, 0xfb, 0xe9, 0xb2, 0xd8, 0xfd, 0xfe, 0xfe,
    0x4b, 0x2d, 0x2d, 0x19, 0x2a, 0x22, 0x2d, 0x19, 0x2b, 0x25, 0x74, 0xb2, 0xcc, 0xe7, 0xe7, 0xe0,
    0xcc, 0xe0, 0xb5, 0x1c, 0x02, 0x13, 0x2d, 0x5e, 0x5e, 0x69, 0x69, 0x22, 0x36, 0x3e, 0x3b, 0x2b,
    0x39, 0x44, 0x44, 0x75, 0x59, 0x6d, 0x74, 0xd6, 0xe7, 0xfb, 0xee, 0xb9, 0xd8, 0xfd, 0xfe, 0xfe,
    0xfe, 0xfd, 0xe4, 0xe7, 0xb5, 0x1c, 0x1c, 0x1c, 0x41, 0x44, 0x25, 0x2f, 0x25, 0x2b, 0x44, 0x44,
    0xfc, 0xfc, 0xfd, 0x59, 0x56, 0xa2, 0x56, 0x39, 0x39, 0x2b, 0x8e, 0x87, 0xa2, 0xc3, 0xb5, 0x8e,
    0x56, 0x87, 0x7b, 0x27, 0x15, 0x06, 0x04, 0x06, 0x04, 0xba, 0xf1, 0xf1, 0xfb, 0xfb, 0xee, 0xf5,
    0xfe, 0xfd, 0xe4, 0xe7, 0xb5, 0x1c, 0x1c, 0x1c, 0x41, 0x44, 0x47, 0xee, 0xee, 0xc3, 0xa2, 0x44,
    0x44, 0x44, 0x44, 0x75, 0x59, 0x59, 0x47, 0xd6, 0xe7, 0xfb, 0xee, 0xb9, 0xd8, 0xfd, 0xfe, 0xfe,
    0xfc, 0xfc, 0xfd, 0x59, 0x56, 0xa2, 0x56, 0x39, 0x39, 0x2b, 0x8e, 0x8e, 0xb5, 0xe7, 0xee, 0xe4,
    0xc3, 0xcc, 0xd6, 0xcc, 0xd6, 0xe4, 0xee, 0xea, 0xfd, 0xfe, 0xfe, 0xfd, 0xfe, 0xfe, 0xfe, 0xee,
    0x19, 0x22, 0x22, 0x2d, 0x2a, 0x19, 0x19, 0x19, 0x19, 0x19, 0x19, 0x13, 0x0f, 0x09, 0x19, 0x2a,
    0xb5, 0xba, 0xdb, 0x59, 0x04, 0x06, 0x04, 0x29, 0xa9, 0x90, 0x6f, 0x4b, 0x22, 0x4b, 0x42, 0x36,
    0x4b, 0x42, 0x4b, 0x6f, 0x56, 0x54, 0x56, 0xd6, 0xe0, 0xf1, 0xcc, 0xd8, 0xf6, 0xfe, 0xfe, 0xfe,
    0xfe, 0xfe, 0xdb, 0xe0, 0xe7, 0x75, 0x06, 0x20, 0x56, 0x56, 0x15, 0x25, 0x19, 0x0f, 0x22, 0x2a,
    0x54, 0x41, 0x1c, 0x1c, 0x1c, 0x27, 0x1c, 0x45, 0x3b, 0x45, 0x6f, 0x3f, 0x2d, 0x4b, 0x42, 0x3e,
    0xdb, 0xdb, 0x44, 0x44, 0x4b, 0x44, 0x75, 0xd6, 0xe0, 0xf1, 0xcc, 0xd8, 0xf6, 0xfe, 0xfe, 0xfe,
    0x4b, 0x6f, 0x4b, 0x4b, 0x2a, 0x19, 0x19, 0x0f, 0x25, 0x25, 0x8e, 0xa5, 0xdb, 0xe7, 0xe0, 0xb5,
    0xb5, 0xb5, 0xdb, 0x59, 0x04, 0x08, 0x19, 0x6f, 0x67, 0x6b, 0x5c, 0x4b, 0x2d, 0x4b, 0x42, 0x3e,
    0x2b, 0x44, 0x39, 0x44, 0x75, 0x56, 0x75, 0xd6, 0xe0, 0xf1, 0xcc, 0xd8, 0xf2, 0xfe, 0xfe, 0xfe,
    0xfe, 0xfe, 0xe4, 0xe0, 0xe7, 0x87, 0x06, 0x1c, 0x56, 0x56, 0x15, 0x25, 0x34, 0x2f, 0x2b, 0x2b,
    0xfd, 0xf5, 0xfb, 0xcc, 0x06, 0x7b, 0x87, 0x41, 0x56, 0x2b, 0x2b, 0x8e, 0xa2, 0xb9, 0x8e, 0x56,
    0x56, 0x87, 0x15, 0x1c, 0x15, 0x15, 0x06, 0x04, 0x2b, 0xee, 0xee, 0xf1, 0xf1, 0xee, 0xf6, 0xfc,
    0xfe, 0xfe, 0xdb, 0xe0, 0xe7, 0x87, 0x06, 0x1c, 0x56, 0xee, 0xee, 0xee, 0xf5, 0xfb, 0xfa, 0xdb,
    0xdb, 0xdb, 0x47, 0x44, 0x75, 0x56, 0x75, 0xd6, 0xe0, 0xf1, 0xcc, 0xd8, 0xf2, 0xfe, 0xfe, 0xfe,
    0xfd, 0xf5, 0xfb, 0xcc, 0x06, 0x7b, 0x87, 0x41, 0x44, 0x2b, 0x41, 0xa5, 0xdb, 0xee, 0xe0, 0xcc,
    0xbf, 0xbf, 0xc3, 0xc3, 0xe0, 0xee, 0xe4, 0xee, 0xfe, 0xfe, 0xfd, 0xfe, 0xfe, 0xfe, 0xfa, 0xe9,
    0x19, 0x3b, 0x36, 0x2a, 0x2d, 0x19, 0x0f, 0x0f, 0x13, 0x0f, 0x19, 0x0f, 0x0f, 0x09, 0x22, 0x2a,
    0xa2, 0xad, 0xb5, 0xb5, 0x1c, 0x04, 0x06, 0x4b, 0x90, 0x6b, 0x67, 0x90, 0x90, 0x5c, 0x4b, 0x2a,
    0x2a, 0x36, 0x4b, 0x5c, 0x4b, 0x3f, 0x8e, 0xdb, 0xcc, 0xdb, 0xe0, 0xd8, 0xfb, 0xfe, 0xfe, 0xfe,
    0xf6, 0xb9, 0x75, 0xb5, 0xe0, 0x56, 0x1c, 0x04, 0x56, 0x44, 0x15, 0x15, 0x0f, 0x0f, 0x2a, 0x2d,
    0x4a, 0x3b, 0x1c, 0x20, 0x2b, 0x1c, 0x3b, 0x51, 0x90, 0x6b, 0x67, 0x90, 0x90, 0x5c, 0x4b, 0x36,
    0xdb, 0xdb, 0xdb, 0x44, 0x15, 0x15, 0x9b, 0xdb, 0xd6, 0xdb, 0xe0, 0xd8, 0xfb, 0xfd, 0xfe, 0xfe,
    0x2a, 0x4b, 0x4b, 0x36, 0x22, 0x19, 0x09, 0x19, 0x45, 0x3a, 0x8e, 0xcc, 0xe7, 0xe0, 0xcc, 0xa5,
    0xad, 0xad, 0xba, 0xb5, 0x1c, 0x02, 0x13, 0x13, 0x90, 0x67, 0x5a, 0x6f, 0x90, 0x5c, 0x4b, 0x36,
    0x2b, 0x13, 0x44, 0x44, 0x15, 0x15, 0x9b, 0xdb, 0xcc, 0xdb, 0xe0, 0xd8, 0xfb, 0xfe, 0xfe, 0xfe,
    0xf6, 0xcc, 0x7b, 0xb5, 0xe0, 0x56, 0x1c, 0x04, 0x56, 0x41, 0x20, 0x2f, 0x34, 0x3f, 0x34, 0x2b,
    0xf5, 0xee, 0xf5, 0xf5, 0x41, 0x06, 0x41, 0x7b, 0x68, 0x44, 0x2b, 0x44, 0xa5, 0xb9, 0x74, 0x54,
    0x56, 0x87, 0x20, 0x04, 0x1c, 0x04, 0x1c, 0x04, 0xba, 0xf1, 0xf1, 0xf1, 0xf1, 0xfb, 0xfe, 0xfe,
    0xf6, 0xcc, 0x7b, 0xb5, 0xe0, 0x56, 0x1c, 0x04, 0xee, 0xd6, 0xee, 0xf5, 0xfb, 0xfa, 0xf5, 0xee,
    0xdb, 0xdb, 0xdb, 0x44, 0x15, 0x15, 0x97, 0xdb, 0xd6, 0xdb, 0xe0, 0xd8, 0xfb, 0xfd, 0xfe, 0xfe,
    0xf5, 0xee, 0xf5, 0xf5, 0x41, 0x06, 0x41, 0x7b, 0x59, 0x44, 0x44, 0xcc, 0xee, 0xe7, 0xcc, 0xb2,
    0xb6, 0xb9, 0xc8, 0xdb, 0xe7, 0xe7, 0xdb, 0xf6, 0xf6, 0xf9, 0xfb, 0xfd, 0xfe, 0xfe, 0xf6, 0xdb,
    0x19, 0x2d, 0x2d, 0x36, 0x19, 0x22, 0x09, 0x09, 0x19, 0x22, 0x19, 0x09, 0x09, 0x22, 0x36, 0x2d,
    0xa2, 0xb5, 0xa2, 0xb5, 0x68, 0x06, 0x04, 0x4b, 0x6f, 0x4b, 0x4b, 0x5c, 0x6f, 0x5c, 0x22, 0x22,
    0x2a, 0x2a, 0x36, 0x42, 0x4b, 0x9b, 0xc3, 0xcc, 0xa1, 0xcc, 0xe7, 0xee, 0xfe, 0xfd, 0xfd, 0xfe,
    0xee, 0xc3, 0x8e, 0x56, 0xb5, 0x56, 0x15, 0x04, 0x1c, 0x1c, 0x04, 0x06, 0x0f, 0x2a, 0x36, 0x36,
    0x3f, 0x51, 0x3a, 0x1c, 0x1c, 0x4b, 0x42, 0x4b, 0x6f, 0x42, 0x4b, 0x5c, 0x6f, 0x5c, 0x2d, 0x2a,
    0xfd, 0xfa, 0xee, 0xe0, 0xa2, 0x8e, 0xa2, 0xb2, 0x94, 0xcc, 0xe7, 0xee, 0xfe, 0xfd, 0xfe, 0xfe,
    0x22, 0x22, 0x2a, 0x36, 0x19, 0x22, 0x09, 0x3a, 0x3a, 0x6d, 0xc3, 0xe0, 0xe7, 0xcc, 0x7a, 0x86,
    0x94, 0xa2, 0xa2, 0xb5, 0x75, 0x04, 0x08, 0x13, 0x6f, 0x4b, 0x4b, 0x5c, 0x6f, 0x5c, 0x2d, 0x2a,
    0x2b, 0x20, 0x20, 0x15, 0x15, 0x97, 0xc3, 0xd6, 0xa1, 0xcc, 0xe7, 0xee, 0xfe, 0xfd, 0xfd, 0xfe,
    0xea, 0xbf, 0x97, 0x59, 0xb5, 0x59, 0x27, 0x02, 0x1c, 0x15, 0x04, 0x13, 0x3f, 0x55, 0x1b, 0x2b,
    0xee, 0xf1, 0xe9, 0xf5, 0xa2, 0x04, 0x1c, 0x41, 0x7b, 0x56, 0x2b, 0x04, 0x47, 0xa5, 0x47, 0x54,
    0x56, 0x06, 0x13, 0x1c, 0x08, 0x04, 0x56, 0xbf, 0xe7, 0xc3, 0xcc, 0xdb, 0xf1, 0xfe, 0xfe, 0xfe,
    0xea, 0xbf, 0x97, 0x59, 0xb5, 0x59, 0x2b, 0xee, 0xee, 0xee, 0xf5, 0xf7, 0xfb, 0xfb, 0xfa, 0xfd,
    0xfd, 0xfa, 0xee, 0xe0, 0xa2, 0x8e, 0xa2, 0xb9, 0x8e, 0xcc, 0xe7, 0xee, 0xfe, 0xfd, 0xfe, 0xfe,
    0xee, 0xf1, 0xe9, 0xf5, 0xa2, 0x04, 0x1c, 0x39, 0x41, 0xad, 0xbf, 0xe7, 0xe7, 0xcc, 0xa1, 0x9b,
    0xb6, 0xbf, 0xc3, 0xdb, 0xe4, 0xdb, 0xe9, 0xfa, 0xf6, 0xf5, 0xfb, 0xfd, 0xfe, 0xfd, 0xe9, 0xd8,
    0x19, 0x19, 0x36, 0x42, 0x42, 0x36, 0x19, 0x2d, 0x2a, 0x19, 0x22, 0x22, 0x19, 0x36, 0x3e, 0x2d,
    0x87, 0xb5, 0xb5, 0x7b, 0x8e, 0x39, 0x04, 0x06, 0x4b, 0x22, 0x22, 0x22, 0x6f, 0x4b, 0x22, 0x22,
    0x22, 0x2d, 0x2d, 0x2d, 0x97, 0xc3, 0xc3, 0xa1, 0xc3, 0xdb, 0xdb, 0xee, 0xfa, 0xfc, 0xfe, 0xfc,
    0xd8, 0xb2, 0x87, 0x75, 0x87, 0xb5, 0x15, 0x04, 0x15, 0x15, 0x04, 0x04, 0x22, 0x36, 0x42, 0x2d,
    0x3f, 0x51, 0x2d, 0x36, 0x2d, 0x4b, 0x2d, 0x42, 0x4b, 0x2d, 0x2d, 0x2d, 0x6f, 0x4b, 0x2d, 0x2a,
    0xfb, 0xfa, 0xe7, 0xe9, 0xe9, 0xdb, 0xa2, 0x44, 0x68, 0x75, 0xb5, 0xe7, 0xfa, 0xfd, 0xfe, 0xfc,
    0x22, 0x19, 0x2d, 0x42, 0x42, 0x2d, 0x25, 0x3f, 0x74, 0xa5, 0xdb, 0xe0, 0xdb, 0x8e, 0x8e, 0x97,
    0x86, 0xba, 0x97, 0x7b, 0x7b, 0x39, 0x02, 0x13, 0x13, 0x2d, 0x2d, 0x2d, 0x6f, 0x4b, 0x2d, 0x22,
    0x2b, 0x2b, 0x13, 0x06, 0x9b, 0xc3, 0xc3, 0xa1, 0xc3, 0xdb, 0xdb, 0xee, 0xfa, 0xfc, 0xfe, 0xfc,
    0xd8, 0xb6, 0x87, 0x75, 0x8e, 0xb5, 0x1c, 0x02, 0x1c, 0x1c, 0x04, 0x06, 0x13, 0x3f, 0x2b, 0x2b,
    0xe0, 0xe0, 0xe0, 0xee, 0xf1, 0x41, 0x1c, 0x1c, 0x59, 0x7b, 0x39, 0x1c, 0x04, 0x47, 0x47, 0x44,
    0x56, 0x27, 0x04, 0x08, 0x08, 0x04, 0xa5, 0xb9, 0x87, 0x87, 0xd6, 0xf2, 0xfb, 0xfd, 0xfe, 0xfe,
    0xd8, 0xb6, 0x87, 0x75, 0x87, 0xb5, 0xe4, 0xf0, 0xf2, 0xf5, 0xf6, 0xfa, 0xfa, 0xfd, 0xfd, 0xfe,
    0xfb, 0xfa, 0xe7, 0xe9, 0xee, 0xdb, 0xa2, 0x56, 0x75, 0x75, 0xb5, 0xe7, 0xfa, 0xfd, 0xfe, 0xfc,
    0xe0, 0xe0, 0xe0, 0xee, 0xf1, 0x41, 0x1c, 0x1b, 0xb5, 0xa5, 0xdb, 0xe4, 0xdb, 0xa1, 0x75, 0x9b,
    0xa5, 0xc3, 0xc3, 0xd6, 0xd6, 0xd6, 0xee, 0xee, 0xe7, 0xf5, 0xfb, 0xfd, 0xfe, 0xfb, 0xe4, 0xcc,
    0x19, 0x2d, 0x46, 0x4b, 0x4b, 0x4b, 0x36, 0x36, 0x36, 0x36, 0x2d, 0x19, 0x2a, 0x3b, 0x5c, 0x42,
    0x44, 0xb5, 0x94, 0x97, 0xb5, 0x87, 0x1c, 0x04, 0x22, 0x5c, 0x4b, 0x22, 0x6b, 0x67, 0x46, 0x22,
    0x2d, 0x42, 0x2d, 0x9b, 0xc3, 0xa1, 0xa1, 0xb9, 0xd6, 0xdb, 0xcc, 0xcc, 0xee, 0xfe, 0xfe, 0xf6,
    0xb9, 0xb2, 0x87, 0x44, 0x56, 0xdb, 0x44, 0x06, 0x15, 0x1c, 0x15, 0x04, 0x13, 0x4b, 0x5c, 0x42,
    0x51, 0x51, 0x2d, 0x2d, 0x4b, 0x4b, 0x5c, 0x58, 0x2d, 0x5a, 0x4b, 0x2d, 0x5c, 0x67, 0x4b, 0x22,
    0xfc, 0xfa, 0xf2, 0xe7, 0xdb, 0xc3, 0x87, 0xa2, 0x87, 0x41, 0x1c, 0x94, 0xea, 0xfd, 0xfe, 0xf6,
    0x36, 0x2d, 0x46, 0x58, 0x5c, 0x3a, 0x45, 0x3a, 0xa1, 0xc8, 0xdb, 0xdb, 0xb9, 0x7a, 0x8e, 0xa1,
    0x44, 0xba, 0x94, 0x7a, 0xad, 0x87, 0x06, 0x02, 0x08, 0x13, 0x4b, 0x2d, 0x5c, 0x67, 0x42, 0x19,
    0x2b, 0x04, 0x13, 0x9b, 0xc3, 0xa1, 0xa1, 0xb9, 0xd6, 0xd6, 0xd6, 0xd6, 0xee, 0xfe, 0xfe, 0xf6,
    0xbf, 0xb9, 0x87, 0x39, 0x56, 0xdb, 0x39, 0x06, 0x15, 0x2b, 0x15, 0x04, 0x06, 0x06, 0x2b, 0x27,
    0xe7, 0xd6, 0xd6, 0xd6, 0xf5, 0x87, 0x04, 0x1c, 0x15, 0x41, 0x39, 0x20, 0x04, 0x08, 0x2f, 0x56,
    0x56, 0x20, 0x15, 0x13, 0x04, 0x39, 0x8e, 0x87, 0xa1, 0xd6, 0xee, 0xfa, 0xfc, 0xfd, 0xfe, 0xfd,
    0xbf, 0xb9, 0x87, 0x39, 0x56, 0xe7, 0xf2, 0xf0, 0xf2, 0xf2, 0xfa, 0xf4, 0xf2, 0xfc, 0xfd, 0xfe,
    0xfc, 0xfa, 0xf2, 0xe7, 0xdb, 0xc3, 0x87, 0xa2, 0x87, 0x56, 0x2b, 0x97, 0xea, 0xfd, 0xfe, 0xf4,
    0xe7, 0xd6, 0xd6, 0xdb, 0xf5, 0x7b, 0x13, 0x55, 0x8e, 0xc6, 0xdb, 0xdb, 0xbf, 0x81, 0x81, 0x9b,
    0xa5, 0xcc, 0xdb, 0xdb, 0xdb, 0xdb, 0xf2, 0xf0, 0xe7, 0xfa, 0xfd, 0xfc, 0xfa, 0xfa, 0xdb, 0xbf,
    0x22, 0x5c, 0x67, 0x3e, 0x6f, 0x4b, 0x2d, 0x2d, 0x42, 0x36, 0x19, 0x19, 0x2d, 0x2d, 0x4b, 0x2d,
    0x25, 0x7b, 0x7b, 0x9b, 0xb5, 0xb5, 0x41, 0x06, 0x04, 0x6f, 0x90, 0xb0, 0x90, 0x79, 0x5c, 0x22,
    0x58, 0x5c, 0x4b, 0xb2, 0x97, 0x8e, 0x97, 0x9b, 0xdb, 0xd6, 0xe7, 0xee, 0xf5, 0xfe, 0xfa, 0xe0,
    0xa2, 0x75, 0x41, 0x44, 0x56, 0xd6, 0x75, 0x06, 0x06, 0x15, 0x13, 0x13, 0x04, 0x04, 0x4b, 0x36,
    0x3b, 0x5c, 0x58, 0x5a, 0x4b, 0x5a, 0x67, 0x67, 0x5c, 0x6f, 0x90, 0xb0, 0x90, 0x79, 0x67, 0x2d,
    0xfc, 0xfb, 0xf5, 0xf0, 0xe7, 0xba, 0xa2, 0x87, 0x44, 0x44, 0x39, 0x75, 0xdb, 0xe9, 0xf6, 0xe0,
    0x2d, 0x5a, 0x65, 0x3e, 0x6f, 0x3f, 0x3a, 0x7a, 0xb9, 0xd6, 0xcc, 0xd6, 0x7a, 0x74, 0x86, 0xa1,
    0x39, 0x7b, 0x87, 0x94, 0xb5, 0xb5, 0x41, 0x13, 0x13, 0x15, 0x15, 0xb0, 0x90, 0x79, 0x67, 0x2d,
    0x2b, 0x04, 0x74, 0xb9, 0xa1, 0x8e, 0x9b, 0x9b, 0xdb, 0xd6, 0xe7, 0xe9, 0xf5, 0xfe, 0xfa, 0xe4,
    0xa2, 0x75, 0x44, 0x39, 0x56, 0xd6, 0x75, 0x06, 0x06, 0x15, 0x13, 0x08, 0x06, 0x04, 0x04, 0x2b,
    0xe7, 0xcc, 0xdb, 0xdb, 0xe7, 0xe0, 0x41, 0x06, 0x1c, 0x41, 0x41, 0x2b, 0x15, 0x02, 0x06, 0x2f,
    0x56, 0x06, 0x06, 0x15, 0x04, 0x8e, 0x9b, 0xb9, 0xd8, 0xee, 0xf1, 0xf6, 0xfc, 0xfe, 0xfe, 0xfa,
    0xa2, 0x68, 0x41, 0x39, 0xee, 0xee, 0xee, 0xf0, 0xf0, 0xf2, 0xf6, 0xee, 0xfb, 0xfd, 0xfe, 0xfe,
    0xfc, 0xfb, 0xf5, 0xf1, 0xe7, 0xba, 0xa2, 0x87, 0x56, 0x56, 0x39, 0x75, 0xdb, 0xee, 0xf6, 0xe7,
    0xe7, 0xcc, 0xdb, 0xdb, 0xe7, 0xd6, 0x2f, 0x81, 0xbf, 0xd6, 0xcc, 0xd6, 0xa1, 0x47, 0x8e, 0x8a,
    0xb6, 0xbf, 0xdb, 0xd6, 0xd6, 0xe7, 0xf2, 0xf2, 0xf2, 0xfd, 0xfe, 0xfd, 0xfa, 0xf2, 0xd6, 0xa2,
    0x5c, 0x6f, 0x90, 0x5c, 0x4b, 0x6f, 0x4b, 0x42, 0x2d, 0x42, 0x42, 0x42, 0x5c, 0x46, 0x29, 0x3e,
    0x15, 0x7b, 0x7a, 0x9b, 0x97, 0x9b, 0x68, 0x1c, 0x06, 0x22, 0x22, 0x4b, 0x5c, 0x6f, 0x90, 0x5c,
    0x58, 0x4b, 0xa1, 0x9b, 0x97, 0xa1, 0xa1, 0x9b, 0xcc, 0xdb, 0xe7, 0xcc, 0xfa, 0xfd, 0xf2, 0xc3,
    0x87, 0x56, 0x1c, 0x56, 0xb5, 0xc3, 0xb5, 0x15, 0x04, 0x04, 0x22, 0x13, 0x06, 0x04, 0x04, 0x3e,
    0x4b, 0x4b, 0x5c, 0x6f, 0x4b, 0x5c, 0x6f, 0x5c, 0x5c, 0x36, 0x36, 0x4b, 0x4b, 0x6f, 0x90, 0x5c,
    0xfd, 0xfa, 0xfa, 0xf0, 0xe4, 0xcc, 0xc3, 0xa2, 0x44, 0x39, 0x1c, 0x39, 0x1c, 0x41, 0x6d, 0xb5,
    0x5c, 0x65, 0x90, 0x5c, 0x74, 0x4a, 0x5e, 0x86, 0xb2, 0xbf, 0xd6, 0xcc, 0x97, 0x6d, 0x7a, 0x8e,
    0x15, 0x7b, 0x87, 0x8e, 0x8e, 0x8e, 0x75, 0x39, 0x13, 0x13, 0x15, 0x4b, 0x4b, 0x6f, 0x90, 0x5c,
    0x06, 0x2b, 0xa1, 0x9b, 0xa1, 0x9b, 0xa1, 0x9b, 0xcc, 0xdb, 0xe7, 0xd6, 0xfa, 0xfd, 0xf2, 0xc3,
    0x87, 0x41, 0x2b, 0x56, 0xb5, 0xc3, 0xb5, 0x15, 0x02, 0x06, 0x1b, 0x15, 0x06, 0x04, 0x04, 0x2b,
    0xf1, 0xee, 0xdb, 0xd6, 0xcc, 0xee, 0x56, 0x04, 0x1c, 0x1c, 0x41, 0x20, 0x2b, 0x02, 0x04, 0x04,
    0x2b, 0x06, 0x06, 0x06, 0x39, 0x87, 0xb7, 0xce, 0xd8, 0xe7, 0xe7, 0xee, 0xfe, 0xfe, 0xf6, 0xec,
    0x87, 0x59, 0x2b, 0xb5, 0xe4, 0xee, 0xf2, 0xf2, 0xf2, 0xee, 0xe4, 0xf6, 0xfd, 0xfe, 0xfe, 0xfe,
    0xfd, 0xfa, 0xfa, 0xf0, 0xe4, 0xcc, 0xc3, 0xa2, 0x56, 0x41, 0x1c, 0x39, 0x39, 0x41, 0x81, 0xb5,
    0xf1, 0xee, 0xd6, 0xdb, 0xcc, 0x2f, 0x47, 0x8e, 0xa1, 0xbf, 0xd6, 0xcc, 0x8e, 0x81, 0x81, 0x8a,
    0xb2, 0xbf, 0xce, 0xd6, 0xd6, 0xf1, 0xe7, 0xdb, 0xf6, 0xfd, 0xfa, 0xf4, 0xf6, 0xdb, 0xa1, 0x97,
    0x6f, 0x42, 0x2a, 0x2d, 0x42, 0x4b, 0x6f, 0x2d, 0x58, 0x6b, 0xa7, 0x90, 0x6f, 0x4b, 0x46, 0x29,
    0x20, 0x44, 0x68, 0xa1, 0x8e, 0x87, 0x8e, 0x44, 0x15, 0x06, 0x22, 0x22, 0x4b, 0x4b, 0x2a, 0x22,
    0x4b, 0x8e, 0x56, 0x56, 0x8e, 0xb2, 0xb2, 0xa2, 0x97, 0xb2, 0xd6, 0xb5, 0xf4, 0xf6, 0xe0, 0xb5,
    0x56, 0x44, 0x44, 0x8e, 0x94, 0xb5, 0xc3, 0x44, 0x15, 0x04, 0x06, 0x15, 0x06, 0x06, 0x04, 0x29,
    0x4b, 0x5c, 0x36, 0x22, 0x22, 0x2a, 0x2a, 0x3e, 0x2a, 0x2d, 0x22, 0x2d, 0x4b, 0x4b, 0x36, 0x2a,
    0xfe, 0xfe, 0xfd, 0xf2, 0xdb, 0xcc, 0xc3, 0xba, 0x87, 0x56, 0x1c, 0x1c, 0x39, 0x27, 0x1c, 0x75,
    0x6f, 0x4b, 0x3b, 0x2d, 0x25, 0x25, 0x7a, 0x97, 0xa1, 0xc6, 0xd8, 0xb2, 0x8e, 0x75, 0x86, 0x86,
    0x06, 0x44, 0x75, 0xa1, 0x8e, 0x7a, 0x7a, 0x44, 0x15, 0x13, 0x13, 0x44, 0x4b, 0x4b, 0x2d, 0x2a,
    0x04, 0x8e, 0x56, 0x56, 0x8e, 0xb9, 0xb5, 0xa5, 0xa1, 0xa1, 0xd6, 0xb5, 0xf5, 0xf5, 0xe4, 0xb5,
    0x44, 0x39, 0x41, 0x8e, 0x97, 0xb5, 0xc3, 0x41, 0x15, 0x02, 0x06, 0x06, 0x06, 0x06, 0x03, 0x04,
    0xf5, 0xe0, 0xcc, 0xc3, 0xc3, 0xd6, 0xb5, 0x00, 0x06, 0x1c, 0x1c, 0x15, 0x02, 0x02, 0x04, 0x04,
    0x15, 0x2b, 0x06, 0x56, 0x8e, 0x87, 0xbf, 0xce, 0xd8, 0xd8, 0xd8, 0xfb, 0xfe, 0xfd, 0xd8, 0xf6,
    0x59, 0x39, 0xc3, 0xe7, 0xee, 0xee, 0xf2, 0xf6, 0xe4, 0xdb, 0xf2, 0xfd, 0xfe, 0xfe, 0xfe, 0xfe,
    0xfe, 0xfe, 0xfd, 0xf2, 0xdb, 0xcc, 0xc3, 0xba, 0x87, 0x56, 0x1c, 0x1c, 0x39, 0x27, 0x1c, 0x75,
    0xf4, 0xdb, 0xc3, 0xb5, 0x45, 0x51, 0x47, 0x81, 0x9b, 0xbf, 0xd8, 0xbf, 0x9b, 0x81, 0x81, 0x9b,
    0xb6, 0xbf, 0xd6, 0xdb, 0xd6, 0xee, 0xcc, 0xc3, 0xf2, 0xfd, 0xfb, 0xee, 0xee, 0xd6, 0xa2, 0x87,
    0x2a, 0x19, 0x2d, 0x19, 0x2a, 0x3e, 0x4b, 0x5c, 0x6f, 0x58, 0x4b, 0x4b, 0x4b, 0x4b, 0x4b, 0x4b,
    0x1c, 0x15, 0x75, 0x9b, 0x75, 0x87, 0x87, 0x68, 0x41, 0x15, 0x06, 0x4b, 0x4b, 0x22, 0x22, 0x22,
    0x1c, 0x56, 0x56, 0x87, 0xb2, 0xb5, 0xb2, 0xa1, 0x97, 0x8e, 0xb5, 0xcc, 0xf4, 0xe7, 0xd6, 0x87,
    0x56, 0x56, 0x8e, 0x87, 0x87, 0x8e, 0xb5, 0x56, 0x44, 0x44, 0x44, 0x13, 0x06, 0x06, 0x04, 0x04,
    0x4b, 0x36, 0x2a, 0x2a, 0x22, 0x22, 0x22, 0x22, 0x22, 0x2a, 0x36, 0x4b, 0x4b, 0x36, 0x22, 0x22,
    0xfe, 0xfe, 0xf0, 0xcc, 0xb5, 0xb5, 0x87, 0x87, 0x87, 0x56, 0x1c, 0x1c, 0x1c, 0x41, 0x1c, 0x1c,
    0x2a, 0x19, 0x3a, 0x74, 0x3f, 0x74, 0x6d, 0xa1, 0xb9, 0xc6, 0xd8, 0xb2, 0x86, 0x7a, 0x7a, 0x8e,
    0x1c, 0x15, 0x7a, 0xa1, 0x7a, 0x7a, 0x75, 0x75, 0x39, 0x20, 0x13, 0x39, 0x4b, 0x36, 0x22, 0x22,
    0x2b, 0x56, 0x56, 0x8e, 0xb9, 0xb9, 0xb6, 0xa1, 0x97, 0x8e, 0xb5, 0xcc, 0xf5, 0xe7, 0xd6, 0x87,
    0x56, 0x56, 0x8e, 0x8e, 0x8e, 0x8e, 0xb5, 0x59, 0x41, 0x41, 0x41, 0x13, 0x06, 0x06, 0x04, 0x04,
    0xf6, 0xd6, 0xc3, 0xba, 0xb5, 0xb5, 0xcc, 0x2b, 0x02, 0x1c, 0x1c, 0x1c, 0x1c, 0x1c, 0x02, 0x02,
    0x06, 0x04, 0x06, 0x39, 0x87, 0x96, 0xc0, 0xd8, 0xd8, 0xbf, 0xf0, 0xfe, 0xfb, 0xbf, 0xea, 0xf6,
    0x56, 0xad, 0xe0, 0xe7, 0xee, 0xf1, 0xf6, 0xea, 0xbf, 0xd8, 0xf6, 0xfc, 0xfe, 0xfe, 0xfe, 0xfe,
    0xfe, 0xfe, 0xf0, 0xcc, 0xb5, 0xb5, 0x87, 0x87, 0x87, 0x56, 0x1c, 0x1c, 0x1c, 0x41, 0x1c, 0x1c,
    0xf6, 0xd6, 0xb5, 0x1b, 0x3f, 0x5b, 0x66, 0x9b, 0xa5, 0xbf, 0xd8, 0xa5, 0x8e, 0x81, 0x81, 0x8a,
    0xb6, 0xbf, 0xdb, 0xe0, 0xe4, 0xe7, 0xb5, 0xba, 0xf2, 0xfb, 0xfb, 0xee, 0xe0, 0xcc, 0x8e, 0x75,
    0xfd, 0xfd, 0xe4, 0x87, 0xa1, 0xb5, 0x56, 0x41, 0x41, 0x56, 0x2b, 0x27, 0x1c, 0x39, 0x56, 0x1c,
    0x2b, 0x44, 0x8e, 0x59, 0x41, 0x56, 0x87, 0x87, 0x7b, 0x59, 0x59, 0x56, 0x56, 0x06, 0x06, 0x06,
    0xee, 0xb5, 0xa2, 0x51, 0x55, 0x8a, 0x9b, 0x9b, 0xb9, 0xd8, 0xb9, 0x9b, 0x47, 0x44, 0x81, 0x81,
    0xa5, 0xb9, 0xd6, 0xdb, 0xe7, 0xdb, 0xa2, 0xc3, 0xf1, 0xfb, 0xf1, 0xe9, 0xe4, 0xbf, 0x75, 0x59,
    0x44, 0x41, 0x44, 0x75, 0x8e, 0x8e, 0x97, 0x97, 0xa2, 0xba, 0x87, 0x04, 0x04, 0x06, 0x15, 0x15,
    0x1c, 0x1c, 0x47, 0x9b, 0x75, 0x56, 0x75, 0x7a, 0x56, 0x44, 0x25, 0x06, 0x8e, 0xce, 0xec, 0xee,
    0xee, 0xb5, 0xa1, 0x45, 0x84, 0x93, 0xa5, 0xb6, 0xbf, 0xd8, 0xce, 0xa5, 0x81, 0x75, 0x7a, 0x81,
    0xa5, 0xc8, 0xdb, 0xdb, 0xe7, 0xdb, 0xa2, 0xcc, 0xf5, 0xfb, 0xf1, 0xee, 0xe4, 0xba, 0x87, 0x68,
    0x44, 0x41, 0x56, 0x87, 0x8e, 0x8e, 0xa2, 0xa2, 0xa2, 0xc3, 0x8e, 0x06, 0x06, 0x15, 0x2b, 0x15,
    0x1c, 0x15, 0x44, 0x8e, 0x8e, 0x7b, 0x7b, 0x87, 0x59, 0x44, 0x2b, 0x2b, 0x25, 0x25, 0x56, 0xce,
    0x87, 0x87, 0x87, 0x74, 0x75, 0x47, 0x75, 0x74, 0x74, 0x84, 0x74, 0x74, 0x81, 0x81, 0x84, 0x74,
    0x75, 0x8a, 0x74, 0x74, 0x8a, 0x81, 0x8a, 0x9b, 0xa5, 0xa5, 0xa5, 0x7a, 0x47, 0x3f, 0x2b, 0x41,
    0x87, 0x87, 0x8e, 0x13, 0x13, 0x34, 0x3f, 0x45, 0x45, 0x45, 0x45, 0x3f, 0x45, 0x45, 0x45, 0x45,
    0x45, 0x3f, 0x25, 0x13, 0x13, 0x3f, 0x3f, 0x45, 0x3a, 0x45, 0x3a, 0x44, 0x59, 0x2b, 0x15, 0x15,
    0x15, 0x15, 0x44, 0x8e, 0x8e, 0x7b, 0x7b, 0x87, 0x59, 0x44, 0x25, 0x04, 0x13, 0xce, 0xec, 0xee,
    0xee, 0xb5, 0xa1, 0x45, 0x84, 0x93, 0xa5, 0xb6, 0xbf, 0xd8, 0xce, 0xa5, 0x7a, 0x6d, 0x84, 0x81,
    0xfc, 0xf6, 0xe7, 0xbf, 0x9b, 0xb5, 0x68, 0x1c, 0x1c, 0x39, 0x39, 0x1c, 0x1c, 0x1c, 0x59, 0x59,
    0x02, 0x02, 0x87, 0x59, 0x1c, 0x41, 0x41, 0x56, 0x87, 0x8e, 0x59, 0x41, 0x59, 0xba, 0xf1, 0xf1,
    0xd6, 0xb5, 0x7a, 0x81, 0x81, 0x8e, 0xb2, 0x9b, 0xbf, 0xbf, 0x8e, 0xe4, 0xee, 0xfe, 0xfe, 0xfe,
    0x7b, 0x7b, 0x39, 0x75, 0xe0, 0xad, 0xb5, 0xdb, 0xf1, 0xf1, 0xf1, 0xe7, 0xe7, 0xba, 0x7b, 0x68,
    0x41, 0x68, 0x8e, 0x8e, 0x87, 0x97, 0xa1, 0xa1, 0x87, 0xa2, 0x8e, 0xe4, 0xee, 0xfe, 0xfe, 0xfe,
    0x7b, 0x7b, 0x39, 0x1b, 0x41, 0x06, 0x8e, 0x7a, 0x81, 0x53, 0x25, 0x06, 0x04, 0x3f, 0xbf, 0xd8,
    0xd8, 0xa1, 0x4a, 0x8a, 0x93, 0x9b, 0xa1, 0xb6, 0xbf, 0xd8, 0xbf, 0x81, 0x74, 0x75, 0x7a, 0x8e,
    0xa5, 0xcc, 0xd6, 0xcc, 0xe0, 0xc3, 0xb5, 0xe0, 0xf5, 0xf1, 0xf5, 0xee, 0xe7, 0xc3, 0x7b, 0x68,
    0x44, 0x68, 0x8e, 0x8e, 0x97, 0xa2, 0xa2, 0xad, 0x87, 0xa2, 0x8e, 0x06, 0x02, 0x15, 0x2b, 0x27,
    0x1c, 0x25, 0x3a, 0x8e, 0x7a, 0x81, 0x9b, 0x81, 0x7a, 0x44, 0x39, 0x2b, 0x2f, 0x2f, 0x2b, 0x74,
    0xba, 0xc3, 0x87, 0x56, 0x56, 0x75, 0x7a, 0x78, 0x74, 0x74, 0x84, 0x8a, 0x74, 0x7a, 0x84, 0x91,
    0x74, 0x74, 0x74, 0x6d, 0x6d, 0x81, 0x81, 0x9b, 0xa1, 0x9b, 0xa5, 0x81, 0x3f, 0x15, 0xf1, 0xf1,
    0xba, 0xc3, 0x87, 0x56, 0x56, 0x3f, 0x45, 0x45, 0x45, 0x45, 0x3f, 0x45, 0x3f, 0x45, 0x45, 0x45,
    0x45, 0x3a, 0x3a, 0x1b, 0x19, 0x1b, 0x1b, 0x1b, 0x34, 0x3f, 0x34, 0x41, 0x59, 0xba, 0xf1, 0xf1,
    0x2b, 0x2b, 0x44, 0x8e, 0x7a, 0x81, 0x9b, 0x81, 0x7a, 0x44, 0x39, 0x13, 0x02, 0xb9, 0xbf, 0xd8,
    0xd8, 0xa1, 0x4a, 0x84, 0x8a, 0x9b, 0xa1, 0xb6, 0xbf, 0xd8, 0xbf, 0x81, 0x74, 0x75, 0x7a, 0x8e,
    0xfd, 0xfd, 0xf0, 0xdb, 0xa2, 0x87, 0x56, 0x7b, 0x1c, 0x1c, 0x1c, 0x1c, 0x27, 0x2b, 0x41, 0xa2,
    0x56, 0x02, 0x06, 0x2b, 0x1c, 0x1c, 0x41, 0x39, 0x75, 0x56, 0x41, 0x41, 0xf1, 0xf1, 0xf1, 0xf1,
    0xb5, 0x81, 0x7a, 0x8a, 0x81, 0x8e, 0x8e, 0xb2, 0xbf, 0x9b, 0xfb, 0xfa, 0xfd, 0xfe, 0xfe, 0xfe,
    0xc3, 0xc3, 0x7b, 0x87, 0xa2, 0x59, 0x87, 0xee, 0xf2, 0xf2, 0xe9, 0xe7, 0xd6, 0xba, 0x7b, 0x59,
    0x59, 0x68, 0x75, 0x7b, 0x8e, 0x87, 0xb9, 0xb5, 0x94, 0x87, 0xfb, 0xfa, 0xfd, 0xfe, 0xfe, 0xfe,
    0xc3, 0xc3, 0x7b, 0x87, 0x1c, 0x15, 0x1c, 0x44, 0x81, 0x54, 0x41, 0x2b, 0x04, 0x04, 0x8e, 0xb5,
    0xb5, 0x8e, 0x86, 0x81, 0x8a, 0x9b, 0xa1, 0xa5, 0xbf, 0xbf, 0x9b, 0x5e, 0x4a, 0x5b, 0x7a, 0x8a,
    0xa5, 0xce, 0xc3, 0xd6, 0xe7, 0x87, 0xba, 0xee, 0xf1, 0xf5, 0xee, 0xe7, 0xe7, 0xc3, 0x7b, 0x59,
    0x68, 0x75, 0x87, 0x87, 0x8e, 0x8e, 0xb9, 0xc3, 0xa2, 0x87, 0x8e, 0x39, 0x02, 0x06, 0x2b, 0x15,
    0x15, 0x20, 0x3f, 0x56, 0x7a, 0x7a, 0x81, 0x7a, 0x7a, 0x56, 0x44, 0x34, 0x34, 0x25, 0x2f, 0x87,
    0xf5, 0xd6, 0x87, 0x7b, 0x87, 0x75, 0x78, 0x74, 0x91, 0x74, 0x7a, 0x6d, 0x74, 0x74, 0x47, 0x74,
    0x74, 0x78, 0x74, 0x5e, 0x4a, 0x6d, 0x81, 0x9b, 0x81, 0x8e, 0xa5, 0x74, 0xf1, 0xf1, 0xf1, 0xf1,
    0xf1, 0xd6, 0x87, 0x7b, 0x87, 0x75, 0x45, 0x45, 0x3b, 0x45, 0x45, 0x45, 0x45, 0x45, 0x45, 0x45,
    0x45, 0x3f, 0x45, 0x2d, 0x13, 0x1b, 0x13, 0x25, 0x45, 0x45, 0x1b, 0x44, 0xf1, 0xf1, 0xf1, 0xf1,
    0x13, 0x1b, 0x3f, 0x45, 0x7a, 0x7a, 0x74, 0x7a, 0x7a, 0x44, 0x44, 0x45, 0x13, 0x13, 0xa1, 0xb5,
    0xb5, 0x8e, 0x86, 0x81, 0x7a, 0x9b, 0xa1, 0xa5, 0xbf, 0xbf, 0x9b, 0x5b, 0x4a, 0x5b, 0x74, 0x8a,
    0xfe, 0xfd, 0xf6, 0xba, 0x59, 0x54, 0x56, 0x87, 0x41, 0x04, 0x1c, 0x20, 0x27, 0x39, 0x39, 0x87,
    0xb5, 0x1c, 0x02, 0x2b, 0x15, 0x04, 0x15, 0x39, 0x2b, 0x59, 0x41, 0xf1, 0xf1, 0xf1, 0xf1, 0xf1,
    0x8e, 0x56, 0x81, 0x8a, 0x7a, 0x81, 0x81, 0x8a, 0x9b, 0xe4, 0xfb, 0xfe, 0xfe, 0xfe, 0xfd, 0xfe,
    0xfe, 0xf6, 0xc3, 0xc3, 0x87, 0x02, 0x06, 0xe7, 0xf2, 0xee, 0xee, 0xdb, 0xdb, 0xb5, 0x7b, 0x44,
    0x59, 0x68, 0x68, 0x7b, 0x8e, 0x9b, 0x87, 0x68, 0x59, 0xe4, 0xfb, 0xfe, 0xfe, 0xfe, 0xfd, 0xfe,
    0xfe, 0xf6, 0xc3, 0xc3, 0x87, 0x02, 0x04, 0x41, 0x3c, 0x47, 0x47, 0x25, 0x20, 0x06, 0x44, 0x8e,
    0x8e, 0x75, 0x8a, 0x93, 0x81, 0x9e, 0x9e, 0xa5, 0xa5, 0x9b, 0x4a, 0x3f, 0x4a, 0x4a, 0x81, 0x9b,
    0xb9, 0xc3, 0xcc, 0xe7, 0xc3, 0xa2, 0xd6, 0xf5, 0xf1, 0xf5, 0xe9, 0xe4, 0xd6, 0xba, 0x7b, 0x56,
    0x68, 0x87, 0x7b, 0x87, 0x8e, 0xa1, 0x8e, 0x75, 0x59, 0x59, 0x8e, 0x75, 0x02, 0x08, 0x1b, 0x20,
    0x15, 0x15, 0x15, 0x4a, 0x5e, 0x74, 0x5e, 0x74, 0x56, 0x74, 0x54, 0x3f, 0x2f, 0x1b, 0x44, 0x8e,
    0xfd, 0xf5, 0xc3, 0x41, 0x87, 0x87, 0x75, 0x78, 0x6d, 0x47, 0x78, 0x47, 0x47, 0x47, 0x78, 0x78,
    0x91, 0x78, 0x78, 0x55, 0x47, 0x6d, 0x84, 0x8a, 0x75, 0x97, 0x9b, 0xf1, 0xf1, 0xf1, 0xf1, 0xf1,
    0xfd, 0xf5, 0xc3, 0x41, 0x87, 0x75, 0x59, 0x45, 0x45, 0x45, 0x45, 0x45, 0x45, 0x45, 0x45, 0x45,
    0x45, 0x45, 0x45, 0x45, 0x45, 0x3a, 0x1b, 0x3f, 0x25, 0x1b, 0x13, 0xf1, 0xf1, 0xf1, 0xf1, 0xf1,
    0x15, 0x15, 0x15, 0x4a, 0x5e, 0x74, 0x74, 0x74, 0x44, 0x74, 0x4a, 0x45, 0x13, 0x13, 0x75, 0x8e,
    0x8e, 0x75, 0x8a, 0x93, 0x7a, 0x9e, 0x9e, 0xa5, 0xa5, 0x9b, 0x4a, 0x3f, 0x4a, 0x4a, 0x86, 0x9b,
    0xf6, 0xdb, 0xd8, 0x7b, 0x2f, 0x59, 0x75, 0x7b, 0x56, 0x06, 0x15, 0x1c, 0x39, 0x39, 0x41, 0x87,
    0xba, 0x87, 0x02, 0x2b, 0x1c, 0x04, 0x06, 0x06, 0x2b, 0x06, 0xc3, 0xf1, 0xee, 0xf1, 0xf1, 0xf1,
    0x75, 0x59, 0x59, 0x47, 0x81, 0x81, 0x8e, 0x8a, 0xb2, 0xf5, 0xfe, 0xfe, 0xf6, 0xf6, 0xfe, 0xfe,
    0xfe, 0xf6, 0xe7, 0xb5, 0x87, 0x02, 0x02, 0xa2, 0xee, 0xee, 0xe7, 0xdb, 0xdb, 0xcc, 0x87, 0x56,
    0x56, 0x59, 0x7b, 0x75, 0x7b, 0x44, 0x56, 0x56, 0x56, 0xf5, 0xfe, 0xfe, 0xf6, 0xf6, 0xfe, 0xfe,
    0xfe, 0xf6, 0xe7, 0xb5, 0x87, 0x02, 0x02, 0x1c, 0x47, 0x2b, 0x2f, 0x2f, 0x1b, 0x34, 0x44, 0x75,
    0x54, 0x54, 0x47, 0x74, 0x8a, 0x84, 0x9e, 0x9e, 0x9b, 0x74, 0x3f, 0x3f, 0x3f, 0x6d, 0x8a, 0xa5,
    0xb9, 0xbf, 0xcc, 0xd6, 0xb5, 0xb5, 0xd6, 0xee, 0xee, 0xee, 0xe7, 0xe7, 0xdb, 0xcc, 0x87, 0x56,
    0x56, 0x59, 0x7b, 0x87, 0x75, 0x56, 0x59, 0x54, 0x56, 0x59, 0x87, 0x87, 0x02, 0x06, 0x3f, 0x15,
    0x13, 0x13, 0x13, 0x34, 0x74, 0x55, 0x4a, 0x4a, 0x4a, 0x4a, 0x3f, 0x3f, 0x34, 0x25, 0x39, 0x75,
    0xfe, 0xfb, 0xcc, 0x41, 0x56, 0x87, 0x68, 0x7b, 0x51, 0x78, 0x78, 0x78, 0x78, 0x51, 0x5e, 0x51,
    0x45, 0x45, 0x3f, 0x45, 0x4a, 0x74, 0x84, 0x93, 0x4a, 0xa1, 0xc3, 0xf1, 0xee, 0xf1, 0xf1, 0xf1,
    0xfe, 0xfb, 0xcc, 0x41, 0x56, 0x87, 0x68, 0x7b, 0x45, 0x45, 0x45, 0x45, 0x45, 0x45, 0x45, 0x45,
    0x45, 0x45, 0x45, 0x45, 0x45, 0x45, 0x45, 0x3a, 0x1b, 0x1b, 0xc8, 0xf1, 0xee, 0xf1, 0xf1, 0xf1,
    0x13, 0x13, 0x13, 0x34, 0x74, 0x55, 0x54, 0x47, 0x4a, 0x47, 0x44, 0x2f, 0x13, 0x13, 0x41, 0x75,
    0x75, 0x47, 0x47, 0x74, 0x8a, 0x74, 0x9e, 0x9e, 0x9b, 0x74, 0x3f, 0x3f, 0x3f, 0x6d, 0x8a, 0xa5,
    0xd8, 0xbf, 0x97, 0x56, 0x44, 0x68, 0x87, 0x44, 0x41, 0x20, 0x02, 0x1c, 0x15, 0x2b, 0x41, 0x87,
    0xc3, 0xdb, 0x59, 0x04, 0x06, 0x06, 0x04, 0x06, 0x06, 0xa2, 0xee, 0xe7, 0xe7, 0xf5, 0xf5, 0xfd,
    0x54, 0x75, 0x75, 0x54, 0x47, 0x81, 0x9b, 0xc8, 0xf1, 0xee, 0xfe, 0xb9, 0xb9, 0xf6, 0xfe, 0xfe,
    0xfe, 0xfe, 0xe0, 0xc3, 0xb5, 0x06, 0x06, 0x06, 0x39, 0x75, 0xd6, 0xd6, 0xdb, 0xba, 0x94, 0x56,
    0x56, 0x56, 0x59, 0x44, 0x39, 0x2b, 0x44, 0x56, 0x59, 0xee, 0xfe, 0xb9, 0xb9, 0xf6, 0xfe, 0xfe,
    0xfe, 0xfe, 0xe0, 0xc3, 0xb5, 0x06, 0x06, 0x06, 0x27, 0x15, 0x2b, 0x2f, 0x2f, 0x2f, 0x41, 0x44,
    0x44, 0x75, 0x5b, 0x47, 0x5b, 0x74, 0x81, 0x7a, 0x8a, 0x3f, 0x2f, 0x34, 0x5b, 0x74, 0x7a, 0xa5,
    0xb6, 0xb9, 0xb9, 0xba, 0xb5, 0xcc, 0xdb, 0xe0, 0xdb, 0xdb, 0xe7, 0xe7, 0xd6, 0xcc, 0x94, 0x56,
    0x56, 0x56, 0x59, 0x56, 0x41, 0x39, 0x44, 0x44, 0x44, 0x44, 0x59, 0x87, 0x1c, 0x13, 0x44, 0x2b,
    0x13, 0x13, 0x1b, 0x3f, 0x4a, 0x45, 0x4a, 0x3f, 0x4a, 0x3f, 0x4a, 0x3f, 0x34, 0x1b, 0x45, 0x44,
    0xfd, 0xfe, 0xe0, 0x41, 0x41, 0x68, 0x56, 0x41, 0x44, 0x78, 0x51, 0x78, 0x6d, 0x78, 0x60, 0x51,
    0x51, 0x3a, 0x3f, 0x45, 0x4a, 0x47, 0x74, 0x75, 0x4a, 0xa2, 0xee, 0xe7, 0xe7, 0xf5, 0xf5, 0xfd,
    0xfd, 0xfe, 0xe0, 0x41, 0x41, 0x68, 0x56, 0x41, 0x56, 0x41, 0x3b, 0x45, 0x45, 0x45, 0x45, 0x45,
    0x45, 0x45, 0x45, 0x45, 0x45, 0x3f, 0x45, 0x45, 0x45, 0xa2, 0xee, 0xe7, 0xe7, 0xf5, 0xf5, 0xfd,
    0x13, 0x13, 0x1b, 0x3f, 0x4a, 0x55, 0x47, 0x55, 0x4a, 0x4a, 0x55, 0x9b, 0xa2, 0xdb, 0x41, 0x44,
    0x44, 0x75, 0x44, 0x4a, 0x47, 0x74, 0x74, 0x7a, 0x8a, 0x34, 0x34, 0x3f, 0x5e, 0x74, 0x7a, 0xa5,
    0xdb, 0xc3, 0xa1, 0x75, 0x59, 0x56, 0xa2, 0x75, 0x41, 0x56, 0x02, 0x06, 0x15, 0x2b, 0x44, 0x87,
    0xc3, 0xe0, 0xad, 0x1c, 0x04, 0x06, 0x04, 0x06, 0x04, 0xba, 0xf1, 0xf1, 0xfb, 0xfb, 0xee, 0xf5,
    0x39, 0x44, 0x44, 0x44, 0x44, 0x54, 0x47, 0xd6, 0xe7, 0xfb, 0xee, 0xb9, 0xd8, 0xfd, 0xfe, 0xfe,
    0xfe, 0xfd, 0xe4, 0xe7, 0xb5, 0x1c, 0x1c, 0x1c, 0x39, 0x56, 0x8e, 0xdb, 0xdb, 0xba, 0x94, 0x56,
    0x41, 0x56, 0x39, 0x39, 0x39, 0x2f, 0x41, 0xb5, 0xd6, 0xfb, 0xee, 0xb9, 0xd8, 0xfd, 0xfe, 0xfe,
    0xfe, 0xfd, 0xe4, 0xe7, 0xb5, 0x1c, 0x1c, 0x1c, 0x41, 0x44, 0x2b, 0x2f, 0x3f, 0x2b, 0x34, 0x44,
    0x39, 0x44, 0x47, 0x78, 0x47, 0x47, 0x75, 0x75, 0x4a, 0x1b, 0x13, 0x3f, 0x5e, 0x81, 0x9e, 0xa5,
    0xb2, 0xbf, 0xcc, 0xbf, 0xbf, 0xcc, 0xe4, 0xe4, 0xe7, 0xc3, 0xcc, 0xdb, 0xdb, 0xba, 0x94, 0x56,
    0x56, 0x59, 0x39, 0x39, 0x39, 0x39, 0x44, 0x56, 0x44, 0x44, 0x56, 0x54, 0x44, 0x2b, 0x39, 0x15,
    0x13, 0x08, 0x0a, 0x1b, 0x44, 0x3f, 0x3f, 0x3f, 0x45, 0x3a, 0x55, 0x3f, 0x3f, 0x34, 0x44, 0x44,
    0xfb, 0xfb, 0xfd, 0x59, 0x56, 0xa2, 0x56, 0x39, 0x39, 0x2b, 0x78, 0x47, 0x78, 0x60, 0x4a, 0x51,
    0x45, 0x45, 0x3f, 0x45, 0x5e, 0x78, 0x75, 0x4a, 0xba, 0xba, 0xf1, 0xf1, 0xfb, 0xfb, 0xee, 0xf5,
    0xfc, 0xfc, 0xfd, 0x59, 0x56, 0xa2, 0x56, 0x39, 0x39, 0x2b, 0x3b, 0x3a, 0x45, 0x45, 0x45, 0x45,
    0x45, 0x45, 0x45, 0x45, 0x45, 0x45, 0x45, 0x44, 0x56, 0xba, 0xf1, 0xf1, 0xfb, 0xfb, 0xee, 0xfa,
    0x13, 0x04, 0x08, 0x1b, 0x44, 0x3f, 0x3f, 0x44, 0x3f, 0x55, 0xb9, 0xdb, 0xee, 0xe7, 0xc3, 0xa2,
    0x44, 0x44, 0x78, 0x84, 0x74, 0x74, 0x6d, 0x75, 0x4a, 0x1b, 0x13, 0x3f, 0x5e, 0x8a, 0xa1, 0xa5,
    0xdb, 0xb9, 0xa1, 0x8e, 0x68, 0x56, 0xb9, 0x7b, 0x1c, 0x39, 0x04, 0x04, 0x15, 0x27, 0x41, 0x87,
    0xb5, 0xba, 0xdb, 0x59, 0x04, 0x08, 0x06, 0x04, 0x2b, 0xee, 0xee, 0xf1, 0xf1, 0xee, 0xf6, 0xfc,
    0x2b, 0x44, 0x39, 0x44, 0x56, 0x44, 0x56, 0xd6, 0xe0, 0xf1, 0xcc, 0xd8, 0xf2, 0xfe, 0xfe, 0xfe,
    0xfe, 0xfe, 0xdb, 0xe0, 0xe7, 0x87, 0x06, 0x1c, 0x56, 0x56, 0x15, 0xba, 0xd6, 0xba, 0x94, 0x59,
    0x41, 0x39, 0x2b, 0x39, 0x41, 0x41, 0x41, 0xd6, 0xe0, 0xf1, 0xcc, 0xd8, 0xf2, 0xfe, 0xfe, 0xfe,
    0xfe, 0xfe, 0xdb, 0xe0, 0xe7, 0x87, 0x06, 0x1c, 0x56, 0x56, 0x15, 0x25, 0x25, 0x2f, 0x2b, 0x2b,
    0x39, 0x44, 0x54, 0x78, 0x47, 0x74, 0x74, 0x4a, 0x3f, 0x13, 0x45, 0x3f, 0x4a, 0x9b, 0xa1, 0xa5,
    0xb2, 0xb9, 0xce, 0xa5, 0xbf, 0xc6, 0xd8, 0xee, 0xe7, 0xd6, 0xc8, 0xcc, 0xd6, 0xc3, 0x94, 0x59,
    0x44, 0x41, 0x2b, 0x1c, 0x2b, 0x39, 0x44, 0x39, 0x3c, 0x44, 0x44, 0x44, 0x75, 0x39, 0x20, 0x20,
    0x13, 0x13, 0x08, 0x13, 0x3f, 0x3f, 0x3f, 0x45, 0x3f, 0x3f, 0x55, 0x34, 0x3f, 0x25, 0x2d, 0x2f,
    0xfd, 0xf5, 0xfb, 0xcc, 0x06, 0x7b, 0x87, 0x41, 0x44, 0x2b, 0x2b, 0x78, 0x5e, 0x60, 0x5e, 0x45,
    0x51, 0x45, 0x45, 0x3f, 0x5e, 0x78, 0x74, 0xba, 0x56, 0xee, 0xee, 0xf1, 0xf1, 0xee, 0xf6, 0xfc,
    0xfd, 0xf5, 0xfb, 0xcc, 0x06, 0x7b, 0x87, 0x41, 0x44, 0x2b, 0x2b, 0x45, 0x45, 0x51, 0x45, 0x45,
    0x45, 0x45, 0x45, 0x45, 0x45, 0x45, 0x45, 0x54, 0x39, 0xee, 0xee, 0xf1, 0xf1, 0xee, 0xf6, 0xfd,
    0x13, 0x13, 0x08, 0x13, 0x3f, 0x3f, 0x3f, 0x3f, 0xb2, 0xdb, 0xe4, 0xee, 0xf5, 0xfa, 0xfb, 0xfa,
    0xc3, 0x87, 0x44, 0x78, 0x78, 0x6d, 0x74, 0x4a, 0x45, 0x22, 0x3a, 0x3f, 0x4a, 0x9e, 0xa5, 0xa5,
    0xd8, 0xa1, 0x97, 0x75, 0x68, 0x44, 0xb9, 0xb5, 0x39, 0x27, 0x1c, 0x02, 0x1c, 0x15, 0x39, 0x7b,
    0xa2, 0xad, 0xb5, 0xb5, 0x1c, 0x04, 0x13, 0x04, 0xb9, 0xf1, 0xf1, 0xf1, 0xf1, 0xfb, 0xfe, 0xfe,
    0x2b, 0x13, 0x44, 0x44, 0x2f, 0x2f, 0x8e, 0xdb, 0xcc, 0xdb, 0xe0, 0xd8, 0xfb, 0xfe, 0xfe, 0xfe,
    0xf6, 0xcc, 0x7b, 0xb5, 0xe0, 0x56, 0x1c, 0x04, 0x56, 0x41, 0x13, 0x8e, 0xc3, 0xba, 0x87, 0x56,
    0x41, 0x41, 0x2b, 0x27, 0x39, 0x39, 0x75, 0xdb, 0xcc, 0xdb, 0xe0, 0xd8, 0xfb, 0xfe, 0xfe, 0xfe,
    0xf6, 0xcc, 0x7b, 0xb5, 0xe0, 0x56, 0x1c, 0x04, 0x56, 0x41, 0x20, 0x2f, 0x2f, 0x34, 0x2f, 0x2b,
    0x2b, 0x39, 0x44, 0x44, 0x47, 0x81, 0x7a, 0x78, 0x4a, 0x45, 0x3f, 0x4a, 0x86, 0xa1, 0xa5, 0xad,
    0xa5, 0xb9, 0xb9, 0xb9, 0xb9, 0xbf, 0xcc, 0xd6, 0xdb, 0xcc, 0xc8, 0xc3, 0xcc, 0xc3, 0x94, 0x59,
    0x41, 0x41, 0x2b, 0x1c, 0x44, 0x39, 0x39, 0x44, 0x44, 0x39, 0x44, 0x44, 0x39, 0x34, 0x15, 0x15,
    0x08, 0x08, 0x02, 0x04, 0x3f, 0x3a, 0x3a, 0x45, 0x3f, 0x34, 0x3f, 0x1b, 0x1b, 0x13, 0x3b, 0x3f,
    0xf5, 0xee, 0xf5, 0xf5, 0x41, 0x06, 0x41, 0x7b, 0x59, 0x44, 0x39, 0x44, 0x51, 0x78, 0x51, 0x45,
    0x45, 0x45, 0x45, 0x51, 0x78, 0x59, 0x59, 0x56, 0xba, 0xf1, 0xf1, 0xf1, 0xf5, 0xfb, 0xfe, 0xfe,
    0xf5, 0xee, 0xf5, 0xf5, 0x41, 0x06, 0x41, 0x7b, 0x59, 0x44, 0x39, 0x44, 0x34, 0x45, 0x45, 0x45,
    0x45, 0x45, 0x45, 0x45, 0x45, 0x44, 0x68, 0x39, 0xb9, 0xf1, 0xf1, 0xf1, 0xf5, 0xfb, 0xfe, 0xfe,
    0x13, 0x04, 0x02, 0x04, 0x3f, 0x45, 0x3f, 0xdb, 0xf5, 0xf5, 0xee, 0xf5, 0xfb, 0xfb, 0xfa, 0xfe,
    0xfd, 0xfa, 0xc3, 0x87, 0x56, 0x74, 0x7a, 0x78, 0x4a, 0x45, 0x47, 0x4a, 0x8a, 0x9b, 0xa5, 0xad,
    0xcc, 0xb5, 0x97, 0x9b, 0x87, 0x41, 0x87, 0xd6, 0x94, 0x1c, 0x06, 0x02, 0x1c, 0x1c, 0x20, 0x44,
    0xa2, 0xb5, 0xa2, 0xb5, 0x68, 0x06, 0x04, 0x2b, 0xc3, 0xc3, 0xd6, 0xdb, 0xf1, 0xfe, 0xfe, 0xfe,
    0x2b, 0x20, 0x20, 0x15, 0x15, 0x97, 0xc3, 0xcc, 0xa1, 0xcc, 0xe7, 0xee, 0xfe, 0xfd, 0xfd, 0xfe,
    0xea, 0xbf, 0x97, 0x59, 0xb5, 0x59, 0x27, 0x02, 0x1c, 0x15, 0x04, 0x44, 0xb5, 0xb5, 0x87, 0x56,
    0x41, 0x2b, 0x20, 0x15, 0x2b, 0x97, 0xc3, 0xcc, 0xa1, 0xcc, 0xe7, 0xee, 0xfe, 0xfd, 0xfd, 0xfe,
    0xea, 0xbf, 0x97, 0x59, 0xb5, 0x59, 0x27, 0x02, 0x1c, 0x15, 0x04, 0x13, 0x3f, 0x55, 0x1b, 0x2b,
    0x34, 0x44, 0x45, 0x3f, 0x47, 0x3f, 0x45, 0x47, 0x3a, 0x3f, 0x4a, 0x75, 0x9b, 0xa1, 0xa5, 0xa5,
    0xbf, 0xce, 0xb9, 0xb2, 0xb9, 0xbf, 0xd8, 0xdb, 0xcc, 0xc8, 0xc3, 0xb9, 0xc3, 0xba, 0x8e, 0x59,
    0x39, 0x2b, 0x1c, 0x39, 0x25, 0x39, 0x34, 0x39, 0x44, 0x44, 0x3f, 0x44, 0x3f, 0x44, 0x2b, 0x15,
    0x13, 0x04, 0x04, 0x13, 0x13, 0x45, 0x3f, 0x4a, 0x3f, 0x2f, 0x13, 0x2f, 0x1b, 0x13, 0x45, 0x15,
    0xe9, 0xf1, 0xe9, 0xf5, 0xa2, 0x04, 0x1c, 0x39, 0x7b, 0x56, 0x2b, 0x04, 0x47, 0x51, 0x4a, 0x45,
    0x45, 0x54, 0x44, 0x8a, 0x7a, 0x59, 0x39, 0xbf, 0xe7, 0xc3, 0xcc, 0xdb, 0xf1, 0xfe, 0xfe, 0xfe,
    0xee, 0xf1, 0xe9, 0xf5, 0xa2, 0x04, 0x1c, 0x39, 0x7b, 0x56, 0x2b, 0x04, 0x47, 0x3f, 0x3f, 0x45,
    0x45, 0x45, 0x45, 0x45, 0x44, 0x56, 0x56, 0xbf, 0xe7, 0xc3, 0xcc, 0xdb, 0xf1, 0xfe, 0xfe, 0xfe,
    0x13, 0x04, 0x04, 0x13, 0x2f, 0x45, 0xd6, 0xf1, 0xf1, 0xf5, 0xf5, 0xfa, 0xfa, 0xfb, 0xfa, 0xfc,
    0xfc, 0xf5, 0xf5, 0xee, 0xc3, 0x87, 0x56, 0x59, 0x3f, 0x3f, 0x47, 0x75, 0x9e, 0xa5, 0xa1, 0xa5,
    0xbf, 0xb9, 0x87, 0x7b, 0x56, 0x56, 0x56, 0xd6, 0xb5, 0x2b, 0x04, 0x02, 0x06, 0x15, 0x1c, 0x2b,
    0x87, 0xb5, 0xb5, 0x7b, 0x8e, 0x39, 0x04, 0x08, 0x08, 0x2b, 0xba, 0xf6, 0xfc, 0xfe, 0xfe, 0xfe,
    0x2b, 0x2b, 0x13, 0x06, 0x9b, 0xc3, 0xc3, 0xa1, 0xc3, 0xdb, 0xdb, 0xee, 0xfa, 0xfc, 0xfe, 0xfc,
    0xd8, 0xb6, 0x87, 0x75, 0x8e, 0xb5, 0x1c, 0x02, 0x1c, 0x1c, 0x04, 0x04, 0x41, 0xa2, 0x8e, 0x59,
    0x2b, 0x2b, 0x39, 0x15, 0x44, 0xc3, 0xc3, 0xa1, 0xc3, 0xdb, 0xdb, 0xee, 0xfa, 0xfc, 0xfe, 0xfc,
    0xd8, 0xb6, 0x87, 0x75, 0x8e, 0xb5, 0x1c, 0x02, 0x1c, 0x1c, 0x04, 0x06, 0x13, 0x2f, 0x2b, 0x2b,
    0x2b, 0x3f, 0x3f, 0x44, 0x3a, 0x45, 0x45, 0x4a, 0x54, 0x47, 0x74, 0x9e, 0x93, 0xa5, 0x9b, 0xa5,
    0xb9, 0xb9, 0xa5, 0xa5, 0xb2, 0xb9, 0xce, 0xd8, 0xce, 0xc3, 0xce, 0xb9, 0xb5, 0xb5, 0x8e, 0x59,
    0x39, 0x39, 0x2b, 0x2b, 0x39, 0x2b, 0x3f, 0x3f, 0x3a, 0x44, 0x44, 0x3f, 0x3f, 0x3f, 0x3f, 0x15,
    0x13, 0x13, 0x13, 0x13, 0x19, 0x3a, 0x3a, 0x45, 0x3f, 0x45, 0x3f, 0x3f, 0x06, 0x1b, 0x3f, 0x34,
    0xe7, 0xe0, 0xe0, 0xee, 0xf1, 0x41, 0x1c, 0x27, 0x59, 0x7b, 0x39, 0x1c, 0x04, 0x47, 0x51, 0x45,
    0x45, 0x4a, 0x75, 0x81, 0x44, 0x39, 0xa5, 0xb9, 0x87, 0x87, 0xd6, 0xf2, 0xfb, 0xfd, 0xfe, 0xfe,
    0xe0, 0xe0, 0xe0, 0xee, 0xf1, 0x41, 0x1c, 0x27, 0x59, 0x7b, 0x39, 0x1c, 0x04, 0x47, 0x3f, 0x45,
    0x45, 0x45, 0x45, 0x45, 0x56, 0x39, 0xa5, 0xb9, 0x87, 0x87, 0xd6, 0xf2, 0xfb, 0xfd, 0xfe, 0xfe,
    0x13, 0x13, 0x1b, 0x13, 0x19, 0xc3, 0xee, 0xf1, 0xf1, 0xfa, 0xf6, 0xf5, 0xfa, 0xfb, 0xfe, 0xfe,
    0xfc, 0xf5, 0xe7, 0xe9, 0xee, 0xdb, 0xa2, 0x56, 0x56, 0x56, 0x59, 0x9e, 0x9e, 0xa5, 0x9b, 0xa5,
    0x9b, 0x9b, 0x7b, 0x56, 0x41, 0x56, 0x56, 0xc3, 0xcc, 0x41, 0x04, 0x06, 0x15, 0x1c, 0x15, 0x1c,
    0x44, 0xb5, 0x94, 0x97, 0xb5, 0x87, 0x1c, 0x04, 0x04, 0x04, 0x97, 0xfa, 0xfc, 0xfd, 0xfe, 0xfd,
    0x2b, 0x04, 0x13, 0x9b, 0xc3, 0xa1, 0xa1, 0xb9, 0xd6, 0xd6, 0xcc, 0xcc, 0xee, 0xfe, 0xfe, 0xf6,
    0xbf, 0xb9, 0x87, 0x39, 0x56, 0xdb, 0x39, 0x06, 0x15, 0x2b, 0x15, 0x04, 0x13, 0x06, 0x87, 0x44,
    0x27, 0x1c, 0x2b, 0x9b, 0xc3, 0xa1, 0xa1, 0xb9, 0xd6, 0xd6, 0xcc, 0xcc, 0xee, 0xfe, 0xfe, 0xf6,
    0xbf, 0xb9, 0x87, 0x39, 0x56, 0xdb, 0x39, 0x06, 0x15, 0x2b, 0x15, 0x04, 0x06, 0x06, 0x2b, 0x27,
    0x34, 0x3a, 0x47, 0x47, 0x47, 0x47, 0x4a, 0x51, 0x47, 0x75, 0x7a, 0x8a, 0x9e, 0x7a, 0x9b, 0x9b,
    0xb9, 0xa1, 0xa1, 0xa5, 0xb2, 0xb9, 0xb9, 0xb9, 0xbf, 0xb9, 0xb9, 0xb9, 0xa1, 0xa2, 0x7b, 0x56,
    0x41, 0x2b, 0x39, 0x20, 0x15, 0x2b, 0x2b, 0x34, 0x3a, 0x3f, 0x45, 0x45, 0x3f, 0x3f, 0x3f, 0x2b,
    0x1b, 0x13, 0x13, 0x34, 0x3f, 0x3f, 0x45, 0x3f, 0x4a, 0x3f, 0x45, 0x25, 0x06, 0x1b, 0x15, 0x3f,
    0xe7, 0xd6, 0xd6, 0xd6, 0xf5, 0x87, 0x04, 0x15, 0x1c, 0x41, 0x39, 0x20, 0x04, 0x08, 0x2f, 0x3f,
    0x45, 0x45, 0x4a, 0x56, 0x39, 0x39, 0x8e, 0x87, 0xa1, 0xd6, 0xee, 0xfa, 0xfc, 0xfd, 0xfe, 0xfd,
    0xe7, 0xd6, 0xd6, 0xd6, 0xf5, 0x87, 0x04, 0x15, 0x1c, 0x41, 0x39, 0x20, 0x04, 0x08, 0x2f, 0x51,
    0x45, 0x45, 0x45, 0x56, 0x56, 0x39, 0x8e, 0x87, 0xa1, 0xd6, 0xee, 0xfa, 0xfc, 0xfd, 0xfe, 0xfd,
    0x13, 0x13, 0x13, 0x45, 0x45, 0xe7, 0xee, 0xf1, 0xee, 0xf2, 0xfa, 0xf5, 0xf1, 0xfc, 0xfd, 0xfe,
    0xfd, 0xfa, 0xf2, 0xee, 0xdb, 0xc3, 0x87, 0xa2, 0x87, 0x56, 0x39, 0x39, 0x9e, 0x8a, 0x8a, 0x9b,
    0x8e, 0x7b, 0x56, 0x44, 0x44, 0x56, 0x59, 0xad, 0xd6, 0x75, 0x04, 0x06, 0x15, 0x1c, 0x1c, 0x1c,
    0x2f, 0x7b, 0x7b, 0x9b, 0xb5, 0xb5, 0x41, 0x06, 0x04, 0x04, 0x44, 0xf6, 0xfb, 0xfe, 0xfe, 0xfa,
    0x2b, 0x04, 0x47, 0xb9, 0xa1, 0x8e, 0x9b, 0x9b, 0xdb, 0xd6, 0xe7, 0xee, 0xf5, 0xfe, 0xfa, 0xe4,
    0xa2, 0x68, 0x41, 0x39, 0x56, 0xd6, 0x75, 0x06, 0x06, 0x15, 0x13, 0x08, 0x06, 0x04, 0x41, 0x59,
    0x2b, 0x1c, 0x2f, 0xb9, 0xa1, 0x8e, 0x9b, 0x9b, 0xdb, 0xd6, 0xe7, 0xee, 0xf5, 0xfe, 0xfa, 0xe4,
    0xa2, 0x68, 0x41, 0x39, 0x56, 0xd6, 0x75, 0x06, 0x06, 0x15, 0x13, 0x08, 0x06, 0x04, 0x04, 0x2b,
    0x2b, 0x3f, 0x55, 0x47, 0x47, 0x55, 0x47, 0x47, 0x75, 0x78, 0x7a, 0x86, 0x9e, 0x93, 0x7a, 0x9b,
    0x9b, 0xa1, 0x9b, 0xa1, 0xa1, 0xb9, 0xb2, 0xbf, 0xb6, 0xb9, 0xb6, 0xb9, 0x97, 0x8e, 0x75, 0x75,
    0x2b, 0x1c, 0x15, 0x15, 0x20, 0x25, 0x34, 0x2d, 0x3f, 0x45, 0x45, 0x3f, 0x3f, 0x3f, 0x3f, 0x3f,
    0x1b, 0x1b, 0x1b, 0x3f, 0x4a, 0x45, 0x3f, 0x45, 0x45, 0x4a, 0x1b, 0x3a, 0x3a, 0x25, 0x13, 0x1b,
    0xe7, 0xcc, 0xdb, 0xdb, 0xe7, 0xe0, 0x41, 0x06, 0x1c, 0x41, 0x41, 0x1c, 0x1c, 0x02, 0x04, 0x45,
    0x3a, 0x45, 0x56, 0x56, 0x04, 0x8e, 0x9b, 0xb9, 0xd8, 0xee, 0xf1, 0xf6, 0xfc, 0xfe, 0xfe, 0xfa,
    0xe7, 0xcc, 0xdb, 0xdb, 0xe7, 0xe0, 0x41, 0x06, 0x1c, 0x41, 0x41, 0x1c, 0x1c, 0x02, 0x04, 0x45,
    0x45, 0x3b, 0x56, 0x39, 0x04, 0x8e, 0x9b, 0xb9, 0xd8, 0xee, 0xf1, 0xf6, 0xfc, 0xfe, 0xfe, 0xfa,
    0x1b, 0x1b, 0x13, 0x3f, 0xe7, 0xee, 0xf5, 0xf1, 0xee, 0xf0, 0xf6, 0xee, 0xfb, 0xfd, 0xfe, 0xfe,
    0xfc, 0xfb, 0xfa, 0xee, 0xe4, 0xc3, 0xa2, 0x87, 0x56, 0x41, 0x39, 0x39, 0x44, 0x93, 0x7a, 0x9b,
    0x68, 0x56, 0x44, 0x44, 0x59, 0x56, 0x59, 0xb9, 0xd6, 0x8e, 0x1c, 0x04, 0x1c, 0x1c, 0x1c, 0x1c,
    0x15, 0x7b, 0x7b, 0x9b, 0x97, 0x9b, 0x7a, 0x2b, 0x06, 0x04, 0x15, 0xdb, 0xfe, 0xfe, 0xf6, 0xec,
    0x06, 0x2b, 0xa1, 0x9b, 0xa1, 0x9b, 0xa1, 0x9b, 0xcc, 0xdb, 0xe7, 0xcc, 0xfa, 0xfd, 0xf2, 0xc3,
    0x87, 0x41, 0x2b, 0x56, 0xb5, 0xc3, 0xb5, 0x15, 0x02, 0x06, 0x1b, 0x15, 0x06, 0x04, 0x04, 0x41,
    0x2b, 0x2b, 0xa1, 0x9b, 0xa1, 0x9b, 0xa1, 0x9b, 0xcc, 0xdb, 0xe7, 0xcc, 0xfa, 0xfd, 0xf2, 0xc3,
    0x87, 0x41, 0x2b, 0x56, 0xb5, 0xc3, 0xb5, 0x15, 0x02, 0x06, 0x1b, 0x15, 0x06, 0x04, 0x04, 0x2b,
    0x1c, 0x4a, 0x47, 0x78, 0x6d, 0x4a, 0x78, 0x5e, 0x47, 0x75, 0x7a, 0x7a, 0x7a, 0x81, 0x7a, 0x9b,
    0x9b, 0x8e, 0x8a, 0x8e, 0x9b, 0x9b, 0x9b, 0xa1, 0xb2, 0xb9, 0xb2, 0xa5, 0x7b, 0x75, 0x59, 0x7b,
    0x39, 0x20, 0x1b, 0x15, 0x13, 0x20, 0x3f, 0x3f, 0x3f, 0x45, 0x3f, 0x45, 0x3f, 0x3f, 0x45, 0x3f,
    0x34, 0x1b, 0x04, 0x1b, 0x44, 0x3f, 0x3f, 0x3f, 0x3f, 0x3f, 0x3f, 0x45, 0x3f, 0x3f, 0x13, 0x2f,
    0xee, 0xee, 0xdb, 0xd6, 0xcc, 0xee, 0x56, 0x04, 0x1c, 0x1c, 0x41, 0x15, 0x2b, 0x02, 0x04, 0x04,
    0x2b, 0x56, 0x06, 0x06, 0x39, 0x87, 0xb7, 0xc6, 0xd8, 0xe7, 0xe7, 0xee, 0xfe, 0xfe, 0xf6, 0xec,
    0xee, 0xee, 0xdb, 0xd6, 0xcc, 0xee, 0x56, 0x04, 0x1c, 0x1c, 0x41, 0x15, 0x2b, 0x02, 0x04, 0x04,
    0x2b, 0x06, 0x56, 0x06, 0x39, 0x87, 0xb7, 0xc6, 0xd8, 0xe7, 0xe7, 0xee, 0xfe, 0xfe, 0xf6, 0xec,
    0x25, 0x13, 0x04, 0xdb, 0xf1, 0xf1, 0xee, 0xf0, 0xf2, 0xee, 0xe4, 0xf5, 0xfd, 0xfe, 0xfe, 0xfe,
    0xfd, 0xfa, 0xfa, 0xf2, 0xe7, 0xe7, 0xc8, 0xa2, 0x56, 0x56, 0x1c, 0x39, 0x2b, 0x39, 0x4a, 0x9b,
    0x7b, 0x44, 0x44, 0x2f, 0x44, 0x59, 0x7b, 0xa1, 0xbf, 0xb5, 0x39, 0x04, 0x1c, 0x15, 0x1c, 0x15,
    0x20, 0x47, 0x6d, 0xa1, 0x8e, 0x8e, 0x8e, 0x44, 0x15, 0x15, 0x04, 0xd8, 0xfe, 0xfd, 0xce, 0xf2,
    0x04, 0x8e, 0x56, 0x56, 0x8e, 0xb9, 0xb5, 0xa5, 0xa1, 0xa1, 0xd6, 0xb5, 0xf5, 0xf6, 0xe4, 0xb5,
    0x44, 0x39, 0x41, 0x8e, 0x97, 0xb5, 0xc3, 0x41, 0x15, 0x02, 0x06, 0x06, 0x06, 0x06, 0x03, 0x04,
    0x2b, 0x8e, 0x56, 0x56, 0x8e, 0xb9, 0xb5, 0xa5, 0xa1, 0xa1, 0xd6, 0xb5, 0xf5, 0xf6, 0xe4, 0xb5,
    0x44, 0x39, 0x41, 0x8e, 0x97, 0xb5, 0xc3, 0x41, 0x15, 0x02, 0x06, 0x06, 0x06, 0x06, 0x03, 0x04,
    0x13, 0x51, 0x47, 0x6d, 0x78, 0x74, 0x84, 0x4a, 0x47, 0x6d, 0x75, 0x75, 0x81, 0x93, 0x93, 0x9b,
    0x7a, 0x81, 0x9b, 0x81, 0x81, 0x7a, 0xa1, 0xa1, 0xb2, 0xb2, 0xb9, 0x8e, 0x54, 0x44, 0x56, 0x56,
    0x39, 0x15, 0x15, 0x13, 0x1b, 0x15, 0x34, 0x3f, 0x45, 0x45, 0x45, 0x45, 0x4a, 0x45, 0x45, 0x45,
    0x45, 0x1b, 0x1b, 0x13, 0x3f, 0x34, 0x34, 0x3a, 0x45, 0x45, 0x4a, 0x3f, 0x4a, 0x1b, 0x2f, 0x25,
    0xf5, 0xe4, 0xcc, 0xc3, 0xc3, 0xd6, 0xb5, 0x02, 0x06, 0x1c, 0x1c, 0x15, 0x02, 0x02, 0x04, 0x04,
    0x15, 0x2b, 0x06, 0x56, 0x8e, 0x87, 0xbf, 0xce, 0xd8, 0xd8, 0xd8, 0xfb, 0xfe, 0xfd, 0xd8, 0xf6,
    0xf5, 0xe4, 0xcc, 0xc3, 0xc3, 0xd6, 0xb5, 0x02, 0x06, 0x1c, 0x1c, 0x15, 0x02, 0x02, 0x04, 0x04,
    0x15, 0x2b, 0x06, 0x56, 0x8e, 0x87, 0xbf, 0xce, 0xd8, 0xd8, 0xd8, 0xfb, 0xfe, 0xfd, 0xd8, 0xf6,
    0x45, 0x1b, 0xdb, 0xe7, 0xee, 0xf5, 0xf2, 0xf6, 0xe4, 0xdb, 0xee, 0xfb, 0xfe, 0xfe, 0xfe, 0xfe,
    0xfe, 0xfe, 0xfd, 0xf2, 0xdb, 0xcc, 0xcc, 0xc3, 0x87, 0x56, 0x1c, 0x1c, 0x39, 0x27, 0x15, 0x2b,
    0x56, 0x41, 0x2b, 0x44, 0x68, 0x87, 0x97, 0xa1, 0xb5, 0xcc, 0x68, 0x04, 0x15, 0x1c, 0x1c, 0x15,
    0x1c, 0x15, 0x75, 0x9b, 0x75, 0x8e, 0x8e, 0x75, 0x41, 0x15, 0x06, 0x8e, 0xfb, 0xbf, 0xea, 0xf6,
    0x2b, 0x56, 0x56, 0x8e, 0xb9, 0xb9, 0xb6, 0xa1, 0x97, 0x8e, 0xb5, 0xcc, 0xf5, 0xe7, 0xd6, 0x87,
    0x56, 0x56, 0x8e, 0x8e, 0x8e, 0x8e, 0xb5, 0x59, 0x41, 0x41, 0x41, 0x13, 0x06, 0x06, 0x04, 0x04,
    0x59, 0x56, 0x56, 0x8e, 0xb9, 0xb9, 0xb6, 0xa1, 0x97, 0x8e, 0xb5, 0xcc, 0xf5, 0xe7, 0xd6, 0x87,
    0x56, 0x56, 0x8e, 0x8e, 0x8e, 0x8e, 0xb5, 0x59, 0x41, 0x41, 0x41, 0x13, 0x06, 0x06, 0x04, 0x04,
    0x45, 0x78, 0x75, 0x75, 0x75, 0x75, 0x8a, 0x84, 0x78, 0x74, 0x75, 0x8a, 0x8a, 0x7a, 0x93, 0x8a,
    0x81, 0x72, 0x81, 0x81, 0x8a, 0x81, 0x9b, 0xa1, 0xb2, 0xb9, 0xa5, 0x7a, 0x44, 0x39, 0x39, 0x59,
    0x59, 0x1c, 0x15, 0x13, 0x13, 0x3f, 0x3f, 0x45, 0x45, 0x45, 0x45, 0x45, 0x45, 0x45, 0x45, 0x45,
    0x45, 0x3f, 0x25, 0x13, 0x3f, 0x3f, 0x1b, 0x45, 0x45, 0x45, 0x45, 0x3f, 0x3f, 0x3f, 0x2b, 0x20,
    0xf6, 0xd6, 0xcc, 0xc3, 0xba, 0xb5, 0xcc, 0x2b, 0x02, 0x1c, 0x1c, 0x1c, 0x1c, 0x1c, 0x02, 0x04,
    0x06, 0x04, 0x06, 0x41, 0x87, 0x96, 0xbf, 0xd8, 0xce, 0xbf, 0xf0, 0xfe, 0xfb, 0xbf, 0xe4, 0xf6,
    0xf6, 0xd6, 0xcc, 0xc3, 0xba, 0xb5, 0xcc, 0x2b, 0x02, 0x1c, 0x1c, 0x1c, 0x1c, 0x1c, 0x02, 0x04,
    0x06, 0x04, 0x06, 0x41, 0x87, 0x96, 0xbf, 0xd8, 0xce, 0xbf, 0xf0, 0xfe, 0xfb, 0xbf, 0xe4, 0xf6,
    0x45, 0xdb, 0xe0, 0xee, 0xee, 0xf1, 0xf6, 0xea, 0xce, 0xd8, 0xf6, 0xfe, 0xfe, 0xfe, 0xfe, 0xfe,
    0xfe, 0xfe, 0xf0, 0xcc, 0xb5, 0xb5, 0x87, 0x87, 0x87, 0x56, 0x1c, 0x1c, 0x1c, 0x41, 0x1c, 0x02,
    0x87, 0x87, 0x8e, 0x13, 0x13, 0x34, 0x3f, 0x45, 0x45, 0x45, 0x3f, 0x3f, 0x3f, 0x3f, 0x3f, 0x45,
    0x15, 0x15, 0x44, 0x8e, 0x8e, 0x7b, 0x7b, 0x87, 0x59, 0x44, 0x2b, 0x45, 0x45, 0x8a, 0xec, 0xea,
    0x00, 0x00, 0x00, 0x00, 0x00, 0x00, 0x00, 0x00, 0x00, 0x00, 0x00, 0x00, 0x00, 0x00, 0x00, 0x00,
    0x00, 0x00, 0x00, 0x00, 0x00, 0x00, 0x00, 0x00, 0x00, 0x00, 0x00, 0x00, 0x00, 0x00, 0x00, 0x00,
    0x00, 0x00, 0x00, 0x00, 0x00, 0x00, 0x00, 0x00, 0x00, 0x00, 0x00, 0x00, 0x00, 0x00, 0x00, 0x00,
    0x00, 0x00, 0x00, 0x00, 0x00, 0x00, 0x00, 0x00, 0x00, 0x00, 0x00, 0x00, 0x00, 0x00, 0x00, 0x00,
    0x00, 0x00, 0x00, 0x00, 0x00, 0x00, 0x00, 0x00, 0x00, 0x00, 0x00, 0x00, 0x00, 0x00, 0x00, 0x00,
    0x00, 0x00, 0x00, 0x00, 0x00, 0x00, 0x00, 0x00, 0x00, 0x00, 0x00, 0x00, 0x00, 0x00, 0x00, 0x00,
    0x00, 0x00, 0x00, 0x00, 0x00, 0x00, 0x00, 0x00, 0x00, 0x00, 0x00, 0x00, 0x00, 0x00, 0x00, 0x00,
    0x00, 0x00, 0x00, 0x00, 0x00, 0x00, 0x00, 0x00, 0x00, 0x00, 0x00, 0x00, 0x00, 0x00, 0x00, 0x00,
    0x00, 0x00, 0x00, 0x00, 0x00, 0x00, 0x00, 0x00, 0x00, 0x00, 0x00, 0x00, 0x00, 0x00, 0x00, 0x00,
    0x00, 0x00, 0x00, 0x00, 0x00, 0x00, 0x00, 0x00, 0x00, 0x00, 0x00, 0x00, 0x00, 0x00, 0x00, 0x00,
    0x00, 0x00, 0x00, 0x00, 0x00, 0x00, 0x00, 0x00, 0x00, 0x00, 0x00, 0x00, 0x00, 0x00, 0x00, 0x00,
    0x00, 0x00, 0x00, 0x00, 0x00, 0x00, 0x00, 0x00, 0x00, 0x00, 0x00, 0x00, 0x00, 0x00, 0x00, 0x00,
    0x00, 0x00, 0x00, 0x00, 0x00, 0x00, 0x00, 0x00, 0x00, 0x00, 0x00, 0x00, 0x00, 0x00, 0x00, 0x00,
    0x00, 0x00, 0x00, 0x00, 0x00, 0x00, 0x00, 0x00, 0x00, 0x00, 0x00, 0x00, 0x00, 0x00, 0x00, 0x00,
    0xba, 0xc3, 0x87, 0x56, 0x56, 0x3f, 0x45, 0x45, 0x45, 0x3f, 0x45, 0x45, 0x3f, 0x3f, 0x45, 0xe0,
    0x2b, 0x2b, 0x44, 0x8e, 0x7a, 0x81, 0x9b, 0x81, 0x7a, 0x44, 0x39, 0x13, 0x45, 0x44, 0xa1, 0xdb,
    0x00, 0x00, 0x00, 0x00, 0x00, 0x00, 0x00, 0x00, 0x00, 0x00, 0x00, 0x00, 0x00, 0x00, 0x00, 0x00,
    0x00, 0x00, 0x00, 0x00, 0x00, 0x00, 0x00, 0x00, 0x00, 0x00, 0x00, 0x00, 0x00, 0x00, 0x00, 0x00,
    0x00, 0x00, 0x00, 0x00, 0x00, 0x00, 0x00, 0x00, 0x00, 0x00, 0x00, 0x00, 0x00, 0x00, 0x00, 0x00,
    0x00, 0x00, 0x00, 0x00, 0x00, 0x00, 0x00, 0x00, 0x00, 0x00, 0x00, 0x00, 0x00, 0x00, 0x00, 0x00,
    0x00, 0x00, 0x00, 0x00, 0x00, 0x00, 0x00, 0x00, 0x00, 0x00, 0x00, 0x00, 0x00, 0x00, 0x00, 0x00,
    0x00, 0x00, 0x00, 0x00, 0x00, 0x00, 0x00, 0x00, 0x00, 0x00, 0x00, 0x00, 0x00, 0x00, 0x00, 0x00,
    0x00, 0x00, 0x00, 0x00, 0x00, 0x00, 0x00, 0x00, 0x00, 0x00, 0x00, 0x00, 0x00, 0x00, 0x00, 0x00,
    0x00, 0x00, 0x00, 0x00, 0x00, 0x00, 0x00, 0x00, 0x00, 0x00, 0x00, 0x00, 0x00, 0x00, 0x00, 0x00,
    0x00, 0x00, 0x00, 0x00, 0x00, 0x00, 0x00, 0x00, 0x00, 0x00, 0x00, 0x00, 0x00, 0x00, 0x00, 0x00,
    0x00, 0x00, 0x00, 0x00, 0x00, 0x00, 0x00, 0x00, 0x00, 0x00, 0x00, 0x00, 0x00, 0x00, 0x00, 0x00,
    0x00, 0x00, 0x00, 0x00, 0x00, 0x00, 0x00, 0x00, 0x00, 0x00, 0x00, 0x00, 0x00, 0x00, 0x00, 0x00,
    0x00, 0x00, 0x00, 0x00, 0x00, 0x00, 0x00, 0x00, 0x00, 0x00, 0x00, 0x00, 0x00, 0x00, 0x00, 0x00,
    0x00, 0x00, 0x00, 0x00, 0x00, 0x00, 0x00, 0x00, 0x00, 0x00, 0x00, 0x00, 0x00, 0x00, 0x00, 0x00,
    0x00, 0x00, 0x00, 0x00, 0x00, 0x00, 0x00, 0x00, 0x00, 0x00, 0x00, 0x00, 0x00, 0x00, 0x00, 0x00,
    0xf1, 0xd6, 0x87, 0x7b, 0x87, 0x75, 0x45, 0x45, 0x3b, 0x45, 0x45, 0x3f, 0x3f, 0x45, 0xcc, 0xe4,
    0x13, 0x1b, 0x3f, 0x45, 0x7a, 0x7a, 0x74, 0x7a, 0x7a, 0x44, 0x44, 0x45, 0x13, 0x47, 0x7a, 0xb9,
    0x00, 0x00, 0x00, 0x00, 0x00, 0x00, 0x00, 0x00, 0x00, 0x00, 0x00, 0x00, 0x00, 0x00, 0x00, 0x00,
    0x00, 0x00, 0x00, 0x00, 0x00, 0x00, 0x00, 0x00, 0x00, 0x00, 0x00, 0x00, 0x00, 0x00, 0x00, 0x00,
    0x00, 0x00, 0x00, 0x00, 0x00, 0x00, 0x00, 0x00, 0x00, 0x00, 0x00, 0x00, 0x00, 0x00, 0x00, 0x00,
    0x00, 0x00, 0x00, 0x00, 0x00, 0x00, 0x00, 0x00, 0x00, 0x00, 0x00, 0x00, 0x00, 0x00, 0x00, 0x00,
    0x00, 0x00, 0x00, 0x00, 0x00, 0x00, 0x00, 0x00, 0x00, 0x00, 0x00, 0x00, 0x00, 0x00, 0x00, 0x00,
    0x00, 0x00, 0x00, 0x00, 0x00, 0x00, 0x00, 0x00, 0x00, 0x00, 0x00, 0x00, 0x00, 0x00, 0x00, 0x00,
    0x00, 0x00, 0x00, 0x00, 0x00, 0x00, 0x00, 0x00, 0x00, 0x00, 0x00, 0x00, 0x00, 0x00, 0x00, 0x00,
    0x00, 0x00, 0x00, 0x00, 0x00, 0x00, 0x00, 0x00, 0x00, 0x00, 0x00, 0x00, 0x00, 0x00, 0x00, 0x00,
    0x00, 0x00, 0x00, 0x00, 0x00, 0x00, 0x00, 0x00, 0x00, 0x00, 0x00, 0x00, 0x00, 0x00, 0x00, 0x00,
    0x00, 0x00, 0x00, 0x00, 0x00, 0x00, 0x00, 0x00, 0x00, 0x00, 0x00, 0x00, 0x00, 0x00, 0x00, 0x00,
    0x00, 0x00, 0x00, 0x00, 0x00, 0x00, 0x00, 0x00, 0x00, 0x00, 0x00, 0x00, 0x00, 0x00, 0x00, 0x00,
    0x00, 0x00, 0x00, 0x00, 0x00, 0x00, 0x00, 0x00, 0x00, 0x00, 0x00, 0x00, 0x00, 0x00, 0x00, 0x00,
    0x00, 0x00, 0x00, 0x00, 0x00, 0x00, 0x00, 0x00, 0x00, 0x00, 0x00, 0x00, 0x00, 0x00, 0x00, 0x00,
    0x00, 0x00, 0x00, 0x00, 0x00, 0x00, 0x00, 0x00, 0x00, 0x00, 0x00, 0x00, 0x00, 0x00, 0x00, 0x00,
    0xfd, 0xf5, 0xc3, 0x41, 0x87, 0x75, 0x59, 0x45, 0x45, 0x45, 0x45, 0x3f, 0x45, 0xcc, 0xe4, 0xe9,
    0x15, 0x15, 0x15, 0x4a, 0x5e, 0x74, 0x74, 0x74, 0x44, 0x74, 0x4a, 0x45, 0x13, 0x44, 0x44, 0x8e,
    0x00, 0x00, 0x00, 0x00, 0x00, 0x00, 0x00, 0x00, 0x00, 0x00, 0x00, 0x00, 0x00, 0x00, 0x00, 0x00,
    0x00, 0x00, 0x00, 0x00, 0x00, 0x00, 0x00, 0x00, 0x00, 0x00, 0x00, 0x00, 0x00, 0x00, 0x00, 0x00,
    0x00, 0x00, 0x00, 0x00, 0x00, 0x00, 0x00, 0x00, 0x00, 0x00, 0x00, 0x00, 0x00, 0x00, 0x00, 0x00,
    0x00, 0x00, 0x00, 0x00, 0x00, 0x00, 0x00, 0x00, 0x00, 0x00, 0x00, 0x00, 0x00, 0x00, 0x00, 0x00,
    0x00, 0x00, 0x00, 0x00, 0x00, 0x00, 0x00, 0x00, 0x00, 0x00, 0x00, 0x00, 0x00, 0x00, 0x00, 0x00,
    0x00, 0x00, 0x00, 0x00, 0x00, 0x00, 0x00, 0x00, 0x00, 0x00, 0x00, 0x00, 0x00, 0x00, 0x00, 0x00,
    0x00, 0x00, 0x00, 0x00, 0x00, 0x00, 0x00, 0x00, 0x00, 0x00, 0x00, 0x00, 0x00, 0x00, 0x00, 0x00,
    0x00, 0x00, 0x00, 0x00, 0x00, 0x00, 0x00, 0x00, 0x00, 0x00, 0x00, 0x00, 0x00, 0x00, 0x00, 0x00,
    0x00, 0x00, 0x00, 0x00, 0x00, 0x00, 0x00, 0x00, 0x00, 0x00, 0x00, 0x00, 0x00, 0x00, 0x00, 0x00,
    0x00, 0x00, 0x00, 0x00, 0x00, 0x00, 0x00, 0x00, 0x00, 0x00, 0x00, 0x00, 0x00, 0x00, 0x00, 0x00,
    0x00, 0x00, 0x00, 0x00, 0x00, 0x00, 0x00, 0x00, 0x00, 0x00, 0x00, 0x00, 0x00, 0x00, 0x00, 0x00,
    0x00, 0x00, 0x00, 0x00, 0x00, 0x00, 0x00, 0x00, 0x00, 0x00, 0x00, 0x00, 0x00, 0x00, 0x00, 0x00,
    0x00, 0x00, 0x00, 0x00, 0x00, 0x00, 0x00, 0x00, 0x00, 0x00, 0x00, 0x00, 0x00, 0x00, 0x00, 0x00,
    0x00, 0x00, 0x00, 0x00, 0x00, 0x00, 0x00, 0x00, 0x00, 0x00, 0x00, 0x00, 0x00, 0x00, 0x00, 0x00,
    0xfe, 0xfb, 0xcc, 0x41, 0x56, 0x87, 0x68, 0x7b, 0x45, 0x45, 0x45, 0x45, 0xb9, 0xdb, 0xe7, 0xe9,
    0x13, 0x13, 0x13, 0x34, 0x74, 0x55, 0x54, 0x47, 0x4a, 0x47, 0x44, 0x2f, 0x13, 0x13, 0x2b, 0x39,
    0x00, 0x00, 0x00, 0x00, 0x00, 0x00, 0x00, 0x00, 0x00, 0x00, 0x00, 0x00, 0x00, 0x00, 0x00, 0x00,
    0x00, 0x00, 0x00, 0x00, 0x00, 0x00, 0x00, 0x00, 0x00, 0x00, 0x00, 0x00, 0x00, 0x00, 0x00, 0x00,
    0x00, 0x00, 0x00, 0x00, 0x00, 0x00, 0x00, 0x00, 0x00, 0x00, 0x00, 0x00, 0x00, 0x00, 0x00, 0x00,
    0x00, 0x00, 0x00, 0x00, 0x00, 0x00, 0x00, 0x00, 0x00, 0x00, 0x00, 0x00, 0x00, 0x00, 0x00, 0x00,
    0x00, 0x00, 0x00, 0x00, 0x00, 0x00, 0x00, 0x00, 0x00, 0x00, 0x00, 0x00, 0x00, 0x00, 0x00, 0x00,
    0x00, 0x00, 0x00, 0x00, 0x00, 0x00, 0x00, 0x00, 0x00, 0x00, 0x00, 0x00, 0x00, 0x00, 0x00, 0x00,
    0x00, 0x00, 0x00, 0x00, 0x00, 0x00, 0x00, 0x00, 0x00, 0x00, 0x00, 0x00, 0x00, 0x00, 0x00, 0x00,
    0x00, 0x00, 0x00, 0x00, 0x00, 0x00, 0x00, 0x00, 0x00, 0x00, 0x00, 0x00, 0x00, 0x00, 0x00, 0x00,
    0x00, 0x00, 0x00, 0x00, 0x00, 0x00, 0x00, 0x00, 0x00, 0x00, 0x00, 0x00, 0x00, 0x00, 0x00, 0x00,
    0x00, 0x00, 0x00, 0x00, 0x00, 0x00, 0x00, 0x00, 0x00, 0x00, 0x00, 0x00, 0x00, 0x00, 0x00, 0x00,
    0x00, 0x00, 0x00, 0x00, 0x00, 0x00, 0x00, 0x00, 0x00, 0x00, 0x00, 0x00, 0x00, 0x00, 0x00, 0x00,
    0x00, 0x00, 0x00, 0x00, 0x00, 0x00, 0x00, 0x00, 0x00, 0x00, 0x00, 0x00, 0x00, 0x00, 0x00, 0x00,
    0x00, 0x00, 0x00, 0x00, 0x00, 0x00, 0x00, 0x00, 0x00, 0x00, 0x00, 0x00, 0x00, 0x00, 0x00, 0x00,
    0x00, 0x00, 0x00, 0x00, 0x00, 0x00, 0x00, 0x00, 0x00, 0x00, 0x00, 0x00, 0x00, 0x00, 0x00, 0x00,
    0xfd, 0xfe, 0xe0, 0x41, 0x41, 0x68, 0x59, 0x41, 0x56, 0x44, 0x3b, 0x81, 0xc8, 0xe4, 0xe9, 0xee,
    0x13, 0x13, 0x1b, 0x3f, 0x4a, 0x55, 0x47, 0x55, 0x4a, 0x4a, 0x55, 0x9b, 0xa2, 0xdb, 0x44, 0x44,
    0x00, 0x00, 0x00, 0x00, 0x00, 0x00, 0x00, 0x00, 0x00, 0x00, 0x00, 0x00, 0x00, 0x00, 0x00, 0x00,
    0x00, 0x00, 0x00, 0x00, 0x00, 0x00, 0x00, 0x00, 0x00, 0x00, 0x00, 0x00, 0x00, 0x00, 0x00, 0x00,
    0x00, 0x00, 0x00, 0x00, 0x00, 0x00, 0x00, 0x00, 0x00, 0x00, 0x00, 0x00, 0x00, 0x00, 0x00, 0x00,
    0x00, 0x00, 0x00, 0x00, 0x00, 0x00, 0x00, 0x00, 0x00, 0x00, 0x00, 0x00, 0x00, 0x00, 0x00, 0x00,
    0x00, 0x00, 0x00, 0x00, 0x00, 0x00, 0x00, 0x00, 0x00, 0x00, 0x00, 0x00, 0x00, 0x00, 0x00, 0x00,
    0x00, 0x00, 0x00, 0x00, 0x00, 0x00, 0x00, 0x00, 0x00, 0x00, 0x00, 0x00, 0x00, 0x00, 0x00, 0x00,
    0x00, 0x00, 0x00, 0x00, 0x00, 0x00, 0x00, 0x00, 0x00, 0x00, 0x00, 0x00, 0x00, 0x00, 0x00, 0x00,
    0x00, 0x00, 0x00, 0x00, 0x00, 0x00, 0x00, 0x00, 0x00, 0x00, 0x00, 0x00, 0x00, 0x00, 0x00, 0x00,
    0x00, 0x00, 0x00, 0x00, 0x00, 0x00, 0x00, 0x00, 0x00, 0x00, 0x00, 0x00, 0x00, 0x00, 0x00, 0x00,
    0x00, 0x00, 0x00, 0x00, 0x00, 0x00, 0x00, 0x00, 0x00, 0x00, 0x00, 0x00, 0x00, 0x00, 0x00, 0x00,
    0x00, 0x00, 0x00, 0x00, 0x00, 0x00, 0x00, 0x00, 0x00, 0x00, 0x00, 0x00, 0x00, 0x00, 0x00, 0x00,
    0x00, 0x00, 0x00, 0x00, 0x00, 0x00, 0x00, 0x00, 0x00, 0x00, 0x00, 0x00, 0x00, 0x00, 0x00, 0x00,
    0x00, 0x00, 0x00, 0x00, 0x00, 0x00, 0x00, 0x00, 0x00, 0x00, 0x00, 0x00, 0x00, 0x00, 0x00, 0x00,
    0x00, 0x00, 0x00, 0x00, 0x00, 0x00, 0x00, 0x00, 0x00, 0x00, 0x00, 0x00, 0x00, 0x00, 0x00, 0x00,
    0xfc, 0xfc, 0xfd, 0x59, 0x56, 0xa2, 0x56, 0x39, 0x39, 0x2b, 0x74, 0xa5, 0xd6, 0xee, 0xee, 0xe4,
    0x13, 0x04, 0x08, 0x1b, 0x44, 0x3f, 0x3f, 0x44, 0x3f, 0x55, 0xb9, 0xdb, 0xee, 0xe7, 0xc3, 0xa2,
    0x00, 0x00, 0x00, 0x00, 0x00, 0x00, 0x00, 0x00, 0x00, 0x00, 0x00, 0x00, 0x00, 0x00, 0x00, 0x00,
    0x00, 0x00, 0x00, 0x00, 0x00, 0x00, 0x00, 0x00, 0x00, 0x00, 0x00, 0x00, 0x00, 0x00, 0x00, 0x00,
    0x00, 0x00, 0x00, 0x00, 0x00, 0x00, 0x00, 0x00, 0x00, 0x00, 0x00, 0x00, 0x00, 0x00, 0x00, 0x00,
    0x00, 0x00, 0x00, 0x00, 0x00, 0x00, 0x00, 0x00, 0x00, 0x00, 0x00, 0x00, 0x00, 0x00, 0x00, 0x00,
    0x00, 0x00, 0x00, 0x00, 0x00, 0x00, 0x00, 0x00, 0x00, 0x00, 0x00, 0x00, 0x00, 0x00, 0x00, 0x00,
    0x00, 0x00, 0x00, 0x00, 0x00, 0x00, 0x00, 0x00, 0x00, 0x00, 0x00, 0x00, 0x00, 0x00, 0x00, 0x00,
    0x00, 0x00, 0x00, 0x00, 0x00, 0x00, 0x00, 0x00, 0x00, 0x00, 0x00, 0x00, 0x00, 0x00, 0x00, 0x00,
    0x00, 0x00, 0x00, 0x00, 0x00, 0x00, 0x00, 0x00, 0x00, 0x00, 0x00, 0x00, 0x00, 0x00, 0x00, 0x00,
    0x00, 0x00, 0x00, 0x00, 0x00, 0x00, 0x00, 0x00, 0x00, 0x00, 0x00, 0x00, 0x00, 0x00, 0x00, 0x00,
    0x00, 0x00, 0x00, 0x00, 0x00, 0x00, 0x00, 0x00, 0x00, 0x00, 0x00, 0x00, 0x00, 0x00, 0x00, 0x00,
    0x00, 0x00, 0x00, 0x00, 0x00, 0x00, 0x00, 0x00, 0x00, 0x00, 0x00, 0x00, 0x00, 0x00, 0x00, 0x00,
    0x00, 0x00, 0x00, 0x00, 0x00, 0x00, 0x00, 0x00, 0x00, 0x00, 0x00, 0x00, 0x00, 0x00, 0x00, 0x00,
    0x00, 0x00, 0x00, 0x00, 0x00, 0x00, 0x00, 0x00, 0x00, 0x00, 0x00, 0x00, 0x00, 0x00, 0x00, 0x00,
    0x00, 0x00, 0x00, 0x00, 0x00, 0x00, 0x00, 0x00, 0x00, 0x00, 0x00, 0x00, 0x00, 0x00, 0x00, 0x00,
    0xfd, 0xf5, 0xfb, 0xcc, 0x06, 0x7b, 0x87, 0x41, 0x44, 0x2b, 0x9b, 0xb9, 0xe7, 0xee, 0xe0, 0xc8,
    0x13, 0x13, 0x08, 0x13, 0x3f, 0x3f, 0x3f, 0x3f, 0xb2, 0xdb, 0xe4, 0xee, 0xf5, 0xfa, 0xfb, 0xfa,
    0x00, 0x00, 0x00, 0x00, 0x00, 0x00, 0x00, 0x00, 0x00, 0x00, 0x00, 0x00, 0x00, 0x00, 0x00, 0x00,
    0x00, 0x00, 0x00, 0x00, 0x00, 0x00, 0x00, 0x00, 0x00, 0x00, 0x00, 0x00, 0x00, 0x00, 0x00, 0x00,
    0x00, 0x00, 0x00, 0x00, 0x00, 0x00, 0x00, 0x00, 0x00, 0x00, 0x00, 0x00, 0x00, 0x00, 0x00, 0x00,
    0x00, 0x00, 0x00, 0x00, 0x00, 0x00, 0x00, 0x00, 0x00, 0x00, 0x00, 0x00, 0x00, 0x00, 0x00, 0x00,
    0x00, 0x00, 0x00, 0x00, 0x00, 0x00, 0x00, 0x00, 0x00, 0x00, 0x00, 0x00, 0x00, 0x00, 0x00, 0x00,
    0x00, 0x00, 0x00, 0x00, 0x00, 0x00, 0x00, 0x00, 0x00, 0x00, 0x00, 0x00, 0x00, 0x00, 0x00, 0x00,
    0x00, 0x00, 0x00, 0x00, 0x00, 0x00, 0x00, 0x00, 0x00, 0x00, 0x00, 0x00, 0x00, 0x00, 0x00, 0x00,
    0x00, 0x00, 0x00, 0x00, 0x00, 0x00, 0x00, 0x00, 0x00, 0x00, 0x00, 0x00, 0x00, 0x00, 0x00, 0x00,
    0x00, 0x00, 0x00, 0x00, 0x00, 0x00, 0x00, 0x00, 0x00, 0x00, 0x00, 0x00, 0x00, 0x00, 0x00, 0x00,
    0x00, 0x00, 0x00, 0x00, 0x00, 0x00, 0x00, 0x00, 0x00, 0x00, 0x00, 0x00, 0x00, 0x00, 0x00, 0x00,
    0x00, 0x00, 0x00, 0x00, 0x00, 0x00, 0x00, 0x00, 0x00, 0x00, 0x00, 0x00, 0x00, 0x00, 0x00, 0x00,
    0x00, 0x00, 0x00, 0x00, 0x00, 0x00, 0x00, 0x00, 0x00, 0x00, 0x00, 0x00, 0x00, 0x00, 0x00, 0x00,
    0x00, 0x00, 0x00, 0x00, 0x00, 0x00, 0x00, 0x00, 0x00, 0x00, 0x00, 0x00, 0x00, 0x00, 0x00, 0x00,
    0x00, 0x00, 0x00, 0x00, 0x00, 0x00, 0x00, 0x00, 0x00, 0x00, 0x00, 0x00, 0x00, 0x00, 0x00, 0x00,
    0xf5, 0xee, 0xf5, 0xf5, 0x41, 0x06, 0x34, 0x7b, 0x51, 0x4a, 0x9b, 0xd6, 0xee, 0xe7, 0xcc, 0xb9,
    0x13, 0x04, 0x02, 0x04, 0x3f, 0x45, 0x3f, 0xdb, 0xf5, 0xf5, 0xee, 0xf5, 0xfb, 0xfb, 0xfa, 0xfe,
    0x00, 0x00, 0x00, 0x00, 0x00, 0x00, 0x00, 0x00, 0x00, 0x00, 0x00, 0x00, 0x00, 0x00, 0x00, 0x00,
    0x00, 0x00, 0x00, 0x00, 0x00, 0x00, 0x00, 0x00, 0x00, 0x00, 0x00, 0x00, 0x00, 0x00, 0x00, 0x00,
    0x00, 0x00, 0x00, 0x00, 0x00, 0x00, 0x00, 0x00, 0x00, 0x00, 0x00, 0x00, 0x00, 0x00, 0x00, 0x00,
    0x00, 0x00, 0x00, 0x00, 0x00, 0x00, 0x00, 0x00, 0x00, 0x00, 0x00, 0x00, 0x00, 0x00, 0x00, 0x00,
    0x00, 0x00, 0x00, 0x00, 0x00, 0x00, 0x00, 0x00, 0x00, 0x00, 0x00, 0x00, 0x00, 0x00, 0x00, 0x00,
    0x00, 0x00, 0x00, 0x00, 0x00, 0x00, 0x00, 0x00, 0x00, 0x00, 0x00, 0x00, 0x00, 0x00, 0x00, 0x00,
    0x00, 0x00, 0x00, 0x00, 0x00, 0x00, 0x00, 0x00, 0x00, 0x00, 0x00, 0x00, 0x00, 0x00, 0x00, 0x00,
    0x00, 0x00, 0x00, 0x00, 0x00, 0x00, 0x00, 0x00, 0x00, 0x00, 0x00, 0x00, 0x00, 0x00, 0x00, 0x00,
    0x00, 0x00, 0x00, 0x00, 0x00, 0x00, 0x00, 0x00, 0x00, 0x00, 0x00, 0x00, 0x00, 0x00, 0x00, 0x00,
    0x00, 0x00, 0x00, 0x00, 0x00, 0x00, 0x00, 0x00, 0x00, 0x00, 0x00, 0x00, 0x00, 0x00, 0x00, 0x00,
    0x00, 0x00, 0x00, 0x00, 0x00, 0x00, 0x00, 0x00, 0x00, 0x00, 0x00, 0x00, 0x00, 0x00, 0x00, 0x00,
    0x00, 0x00, 0x00, 0x00, 0x00, 0x00, 0x00, 0x00, 0x00, 0x00, 0x00, 0x00, 0x00, 0x00, 0x00, 0x00,
    0x00, 0x00, 0x00, 0x00, 0x00, 0x00, 0x00, 0x00, 0x00, 0x00, 0x00, 0x00, 0x00, 0x00, 0x00, 0x00,
    0x00, 0x00, 0x00, 0x00, 0x00, 0x00, 0x00, 0x00, 0x00, 0x00, 0x00, 0x00, 0x00, 0x00, 0x00, 0x00,
    0xee, 0xf1, 0xe9, 0xf5, 0xa2, 0x04, 0x51, 0x4a, 0x4a, 0x81, 0xbf, 0xe7, 0xee, 0xcc, 0x8e, 0x97,
    0x13, 0x04, 0x04, 0x13, 0x2f, 0x45, 0xd6, 0xf1, 0xf1, 0xf5, 0xf5, 0xfa, 0xfa, 0xfb, 0xfa, 0xfc,
    0x00, 0x00, 0x00, 0x00, 0x00, 0x00, 0x00, 0x00, 0x00, 0x00, 0x00, 0x00, 0x00, 0x00, 0x00, 0x00,
    0x00, 0x00, 0x00, 0x00, 0x00, 0x00, 0x00, 0x00, 0x00, 0x00, 0x00, 0x00, 0x00, 0x00, 0x00, 0x00,
    0x00, 0x00, 0x00, 0x00, 0x00, 0x00, 0x00, 0x00, 0x00, 0x00, 0x00, 0x00, 0x00, 0x00, 0x00, 0x00,
    0x00, 0x00, 0x00, 0x00, 0x00, 0x00, 0x00, 0x00, 0x00, 0x00, 0x00, 0x00, 0x00, 0x00, 0x00, 0x00,
    0x00, 0x00, 0x00, 0x00, 0x00, 0x00, 0x00, 0x00, 0x00, 0x00, 0x00, 0x00, 0x00, 0x00, 0x00, 0x00,
    0x00, 0x00, 0x00, 0x00, 0x00, 0x00, 0x00, 0x00, 0x00, 0x00, 0x00, 0x00, 0x00, 0x00, 0x00, 0x00,
    0x00, 0x00, 0x00, 0x00, 0x00, 0x00, 0x00, 0x00, 0x00, 0x00, 0x00, 0x00, 0x00, 0x00, 0x00, 0x00,
    0x00, 0x00, 0x00, 0x00, 0x00, 0x00, 0x00, 0x00, 0x00, 0x00, 0x00, 0x00, 0x00, 0x00, 0x00, 0x00,
    0x00, 0x00, 0x00, 0x00, 0x00, 0x00, 0x00, 0x00, 0x00, 0x00, 0x00, 0x00, 0x00, 0x00, 0x00, 0x00,
    0x00, 0x00, 0x00, 0x00, 0x00, 0x00, 0x00, 0x00, 0x00, 0x00, 0x00, 0x00, 0x00, 0x00, 0x00, 0x00,
    0x00, 0x00, 0x00, 0x00, 0x00, 0x00, 0x00, 0x00, 0x00, 0x00, 0x00, 0x00, 0x00, 0x00, 0x00, 0x00,
    0x00, 0x00, 0x00, 0x00, 0x00, 0x00, 0x00, 0x00, 0x00, 0x00, 0x00, 0x00, 0x00, 0x00, 0x00, 0x00,
    0x00, 0x00, 0x00, 0x00, 0x00, 0x00, 0x00, 0x00, 0x00, 0x00, 0x00, 0x00, 0x00, 0x00, 0x00, 0x00,
    0x00, 0x00, 0x00, 0x00, 0x00, 0x00, 0x00, 0x00, 0x00, 0x00, 0x00, 0x00, 0x00, 0x00, 0x00, 0x00,
    0xe0, 0xe0, 0xe0, 0xee, 0xf1, 0x41, 0x45, 0x55, 0x74, 0xb9, 0xdb, 0xe4, 0xdb, 0xb2, 0x9b, 0xa1,
    0x13, 0x13, 0x1b, 0x13, 0x19, 0xc3, 0xee, 0xf1, 0xf1, 0xfa, 0xf6, 0xf5, 0xfa, 0xfb, 0xfe, 0xfe,
    0x00, 0x00, 0x00, 0x00, 0x00, 0x00, 0x00, 0x00, 0x00, 0x00, 0x00, 0x00, 0x00, 0x00, 0x00, 0x00,
    0x00, 0x00, 0x00, 0x00, 0x00, 0x00, 0x00, 0x00, 0x00, 0x00, 0x00, 0x00, 0x00, 0x00, 0x00, 0x00,
    0x00, 0x00, 0x00, 0x00, 0x00, 0x00, 0x00, 0x00, 0x00, 0x00, 0x00, 0x00, 0x00, 0x00, 0x00, 0x00,
    0x00, 0x00, 0x00, 0x00, 0x00, 0x00, 0x00, 0x00, 0x00, 0x00, 0x00, 0x00, 0x00, 0x00, 0x00, 0x00,
    0x00, 0x00, 0x00, 0x00, 0x00, 0x00, 0x00, 0x00, 0x00, 0x00, 0x00, 0x00, 0x00, 0x00, 0x00, 0x00,
    0x00, 0x00, 0x00, 0x00, 0x00, 0x00, 0x00, 0x00, 0x00, 0x00, 0x00, 0x00, 0x00, 0x00, 0x00, 0x00,
    0x00, 0x00, 0x00, 0x00, 0x00, 0x00, 0x00, 0x00, 0x00, 0x00, 0x00, 0x00, 0x00, 0x00, 0x00, 0x00,
    0x00, 0x00, 0x00, 0x00, 0x00, 0x00, 0x00, 0x00, 0x00, 0x00, 0x00, 0x00, 0x00, 0x00, 0x00, 0x00,
    0x00, 0x00, 0x00, 0x00, 0x00, 0x00, 0x00, 0x00, 0x00, 0x00, 0x00, 0x00, 0x00, 0x00, 0x00, 0x00,
    0x00, 0x00, 0x00, 0x00, 0x00, 0x00, 0x00, 0x00, 0x00, 0x00, 0x00, 0x00, 0x00, 0x00, 0x00, 0x00,
    0x00, 0x00, 0x00, 0x00, 0x00, 0x00, 0x00, 0x00, 0x00, 0x00, 0x00, 0x00, 0x00, 0x00, 0x00, 0x00,
    0x00, 0x00, 0x00, 0x00, 0x00, 0x00, 0x00, 0x00, 0x00, 0x00, 0x00, 0x00, 0x00, 0x00, 0x00, 0x00,
    0x00, 0x00, 0x00, 0x00, 0x00, 0x00, 0x00, 0x00, 0x00, 0x00, 0x00, 0x00, 0x00, 0x00, 0x00, 0x00,
    0x00, 0x00, 0x00, 0x00, 0x00, 0x00, 0x00, 0x00, 0x00, 0x00, 0x00, 0x00, 0x00, 0x00, 0x00, 0x00,
    0xe7, 0xd6, 0xd6, 0xd6, 0xf5, 0x4a, 0x55, 0x4a, 0xa5, 0xcc, 0xdb, 0xdb, 0xbf, 0x7a, 0x9b, 0xa1,
    0x13, 0x13, 0x13, 0x45, 0x45, 0xe7, 0xee, 0xf1, 0xee, 0xf2, 0xfa, 0xf5, 0xf1, 0xfc, 0xfd, 0xfe,
    0x00, 0x00, 0x00, 0x00, 0x00, 0x00, 0x00, 0x00, 0x00, 0x00, 0x00, 0x00, 0x00, 0x00, 0x00, 0x00,
    0x00, 0x00, 0x00, 0x00, 0x00, 0x00, 0x00, 0x00, 0x00, 0x00, 0x00, 0x00, 0x00, 0x00, 0x00, 0x00,
    0x00, 0x00, 0x00, 0x00, 0x00, 0x00, 0x00, 0x00, 0x00, 0x00, 0x00, 0x00, 0x00, 0x00, 0x00, 0x00,
    0x00, 0x00, 0x00, 0x00, 0x00, 0x00, 0x00, 0x00, 0x00, 0x00, 0x00, 0x00, 0x00, 0x00, 0x00, 0x00,
    0x00, 0x00, 0x00, 0x00, 0x00, 0x00, 0x00, 0x00, 0x00, 0x00, 0x00, 0x00, 0x00, 0x00, 0x00, 0x00,
    0x00, 0x00, 0x00, 0x00, 0x00, 0x00, 0x00, 0x00, 0x00, 0x00, 0x00, 0x00, 0x00, 0x00, 0x00, 0x00,
    0x00, 0x00, 0x00, 0x00, 0x00, 0x00, 0x00, 0x00, 0x00, 0x00, 0x00, 0x00, 0x00, 0x00, 0x00, 0x00,
    0x00, 0x00, 0x00, 0x00, 0x00, 0x00, 0x00, 0x00, 0x00, 0x00, 0x00, 0x00, 0x00, 0x00, 0x00, 0x00,
    0x00, 0x00, 0x00, 0x00, 0x00, 0x00, 0x00, 0x00, 0x00, 0x00, 0x00, 0x00, 0x00, 0x00, 0x00, 0x00,
    0x00, 0x00, 0x00, 0x00, 0x00, 0x00, 0x00, 0x00, 0x00, 0x00, 0x00, 0x00, 0x00, 0x00, 0x00, 0x00,
    0x00, 0x00, 0x00, 0x00, 0x00, 0x00, 0x00, 0x00, 0x00, 0x00, 0x00, 0x00, 0x00, 0x00, 0x00, 0x00,
    0x00, 0x00, 0x00, 0x00, 0x00, 0x00, 0x00, 0x00, 0x00, 0x00, 0x00, 0x00, 0x00, 0x00, 0x00, 0x00,
    0x00, 0x00, 0x00, 0x00, 0x00, 0x00, 0x00, 0x00, 0x00, 0x00, 0x00, 0x00, 0x00, 0x00, 0x00, 0x00,
    0x00, 0x00, 0x00, 0x00, 0x00, 0x00, 0x00, 0x00, 0x00, 0x00, 0x00, 0x00, 0x00, 0x00, 0x00, 0x00,
    0xe7, 0xcc, 0xdb, 0xd6, 0xb2, 0x55, 0x4a, 0x7a, 0xbf, 0xd6, 0xcc, 0xd6, 0x8e, 0x74, 0x9b, 0xa5,
    0x1b, 0x1b, 0x13, 0x3f, 0xe7, 0xee, 0xf5, 0xf1, 0xee, 0xf0, 0xf6, 0xee, 0xfb, 0xfd, 0xfe, 0xfe,
    0x00, 0x00, 0x00, 0x00, 0x00, 0x00, 0x00, 0x00, 0x00, 0x00, 0x00, 0x00, 0x00, 0x00, 0x00, 0x00,
    0x00, 0x00, 0x00, 0x00, 0x00, 0x00, 0x00, 0x00, 0x00, 0x00, 0x00, 0x00, 0x00, 0x00, 0x00, 0x00,
    0x00, 0x00, 0x00, 0x00, 0x00, 0x00, 0x00, 0x00, 0x00, 0x00, 0x00, 0x00, 0x00, 0x00, 0x00, 0x00,
    0x00, 0x00, 0x00, 0x00, 0x00, 0x00, 0x00, 0x00, 0x00, 0x00, 0x00, 0x00, 0x00, 0x00, 0x00, 0x00,
    0x00, 0x00, 0x00, 0x00, 0x00, 0x00, 0x00, 0x00, 0x00, 0x00, 0x00, 0x00, 0x00, 0x00, 0x00, 0x00,
    0x00, 0x00, 0x00, 0x00, 0x00, 0x00, 0x00, 0x00, 0x00, 0x00, 0x00, 0x00, 0x00, 0x00, 0x00, 0x00,
    0x00, 0x00, 0x00, 0x00, 0x00, 0x00, 0x00, 0x00, 0x00, 0x00, 0x00, 0x00, 0x00, 0x00, 0x00, 0x00,
    0x00, 0x00, 0x00, 0x00, 0x00, 0x00, 0x00, 0x00, 0x00, 0x00, 0x00, 0x00, 0x00, 0x00, 0x00, 0x00,
    0x00, 0x00, 0x00, 0x00, 0x00, 0x00, 0x00, 0x00, 0x00, 0x00, 0x00, 0x00, 0x00, 0x00, 0x00, 0x00,
    0x00, 0x00, 0x00, 0x00, 0x00, 0x00, 0x00, 0x00, 0x00, 0x00, 0x00, 0x00, 0x00, 0x00, 0x00, 0x00,
    0x00, 0x00, 0x00, 0x00, 0x00, 0x00, 0x00, 0x00, 0x00, 0x00, 0x00, 0x00, 0x00, 0x00, 0x00, 0x00,
    0x00, 0x00, 0x00, 0x00, 0x00, 0x00, 0x00, 0x00, 0x00, 0x00, 0x00, 0x00, 0x00, 0x00, 0x00, 0x00,
    0x00, 0x00, 0x00, 0x00, 0x00, 0x00, 0x00, 0x00, 0x00, 0x00, 0x00, 0x00, 0x00, 0x00, 0x00, 0x00,
    0x00, 0x00, 0x00, 0x00, 0x00, 0x00, 0x00, 0x00, 0x00, 0x00, 0x00, 0x00, 0x00, 0x00, 0x00, 0x00,
    0xf1, 0xee, 0xd6, 0xd6, 0x74, 0x55, 0x74, 0x9b, 0xb2, 0xc6, 0xd6, 0xcc, 0xa1, 0x81, 0x8a, 0x9b,
    0x25, 0x13, 0x04, 0xdb, 0xf1, 0xf1, 0xee, 0xf0, 0xf2, 0xee, 0xe4, 0xf5, 0xfd, 0xfe, 0xfe, 0xfe,
    0x00, 0x00, 0x00, 0x00, 0x00, 0x00, 0x00, 0x00, 0x00, 0x00, 0x00, 0x00, 0x00, 0x00, 0x00, 0x00,
    0x00, 0x00, 0x00, 0x00, 0x00, 0x00, 0x00, 0x00, 0x00, 0x00, 0x00, 0x00, 0x00, 0x00, 0x00, 0x00,
    0x00, 0x00, 0x00, 0x00, 0x00, 0x00, 0x00, 0x00, 0x00, 0x00, 0x00, 0x00, 0x00, 0x00, 0x00, 0x00,
    0x00, 0x00, 0x00, 0x00, 0x00, 0x00, 0x00, 0x00, 0x00, 0x00, 0x00, 0x00, 0x00, 0x00, 0x00, 0x00,
    0x00, 0x00, 0x00, 0x00, 0x00, 0x00, 0x00, 0x00, 0x00, 0x00, 0x00, 0x00, 0x00, 0x00, 0x00, 0x00,
    0x00, 0x00, 0x00, 0x00, 0x00, 0x00, 0x00, 0x00, 0x00, 0x00, 0x00, 0x00, 0x00, 0x00, 0x00, 0x00,
    0x00, 0x00, 0x00, 0x00, 0x00, 0x00, 0x00, 0x00, 0x00, 0x00, 0x00, 0x00, 0x00, 0x00, 0x00, 0x00,
    0x00, 0x00, 0x00, 0x00, 0x00, 0x00, 0x00, 0x00, 0x00, 0x00, 0x00, 0x00, 0x00, 0x00, 0x00, 0x00,
    0x00, 0x00, 0x00, 0x00, 0x00, 0x00, 0x00, 0x00, 0x00, 0x00, 0x00, 0x00, 0x00, 0x00, 0x00, 0x00,
    0x00, 0x00, 0x00, 0x00, 0x00, 0x00, 0x00, 0x00, 0x00, 0x00, 0x00, 0x00, 0x00, 0x00, 0x00, 0x00,
    0x00, 0x00, 0x00, 0x00, 0x00, 0x00, 0x00, 0x00, 0x00, 0x00, 0x00, 0x00, 0x00, 0x00, 0x00, 0x00,
    0x00, 0x00, 0x00, 0x00, 0x00, 0x00, 0x00, 0x00, 0x00, 0x00, 0x00, 0x00, 0x00, 0x00, 0x00, 0x00,
    0x00, 0x00, 0x00, 0x00, 0x00, 0x00, 0x00, 0x00, 0x00, 0x00, 0x00, 0x00, 0x00, 0x00, 0x00, 0x00,
    0x00, 0x00, 0x00, 0x00, 0x00, 0x00, 0x00, 0x00, 0x00, 0x00, 0x00, 0x00, 0x00, 0x00, 0x00, 0x00,
    0xf5, 0xe0, 0xcc, 0xa1, 0x45, 0x45, 0x74, 0x9b, 0xa5, 0xc6, 0xd8, 0xb9, 0x9b, 0x8e, 0x8a, 0x9b,
    0x45, 0x1b, 0xdb, 0xe7, 0xee, 0xf5, 0xf2, 0xf6, 0xe4, 0xdb, 0xee, 0xfb, 0xfe, 0xfe, 0xfe, 0xfe,
    0x00, 0x00, 0x00, 0x00, 0x00, 0x00, 0x00, 0x00, 0x00, 0x00, 0x00, 0x00, 0x00, 0x00, 0x00, 0x00,
    0x00, 0x00, 0x00, 0x00, 0x00, 0x00, 0x00, 0x00, 0x00, 0x00, 0x00, 0x00, 0x00, 0x00, 0x00, 0x00,
    0x00, 0x00, 0x00, 0x00, 0x00, 0x00, 0x00, 0x00, 0x00, 0x00, 0x00, 0x00, 0x00, 0x00, 0x00, 0x00,
    0x00, 0x00, 0x00, 0x00, 0x00, 0x00, 0x00, 0x00, 0x00, 0x00, 0x00, 0x00, 0x00, 0x00, 0x00, 0x00,
    0x00, 0x00, 0x00, 0x00, 0x00, 0x00, 0x00, 0x00, 0x00, 0x00, 0x00, 0x00, 0x00, 0x00, 0x00, 0x00,
    0x00, 0x00, 0x00, 0x00, 0x00, 0x00, 0x00, 0x00, 0x00, 0x00, 0x00, 0x00, 0x00, 0x00, 0x00, 0x00,
    0x00, 0x00, 0x00, 0x00, 0x00, 0x00, 0x00, 0x00, 0x00, 0x00, 0x00, 0x00, 0x00, 0x00, 0x00, 0x00,
    0x00, 0x00, 0x00, 0x00, 0x00, 0x00, 0x00, 0x00, 0x00, 0x00, 0x00, 0x00, 0x00, 0x00, 0x00, 0x00,
    0x00, 0x00, 0x00, 0x00, 0x00, 0x00, 0x00, 0x00, 0x00, 0x00, 0x00, 0x00, 0x00, 0x00, 0x00, 0x00,
    0x00, 0x00, 0x00, 0x00, 0x00, 0x00, 0x00, 0x00, 0x00, 0x00, 0x00, 0x00, 0x00, 0x00, 0x00, 0x00,
    0x00, 0x00, 0x00, 0x00, 0x00, 0x00, 0x00, 0x00, 0x00, 0x00, 0x00, 0x00, 0x00, 0x00, 0x00, 0x00,
    0x00, 0x00, 0x00, 0x00, 0x00, 0x00, 0x00, 0x00, 0x00, 0x00, 0x00, 0x00, 0x00, 0x00, 0x00, 0x00,
    0x00, 0x00, 0x00, 0x00, 0x00, 0x00, 0x00, 0x00, 0x00, 0x00, 0x00, 0x00, 0x00, 0x00, 0x00, 0x00,
    0x00, 0x00, 0x00, 0x00, 0x00, 0x00, 0x00, 0x00, 0x00, 0x00, 0x00, 0x00, 0x00, 0x00, 0x00, 0x00,
    0xf6, 0xd6, 0xc3, 0x74, 0x55, 0x6a, 0x81, 0xa1, 0xbf, 0xc6, 0xd8, 0xa5, 0x8e, 0x81, 0x8a, 0x9b,
    0x45, 0xdb, 0xe0, 0xee, 0xee, 0xf1, 0xf6, 0xea, 0xce, 0xd8, 0xf6, 0xfe, 0xfe, 0xfe, 0xfe, 0xfe,
    0x00, 0x00, 0x00, 0x00, 0x00, 0x00, 0x00, 0x00, 0x00, 0x00, 0x00, 0x00, 0x00, 0x00, 0x00, 0x00,
    0x00, 0x00, 0x00, 0x00, 0x00, 0x00, 0x00, 0x00, 0x00, 0x00, 0x00, 0x00, 0x00, 0x00, 0x00, 0x00,
    0x00, 0x00, 0x00, 0x00, 0x00, 0x00, 0x00, 0x00, 0x00, 0x00, 0x00, 0x00, 0x00, 0x00, 0x00, 0x00,
    0x00, 0x00, 0x00, 0x00, 0x00, 0x00, 0x00, 0x00, 0x00, 0x00, 0x00, 0x00, 0x00, 0x00, 0x00, 0x00,
    0x00, 0x00, 0x00, 0x00, 0x00, 0x00, 0x00, 0x00, 0x00, 0x00, 0x00, 0x00, 0x00, 0x00, 0x00, 0x00,
    0x00, 0x00, 0x00, 0x00, 0x00, 0x00, 0x00, 0x00, 0x00, 0x00, 0x00, 0x00, 0x00, 0x00, 0x00, 0x00,
    0x00, 0x00, 0x00, 0x00, 0x00, 0x00, 0x00, 0x00, 0x00, 0x00, 0x00, 0x00, 0x00, 0x00, 0x00, 0x00,
    0x00, 0x00, 0x00, 0x00, 0x00, 0x00, 0x00, 0x00, 0x00, 0x00, 0x00, 0x00, 0x00, 0x00, 0x00, 0x00,
    0x00, 0x00, 0x00, 0x00, 0x00, 0x00, 0x00, 0x00, 0x00, 0x00, 0x00, 0x00, 0x00, 0x00, 0x00, 0x00,
    0x00, 0x00, 0x00, 0x00, 0x00, 0x00, 0x00, 0x00, 0x00, 0x00, 0x00, 0x00, 0x00, 0x00, 0x00, 0x00,
    0x00, 0x00, 0x00, 0x00, 0x00, 0x00, 0x00, 0x00, 0x00, 0x00, 0x00, 0x00, 0x00, 0x00, 0x00, 0x00,
    0x00, 0x00, 0x00, 0x00, 0x00, 0x00, 0x00, 0x00, 0x00, 0x00, 0x00, 0x00, 0x00, 0x00, 0x00, 0x00,
    0x00, 0x00, 0x00, 0x00, 0x00, 0x00, 0x00, 0x00, 0x00, 0x00, 0x00, 0x00, 0x00, 0x00, 0x00, 0x00,
    0x00, 0x00, 0x00, 0x00, 0x00, 0x00, 0x00, 0x00, 0x00, 0x00, 0x00, 0x00, 0x00, 0x00, 0x00, 0x00,
    0x22, 0x00, 0x22, 0x04, 0x22, 0x04, 0x22, 0x0c, 0x22, 0x08, 0x22, 0x08, 0x22, 0x0c, 0x28, 0x34,
    0x22, 0x08, 0x42, 0x14, 0x23, 0x04, 0x27, 0x30, 0x26, 0x18, 0x13, 0x00, 0x22, 0x4c, 0x62, 0x0c,
    0x2a, 0x3c, 0x2b, 0x44, 0x27, 0x1c, 0x22, 0x0c, 0x13, 0x14, 0x22, 0x14, 0x15, 0x08, 0x82, 0x10,
    0x22, 0x54, 0x22, 0x0c, 0xc2, 0x20, 0x22, 0x10, 0x22, 0x1c, 0x27, 0x10, 0x28, 0x10, 0x36, 0x1c,
    0x22, 0x18, 0xa2, 0x14, 0x82, 0x18, 0x34, 0x18, 0x27, 0x04, 0x23, 0x10, 0x82, 0x10, 0x22, 0x1c,
    0x82, 0x1c, 0x22, 0x21, 0x62, 0x10, 0x44, 0x1c, 0x44, 0x00, 0x63, 0x10, 0x28, 0x08, 0x26, 0x10,
    0x22, 0x5c, 0x22, 0x60, 0x22, 0x21, 0x76, 0x18, 0x45, 0x14, 0xc2, 0x1c, 0x02, 0x1d, 0x29, 0x08,
    0x22, 0x19, 0x64, 0x20, 0x64, 0x14, 0x83, 0x14, 0x47, 0x14, 0xc2, 0x14, 0x42, 0x19, 0x65, 0x10,
    0x42, 0x21, 0x85, 0x28, 0xe3, 0x1c, 0x68, 0x18, 0x66, 0x1c, 0x85, 0x14, 0x82, 0x25, 0x67, 0x14,
    0xb7, 0x20, 0x6a, 0x04, 0xa7, 0x10, 0x83, 0x25, 0xe2, 0x14, 0xe2, 0x70, 0x6a, 0x10, 0x42, 0x64,
    0xc5, 0x04, 0xc4, 0x14, 0x22, 0x1d, 0x89, 0x18, 0x86, 0x20, 0xa8, 0x14, 0xa6, 0x2c, 0x42, 0x19,
    0xa3, 0x1d, 0xa6, 0x28, 0x23, 0x36, 0x88, 0x1c, 0xc3, 0x29, 0x02, 0x15, 0xa7, 0x14, 0x6b, 0x14,
    0xc6, 0x14, 0xc7, 0x04, 0x11, 0x1d, 0xbb, 0x20, 0xaa, 0x18, 0x43, 0x1d, 0xa9, 0x20, 0x83, 0x29,
    0xa7, 0x2c, 0x05, 0x15, 0xc9, 0x10, 0x64, 0x1d, 0x42, 0x19, 0xc8, 0x20, 0x82, 0x64, 0xe4, 0x29,
    0x63, 0x1d, 0x23, 0x1d, 0xab, 0x1c, 0x85, 0x25, 0xe9, 0x1c, 0xe7, 0x2c, 0x44, 0x21, 0x38, 0x1d,
    0x08, 0x15, 0x64, 0x29, 0xc9, 0x28, 0xe8, 0x34, 0xcb, 0x18, 0x62, 0x15, 0xe2, 0x68, 0xad, 0x1c,
    0x09, 0x11, 0xcb, 0x28, 0x46, 0x09, 0x44, 0x1d, 0x09, 0x1d, 0xcd, 0x14, 0xe9, 0x2c, 0x09, 0x39,
    0xeb, 0x18, 0xcd, 0x1c, 0xea, 0x28, 0x83, 0x15, 0xee, 0x14, 0x42, 0x71, 0xea, 0x28, 0x0b, 0x15,
    0x24, 0x3a, 0x48, 0x21, 0xee, 0x20, 0x0b, 0x25, 0x0a, 0x39, 0x22, 0x72, 0x0e, 0x29, 0x0a, 0x35,
    0x4b, 0x15, 0xa5, 0x25, 0x2d, 0x1d, 0x0b, 0x31, 0xef, 0x20, 0xa3, 0x1d, 0x2b, 0x21, 0x86, 0x21,
    0x4c, 0x19, 0x2b, 0x35, 0x4a, 0x41, 0x2f, 0x25, 0xe4, 0x21, 0x2c, 0x35, 0x11, 0x15, 0xa7, 0x25,
    0x4c, 0x25, 0xa5, 0x39, 0x2e, 0x29, 0x32, 0x15, 0x4d, 0x21, 0x4c, 0x45, 0x31, 0x29, 0x32, 0x21,
    0xe7, 0x29, 0x8e, 0x15, 0x4c, 0x3d, 0x6d, 0x25, 0xc8, 0x1d, 0x6c, 0x45, 0x4d, 0x3d, 0x70, 0x31,
    0x51, 0x25, 0x6d, 0x41, 0x6d, 0x4d, 0x90, 0x2d, 0x8e, 0x29, 0x09, 0x22, 0x90, 0x21, 0x8f, 0x41,
    0x70, 0x35, 0x88, 0x72, 0xb0, 0x2d, 0x8e, 0x4d, 0x72, 0x2d, 0xb0, 0x25, 0x8f, 0x45, 0x91, 0x35,
    0x8f, 0x51, 0x73, 0x35, 0xb1, 0x21, 0xd0, 0x29, 0xcf, 0x51, 0x57, 0x11, 0xb1, 0x45, 0x94, 0x35,
    0x49, 0x3a, 0xb3, 0x35, 0x2c, 0x2e, 0xf0, 0x2d, 0xd3, 0x29, 0xd2, 0x31, 0xf0, 0x51, 0xd3, 0x39,
    0xf1, 0x4d, 0x12, 0x32, 0xd6, 0x35, 0xf1, 0x59, 0x14, 0x36, 0xf2, 0x51, 0x35, 0x22, 0xd8, 0x21,
    0x12, 0x5e, 0x33, 0x3e, 0xf6, 0x39, 0x35, 0x3a, 0x33, 0x62, 0x55, 0x42, 0x17, 0x42, 0x53, 0x62,
    0x38, 0x26, 0x53, 0x62, 0x55, 0x5a, 0x56, 0x46, 0x56, 0x52, 0x54, 0x6a, 0x74, 0x6a, 0x76, 0x46,
    0x75, 0x66, 0x95, 0x6e, 0x96, 0x66, 0xb8, 0x4e, 0x97, 0x6e, 0xb6, 0x6e, 0xb8, 0x66, 0xb7, 0x6e,
    0xd5, 0x6e, 0xd8, 0x6a, 0xd8, 0x6e, 0xd8, 0x6e, 0xf8, 0x6e, 0x18, 0x6f, 0x18, 0x6f, 0x18, 0x6f,
};

static void* unkfunc_02122e84()
{
    return (void*)s_texture_02138e34;
}

static void* unkfunc_02122e90()
{
    return (void*)s_texture_0212dbc4;
}

ARM fld::FieldData::FieldData()
{
}

ARM fld::FieldData::~FieldData()
{
}

ARM void fld::FieldData::setup(int map, int ch)
{
    frame_ = 0;
    setupBlock(map);
    setupSymbol();
    setKanban();
    unk_20d4 = 0;
    unk_20d8 = 0;
    position_.vx.value = 0;
    position_.vy.value = 0;
    if (ch != 0) {
        m_cell_map.worldChange(ch - 1);
    }
    offset_ = 0;
    unk_2104 = -14;
    unk_210c = 14;
    unk_2108 = -12;
    unk_2110 = 6;
}

ARM void fld::FieldData::setupBlock(int map)
{
    char path[0x80];
    switch (map) {
    case 0:
        dataObject_.setup("data/field/bin/worldmap.bin", 0, 0);
        unk_1c24.setup(unkfunc_02122e84());
        break;
    case 1:
        dataObject_.setup("data/field/bin/gotmap.bin", 0, 0);
        unk_1c24.setup(unkfunc_02122e84());
        break;
    case 2:
        dataObject_.setup("data/field/bin/yamimap.bin", 0, 0);
        unk_1c24.setup(unkfunc_02122e90());
        break;
    }
    m_cell_map.setup(dataObject_.getAddr());
    unk_1cc4.setup_symbol(m_cell_map.m_symbol_chunk);
    void* texture = unk_1c24.getAddr();
    func_02086798(texture, 1);
    dss::memcpy(&unk_1c38, texture, sizeof(TextureObject));
    unk_1c34 = &unk_1c38;
    dss::memcpy(unk_1ed4, (void*)func_02086aac(unk_1c34), unk_1c34->unkfunc_02086ab4());
    unk_1c24.cleanup();
    switch (map) {
    case 0:
    case 1:
        dss::sprintf_s(path, sizeof(path), "data/field/texture/pattern8.pack");
        unk_0000.setup(path, 0, 0);
        dss::sprintf_s(path, sizeof(path), "data/field/texture/pattern24.pack");
        unk_0010.setup(path, 0, 0);
        break;
    case 2:
        dss::sprintf_s(path, sizeof(path), "data/field/texture/ypattern8.pack");
        unk_0000.setup(path, 0, 0);
        dss::sprintf_s(path, sizeof(path), "data/field/texture/ypattern24.pack");
        unk_0010.setup(path, 0, 0);
        break;
    }
    unk_1ccc = data_0211e450.unkfunc_0208627c(func_0207f8cc(unk_0000.getAddr(), 0));
    unk_1cd0 = data_0211e450.unkfunc_0208627c(func_0207f8cc(unk_0010.getAddr(), 0));
}

ARM void fld::FieldData::setupSymbol()
{
    char path[0x80];
    dss::sprintf_s(path, sizeof(path), "data/field/symbol/symbol.pack");
    unk_0020.setup(path, 0, 0);
    for (int i = 0; i < SYMBOL_TEXTURE_NUM; i++) {
        unk_0030[i] = (TextureObject*)func_0207f8dc(unk_0020.getAddr(), i);
        func_02086798(unk_0030[i], 1);
    }
    for (int i = 0; i < SYMBOL_NUM_MAX; i++) {
        if (i < unk_1cc4.m_symbol_num) {
            WorldSymbolData* data = &unk_1cc4.m_symbol_data[i];
            m_symbol[i].texture_ = unk_0030[data->id];
            m_symbol[i].unkfunc_0208456c(data->w, data->h);
            m_symbol[i].unkfunc_02084578(0, 0, data->w, data->h);
            m_symbol[i].unk_2c = 1;
            m_symbol[i].unk_28 = 1;
        } else {
            m_symbol[i].unkfunc_02084534(0x100, 0xc0);
            m_symbol[i].unkfunc_0208456c(8, 8);
            m_symbol[i].unkfunc_02084578(0, 0, 8, 8);
            m_symbol[i].unk_2c = 1;
            m_symbol[i].texture_ = unk_0030[0];
            m_symbol[i].unk_28 = 1;
        }
    }
}

ARM void fld::FieldData::cleanup()
{
    data_0211e450.unkfunc_020862a0(unk_1ccc);
    data_0211e450.unkfunc_020862a0(unk_1cd0);
    unk_0000.cleanup();
    unk_0010.cleanup();
    for (int i = 0; i < SYMBOL_TEXTURE_NUM; i++) {
        func_02086868(unk_0030[i]);
    }
    unk_0020.cleanup();
    func_02086868(&unk_1c38);
    dataObject_.cleanup();
}

ARM void fld::FieldData::setPlayerCamera()
{
    G3_Viewport(0, 0, 255, 191);
    int x = position_.vx.value / FX32_ONE;
    int y = position_.vy.value / FX32_ONE;
    func_020657d4(y << 12, (y << 12) + (192 << 12), x << 12, (x << 12) + (256 << 12), -(1024 << 12), 1024 << 12, 1024 << 12, 1, NULL);
    G3_StoreMtx(0);
    G3_MtxMode(1);
    VecFx32 camPos = { 0, 0, 0 };
    VecFx32 camUp = { 0, FX32_ONE, 0 };
    VecFx32 target = { 0, 0, -FX32_ONE };
    func_02065a98(&camPos, &camUp, &target, 1, NULL);
    G3_MaterialColorDiffAmb(0x7fff, 0x4210, 1);
    G3_MaterialColorSpecEmi(0x4210, 0, 0);
    G3_PolygonAttr(0, 0, 0xc0, 0, 31, 0);
}

ARM void fld::FieldData::setFieldCamera()
{
    G3_Viewport(0, 0, 255, 191);
    int left = -offset_;
    int top = -offset_;
    int right = offset_ + 256;
    int bottom = offset_ + 192;
    int x = position_.vx.value / FX32_ONE;
    int y = position_.vy.value / FX32_ONE;
    func_020657d4((top + y) << 12, (bottom + y) << 12, (left + x) << 12, (right + x) << 12, -(1024 << 12), 1024 << 12, 1024 << 12, 1, NULL);
    G3_StoreMtx(0);
    G3_MtxMode(1);
    VecFx32 camPos = { 0, 0, 0 };
    VecFx32 camUp = { 0, FX32_ONE, 0 };
    VecFx32 target = { 0, 0, -FX32_ONE };
    func_02065a98(&camPos, &camUp, &target, 1, NULL);
    G3_MaterialColorDiffAmb(0x7fff, 0x4210, 1);
    G3_MaterialColorSpecEmi(0x4210, 0, 0);
    G3_PolygonAttr(0, 0, 0xc0, 0, 31, 0);
}

ARM void fld::FieldData::drawBlock()
{
    unsigned short Edgex = m_cell_map.m_size[2] * m_cell_map.m_size[0];
    unsigned short Edgey = m_cell_map.m_size[3] * m_cell_map.m_size[1];
    G3_PushMtx();
    func_02086abc(unk_1c34);
    func_02086b3c(unk_1c34);
    int address = 0;
    int x = baseBlock_.vx - 4;
    int y = baseBlock_.vy - 4;
    do {
        do {
            int nx = x;
            int ny = y;
            int px = x << 4;
            if (x >= Edgex) {
                nx = x - Edgex;
            } else if (x < 0) {
                nx = x + Edgex;
            }
            if (y >= Edgey) {
                ny -= Edgey;
            } else if (y < 0) {
                ny += Edgey;
            }
            int num = m_cell_map.getWorldNo(nx, ny);
            CNK_TEX* data = &m_cell_map.m_tex[num];
            unsigned short no;
            if (data->aflag == 0) {
                address = unk_1c34->unkfunc_02086a94();
                no = data->no;
            } else {
                if (data->aflag == 8) {
                    address = data_0211e450.unkfunc_020862bc(unk_1ccc);
                } else if (data->aflag == 24) {
                    address = data_0211e450.unkfunc_020862bc(unk_1cd0);
                }
                no = data->ano;
            }
            G3_TexImageParam(unk_1c34->unk_20, 1, unk_1c34->unk_24, unk_1c34->unk_28, 0, 0, 1, address);
            G3_PolygonAttr(0, 0, 0xc0, 0, 31, 0);
            draw2DField(px, y << 4, (no & 0xf) * 16, (no / 16) * 16);
            x++;
        } while (x - baseBlock_.vx <= 20);
        y++;
        x = baseBlock_.vx - 4;
    } while (y - baseBlock_.vy <= 16);
    G3_PopMtx(1);
}

ARM void fld::FieldData::draw2DField(int x, int y, int u, int v)
{
    G3_Identity();
    G3_Translate(ofsBlock_.vx.value + ((short)x << 12), ofsBlock_.vy.value + ((short)y << 12), -(1024 << 12));
    G3_Scale(16 << 12, 16 << 12, FX32_ONE);
    G3_Begin(1);
    G3_TexCoord((short)u << 12, (short)(v + 15) << 12);
    G3_Vtx(0, 0x1000, 0);
    G3_TexCoord((short)(u + 15) << 12, (short)(v + 15) << 12);
    G3_Vtx(0x1000, 0x1000, 0);
    G3_TexCoord((short)(u + 15) << 12, (short)v << 12);
    G3_Vtx(0x1000, 0, 0);
    G3_TexCoord((short)u << 12, (short)v << 12);
    G3_Vtx(0, 0, 0);
    G3_End();
}

ARM void fld::FieldData::drawSymbol()
{
    for (int i = 0; i < unk_1cc4.m_symbol_num; i++) {
        WorldSymbolData* data = &unk_1cc4.m_symbol_data[i];
        int y = data->y - data->h;
        int margin = offset_ + 0x40;
        if (data->x - data->w / 2 >= position_.vx.value / FX32_ONE - margin && data->x - data->w / 2 < offset_ + (position_.vx.value / FX32_ONE + 0x100)) {
            if (data->y - data->h >= position_.vy.value / FX32_ONE - margin && data->y - data->h < offset_ + (position_.vy.value / FX32_ONE + 0xc0)) {
                int x = data->x - data->w / 2;
                dss::Fix32 fx;
                dss::Fix32 fy;
                fx.value = ofsBlock_.vx.value + (x << 12);
                fy.value = ofsBlock_.vy.value + (y << 12);
                if (data->id == 0x13) {
                    setKekaiSymbol(i, data->x, data->y, data->w, data->h);
                } else {
                    m_symbol[i].unkfunc_02084548(fx, fy);
                    m_symbol[i].draw();
                }
            }
        }
    }
}

ARM void fld::FieldData::nextAnimation()
{
    void* data = func_0207f8dc(unk_0000.getAddr(), unk_20d4);
    if (data != NULL) {
        data_0211e450.unkfunc_02086378(0, data, data_0211e450.unkfunc_020862bc(unk_1ccc), data_0211e450.unkfunc_020862c8(unk_1ccc), 0);
    }
    data = func_0207f8dc(unk_0010.getAddr(), unk_20d8);
    if (data != NULL) {
        data_0211e450.unkfunc_02086378(0, data, data_0211e450.unkfunc_020862bc(unk_1cd0), data_0211e450.unkfunc_020862c8(unk_1cd0), 0);
    }
    unk_20d4++;
    if (unk_20d4 >= ANIM_PATTERN8) {
        unk_20d4 = 0;
    }
    unk_20d8++;
    if (unk_20d8 >= ANIM_PATTERN24) {
        unk_20d8 = 0;
    }
}

ARM void fld::FieldData::draw()
{
    if (func_02081254() & 1) {
        setFieldCamera();
        drawSymbol();
        drawBlock();
        if (pause_ == 0) {
            if ((frame_ & 0xf) == 0) {
                nextAnimation();
            }
            frame_++;
        }
    }
}

ARM void fld::FieldData::setPosition(dss::Fix32Vector3& pos)
{
    position_ = pos;
    baseBlock_.vx = position_.vx.value / 16 / FX32_ONE;
    baseBlock_.vy = position_.vy.value / 16 / FX32_ONE;
    ofsBlock_.vx.value = position_.vx.value % FX32_ONE;
    ofsBlock_.vy.value = position_.vy.value % FX32_ONE;
}

ARM bool fld::FieldData::isEnable(int bx, int by)
{
    for (int i = 0; i < SYMBOL_NUM_MAX; i++) {
        WorldSymbolData* pSymbolData = &unk_1cc4.m_symbol_data[i];
        if (pSymbolData->id == 1 && cmn::g_extraMapLink.checkEraseSymbolNo(pSymbolData->uid) != 1) {
            int tx = (pSymbolData->x - pSymbolData->w / 2) / 16 + 1;
            int ty = (pSymbolData->y - pSymbolData->h / 2) / 16 - 1;
            if ((tx == bx && ty == by) || (tx == bx && ty + 1 == by)) {
                return false;
            }
        }
    }
    int attr = m_cell_map.getAttr(bx, by);
    if (attr == 8) {
        return false;
    }
    if (attr == 6) {
        return false;
    }
    if (attr == 9) {
        return false;
    }
    if (attr == 7) {
        unsigned int num = m_cell_map.getWorldNo(bx, by);
        CNK_TEX* data = &m_cell_map.m_tex[num];
        if (data->aflag != 0) {
            num = data->ano;
        }
        if (g_Global.getFieldType() == 2) {
            return num < 0x22;
        }
        if (num < 3) {
            return false;
        }
        return num < 0x28;
    }
    for (int i = 0; i < kanbanCount_; i++) {
        if (bx == kanbanPos_[i].vx / 16 && by == kanbanPos_[i].vy / 16) {
            return false;
        }
    }
    return true;
}

ARM int fld::FieldData::getAttr(int bx, int by)
{
    int attr = m_cell_map.getAttr(bx, by);
    if (attr == 7) {
        unsigned int num = m_cell_map.getWorldNo(bx, by);
        CNK_TEX* data = &m_cell_map.m_tex[num];
        if (data->aflag != 0) {
            num = data->ano;
        }
        if (num < 3) {
            return 9;
        }
        return (num < 0x28) ? 7 : 6;
    }
    return attr;
}

ARM dss::Fix32Vector3 fld::FieldData::getSymbolPosition(int index)
{
    dss::Fix32Vector3 pos;
    for (int i = 0; i < unk_1cc4.m_symbol_num; i++) {
        WorldSymbolData* data = &unk_1cc4.m_symbol_data[i];
        if (data->uid == (index & 0xfff)) {
            pos.vx.value = data->x << 12;
            pos.vy.value = data->y << 12;
            pos.vz.value = 0;
            return pos;
        }
    }
    return pos;
}

ARM int fld::FieldData::getSearchSymbolAttach(dss::Fix32Vector3& pos)
{
    for (int i = 0; i < unk_1cc4.m_symbol_num; i++) {
        WorldSymbolData* data = &unk_1cc4.m_symbol_data[i];
        int dx = pos.vx.value / FX32_ONE - data->x;
        if (dx >= unk_2104 && dx <= unk_210c) {
            int dy = pos.vy.value / FX32_ONE - data->y;
            if (dy >= unk_2108 && dy <= unk_2110) {
                if (cmn::g_extraMapLink.checkEraseSymbolNo(data->uid) == 0) {
                    return data->uid;
                }
            }
        }
    }
    return -1;
}

ARM void fld::FieldData::setKekaiSymbol(int index, int x, int y, int w, int h)
{
    static int counter;
    const int TURN = 120;
    const int unused = 0x1000;   // unreferenced; needed for the .rodata layout
    const int minAlpha = 4;
    const int maxAlpha = 20;
    for (int i = 0; i < g_Stage.maxKekai; i++) {
        dss::Fix32 fx;
        dss::Fix32 fy;
        int sw = w + i * 8;
        int sh = h + i * 8;
        fx.value = ofsBlock_.vx.value + ((x - sw / 2) << 12);
        fy.value = ofsBlock_.vy.value + ((y - sh) << 12);
        m_symbol[index].unkfunc_0208456c(sw, sh);
        m_symbol[index].unkfunc_02084548(fx, fy);
        m_symbol[index].unk_28 = i + 2;
        if (counter < TURN / 2) {
            m_symbol[index].setAlpha((unsigned char)(counter * (maxAlpha - minAlpha) / (TURN / 2) + minAlpha));
        } else {
            m_symbol[index].setAlpha((unsigned char)(maxAlpha - (counter - TURN / 2) * (maxAlpha - minAlpha) / (TURN / 2)));
        }
        m_symbol[index].setPolygonID((unsigned char)(i + 12));
        m_symbol[index].draw();
    }
    counter++;
    if (counter == TURN) {
        counter = 0;
    }
}

ARM void fld::FieldData::setPaletteRate(dss::Fix32Vector3& rate)
{
    dss::memcpy(unk_1cd4, unk_1ed4, unk_1c34->unkfunc_02086ab4());
    func_020857a8(2, rate);
    func_02085840(unk_1cd4, unk_1c34->unkfunc_02086ab4(), rate);
    data_0211e450.unkfunc_02086378(1, unk_1cd4, unk_1c34->unkfunc_02086aa4(), unk_1c34->unkfunc_02086ab4(), 0);
    for (int i = 0; i < SYMBOL_TEXTURE_NUM; i++) {
        MI_CpuCopyU8((void*)func_02086aac(unk_0030[i]), unk_1974[i], unk_0030[i]->unkfunc_02086ab4());
        func_020857a8(2, rate);
        func_02085840(unk_1974[i], unk_0030[i]->unkfunc_02086ab4(), rate);
        data_0211e450.unkfunc_02086378(1, unk_1974[i], unk_0030[i]->unkfunc_02086aa4(), unk_0030[i]->unkfunc_02086ab4(), 0);
    }
}

ARM void fld::FieldData::setKanban()
{
    kanbanCount_ = 0;
    int num = unk_1cc4.m_symbol_num;
    for (int i = 0; i < num; i++) {
        WorldSymbolData* data = &unk_1cc4.m_symbol_data[i];
        if (data->id == 8) {
            kanbanPos_[kanbanCount_].vx = data->x;
            kanbanPos_[kanbanCount_].vy = data->y;
            kanbanId_[kanbanCount_] = data->uid;
            kanbanCount_++;
        }
    }
}

ARM int fld::FieldData::searchKanban(int x, int y, dss::Vector2<dss::Fix32>* pos)
{
    x = x / FX32_ONE / 16;
    y = y / FX32_ONE / 16;
    for (int i = 0; i < kanbanCount_; i++) {
        if (x == kanbanPos_[i].vx / 16 && y == kanbanPos_[i].vy / 16) {
            if (pos != NULL) {
                pos->vx = (kanbanPos_[i].vx << 12) + 0x8000;
                pos->vy = (kanbanPos_[i].vy << 12) + 0x8000;
            }
            return kanbanId_[i];
        }
    }
    return -1;
}

ARM void fld::FieldData::setDispSymbol(int id, int disp)
{
    for (int i = 0; i < SYMBOL_NUM_MAX; i++) {
        int uid = unk_1cc4.m_symbol_data[i].uid;
        if (uid == id) {
            m_symbol[i].enable_ = disp;
        }
    }
}

#include "main/dss/DssVectorDefault.hpp"
