#include "ov003/status/ExcelParamBis.hpp"


extern "C" const unsigned char data_ov003_021326f8[];
extern "C" const unsigned char data_ov003_02131740[];
extern "C" const unsigned char data_ov003_02130e9c[];

// data_ov003_021326f8:
//     .byte 0x00, 0x10, 0x00, 0x00, 0x00, 0x00, 0x47, 0x00, 0xbe, 0x02, 0x1e, 0x00, 0x00, 0x00, 0x00, 0x00
//     .byte 0x00, 0x00, 0x03, 0x00, 0x00, 0x02, 0x01, 0x01, 0x00, 0x10, 0x00, 0x00, 0xe8, 0x03, 0x47, 0x00
//     .byte 0xbc, 0x02, 0x20, 0x00, 0x00, 0x00, 0x00, 0x00, 0x01, 0x00, 0x01, 0x15, 0x00, 0x00, 0x01, 0x01
//     .byte 0x00, 0x10, 0x00, 0x00, 0xe8, 0x03, 0x04, 0x01, 0x00, 0x00, 0x00, 0x00, 0x00, 0x00, 0x00, 0x00
//     .byte 0xff, 0x00, 0xff, 0x00, 0x00, 0x00, 0x01, 0x01, 0x00, 0x10, 0x00, 0x00, 0xe8, 0x03, 0x00, 0x00
//     .byte 0x00, 0x00, 0x00, 0x00, 0x00, 0x00, 0x00, 0x00, 0x1e, 0x00, 0x00, 0x00, 0x00, 0x00, 0x01, 0x01
//     .byte 0x00, 0x10, 0x00, 0x00, 0x01, 0x00, 0x47, 0x00, 0xc2, 0x02, 0x1e, 0x00, 0x00, 0x00, 0x00, 0x00
//     .byte 0x00, 0x00, 0x01, 0x18, 0x00, 0x00, 0x01, 0x01, 0x00, 0x10, 0x00, 0x00, 0xe8, 0x03, 0x04, 0x01
//     .byte 0x00, 0x00, 0x00, 0x00, 0x00, 0x00, 0x00, 0x00, 0xff, 0x00, 0xff, 0x00, 0x00, 0x00, 0x01, 0x01
//     .byte 0x00, 0x10, 0x00, 0x00, 0xe8, 0x03, 0x00, 0x00, 0x00, 0x00, 0x00, 0x00, 0x00, 0x00, 0x00, 0x00
//     .byte 0x1e, 0x00, 0x00, 0x00, 0x00, 0x00, 0x01, 0x01, 0x00, 0x10, 0x00, 0x00, 0x02, 0x00, 0x47, 0x00
//     .byte 0xc4, 0x02, 0x18, 0x00, 0x00, 0x00, 0x00, 0x00, 0x00, 0x00, 0x01, 0x00, 0x00, 0x01, 0x01, 0x01
//     .byte 0x00, 0x10, 0x00, 0x00, 0xe8, 0x03, 0x04, 0x01, 0x00, 0x00, 0x00, 0x00, 0x00, 0x00, 0x00, 0x00
//     .byte 0xff, 0x00, 0xff, 0x00, 0x00, 0x00, 0x01, 0x01, 0x00, 0x10, 0x00, 0x00, 0xe8, 0x03, 0x00, 0x00
//     .byte 0x00, 0x00, 0x00, 0x00, 0x00, 0x00, 0x00, 0x00, 0x1e, 0x00, 0x00, 0x00, 0x00, 0x00, 0x01, 0x01
//     .byte 0x00, 0x10, 0x00, 0x00, 0x03, 0x00, 0x47, 0x00, 0xc5, 0x02, 0x1e, 0x00, 0x00, 0x00, 0x00, 0x00
//     .byte 0x00, 0x00, 0x01, 0x00, 0x00, 0x00, 0x01, 0x01, 0x00, 0x10, 0x00, 0x00, 0xe8, 0x03, 0x00, 0x00
//     .byte 0x00, 0x00, 0x00, 0x00, 0x00, 0x00, 0x00, 0x00, 0x1e, 0x00, 0x00, 0x00, 0x00, 0x00, 0x01, 0x01
//     .byte 0x00, 0x10, 0x00, 0x00, 0x04, 0x00, 0x47, 0x00, 0xc8, 0x02, 0x1c, 0x00, 0x00, 0x00, 0x00, 0x00
//     .byte 0x00, 0x00, 0x01, 0x00, 0x00, 0x02, 0x01, 0x01, 0x00, 0x10, 0x00, 0x00, 0xe8, 0x03, 0x04, 0x01
//     .byte 0x00, 0x00, 0x00, 0x00, 0x00, 0x00, 0x00, 0x00, 0xff, 0x00, 0xff, 0x00, 0x00, 0x00, 0x01, 0x01
//     .byte 0x00, 0x10, 0x00, 0x00, 0xe8, 0x03, 0x00, 0x00, 0x00, 0x00, 0x00, 0x00, 0x00, 0x00, 0x00, 0x00
//     .byte 0x1e, 0x00, 0x00, 0x00, 0x00, 0x00, 0x01, 0x01, 0x00, 0x10, 0x00, 0x00, 0x05, 0x00, 0x47, 0x00
//     .byte 0xca, 0x02, 0x1e, 0x00, 0x00, 0x00, 0x00, 0x00, 0x00, 0x00, 0x01, 0x00, 0x00, 0x02, 0x01, 0x01
//     .byte 0x00, 0x10, 0x00, 0x00, 0xe8, 0x03, 0x04, 0x01, 0x00, 0x00, 0x00, 0x00, 0x00, 0x00, 0x00, 0x00
//     .byte 0xff, 0x00, 0xff, 0x00, 0x00, 0x00, 0x01, 0x01, 0x00, 0x10, 0x00, 0x00, 0xe8, 0x03, 0x00, 0x00
//     .byte 0x00, 0x00, 0x00, 0x00, 0x00, 0x00, 0x00, 0x00, 0x1e, 0x00, 0x00, 0x00, 0x00, 0x00, 0x01, 0x01
//     .byte 0x00, 0x10, 0x00, 0x00, 0x06, 0x00, 0x47, 0x00, 0xcc, 0x02, 0x2c, 0x00, 0x00, 0x00, 0x00, 0x00
//     .byte 0x00, 0x00, 0x01, 0x00, 0x00, 0x02, 0x01, 0x01, 0x00, 0x10, 0x00, 0x00, 0xe8, 0x03, 0x25, 0x00
//     .byte 0xcd, 0x02, 0x1e, 0x00, 0x14, 0x00, 0x00, 0x00, 0x01, 0xc9, 0x07, 0x00, 0x00, 0x10, 0x01, 0x01
//     .byte 0x00, 0x10, 0x00, 0x00, 0xe8, 0x03, 0x04, 0x01, 0x00, 0x00, 0x00, 0x00, 0x00, 0x00, 0x00, 0x00
//     .byte 0xff, 0x00, 0xff, 0x00, 0x00, 0x00, 0x01, 0x01, 0x00, 0x10, 0x00, 0x00, 0xe8, 0x03, 0x00, 0x00
//     .byte 0x00, 0x00, 0x00, 0x00, 0x00, 0x00, 0x00, 0x00, 0x1e, 0x00, 0x00, 0x00, 0x00, 0x00, 0x01, 0x01
//     .byte 0x00, 0x10, 0x00, 0x00, 0x07, 0x00, 0x47, 0x00, 0xce, 0x02, 0x28, 0x00, 0x00, 0x00, 0x00, 0x00
//     .byte 0x00, 0x00, 0x01, 0x19, 0x00, 0x02, 0x01, 0x01, 0x00, 0x10, 0x00, 0x00, 0xe8, 0x03, 0x27, 0x00
//     .byte 0xcf, 0x02, 0x28, 0x00, 0x14, 0x00, 0x00, 0x00, 0x01, 0xcf, 0x07, 0x00, 0x00, 0x10, 0x01, 0x01
//     .byte 0x00, 0x10, 0x00, 0x00, 0xe8, 0x03, 0x00, 0x00, 0x00, 0x00, 0x00, 0x00, 0x00, 0x00, 0x00, 0x00
//     .byte 0x1e, 0x00, 0x00, 0x00, 0x00, 0x00, 0x01, 0x01, 0x00, 0x10, 0x00, 0x00, 0x08, 0x00, 0x47, 0x00
//     .byte 0xd0, 0x02, 0x28, 0x00, 0x00, 0x00, 0x00, 0x00, 0x00, 0x00, 0x01, 0x00, 0x00, 0x02, 0x01, 0x01
//     .byte 0x00, 0x10, 0x00, 0x00, 0xe8, 0x03, 0x00, 0x00, 0x00, 0x00, 0x00, 0x00, 0x00, 0x00, 0x00, 0x00
//     .byte 0x1e, 0x00, 0x00, 0x00, 0x00, 0x00, 0x01, 0x01, 0x00, 0x10, 0x00, 0x00, 0xe8, 0x03, 0x0e, 0x01
//     .byte 0xd2, 0x02, 0x1e, 0x00, 0x00, 0x00, 0x00, 0x00, 0x01, 0x00, 0x06, 0x00, 0x00, 0x00, 0x01, 0x01
//     .byte 0x00, 0x10, 0x00, 0x00, 0x09, 0x00, 0x47, 0x00, 0xd4, 0x02, 0x24, 0x00, 0x00, 0x00, 0x00, 0x00
//     .byte 0x00, 0x00, 0x01, 0x00, 0x00, 0x00, 0x01, 0x01, 0x00, 0x10, 0x00, 0x00, 0xe8, 0x03, 0xea, 0x00
//     .byte 0xd5, 0x02, 0x2e, 0x00, 0x00, 0x00, 0x12, 0x00, 0x02, 0x00, 0x05, 0x00, 0xa1, 0x00, 0x01, 0x01
//     .byte 0x00, 0x10, 0x00, 0x00, 0xe8, 0x03, 0x04, 0x01, 0x00, 0x00, 0x00, 0x00, 0x00, 0x00, 0x00, 0x00
//     .byte 0xff, 0x00, 0xff, 0x00, 0x00, 0x00, 0x01, 0x01, 0x00, 0x10, 0x00, 0x00, 0xe8, 0x03, 0x00, 0x00
//     .byte 0x00, 0x00, 0x00, 0x00, 0x00, 0x00, 0x00, 0x00, 0x1e, 0x00, 0x00, 0x00, 0x00, 0x00, 0x01, 0x01
//     .byte 0x00, 0x10, 0x00, 0x00, 0x0a, 0x00, 0x47, 0x00, 0xd7, 0x02, 0x18, 0x00, 0x00, 0x00, 0x00, 0x00
//     .byte 0x00, 0x00, 0x01, 0x00, 0x00, 0x02, 0x01, 0x01, 0x00, 0x10, 0x00, 0x00, 0xe8, 0x03, 0x01, 0x00
//     .byte 0xd8, 0x02, 0x1e, 0x00, 0x2e, 0x00, 0x00, 0x00, 0x01, 0xca, 0x07, 0x00, 0x00, 0x10, 0x01, 0x01
//     .byte 0x00, 0x10, 0x00, 0x00, 0xe8, 0x03, 0x00, 0x00, 0x00, 0x00, 0x00, 0x00, 0x00, 0x00, 0x00, 0x00
//     .byte 0x1e, 0x00, 0x00, 0x00, 0x00, 0x00, 0x01, 0x01, 0x00, 0x10, 0x00, 0x00, 0x0b, 0x00, 0x47, 0x00
//     .byte 0xd9, 0x02, 0x18, 0x00, 0x00, 0x00, 0x00, 0x00, 0x00, 0x00, 0x01, 0x00, 0x00, 0x02, 0x01, 0x01
//     .byte 0x00, 0x10, 0x00, 0x00, 0xe8, 0x03, 0x00, 0x00, 0x00, 0x00, 0x00, 0x00, 0x00, 0x00, 0x00, 0x00
//     .byte 0x1e, 0x00, 0x00, 0x00, 0x00, 0x00, 0x01, 0x01, 0x00, 0x10, 0x00, 0x00, 0xe8, 0x03, 0x00, 0x00
//     .byte 0x00, 0x00, 0x00, 0x00, 0x00, 0x00, 0x00, 0x00, 0x1c, 0x00, 0x0c, 0x00, 0x00, 0x00, 0x01, 0x01
//     .byte 0x00, 0x10, 0x00, 0x00, 0xe8, 0x03, 0x00, 0x00, 0x00, 0x00, 0x00, 0x00, 0x00, 0x00, 0x00, 0x00
//     .byte 0x1d, 0x00, 0x0b, 0x00, 0x00, 0x00, 0x01, 0x01, 0x00, 0x10, 0x00, 0x00, 0xe8, 0x03, 0x01, 0x00
//     .byte 0xda, 0x02, 0x1e, 0x00, 0x1e, 0x00, 0x00, 0x00, 0x01, 0xca, 0x07, 0x00, 0x00, 0x08, 0x01, 0x01
//     .byte 0x00, 0x10, 0x00, 0x00, 0x0c, 0x00, 0x47, 0x00, 0xdd, 0x02, 0x1c, 0x00, 0x00, 0x00, 0x00, 0x00
//     .byte 0x00, 0x00, 0x01, 0x00, 0x00, 0x00, 0x01, 0x01, 0x00, 0x10, 0x00, 0x00, 0xe8, 0x03, 0x34, 0x00
//     .byte 0xde, 0x02, 0x2c, 0x00, 0x00, 0x00, 0x00, 0x00, 0x01, 0x00, 0x07, 0x1b, 0x00, 0x00, 0x01, 0x01
//     .byte 0x00, 0x10, 0x00, 0x00, 0xe8, 0x03, 0x00, 0x00, 0x00, 0x00, 0x00, 0x00, 0x00, 0x00, 0x00, 0x00
//     .byte 0x1e, 0x00, 0x00, 0x00, 0x00, 0x00, 0x01, 0x01, 0x00, 0x10, 0x00, 0x00, 0x0d, 0x00, 0x47, 0x00
//     .byte 0xe0, 0x02, 0x2c, 0x00, 0x00, 0x00, 0x2a, 0x00, 0x00, 0x00, 0x01, 0x00, 0x9e, 0x02, 0x01, 0x01
//     .byte 0x00, 0x10, 0x00, 0x00, 0xe8, 0x03, 0x00, 0x00, 0x00, 0x00, 0x00, 0x00, 0x00, 0x00, 0x00, 0x00
//     .byte 0x1e, 0x00, 0x00, 0x00, 0x00, 0x00, 0x01, 0x01, 0x00, 0x10, 0x00, 0x00, 0xe8, 0x03, 0xe2, 0x00
//     .byte 0x00, 0x00, 0x02, 0x00, 0x1c, 0x00, 0x14, 0x00, 0x02, 0xd8, 0x09, 0x00, 0xa0, 0x0c, 0x01, 0x01
//     .byte 0x00, 0x10, 0x00, 0x00, 0x0e, 0x00, 0x47, 0x00, 0xe3, 0x02, 0x1e, 0x00, 0x00, 0x00, 0x1e, 0x00
//     .byte 0x00, 0x00, 0x01, 0x00, 0x9e, 0x00, 0x01, 0x01, 0x00, 0x10, 0x00, 0x00, 0xe8, 0x03, 0xea, 0x00
//     .byte 0xe4, 0x02, 0x1e, 0x00, 0x00, 0x00, 0x00, 0x00, 0x02, 0x00, 0x05, 0x00, 0x00, 0x00, 0x01, 0x01
//     .byte 0x00, 0x10, 0x00, 0x00, 0xe8, 0x03, 0x04, 0x01, 0x00, 0x00, 0x00, 0x00, 0x00, 0x00, 0x00, 0x00
//     .byte 0xff, 0x00, 0xff, 0x00, 0x00, 0x00, 0x01, 0x01, 0x00, 0x10, 0x00, 0x00, 0xe8, 0x03, 0x00, 0x00
//     .byte 0x00, 0x00, 0x00, 0x00, 0x00, 0x00, 0x00, 0x00, 0x1e, 0x00, 0x00, 0x00, 0x00, 0x00, 0x01, 0x01
//     .byte 0x00, 0x10, 0x00, 0x00, 0x0f, 0x00, 0x47, 0x00, 0xc4, 0x02, 0x18, 0x00, 0x00, 0x00, 0x00, 0x00
//     .byte 0x00, 0x00, 0x01, 0x00, 0x00, 0x01, 0x01, 0x01, 0x00, 0x10, 0x00, 0x00, 0xe8, 0x03, 0xe2, 0x00
//     .byte 0x00, 0x00, 0x02, 0x00, 0x1a, 0x00, 0x10, 0x00, 0x01, 0xd8, 0x09, 0x00, 0xa0, 0x0c, 0x01, 0x01
//     .byte 0x00, 0x10, 0x00, 0x00, 0xe8, 0x03, 0x00, 0x00, 0x00, 0x00, 0x00, 0x00, 0x00, 0x00, 0x00, 0x00
//     .byte 0x1e, 0x00, 0x00, 0x00, 0x00, 0x00, 0x01, 0x01, 0x00, 0x10, 0x00, 0x00, 0x10, 0x00, 0x47, 0x00
//     .byte 0xcc, 0x02, 0x2c, 0x00, 0x00, 0x00, 0x00, 0x00, 0x00, 0x00, 0x01, 0x00, 0x00, 0x02, 0x01, 0x01
//     .byte 0x00, 0x10, 0x00, 0x00, 0xe8, 0x03, 0x04, 0x01, 0x00, 0x00, 0x00, 0x00, 0x00, 0x00, 0x00, 0x00
//     .byte 0xff, 0x00, 0xff, 0x00, 0x00, 0x00, 0x01, 0x01, 0x00, 0x10, 0x00, 0x00, 0xe8, 0x03, 0x00, 0x00
//     .byte 0x00, 0x00, 0x00, 0x00, 0x00, 0x00, 0x00, 0x00, 0x1e, 0x00, 0x00, 0x00, 0x00, 0x00, 0x01, 0x01
//     .byte 0x00, 0x10, 0x00, 0x00, 0x11, 0x00, 0x47, 0x00, 0xc5, 0x02, 0x1e, 0x00, 0x00, 0x00, 0x00, 0x00
//     .byte 0x00, 0x00, 0x01, 0x00, 0x00, 0x00, 0x01, 0x01, 0x00, 0x10, 0x00, 0x00, 0xe8, 0x03, 0xfd, 0x00
//     .byte 0xc6, 0x02, 0x1e, 0x00, 0x00, 0x00, 0x00, 0x00, 0x01, 0x00, 0x08, 0x00, 0x00, 0x00, 0x01, 0x01
//     .byte 0x00, 0x10, 0x00, 0x00, 0xe8, 0x03, 0x00, 0x00, 0x00, 0x00, 0x00, 0x00, 0x00, 0x00, 0x00, 0x00
//     .byte 0x1e, 0x00, 0x00, 0x00, 0x00, 0x00, 0x01, 0x01, 0x00, 0x10, 0x00, 0x00, 0x12, 0x00, 0x47, 0x00
//     .byte 0xce, 0x02, 0x28, 0x00, 0x00, 0x00, 0x00, 0x00, 0x00, 0x00, 0x01, 0x19, 0x00, 0x02, 0x01, 0x01
//     .byte 0x00, 0x10, 0x00, 0x00, 0xe8, 0x03, 0xea, 0x00, 0xce, 0x02, 0x2e, 0x00, 0x00, 0x00, 0x29, 0x00
//     .byte 0x02, 0x00, 0x09, 0x1a, 0x9c, 0x00, 0x01, 0x01, 0x00, 0x10, 0x00, 0x00, 0xe8, 0x03, 0x04, 0x01
//     .byte 0x00, 0x00, 0x00, 0x00, 0x00, 0x00, 0x00, 0x00, 0xff, 0x00, 0xff, 0x00, 0x00, 0x00, 0x01, 0x01
//     .byte 0x00, 0x10, 0x00, 0x00, 0xe8, 0x03, 0x00, 0x00, 0x00, 0x00, 0x00, 0x00, 0x00, 0x00, 0x00, 0x00
//     .byte 0x1e, 0x00, 0x00, 0x00, 0x00, 0x00, 0x01, 0x01, 0x00, 0x10, 0x00, 0x00, 0x13, 0x00, 0x47, 0x00
//     .byte 0xe6, 0x02, 0x20, 0x00, 0x00, 0x00, 0x00, 0x00, 0x00, 0x00, 0x01, 0x00, 0x00, 0x02, 0x01, 0x01
//     .byte 0x00, 0x10, 0x00, 0x00, 0xe8, 0x03, 0xe7, 0x00, 0xe7, 0x02, 0x1c, 0x00, 0x00, 0x00, 0x1a, 0x00
//     .byte 0x03, 0x00, 0x0d, 0x00, 0x9c, 0x00, 0x01, 0x01, 0x00, 0x10, 0x00, 0x00, 0xe8, 0x03, 0x00, 0x00
//     .byte 0x00, 0x00, 0x00, 0x00, 0x00, 0x00, 0x00, 0x00, 0x1e, 0x00, 0x00, 0x00, 0x00, 0x00, 0x01, 0x01
//     .byte 0x00, 0x10, 0x00, 0x00, 0x14, 0x00, 0x47, 0x00, 0xca, 0x02, 0x1e, 0x00, 0x00, 0x00, 0x00, 0x00
//     .byte 0x00, 0x00, 0x01, 0x00, 0x00, 0x02, 0x01, 0x01, 0x00, 0x10, 0x00, 0x00, 0xe8, 0x03, 0x0e, 0x01
//     .byte 0xcb, 0x02, 0x1e, 0x00, 0x00, 0x00, 0x00, 0x00, 0x01, 0x00, 0x06, 0x1d, 0x00, 0x00, 0x01, 0x01
//     .byte 0x00, 0x10, 0x00, 0x00, 0xe8, 0x03, 0x00, 0x00, 0x00, 0x00, 0x00, 0x00, 0x00, 0x00, 0x00, 0x00
//     .byte 0x1e, 0x00, 0x00, 0x00, 0x00, 0x00, 0x01, 0x01, 0x00, 0x10, 0x00, 0x00, 0x15, 0x00, 0x47, 0x00
//     .byte 0xe9, 0x02, 0x12, 0x00, 0x00, 0x00, 0x00, 0x00, 0x00, 0x00, 0x01, 0x00, 0x00, 0x00, 0x01, 0x01
//     .byte 0x00, 0x10, 0x00, 0x00, 0xe8, 0x03, 0x11, 0x01, 0xeb, 0x02, 0x1e, 0x00, 0x00, 0x00, 0x1e, 0x00
//     .byte 0x01, 0x00, 0x06, 0x00, 0xa0, 0x00, 0x01, 0x01, 0x00, 0x10, 0x00, 0x00, 0xe8, 0x03, 0x00, 0x00
//     .byte 0x00, 0x00, 0x00, 0x00, 0x00, 0x00, 0x00, 0x00, 0x1e, 0x00, 0x00, 0x00, 0x00, 0x00, 0x01, 0x01
//     .byte 0x00, 0x10, 0x00, 0x00, 0x16, 0x00, 0x47, 0x00, 0xd7, 0x02, 0x18, 0x00, 0x00, 0x00, 0x00, 0x00
//     .byte 0x00, 0x00, 0x01, 0x00, 0x00, 0x02, 0x01, 0x01, 0x00, 0x10, 0x00, 0x00, 0xe8, 0x03, 0x0d, 0x00
//     .byte 0xd8, 0x02, 0x1e, 0x00, 0x2e, 0x00, 0x00, 0x00, 0x01, 0xc9, 0x07, 0x00, 0x00, 0x10, 0x01, 0x01
//     .byte 0x00, 0x10, 0x00, 0x00, 0xe8, 0x03, 0x00, 0x00, 0x00, 0x00, 0x00, 0x00, 0x00, 0x00, 0x00, 0x00
//     .byte 0x1e, 0x00, 0x00, 0x00, 0x00, 0x00, 0x01, 0x01, 0x00, 0x10, 0x00, 0x00, 0x17, 0x00, 0x47, 0x00
//     .byte 0xec, 0x02, 0x12, 0x00, 0x00, 0x00, 0x12, 0x00, 0x00, 0x00, 0x01, 0x00, 0xa1, 0x02, 0x01, 0x01
//     .byte 0x00, 0x10, 0x00, 0x00, 0xe8, 0x03, 0x00, 0x00, 0x00, 0x00, 0x00, 0x00, 0x00, 0x00, 0x00, 0x00
//     .byte 0x1e, 0x00, 0x00, 0x00, 0x00, 0x00, 0x01, 0x01, 0x00, 0x10, 0x00, 0x00, 0x18, 0x00, 0x47, 0x00
//     .byte 0xef, 0x02, 0x2c, 0x00, 0x00, 0x00, 0x00, 0x00, 0x00, 0x00, 0x01, 0x00, 0x00, 0x00, 0x01, 0x01
//     .byte 0x00, 0x10, 0x00, 0x00, 0xe8, 0x03, 0x00, 0x00, 0x00, 0x00, 0x00, 0x00, 0x00, 0x00, 0x00, 0x00
//     .byte 0x1e, 0x00, 0x00, 0x00, 0x00, 0x00, 0x01, 0x01, 0x00, 0x10, 0x00, 0x00, 0x19, 0x00, 0x47, 0x00
//     .byte 0xc8, 0x02, 0x1c, 0x00, 0x00, 0x00, 0x00, 0x00, 0x00, 0x00, 0x01, 0x00, 0x00, 0x02, 0x01, 0x01
//     .byte 0x00, 0x10, 0x00, 0x00, 0xe8, 0x03, 0x6e, 0x00, 0x99, 0x02, 0x28, 0x00, 0x26, 0x00, 0x00, 0x00
//     .byte 0x01, 0xd0, 0x04, 0x00, 0x00, 0x10, 0x01, 0x01, 0x00, 0x10, 0x00, 0x00, 0xe8, 0x03, 0x00, 0x00
//     .byte 0x00, 0x00, 0x00, 0x00, 0x00, 0x00, 0x00, 0x00, 0x1e, 0x00, 0x00, 0x00, 0x00, 0x00, 0x01, 0x01
//     .byte 0x00, 0x10, 0x00, 0x00, 0x1a, 0x00, 0x47, 0x00, 0xf2, 0x02, 0x14, 0x00, 0x00, 0x00, 0x00, 0x00
//     .byte 0x00, 0x00, 0x01, 0x00, 0x00, 0x02, 0x01, 0x01, 0x00, 0x10, 0x00, 0x00, 0xe8, 0x03, 0x44, 0x00
//     .byte 0xf6, 0x02, 0x28, 0x00, 0x16, 0x00, 0x00, 0x00, 0x04, 0xcf, 0x09, 0x00, 0x00, 0x08, 0x01, 0x01
//     .byte 0x00, 0x10, 0x00, 0x00, 0xe8, 0x03, 0x04, 0x01, 0x00, 0x00, 0x00, 0x00, 0x00, 0x00, 0x00, 0x00
//     .byte 0xff, 0x00, 0xff, 0x00, 0x00, 0x00, 0x01, 0x01, 0x00, 0x10, 0x00, 0x00, 0xe8, 0x03, 0x00, 0x00
//     .byte 0x00, 0x00, 0x00, 0x00, 0x00, 0x00, 0x00, 0x00, 0x1e, 0x00, 0x00, 0x00, 0x00, 0x00, 0x01, 0x01
//     .byte 0x00, 0x10, 0x00, 0x00, 0x1b, 0x00, 0x47, 0x00, 0xf7, 0x02, 0x1e, 0x00, 0x00, 0x00, 0x00, 0x00
//     .byte 0x00, 0x00, 0x01, 0x1e, 0x00, 0x02, 0x01, 0x01, 0x00, 0x10, 0x00, 0x00, 0xe8, 0x03, 0x5d, 0x01
//     .byte 0xfa, 0x02, 0x46, 0x00, 0x00, 0x00, 0x00, 0x00, 0x01, 0x00, 0x09, 0x00, 0x00, 0x00, 0x01, 0x01
//     .byte 0x00, 0x10, 0x00, 0x00, 0xe8, 0x03, 0x00, 0x00, 0x00, 0x00, 0x00, 0x00, 0x00, 0x00, 0x00, 0x00
//     .byte 0x1e, 0x00, 0x00, 0x00, 0x00, 0x00, 0x01, 0x01, 0x00, 0x10, 0x00, 0x00, 0x1c, 0x00, 0x47, 0x00
//     .byte 0xfb, 0x02, 0x20, 0x00, 0x00, 0x00, 0x20, 0x00, 0x00, 0x00, 0x01, 0x00, 0x9e, 0x02, 0x01, 0x01
//     .byte 0x00, 0x10, 0x00, 0x00, 0xe8, 0x03, 0x1e, 0x01, 0x00, 0x00, 0x1e, 0x00, 0x00, 0x00, 0x0a, 0x00
//     .byte 0x01, 0x00, 0x09, 0x00, 0xa0, 0x00, 0x01, 0x01, 0x00, 0x10, 0x00, 0x00, 0xe8, 0x03, 0x9b, 0x00
//     .byte 0x00, 0x00, 0x00, 0x00, 0x00, 0x00, 0x00, 0x00, 0xff, 0x00, 0xff, 0x00, 0x00, 0x00, 0x01, 0x01
//     .byte 0x00, 0x10, 0x00, 0x00, 0xe8, 0x03, 0x00, 0x00, 0x00, 0x00, 0x00, 0x00, 0x00, 0x00, 0x00, 0x00
//     .byte 0x1e, 0x00, 0x00, 0x00, 0x00, 0x00, 0x01, 0x01, 0x00, 0x10, 0x00, 0x00, 0x1d, 0x00, 0x47, 0x00
//     .byte 0x00, 0x03, 0x24, 0x00, 0x00, 0x00, 0x00, 0x00, 0x00, 0x00, 0x01, 0x1f, 0x20, 0x01, 0x01, 0x01
//     .byte 0x00, 0x10, 0x00, 0x00, 0xe8, 0x03, 0x16, 0x00, 0x01, 0x03, 0x1e, 0x00, 0x1e, 0x00, 0x00, 0x00
//     .byte 0x01, 0xcd, 0x07, 0x22, 0x00, 0x10, 0x01, 0x01, 0x00, 0x10, 0x00, 0x00, 0xe8, 0x03, 0x00, 0x00
//     .byte 0x00, 0x00, 0x00, 0x00, 0x00, 0x00, 0x00, 0x00, 0x1e, 0x00, 0x00, 0x00, 0x00, 0x00, 0x01, 0x01
//     .byte 0x00, 0x10, 0x00, 0x00, 0xe8, 0x03, 0x1d, 0x00, 0x03, 0x03, 0x1e, 0x00, 0x1e, 0x00, 0x00, 0x00
//     .byte 0x03, 0xc9, 0x0b, 0x22, 0x00, 0x10, 0x01, 0x01, 0x00, 0x10, 0x00, 0x00, 0x1e, 0x00, 0x47, 0x00
//     .byte 0xcc, 0x02, 0x2c, 0x00, 0x00, 0x00, 0x00, 0x00, 0x00, 0x00, 0x01, 0x00, 0x00, 0x02, 0x01, 0x01
//     .byte 0x00, 0x10, 0x00, 0x00, 0xe8, 0x03, 0x0d, 0x00, 0xcd, 0x02, 0x1e, 0x00, 0x14, 0x00, 0x00, 0x00
//     .byte 0x01, 0xc9, 0x07, 0x00, 0x00, 0x10, 0x01, 0x01, 0x00, 0x10, 0x00, 0x00, 0xe8, 0x03, 0x00, 0x00
//     .byte 0x00, 0x00, 0x00, 0x00, 0x00, 0x00, 0x00, 0x00, 0x1e, 0x00, 0x00, 0x00, 0x00, 0x00, 0x01, 0x01
//     .byte 0x00, 0x10, 0x00, 0x00, 0x1f, 0x00, 0x47, 0x00, 0xce, 0x02, 0x28, 0x00, 0x00, 0x00, 0x00, 0x00
//     .byte 0x00, 0x00, 0x01, 0x19, 0x00, 0x02, 0x01, 0x01, 0x00, 0x10, 0x00, 0x00, 0xe8, 0x03, 0xe9, 0x00
//     .byte 0xce, 0x02, 0x2e, 0x00, 0x00, 0x00, 0x29, 0x00, 0x02, 0x00, 0x09, 0x1a, 0x9c, 0x00, 0x01, 0x01
//     .byte 0x00, 0x10, 0x00, 0x00, 0xe8, 0x03, 0x0f, 0x01, 0x00, 0x00, 0x1e, 0x00, 0x00, 0x00, 0x00, 0x00
//     .byte 0x04, 0x00, 0x06, 0x00, 0x00, 0x00, 0x01, 0x01, 0x00, 0x10, 0x00, 0x00, 0xe8, 0x03, 0x00, 0x00
//     .byte 0x00, 0x00, 0x00, 0x00, 0x00, 0x00, 0x00, 0x00, 0x1e, 0x00, 0x00, 0x00, 0x00, 0x00, 0x01, 0x01
//     .byte 0x00, 0x10, 0x00, 0x00, 0x20, 0x00, 0x47, 0x00, 0x04, 0x03, 0x22, 0x00, 0x00, 0x00, 0x1e, 0x00
//     .byte 0x00, 0x00, 0x01, 0x23, 0x9e, 0x02, 0x01, 0x01, 0x00, 0x10, 0x00, 0x00, 0xe8, 0x03, 0x00, 0x00
//     .byte 0x00, 0x00, 0x00, 0x00, 0x00, 0x00, 0x00, 0x00, 0x1e, 0x00, 0x00, 0x00, 0x00, 0x00, 0x01, 0x01
//     .byte 0x00, 0x10, 0x00, 0x00, 0xe8, 0x03, 0xe9, 0x00, 0x07, 0x03, 0x1e, 0x00, 0x00, 0x00, 0x00, 0x00
//     .byte 0x01, 0x00, 0x09, 0x00, 0x00, 0x00, 0x01, 0x01, 0x00, 0x10, 0x00, 0x00, 0x21, 0x00, 0x47, 0x00
//     .byte 0x08, 0x03, 0x26, 0x00, 0x00, 0x00, 0x24, 0x00, 0x00, 0x00, 0x01, 0x00, 0x9e, 0x01, 0x01, 0x01
//     .byte 0x00, 0x10, 0x00, 0x00, 0xe8, 0x03, 0x00, 0x00, 0x00, 0x00, 0x00, 0x00, 0x00, 0x00, 0x00, 0x00
//     .byte 0x1e, 0x00, 0x00, 0x00, 0x00, 0x00, 0x01, 0x01, 0x00, 0x10, 0x00, 0x00, 0xe8, 0x03, 0x01, 0x01
//     .byte 0x09, 0x03, 0x28, 0x00, 0x22, 0x00, 0x00, 0x00, 0x01, 0xdc, 0x09, 0x00, 0x00, 0x10, 0x01, 0x01
//     .byte 0x00, 0x10, 0x00, 0x00, 0x22, 0x00, 0x47, 0x00, 0x0b, 0x03, 0x1a, 0x00, 0x00, 0x00, 0x00, 0x00
//     .byte 0x00, 0x00, 0x01, 0x00, 0x00, 0x01, 0x01, 0x01, 0x00, 0x10, 0x00, 0x00, 0xe8, 0x03, 0xe7, 0x00
//     .byte 0x10, 0x03, 0x28, 0x00, 0x00, 0x00, 0x28, 0x00, 0x02, 0x00, 0x0d, 0x00, 0x9c, 0x00, 0x01, 0x01
//     .byte 0x00, 0x10, 0x00, 0x00, 0xe8, 0x03, 0x00, 0x00, 0x00, 0x00, 0x00, 0x00, 0x00, 0x00, 0x00, 0x00
//     .byte 0x1e, 0x00, 0x00, 0x00, 0x00, 0x00, 0x01, 0x01, 0x00, 0x10, 0x00, 0x00, 0xe8, 0x03, 0x11, 0x01
//     .byte 0x0d, 0x03, 0x1e, 0x00, 0x00, 0x00, 0x00, 0x00, 0x01, 0x00, 0x06, 0x00, 0x00, 0x00, 0x01, 0x01
//     .byte 0x00, 0x10, 0x00, 0x00, 0x23, 0x00, 0x47, 0x00, 0x11, 0x03, 0x20, 0x00, 0x00, 0x00, 0x00, 0x00
//     .byte 0x00, 0x00, 0x01, 0x00, 0x00, 0x01, 0x01, 0x01, 0x00, 0x10, 0x00, 0x00, 0xe8, 0x03, 0xe9, 0x00
//     .byte 0x17, 0x03, 0x4c, 0x00, 0x00, 0x00, 0x00, 0x00, 0x08, 0x00, 0x0b, 0x25, 0x00, 0x00, 0x01, 0x01
//     .byte 0x00, 0x10, 0x00, 0x00, 0xe8, 0x03, 0x00, 0x00, 0x00, 0x00, 0x00, 0x00, 0x00, 0x00, 0x00, 0x00
//     .byte 0x1e, 0x00, 0x00, 0x00, 0x00, 0x00, 0x01, 0x01, 0x00, 0x10, 0x00, 0x00, 0xe8, 0x03, 0x33, 0x00
//     .byte 0x15, 0x03, 0x28, 0x00, 0x30, 0x00, 0x00, 0x00, 0x05, 0xcf, 0x09, 0x00, 0x00, 0x14, 0x01, 0x01
//     .byte 0x00, 0x10, 0x00, 0x00, 0x24, 0x00, 0x47, 0x00, 0xd0, 0x02, 0x28, 0x00, 0x00, 0x00, 0x00, 0x00
//     .byte 0x00, 0x00, 0x01, 0x00, 0x00, 0x02, 0x01, 0x01, 0x00, 0x10, 0x00, 0x00, 0xe8, 0x03, 0x00, 0x00
//     .byte 0x00, 0x00, 0x00, 0x00, 0x00, 0x00, 0x00, 0x00, 0x1e, 0x00, 0x00, 0x00, 0x00, 0x00, 0x01, 0x01
//     .byte 0x00, 0x10, 0x00, 0x00, 0xe8, 0x03, 0x1f, 0x00, 0xd1, 0x02, 0x1e, 0x00, 0x28, 0x00, 0x00, 0x00
//     .byte 0x02, 0xc9, 0x07, 0x00, 0x00, 0x08, 0x01, 0x01, 0x00, 0x10, 0x00, 0x00, 0x25, 0x00, 0x47, 0x00
//     .byte 0xe3, 0x02, 0x1e, 0x00, 0x00, 0x00, 0x1e, 0x00, 0x00, 0x00, 0x01, 0x00, 0x9e, 0x00, 0x01, 0x01
//     .byte 0x00, 0x10, 0x00, 0x00, 0xe8, 0x03, 0x0d, 0x00, 0xe5, 0x02, 0x1e, 0x00, 0x1c, 0x00, 0x00, 0x00
//     .byte 0x01, 0xc9, 0x07, 0x00, 0x00, 0x14, 0x01, 0x01, 0x00, 0x10, 0x00, 0x00, 0xe8, 0x03, 0x33, 0x00
//     .byte 0xe5, 0x02, 0x28, 0x00, 0x12, 0x00, 0x00, 0x00, 0x03, 0xcf, 0x07, 0x00, 0x00, 0x08, 0x01, 0x01
//     .byte 0x00, 0x10, 0x00, 0x00, 0xe8, 0x03, 0x00, 0x00, 0x00, 0x00, 0x00, 0x00, 0x00, 0x00, 0x00, 0x00
//     .byte 0x1e, 0x00, 0x00, 0x00, 0x00, 0x00, 0x01, 0x01, 0x00, 0x10, 0x00, 0x00, 0xe8, 0x03, 0x04, 0x01
//     .byte 0x00, 0x00, 0x00, 0x00, 0x00, 0x00, 0x00, 0x00, 0xff, 0x00, 0xff, 0x00, 0x00, 0x00, 0x01, 0x01
//     .byte 0x00, 0x10, 0x00, 0x00, 0x26, 0x00, 0x47, 0x00, 0x18, 0x03, 0x1e, 0x00, 0x00, 0x00, 0x1e, 0x00
//     .byte 0x00, 0x00, 0x01, 0x00, 0x9e, 0x01, 0x01, 0x01, 0x00, 0x10, 0x00, 0x00, 0xe8, 0x03, 0x00, 0x00
//     .byte 0x00, 0x00, 0x00, 0x00, 0x00, 0x00, 0x00, 0x00, 0x1e, 0x00, 0x00, 0x00, 0x00, 0x00, 0x01, 0x01
//     .byte 0x00, 0x10, 0x00, 0x00, 0xe8, 0x03, 0x00, 0x00, 0x0e, 0x04, 0x1e, 0x00, 0x00, 0x00, 0x00, 0x00
//     .byte 0x63, 0x00, 0x0b, 0x00, 0x00, 0x00, 0x01, 0x01, 0x00, 0x10, 0x00, 0x00, 0xe8, 0x03, 0x82, 0x00
//     .byte 0x1a, 0x03, 0x32, 0x00, 0x00, 0x00, 0x30, 0x00, 0x01, 0x00, 0x09, 0xa0, 0xa2, 0x00, 0x01, 0x01
//     .byte 0x00, 0x10, 0x00, 0x00, 0x27, 0x00, 0x47, 0x00, 0x1b, 0x03, 0x1c, 0x00, 0x00, 0x00, 0x1c, 0x00
//     .byte 0x00, 0x00, 0x01, 0x00, 0xa1, 0x01, 0x01, 0x01, 0x00, 0x10, 0x00, 0x00, 0xe8, 0x03, 0x00, 0x00
//     .byte 0x00, 0x00, 0x00, 0x00, 0x00, 0x00, 0x00, 0x00, 0x1e, 0x00, 0x00, 0x00, 0x00, 0x00, 0x01, 0x01
//     .byte 0x00, 0x10, 0x00, 0x00, 0xe8, 0x03, 0x6e, 0x00, 0x1c, 0x03, 0x28, 0x00, 0x26, 0x00, 0x00, 0x00
//     .byte 0x01, 0xd0, 0x04, 0x00, 0x00, 0x10, 0x01, 0x01, 0x00, 0x10, 0x00, 0x00, 0x28, 0x00, 0x47, 0x00
//     .byte 0x1f, 0x03, 0x28, 0x00, 0x00, 0x00, 0x00, 0x00, 0x00, 0x00, 0x01, 0x35, 0x36, 0x02, 0x01, 0x01
//     .byte 0x00, 0x10, 0x00, 0x00, 0xe8, 0x03, 0x0a, 0x01, 0x22, 0x03, 0x1e, 0x00, 0x00, 0x00, 0x14, 0x00
//     .byte 0x02, 0x00, 0x09, 0x00, 0xa0, 0x00, 0x01, 0x01, 0x00, 0x10, 0x00, 0x00, 0xe8, 0x03, 0x00, 0x01
//     .byte 0x20, 0x03, 0x28, 0x00, 0x28, 0x00, 0x00, 0x00, 0x01, 0xdb, 0x04, 0x00, 0x00, 0x14, 0x01, 0x01
//     .byte 0x00, 0x10, 0x00, 0x00, 0xe8, 0x03, 0x00, 0x00, 0x00, 0x00, 0x00, 0x00, 0x00, 0x00, 0x00, 0x00
//     .byte 0x1e, 0x00, 0x00, 0x00, 0x00, 0x00, 0x01, 0x01, 0x00, 0x10, 0x00, 0x00, 0xe8, 0x03, 0xe7, 0x00
//     .byte 0x23, 0x03, 0x28, 0x00, 0x00, 0x00, 0x28, 0x00, 0x09, 0x00, 0x0d, 0x39, 0x9c, 0x00, 0x01, 0x01
//     .byte 0x00, 0x10, 0x00, 0x00, 0x29, 0x00, 0x47, 0x00, 0xca, 0x02, 0x1e, 0x00, 0x00, 0x00, 0x00, 0x00
//     .byte 0x00, 0x00, 0x01, 0x00, 0x00, 0x02, 0x01, 0x01, 0x00, 0x10, 0x00, 0x00, 0xe8, 0x03, 0x00, 0x00
//     .byte 0x00, 0x00, 0x00, 0x00, 0x00, 0x00, 0x00, 0x00, 0x1e, 0x00, 0x00, 0x00, 0x00, 0x00, 0x01, 0x01
//     .byte 0x00, 0x10, 0x00, 0x00, 0xe8, 0x03, 0x0e, 0x01, 0xcb, 0x02, 0x1e, 0x00, 0x00, 0x00, 0x00, 0x00
//     .byte 0x01, 0x00, 0x06, 0x1d, 0x00, 0x00, 0x01, 0x01, 0x00, 0x10, 0x00, 0x00, 0x2a, 0x00, 0x47, 0x00
//     .byte 0x24, 0x03, 0x22, 0x00, 0x00, 0x00, 0x00, 0x00, 0x00, 0x00, 0x01, 0x00, 0x00, 0x01, 0x01, 0x01
//     .byte 0x00, 0x10, 0x00, 0x00, 0xe8, 0x03, 0x00, 0x00, 0x00, 0x00, 0x00, 0x00, 0x00, 0x00, 0x00, 0x00
//     .byte 0x1e, 0x00, 0x00, 0x00, 0x00, 0x00, 0x01, 0x01, 0x00, 0x10, 0x00, 0x00, 0xe8, 0x03, 0x0a, 0x00
//     .byte 0x26, 0x03, 0x36, 0x00, 0x00, 0x00, 0x00, 0x00, 0x02, 0x00, 0x09, 0x28, 0x00, 0x00, 0x01, 0x01
//     .byte 0x00, 0x10, 0x00, 0x00, 0x2b, 0x00, 0x47, 0x00, 0xe6, 0x02, 0x20, 0x00, 0x00, 0x00, 0x00, 0x00
//     .byte 0x00, 0x00, 0x01, 0x00, 0x00, 0x02, 0x01, 0x01, 0x00, 0x10, 0x00, 0x00, 0xe8, 0x03, 0xe7, 0x00
//     .byte 0xe7, 0x02, 0x1c, 0x00, 0x00, 0x00, 0x1a, 0x00, 0x03, 0x00, 0x0d, 0x00, 0x9c, 0x00, 0x01, 0x01
//     .byte 0x00, 0x10, 0x00, 0x00, 0xe8, 0x03, 0x00, 0x00, 0x00, 0x00, 0x00, 0x00, 0x00, 0x00, 0x00, 0x00
//     .byte 0x1e, 0x00, 0x00, 0x00, 0x00, 0x00, 0x01, 0x01, 0x00, 0x10, 0x00, 0x00, 0xe8, 0x03, 0x9b, 0x00
//     .byte 0x00, 0x00, 0x00, 0x00, 0x00, 0x00, 0x00, 0x00, 0xff, 0x00, 0xff, 0x00, 0x00, 0x00, 0x01, 0x01
//     .byte 0x00, 0x10, 0x00, 0x00, 0x2c, 0x00, 0x47, 0x00, 0x27, 0x03, 0x1e, 0x00, 0x00, 0x00, 0x00, 0x00
//     .byte 0x00, 0x00, 0x01, 0x29, 0x00, 0x00, 0x01, 0x01, 0x00, 0x10, 0x00, 0x00, 0xe8, 0x03, 0x00, 0x00
//     .byte 0x00, 0x00, 0x00, 0x00, 0x00, 0x00, 0x00, 0x00, 0x1e, 0x00, 0x00, 0x00, 0x00, 0x00, 0x01, 0x01
//     .byte 0x00, 0x10, 0x00, 0x00, 0xe8, 0x03, 0x04, 0x00, 0x28, 0x03, 0x1e, 0x00, 0x0e, 0x00, 0x00, 0x00
//     .byte 0x01, 0xcb, 0x07, 0x00, 0x00, 0x14, 0x01, 0x01, 0x00, 0x10, 0x00, 0x00, 0x2d, 0x00, 0x47, 0x00
//     .byte 0xe9, 0x02, 0x12, 0x00, 0x00, 0x00, 0x00, 0x00, 0x00, 0x00, 0x01, 0x00, 0x00, 0x00, 0x01, 0x01
//     .byte 0x00, 0x10, 0x00, 0x00, 0xe8, 0x03, 0x00, 0x00, 0x00, 0x00, 0x00, 0x00, 0x00, 0x00, 0x00, 0x00
//     .byte 0x1e, 0x00, 0x00, 0x00, 0x00, 0x00, 0x01, 0x01, 0x00, 0x10, 0x00, 0x00, 0x2e, 0x00, 0x47, 0x00
//     .byte 0xd7, 0x02, 0x18, 0x00, 0x00, 0x00, 0x00, 0x00, 0x00, 0x00, 0x01, 0x00, 0x00, 0x02, 0x01, 0x01
//     .byte 0x00, 0x10, 0x00, 0x00, 0xe8, 0x03, 0x04, 0x00, 0xd8, 0x02, 0x1e, 0x00, 0x2e, 0x00, 0x00, 0x00
//     .byte 0x01, 0xcb, 0x07, 0x00, 0x00, 0x10, 0x01, 0x01, 0x00, 0x10, 0x00, 0x00, 0xe8, 0x03, 0x04, 0x01
//     .byte 0x00, 0x00, 0x00, 0x00, 0x00, 0x00, 0x00, 0x00, 0xff, 0x00, 0xff, 0x00, 0x00, 0x00, 0x01, 0x01
//     .byte 0x00, 0x10, 0x00, 0x00, 0xe8, 0x03, 0x00, 0x00, 0x00, 0x00, 0x00, 0x00, 0x00, 0x00, 0x00, 0x00
//     .byte 0x1e, 0x00, 0x00, 0x00, 0x00, 0x00, 0x01, 0x01, 0x00, 0x10, 0x00, 0x00, 0x2f, 0x00, 0x47, 0x00
//     .byte 0x2a, 0x03, 0x2c, 0x00, 0x00, 0x00, 0x00, 0x00, 0x00, 0x00, 0x01, 0x2a, 0x00, 0x01, 0x01, 0x01
//     .byte 0x00, 0x10, 0x00, 0x00, 0xe8, 0x03, 0x00, 0x00, 0x00, 0x00, 0x00, 0x00, 0x00, 0x00, 0x00, 0x00
//     .byte 0x1e, 0x00, 0x00, 0x00, 0x00, 0x00, 0x01, 0x01, 0x00, 0x10, 0x00, 0x00, 0xe8, 0x03, 0x1e, 0x00
//     .byte 0x2b, 0x03, 0x1e, 0x00, 0x22, 0x00, 0x00, 0x00, 0x02, 0xc9, 0x07, 0x00, 0x00, 0x10, 0x01, 0x01
//     .byte 0x00, 0x10, 0x00, 0x00, 0x30, 0x00, 0x47, 0x00, 0xef, 0x02, 0x2c, 0x00, 0x00, 0x00, 0x00, 0x00
//     .byte 0x00, 0x00, 0x01, 0x00, 0x00, 0x00, 0x01, 0x01, 0x00, 0x10, 0x00, 0x00, 0xe8, 0x03, 0x1c, 0x00
//     .byte 0xf0, 0x02, 0x28, 0x00, 0x00, 0x00, 0x00, 0x00, 0x01, 0x00, 0x07, 0x00, 0x00, 0x00, 0x01, 0x01
//     .byte 0x00, 0x10, 0x00, 0x00, 0xe8, 0x03, 0x00, 0x00, 0x00, 0x00, 0x00, 0x00, 0x00, 0x00, 0x00, 0x00
//     .byte 0x1e, 0x00, 0x00, 0x00, 0x00, 0x00, 0x01, 0x01, 0x00, 0x10, 0x00, 0x00, 0xe8, 0x03, 0xe9, 0x00
//     .byte 0xf1, 0x02, 0x24, 0x00, 0x00, 0x00, 0x0e, 0x00, 0x02, 0x00, 0x09, 0x00, 0xa1, 0x00, 0x01, 0x01
//     .byte 0x00, 0x10, 0x00, 0x00, 0x31, 0x00, 0x47, 0x00, 0xd9, 0x02, 0x18, 0x00, 0x00, 0x00, 0x00, 0x00
//     .byte 0x00, 0x00, 0x01, 0x00, 0x00, 0x02, 0x01, 0x01, 0xcc, 0x0c, 0x00, 0x00, 0xe8, 0x03, 0x0d, 0x01
//     .byte 0xdc, 0x02, 0x22, 0x00, 0x4e, 0x00, 0x4e, 0x00, 0x02, 0xdf, 0x09, 0x00, 0x9d, 0x08, 0x01, 0x01
//     .byte 0x00, 0x10, 0x00, 0x00, 0xe8, 0x03, 0x00, 0x00, 0x00, 0x00, 0x00, 0x00, 0x00, 0x00, 0x00, 0x00
//     .byte 0x1e, 0x00, 0x00, 0x00, 0x00, 0x00, 0x01, 0x01, 0x00, 0x10, 0x00, 0x00, 0xe8, 0x03, 0xdd, 0x00
//     .byte 0x00, 0x00, 0x00, 0x00, 0x00, 0x00, 0x00, 0x00, 0xff, 0x00, 0xff, 0x00, 0x00, 0x00, 0x01, 0x01
//     .byte 0x00, 0x10, 0x00, 0x00, 0x32, 0x00, 0x47, 0x00, 0x2d, 0x03, 0x24, 0x00, 0x00, 0x00, 0x00, 0x00
//     .byte 0x00, 0x00, 0x01, 0x00, 0x00, 0x02, 0x01, 0x01, 0x00, 0x10, 0x00, 0x00, 0xe8, 0x03, 0x00, 0x00
//     .byte 0x00, 0x00, 0x00, 0x00, 0x00, 0x00, 0x00, 0x00, 0x1e, 0x00, 0x00, 0x00, 0x00, 0x00, 0x01, 0x01
//     .byte 0x00, 0x10, 0x00, 0x00, 0xe8, 0x03, 0x0a, 0x01, 0x2f, 0x03, 0x1e, 0x00, 0x00, 0x00, 0x0a, 0x00
//     .byte 0x01, 0x00, 0x09, 0x00, 0xa0, 0x00, 0x01, 0x01, 0x00, 0x10, 0x00, 0x00, 0x33, 0x00, 0x47, 0x00
//     .byte 0x0b, 0x03, 0x1a, 0x00, 0x00, 0x00, 0x00, 0x00, 0x00, 0x00, 0x01, 0x00, 0x00, 0x01, 0x01, 0x01
//     .byte 0x00, 0x10, 0x00, 0x00, 0xe8, 0x03, 0x00, 0x00, 0x00, 0x00, 0x00, 0x00, 0x00, 0x00, 0x00, 0x00
//     .byte 0x1e, 0x00, 0x00, 0x00, 0x00, 0x00, 0x01, 0x01, 0x00, 0x10, 0x00, 0x00, 0xe8, 0x03, 0xe7, 0x00
//     .byte 0x10, 0x03, 0x28, 0x00, 0x00, 0x00, 0x28, 0x00, 0x02, 0x00, 0x0d, 0x00, 0x9c, 0x00, 0x01, 0x01
//     .byte 0x00, 0x10, 0x00, 0x00, 0x34, 0x00, 0x47, 0x00, 0x08, 0x03, 0x26, 0x00, 0x00, 0x00, 0x24, 0x00
//     .byte 0x00, 0x00, 0x01, 0x00, 0x9e, 0x01, 0x01, 0x01, 0x00, 0x10, 0x00, 0x00, 0xe8, 0x03, 0x6e, 0x00
//     .byte 0x09, 0x03, 0x28, 0x00, 0x22, 0x00, 0x00, 0x00, 0x03, 0xd0, 0x04, 0x00, 0x00, 0x10, 0x01, 0x01
//     .byte 0x00, 0x10, 0x00, 0x00, 0xe8, 0x03, 0x00, 0x00, 0x00, 0x00, 0x00, 0x00, 0x00, 0x00, 0x00, 0x00
//     .byte 0x1e, 0x00, 0x00, 0x00, 0x00, 0x00, 0x01, 0x01, 0x00, 0x10, 0x00, 0x00, 0xe8, 0x03, 0x04, 0x01
//     .byte 0x00, 0x00, 0x00, 0x00, 0x00, 0x00, 0x00, 0x00, 0xff, 0x00, 0xff, 0x00, 0x00, 0x00, 0x01, 0x01
//     .byte 0x00, 0x10, 0x00, 0x00, 0x35, 0x00, 0x47, 0x00, 0xf7, 0x02, 0x1e, 0x00, 0x00, 0x00, 0x00, 0x00
//     .byte 0x00, 0x00, 0x01, 0x1e, 0x00, 0x02, 0x01, 0x01, 0x00, 0x10, 0x00, 0x00, 0xe8, 0x03, 0x1d, 0x00
//     .byte 0xf9, 0x02, 0x20, 0x00, 0x00, 0x00, 0x00, 0x00, 0x02, 0x00, 0x07, 0x00, 0x00, 0x00, 0x01, 0x01
//     .byte 0x00, 0x10, 0x00, 0x00, 0xe8, 0x03, 0x00, 0x00, 0x00, 0x00, 0x00, 0x00, 0x00, 0x00, 0x00, 0x00
//     .byte 0x1e, 0x00, 0x00, 0x00, 0x00, 0x00, 0x01, 0x01, 0x00, 0x10, 0x00, 0x00, 0xe8, 0x03, 0xfe, 0x00
//     .byte 0xf8, 0x02, 0x1e, 0x00, 0x00, 0x00, 0x00, 0x00, 0x03, 0x00, 0x08, 0x00, 0x00, 0x00, 0x01, 0x01
//     .byte 0x00, 0x10, 0x00, 0x00, 0x36, 0x00, 0x47, 0x00, 0x04, 0x03, 0x22, 0x00, 0x00, 0x00, 0x1e, 0x00
//     .byte 0x00, 0x00, 0x01, 0x23, 0x9e, 0x02, 0x01, 0x01, 0x00, 0x10, 0x00, 0x00, 0xe8, 0x03, 0x00, 0x00
//     .byte 0x00, 0x00, 0x00, 0x00, 0x00, 0x00, 0x00, 0x00, 0x1e, 0x00, 0x00, 0x00, 0x00, 0x00, 0x01, 0x01
//     .byte 0x00, 0x10, 0x00, 0x00, 0xe8, 0x03, 0x04, 0x01, 0x00, 0x00, 0x00, 0x00, 0x00, 0x00, 0x00, 0x00
//     .byte 0xff, 0x00, 0xff, 0x00, 0x00, 0x00, 0x01, 0x01, 0x00, 0x10, 0x00, 0x00, 0x37, 0x00, 0x47, 0x00
//     .byte 0xf2, 0x02, 0x14, 0x00, 0x00, 0x00, 0x00, 0x00, 0x00, 0x00, 0x01, 0x00, 0x00, 0x02, 0x01, 0x01
//     .byte 0x00, 0x10, 0x00, 0x00, 0xe8, 0x03, 0x00, 0x00, 0x00, 0x00, 0x00, 0x00, 0x00, 0x00, 0x00, 0x00
//     .byte 0x1e, 0x00, 0x00, 0x00, 0x00, 0x00, 0x01, 0x01, 0x00, 0x10, 0x00, 0x00, 0xe8, 0x03, 0x1f, 0x00
//     .byte 0xf4, 0x02, 0x36, 0x00, 0x00, 0x00, 0x00, 0x00, 0x03, 0x00, 0x07, 0x00, 0x00, 0x00, 0x01, 0x01
//     .byte 0x00, 0x10, 0x00, 0x00, 0x38, 0x00, 0x47, 0x00, 0x11, 0x03, 0x20, 0x00, 0x00, 0x00, 0x00, 0x00
//     .byte 0x00, 0x00, 0x01, 0x00, 0x00, 0x01, 0x01, 0x01, 0x00, 0x10, 0x00, 0x00, 0xe8, 0x03, 0x0a, 0x00
//     .byte 0x14, 0x03, 0x1e, 0x00, 0x30, 0x00, 0x00, 0x00, 0x03, 0xce, 0x07, 0x00, 0x00, 0x10, 0x01, 0x01
//     .byte 0x00, 0x10, 0x00, 0x00, 0xe8, 0x03, 0x11, 0x01, 0x13, 0x03, 0x1e, 0x00, 0x00, 0x00, 0x00, 0x00
//     .byte 0x02, 0x00, 0x06, 0x00, 0x00, 0x00, 0x01, 0x01, 0x00, 0x10, 0x00, 0x00, 0xe8, 0x03, 0x12, 0x01
//     .byte 0x13, 0x03, 0x1e, 0x00, 0x00, 0x00, 0x00, 0x00, 0x02, 0x00, 0x06, 0x00, 0x00, 0x00, 0x01, 0x01
//     .byte 0x00, 0x10, 0x00, 0x00, 0xe8, 0x03, 0x00, 0x00, 0x00, 0x00, 0x00, 0x00, 0x00, 0x00, 0x00, 0x00
//     .byte 0x1e, 0x00, 0x00, 0x00, 0x00, 0x00, 0x01, 0x01, 0x00, 0x10, 0x00, 0x00, 0x39, 0x00, 0xe7, 0x00
//     .byte 0x0d, 0x04, 0x14, 0x00, 0x00, 0x00, 0x00, 0x00, 0x04, 0x00, 0x0d, 0x00, 0x00, 0x02, 0x01, 0x01
//     .byte 0x00, 0x10, 0x00, 0x00, 0xe8, 0x03, 0xeb, 0x00, 0xe1, 0x02, 0x24, 0x00, 0x00, 0x00, 0x00, 0x00
//     .byte 0x03, 0x00, 0x0a, 0x2c, 0x00, 0x00, 0x01, 0x01, 0x00, 0x10, 0x00, 0x00, 0xe8, 0x03, 0x27, 0x00
//     .byte 0xe2, 0x02, 0x28, 0x00, 0x3e, 0x00, 0x00, 0x00, 0x05, 0xcf, 0x07, 0x00, 0x00, 0x14, 0x01, 0x01
//     .byte 0x00, 0x10, 0x00, 0x00, 0xe8, 0x03, 0x03, 0x01, 0x00, 0x00, 0x28, 0x00, 0x1c, 0x00, 0x00, 0x00
//     .byte 0x01, 0xdd, 0x04, 0x00, 0x00, 0x10, 0x01, 0x01, 0x00, 0x10, 0x00, 0x00, 0xe8, 0x03, 0x9b, 0x00
//     .byte 0x00, 0x00, 0x00, 0x00, 0x00, 0x00, 0x00, 0x00, 0xff, 0x00, 0xff, 0x00, 0x00, 0x00, 0x01, 0x01
//     .byte 0x00, 0x10, 0x00, 0x00, 0xe8, 0x03, 0x00, 0x00, 0x00, 0x00, 0x00, 0x00, 0x00, 0x00, 0x00, 0x00
//     .byte 0x1e, 0x00, 0x00, 0x00, 0x00, 0x00, 0x01, 0x01, 0x00, 0x10, 0x00, 0x00, 0xe8, 0x03, 0x47, 0x00
//     .byte 0x00, 0x00, 0x00, 0x00, 0x00, 0x00, 0x00, 0x00, 0x00, 0x00, 0x01, 0x00, 0x00, 0x00, 0x01, 0x01
//     .byte 0x00, 0x10, 0x00, 0x00, 0xe8, 0x03, 0xdc, 0x00, 0x00, 0x00, 0x00, 0x00, 0x00, 0x00, 0x00, 0x00
//     .byte 0xff, 0x00, 0xff, 0x00, 0x00, 0x00, 0x01, 0x01, 0x00, 0x10, 0x00, 0x00, 0x3a, 0x00, 0x47, 0x00
//     .byte 0x30, 0x03, 0x1a, 0x00, 0x00, 0x00, 0x00, 0x00, 0x00, 0x00, 0x01, 0x00, 0x00, 0x01, 0x01, 0x01
//     .byte 0x00, 0x10, 0x00, 0x00, 0xe8, 0x03, 0xe7, 0x00, 0x32, 0x03, 0x16, 0x00, 0x00, 0x00, 0x16, 0x00
//     .byte 0x02, 0x00, 0x0d, 0x2d, 0x9c, 0x00, 0x01, 0x01, 0x00, 0x10, 0x00, 0x00, 0xe8, 0x03, 0x00, 0x00
//     .byte 0x00, 0x00, 0x00, 0x00, 0x00, 0x00, 0x00, 0x00, 0x1e, 0x00, 0x00, 0x00, 0x00, 0x00, 0x01, 0x01
//     .byte 0x00, 0x10, 0x00, 0x00, 0xe8, 0x03, 0x04, 0x01, 0x00, 0x00, 0x00, 0x00, 0x00, 0x00, 0x00, 0x00
//     .byte 0xff, 0x00, 0xff, 0x00, 0x00, 0x00, 0x01, 0x01, 0x00, 0x10, 0x00, 0x00, 0x3b, 0x00, 0x47, 0x00
//     .byte 0x18, 0x03, 0x1e, 0x00, 0x00, 0x00, 0x1e, 0x00, 0x00, 0x00, 0x01, 0x00, 0x9e, 0x01, 0x01, 0x01
//     .byte 0x00, 0x10, 0x00, 0x00, 0xe8, 0x03, 0x00, 0x00, 0x00, 0x00, 0x00, 0x00, 0x00, 0x00, 0x00, 0x00
//     .byte 0x1e, 0x00, 0x00, 0x00, 0x00, 0x00, 0x01, 0x01, 0x00, 0x10, 0x00, 0x00, 0xe8, 0x03, 0x25, 0x00
//     .byte 0x19, 0x03, 0x1e, 0x00, 0x02, 0x00, 0x00, 0x00, 0x02, 0xc9, 0x07, 0x00, 0x00, 0x08, 0x01, 0x01
//     .byte 0x00, 0x10, 0x00, 0x00, 0x3c, 0x00, 0x47, 0x00, 0x33, 0x03, 0x26, 0x00, 0x00, 0x00, 0x00, 0x00
//     .byte 0x00, 0x00, 0x01, 0x2e, 0x00, 0x02, 0x01, 0x01, 0x00, 0x10, 0x00, 0x00, 0xe8, 0x03, 0x72, 0x00
//     .byte 0x9a, 0x02, 0x28, 0x00, 0x1a, 0x00, 0x00, 0x00, 0x05, 0xd4, 0x04, 0x00, 0x00, 0x10, 0x01, 0x01
//     .byte 0x00, 0x10, 0x00, 0x00, 0xe8, 0x03, 0x1b, 0x00, 0x34, 0x03, 0x28, 0x00, 0x14, 0x00, 0x00, 0x00
//     .byte 0x01, 0xcf, 0x07, 0x00, 0x00, 0x08, 0x01, 0x01, 0x00, 0x10, 0x00, 0x00, 0xe8, 0x03, 0x09, 0x00
//     .byte 0x34, 0x03, 0x1e, 0x00, 0x2a, 0x00, 0x00, 0x00, 0x03, 0xcb, 0x07, 0x00, 0x00, 0x08, 0x01, 0x01
//     .byte 0x00, 0x10, 0x00, 0x00, 0xe8, 0x03, 0x00, 0x00, 0x00, 0x00, 0x00, 0x00, 0x00, 0x00, 0x00, 0x00
//     .byte 0x1e, 0x00, 0x00, 0x00, 0x00, 0x00, 0x01, 0x01, 0x00, 0x10, 0x00, 0x00, 0xe8, 0x03, 0x16, 0x00
//     .byte 0x34, 0x03, 0x1e, 0x00, 0x2a, 0x00, 0x00, 0x00, 0x01, 0xcd, 0x07, 0x00, 0x00, 0x08, 0x01, 0x01
//     .byte 0x00, 0x10, 0x00, 0x00, 0x3d, 0x00, 0x47, 0x00, 0x36, 0x03, 0x22, 0x00, 0x00, 0x00, 0x22, 0x00
//     .byte 0x00, 0x00, 0x01, 0x00, 0x9e, 0x02, 0x01, 0x01, 0x00, 0x10, 0x00, 0x00, 0xe8, 0x03, 0x00, 0x00
//     .byte 0x00, 0x00, 0x00, 0x00, 0x00, 0x00, 0x00, 0x00, 0x1e, 0x00, 0x00, 0x00, 0x00, 0x00, 0x01, 0x01
//     .byte 0x00, 0x10, 0x00, 0x00, 0xe8, 0x03, 0x26, 0x00, 0x37, 0x03, 0x1e, 0x00, 0x18, 0x00, 0x00, 0x00
//     .byte 0x02, 0xc9, 0x07, 0x00, 0x00, 0x08, 0x01, 0x01, 0x00, 0x10, 0x00, 0x00, 0x3e, 0x00, 0x47, 0x00
//     .byte 0x39, 0x03, 0x1c, 0x00, 0x00, 0x00, 0x1c, 0x00, 0x00, 0x00, 0x01, 0x00, 0xa1, 0x01, 0x01, 0x01
//     .byte 0x00, 0x10, 0x00, 0x00, 0xe8, 0x03, 0x00, 0x00, 0x00, 0x00, 0x00, 0x00, 0x00, 0x00, 0x00, 0x00
//     .byte 0x1e, 0x00, 0x00, 0x00, 0x00, 0x00, 0x01, 0x01, 0x00, 0x10, 0x00, 0x00, 0xe8, 0x03, 0x72, 0x00
//     .byte 0x3a, 0x03, 0x28, 0x00, 0x2a, 0x00, 0x00, 0x00, 0x06, 0xd4, 0x09, 0x00, 0x00, 0x14, 0x01, 0x01
//     .byte 0x00, 0x10, 0x00, 0x00, 0x3f, 0x00, 0x47, 0x00, 0x3d, 0x03, 0x1a, 0x00, 0x00, 0x00, 0x00, 0x00
//     .byte 0x00, 0x00, 0x01, 0x00, 0x00, 0x02, 0x01, 0x01, 0x00, 0x10, 0x00, 0x00, 0xe8, 0x03, 0xe7, 0x00
//     .byte 0x41, 0x03, 0x30, 0x00, 0x00, 0x00, 0x00, 0x00, 0x03, 0x00, 0x0d, 0x2f, 0x00, 0x00, 0x01, 0x01
//     .byte 0x00, 0x10, 0x00, 0x00, 0xe8, 0x03, 0x00, 0x00, 0x00, 0x00, 0x00, 0x00, 0x00, 0x00, 0x00, 0x00
//     .byte 0x1e, 0x00, 0x00, 0x00, 0x00, 0x00, 0x01, 0x01, 0x00, 0x10, 0x00, 0x00, 0xe8, 0x03, 0x0f, 0x01
//     .byte 0x3f, 0x03, 0x1e, 0x00, 0x00, 0x00, 0x00, 0x00, 0x01, 0x00, 0x06, 0x00, 0x00, 0x00, 0x01, 0x01
//     .byte 0x00, 0x10, 0x00, 0x00, 0x40, 0x00, 0x47, 0x00, 0xe9, 0x02, 0x12, 0x00, 0x00, 0x00, 0x00, 0x00
//     .byte 0x00, 0x00, 0x01, 0x00, 0x00, 0x00, 0x01, 0x01, 0x00, 0x10, 0x00, 0x00, 0xe8, 0x03, 0x00, 0x00
//     .byte 0x00, 0x00, 0x00, 0x00, 0x00, 0x00, 0x00, 0x00, 0x1e, 0x00, 0x00, 0x00, 0x00, 0x00, 0x01, 0x01
//     .byte 0x00, 0x10, 0x00, 0x00, 0xe8, 0x03, 0x1e, 0x00, 0xea, 0x02, 0x1e, 0x00, 0x0a, 0x00, 0x00, 0x00
//     .byte 0x02, 0xc9, 0x07, 0x00, 0x00, 0x08, 0x01, 0x01, 0x00, 0x10, 0x00, 0x00, 0x41, 0x00, 0x47, 0x00
//     .byte 0xfb, 0x02, 0x20, 0x00, 0x00, 0x00, 0x20, 0x00, 0x00, 0x00, 0x01, 0x00, 0x9e, 0x02, 0x01, 0x01
//     .byte 0x00, 0x10, 0x00, 0x00, 0xe8, 0x03, 0x0a, 0x01, 0xfe, 0x02, 0x1e, 0x00, 0x00, 0x00, 0x06, 0x00
//     .byte 0x02, 0x00, 0x0a, 0x00, 0xa0, 0x00, 0x01, 0x01, 0x00, 0x10, 0x00, 0x00, 0xe8, 0x03, 0x23, 0x00
//     .byte 0xfc, 0x02, 0x28, 0x00, 0x18, 0x00, 0x00, 0x00, 0x03, 0xcf, 0x07, 0x00, 0x00, 0x10, 0x01, 0x01
//     .byte 0x00, 0x10, 0x00, 0x00, 0xe8, 0x03, 0x31, 0x00, 0xfc, 0x02, 0x28, 0x00, 0x18, 0x00, 0x00, 0x00
//     .byte 0x03, 0xcf, 0x07, 0x00, 0x00, 0x10, 0x01, 0x01, 0x00, 0x10, 0x00, 0x00, 0xe8, 0x03, 0x00, 0x00
//     .byte 0x00, 0x00, 0x00, 0x00, 0x00, 0x00, 0x00, 0x00, 0x1e, 0x00, 0x00, 0x00, 0x00, 0x00, 0x01, 0x01
//     .byte 0x00, 0x10, 0x00, 0x00, 0xe8, 0x03, 0xfd, 0x00, 0xfd, 0x02, 0x1e, 0x00, 0x00, 0x00, 0x00, 0x00
//     .byte 0x04, 0x00, 0x08, 0x00, 0x00, 0x00, 0x01, 0x01, 0x00, 0x10, 0x00, 0x00, 0x42, 0x00, 0x47, 0x00
//     .byte 0x42, 0x03, 0x28, 0x00, 0x00, 0x00, 0x28, 0x00, 0x00, 0x00, 0x01, 0x30, 0x9c, 0x02, 0x01, 0x01
//     .byte 0x00, 0x10, 0x00, 0x00, 0xe8, 0x03, 0xdc, 0x00, 0x00, 0x00, 0x1e, 0x00, 0x00, 0x00, 0x00, 0x00
//     .byte 0xff, 0x00, 0xff, 0x00, 0x00, 0x00, 0x01, 0x01, 0x00, 0x10, 0x00, 0x00, 0xe8, 0x03, 0x00, 0x00
//     .byte 0x00, 0x00, 0x00, 0x00, 0x00, 0x00, 0x00, 0x00, 0x1e, 0x00, 0x00, 0x00, 0x00, 0x00, 0x01, 0x01
//     .byte 0x00, 0x10, 0x00, 0x00, 0xe8, 0x03, 0x1b, 0x00, 0x43, 0x03, 0x22, 0x00, 0x72, 0x00, 0x70, 0x00
//     .byte 0x01, 0xdf, 0x07, 0x31, 0x9d, 0x14, 0x01, 0x01, 0x00, 0x10, 0x00, 0x00, 0x43, 0x00, 0x47, 0x00
//     .byte 0x44, 0x03, 0x22, 0x00, 0x00, 0x00, 0x00, 0x00, 0x00, 0x00, 0x01, 0x00, 0x00, 0x01, 0x01, 0x01
//     .byte 0x00, 0x10, 0x00, 0x00, 0xe8, 0x03, 0x00, 0x00, 0x00, 0x00, 0x00, 0x00, 0x00, 0x00, 0x00, 0x00
//     .byte 0x1e, 0x00, 0x00, 0x00, 0x00, 0x00, 0x01, 0x01, 0xcc, 0x14, 0x00, 0x00, 0xe8, 0x03, 0xe3, 0x00
//     .byte 0x47, 0x03, 0x00, 0x00, 0x16, 0x00, 0x14, 0x00, 0x03, 0xd8, 0x09, 0x00, 0xa0, 0x0c, 0x01, 0x01
//     .byte 0x00, 0x10, 0x00, 0x00, 0x44, 0x00, 0x47, 0x00, 0xbc, 0x02, 0x20, 0x00, 0x00, 0x00, 0x00, 0x00
//     .byte 0x00, 0x00, 0x01, 0x15, 0x00, 0x02, 0x01, 0x01, 0x00, 0x10, 0x00, 0x00, 0xe8, 0x03, 0x01, 0x00
//     .byte 0xbf, 0x02, 0x1e, 0x00, 0x2a, 0x00, 0x00, 0x00, 0x03, 0xca, 0x07, 0x17, 0x00, 0x10, 0x01, 0x01
//     .byte 0x00, 0x10, 0x00, 0x00, 0xe8, 0x03, 0x04, 0x01, 0x00, 0x00, 0x00, 0x00, 0x00, 0x00, 0x00, 0x00
//     .byte 0xff, 0x00, 0xff, 0x00, 0x00, 0x00, 0x01, 0x01, 0x00, 0x10, 0x00, 0x00, 0xe8, 0x03, 0x00, 0x00
//     .byte 0x00, 0x00, 0x00, 0x00, 0x00, 0x00, 0x00, 0x00, 0x1e, 0x00, 0x00, 0x00, 0x00, 0x00, 0x01, 0x01
//     .byte 0x00, 0x10, 0x00, 0x00, 0x45, 0x00, 0x47, 0x00, 0x0b, 0x03, 0x1a, 0x00, 0x00, 0x00, 0x00, 0x00
//     .byte 0x00, 0x00, 0x01, 0x00, 0x00, 0x01, 0x01, 0x01, 0x00, 0x10, 0x00, 0x00, 0xe8, 0x03, 0x00, 0x00
//     .byte 0x00, 0x00, 0x00, 0x00, 0x00, 0x00, 0x00, 0x00, 0x1e, 0x00, 0x00, 0x00, 0x00, 0x00, 0x01, 0x01
//     .byte 0x00, 0x10, 0x00, 0x00, 0xe8, 0x03, 0x1d, 0x00, 0x0c, 0x03, 0x1e, 0x00, 0x1e, 0x00, 0x00, 0x00
//     .byte 0x03, 0xc9, 0x07, 0x00, 0x00, 0x08, 0x01, 0x01, 0x00, 0x10, 0x00, 0x00, 0x46, 0x00, 0x47, 0x00
//     .byte 0xdd, 0x02, 0x1c, 0x00, 0x00, 0x00, 0x00, 0x00, 0x00, 0x00, 0x01, 0x00, 0x00, 0x00, 0x01, 0x01
//     .byte 0x00, 0x10, 0x00, 0x00, 0xe8, 0x03, 0x3a, 0x00, 0xde, 0x02, 0x2c, 0x00, 0x00, 0x00, 0x00, 0x00
//     .byte 0x01, 0x00, 0x07, 0x1b, 0x00, 0x00, 0x01, 0x01, 0x00, 0x10, 0x00, 0x00, 0xe8, 0x03, 0x00, 0x00
//     .byte 0x00, 0x00, 0x00, 0x00, 0x00, 0x00, 0x00, 0x00, 0x1e, 0x00, 0x00, 0x00, 0x00, 0x00, 0x01, 0x01
//     .byte 0x00, 0x10, 0x00, 0x00, 0x47, 0x00, 0x47, 0x00, 0x4a, 0x03, 0x1e, 0x00, 0x00, 0x00, 0x1e, 0x00
//     .byte 0x00, 0x00, 0x01, 0x00, 0xa1, 0x00, 0x01, 0x01, 0x00, 0x10, 0x00, 0x00, 0xe8, 0x03, 0x6e, 0x00
//     .byte 0x4c, 0x03, 0x28, 0x00, 0x2a, 0x00, 0x00, 0x00, 0x03, 0xd0, 0x04, 0x00, 0x00, 0x10, 0x01, 0x01
//     .byte 0x00, 0x10, 0x00, 0x00, 0xe8, 0x03, 0x00, 0x00, 0x00, 0x00, 0x00, 0x00, 0x00, 0x00, 0x00, 0x00
//     .byte 0x1e, 0x00, 0x00, 0x00, 0x00, 0x00, 0x01, 0x01, 0x00, 0x10, 0x00, 0x00, 0xe8, 0x03, 0x33, 0x00
//     .byte 0x4b, 0x03, 0x28, 0x00, 0x10, 0x00, 0x00, 0x00, 0x01, 0xcf, 0x07, 0x00, 0x00, 0x14, 0x01, 0x01
//     .byte 0x00, 0x10, 0x00, 0x00, 0x48, 0x00, 0x47, 0x00, 0x1f, 0x03, 0x28, 0x00, 0x00, 0x00, 0x00, 0x00
//     .byte 0x00, 0x00, 0x01, 0x35, 0x36, 0x02, 0x01, 0x01, 0x00, 0x10, 0x00, 0x00, 0xe8, 0x03, 0x14, 0x00
//     .byte 0x21, 0x03, 0x1e, 0x00, 0x30, 0x00, 0x00, 0x00, 0x04, 0xcd, 0x07, 0x37, 0x38, 0x10, 0x01, 0x01
//     .byte 0x00, 0x10, 0x00, 0x00, 0xe8, 0x03, 0x02, 0x00, 0x21, 0x03, 0x1e, 0x00, 0x30, 0x00, 0x00, 0x00
//     .byte 0x05, 0xca, 0x07, 0x37, 0x38, 0x10, 0x01, 0x01, 0x00, 0x10, 0x00, 0x00, 0xe8, 0x03, 0x00, 0x00
//     .byte 0x00, 0x00, 0x00, 0x00, 0x00, 0x00, 0x00, 0x00, 0x1e, 0x00, 0x00, 0x00, 0x00, 0x00, 0x01, 0x01
//     .byte 0x00, 0x10, 0x00, 0x00, 0xe8, 0x03, 0x22, 0x00, 0x21, 0x03, 0x1e, 0x00, 0x30, 0x00, 0x00, 0x00
//     .byte 0x03, 0xc9, 0x07, 0x37, 0x38, 0x10, 0x01, 0x01, 0x00, 0x10, 0x00, 0x00, 0x49, 0x00, 0x47, 0x00
//     .byte 0x00, 0x03, 0x24, 0x00, 0x00, 0x00, 0x26, 0x00, 0x00, 0x00, 0x01, 0x20, 0x9e, 0x01, 0x01, 0x01
//     .byte 0x00, 0x10, 0x00, 0x00, 0xe8, 0x03, 0x26, 0x00, 0x01, 0x03, 0x1e, 0x00, 0x1e, 0x00, 0x00, 0x00
//     .byte 0x03, 0xc9, 0x0b, 0x00, 0x00, 0x10, 0x01, 0x01, 0x00, 0x10, 0x00, 0x00, 0xe8, 0x03, 0x20, 0x00
//     .byte 0x01, 0x03, 0x1e, 0x00, 0x1e, 0x00, 0x00, 0x00, 0x01, 0xc9, 0x07, 0x00, 0x00, 0x10, 0x01, 0x01
//     .byte 0x00, 0x10, 0x00, 0x00, 0xe8, 0x03, 0xfe, 0x00, 0x02, 0x03, 0x1e, 0x00, 0x00, 0x00, 0x00, 0x00
//     .byte 0x02, 0x00, 0x08, 0x21, 0x00, 0x00, 0x01, 0x01, 0x00, 0x10, 0x00, 0x00, 0xe8, 0x03, 0x00, 0x00
//     .byte 0x00, 0x00, 0x00, 0x00, 0x00, 0x00, 0x00, 0x00, 0x1e, 0x00, 0x00, 0x00, 0x00, 0x00, 0x01, 0x01
//     .byte 0x00, 0x10, 0x00, 0x00, 0xe8, 0x03, 0x04, 0x01, 0x00, 0x00, 0x00, 0x00, 0x00, 0x00, 0x00, 0x00
//     .byte 0xff, 0x00, 0xff, 0x00, 0x00, 0x00, 0x01, 0x01, 0x00, 0x10, 0x00, 0x00, 0x4a, 0x00, 0x47, 0x00
//     .byte 0xc8, 0x02, 0x1c, 0x00, 0x00, 0x00, 0x00, 0x00, 0x00, 0x00, 0x01, 0x00, 0x00, 0x02, 0x01, 0x01
//     .byte 0x00, 0x10, 0x00, 0x00, 0xe8, 0x03, 0x1c, 0x00, 0xc9, 0x02, 0x1e, 0x00, 0x14, 0x00, 0x00, 0x00
//     .byte 0x02, 0xc9, 0x07, 0x00, 0x00, 0x08, 0x01, 0x01, 0x00, 0x10, 0x00, 0x00, 0xe8, 0x03, 0x1d, 0x00
//     .byte 0xc9, 0x02, 0x1e, 0x00, 0x14, 0x00, 0x00, 0x00, 0x02, 0xc9, 0x07, 0x00, 0x00, 0x08, 0x01, 0x01
//     .byte 0x00, 0x10, 0x00, 0x00, 0xe8, 0x03, 0x00, 0x00, 0x00, 0x00, 0x00, 0x00, 0x00, 0x00, 0x00, 0x00
//     .byte 0x1e, 0x00, 0x00, 0x00, 0x00, 0x00, 0x01, 0x01, 0x00, 0x10, 0x00, 0x00, 0x4b, 0x00, 0x47, 0x00
//     .byte 0x1b, 0x03, 0x1c, 0x00, 0x00, 0x00, 0x1c, 0x00, 0x00, 0x00, 0x01, 0x00, 0xa1, 0x01, 0x01, 0x01
//     .byte 0x00, 0x10, 0x00, 0x00, 0xe8, 0x03, 0x00, 0x00, 0x00, 0x00, 0x00, 0x00, 0x00, 0x00, 0x00, 0x00
//     .byte 0x1e, 0x00, 0x00, 0x00, 0x00, 0x00, 0x01, 0x01, 0x00, 0x10, 0x00, 0x00, 0xe8, 0x03, 0x15, 0x01
//     .byte 0x1d, 0x03, 0x1e, 0x00, 0x00, 0x00, 0x00, 0x00, 0x02, 0x00, 0x06, 0x27, 0x00, 0x00, 0x01, 0x01
//     .byte 0x00, 0x10, 0x00, 0x00, 0x4c, 0x00, 0x47, 0x00, 0x36, 0x03, 0x22, 0x00, 0x00, 0x00, 0x22, 0x00
//     .byte 0x00, 0x00, 0x01, 0x00, 0x9e, 0x02, 0x01, 0x01, 0x00, 0x10, 0x00, 0x00, 0xe8, 0x03, 0x00, 0x00
//     .byte 0x00, 0x00, 0x00, 0x00, 0x00, 0x00, 0x00, 0x00, 0x1e, 0x00, 0x00, 0x00, 0x00, 0x00, 0x01, 0x01
//     .byte 0x00, 0x10, 0x00, 0x00, 0xe8, 0x03, 0x36, 0x00, 0x37, 0x03, 0x28, 0x00, 0x18, 0x00, 0x00, 0x00
//     .byte 0x01, 0xcf, 0x07, 0x00, 0x00, 0x08, 0x01, 0x01, 0x00, 0x10, 0x00, 0x00, 0x4d, 0x00, 0x47, 0x00
//     .byte 0x4e, 0x03, 0x2e, 0x00, 0x00, 0x00, 0x28, 0x00, 0x00, 0x00, 0x01, 0x00, 0xa1, 0x02, 0x01, 0x01
//     .byte 0x00, 0x10, 0x00, 0x00, 0xe8, 0x03, 0x14, 0x00, 0x4f, 0x03, 0x1e, 0x00, 0x3e, 0x00, 0x00, 0x00
//     .byte 0x05, 0xcd, 0x07, 0x00, 0x00, 0x14, 0x01, 0x01, 0x00, 0x10, 0x00, 0x00, 0xe8, 0x03, 0x25, 0x00
//     .byte 0x4f, 0x03, 0x1e, 0x00, 0x3e, 0x00, 0x00, 0x00, 0x07, 0xc9, 0x07, 0x00, 0x00, 0x14, 0x01, 0x01
//     .byte 0x00, 0x10, 0x00, 0x00, 0xe8, 0x03, 0x00, 0x00, 0x00, 0x00, 0x00, 0x00, 0x00, 0x00, 0x00, 0x00
//     .byte 0x1e, 0x00, 0x00, 0x00, 0x00, 0x00, 0x01, 0x01, 0x00, 0x10, 0x00, 0x00, 0xe8, 0x03, 0x13, 0x01
//     .byte 0x51, 0x03, 0x1e, 0x00, 0x00, 0x00, 0x00, 0x00, 0x03, 0x00, 0x06, 0x00, 0x00, 0x00, 0x01, 0x01
//     .byte 0x00, 0x10, 0x00, 0x00, 0x4e, 0x00, 0x47, 0x00, 0x53, 0x03, 0x2e, 0x00, 0x00, 0x00, 0x00, 0x00
//     .byte 0x00, 0x00, 0x01, 0x3b, 0x00, 0x00, 0x01, 0x01, 0x00, 0x10, 0x00, 0x00, 0xe8, 0x03, 0x04, 0x00
//     .byte 0x54, 0x03, 0x32, 0x00, 0x00, 0x00, 0x00, 0x00, 0x01, 0x00, 0x07, 0x00, 0x00, 0x00, 0x01, 0x01
//     .byte 0x00, 0x10, 0x00, 0x00, 0xe8, 0x03, 0x00, 0x00, 0x00, 0x00, 0x00, 0x00, 0x00, 0x00, 0x00, 0x00
//     .byte 0x1e, 0x00, 0x00, 0x00, 0x00, 0x00, 0x01, 0x01, 0x00, 0x10, 0x00, 0x00, 0xe8, 0x03, 0x6e, 0x00
//     .byte 0x55, 0x03, 0x28, 0x00, 0x20, 0x00, 0x00, 0x00, 0x02, 0xd0, 0x04, 0x00, 0x00, 0x10, 0x01, 0x01
//     .byte 0x00, 0x10, 0x00, 0x00, 0x4f, 0x00, 0x47, 0x00, 0x27, 0x03, 0x1e, 0x00, 0x00, 0x00, 0x00, 0x00
//     .byte 0x00, 0x00, 0x01, 0x29, 0x00, 0x00, 0x01, 0x01, 0x00, 0x10, 0x00, 0x00, 0xe8, 0x03, 0xe7, 0x00
//     .byte 0x29, 0x03, 0x40, 0x00, 0x00, 0x00, 0x40, 0x00, 0x05, 0x00, 0x0d, 0x00, 0x9c, 0x00, 0x01, 0x01
//     .byte 0x00, 0x10, 0x00, 0x00, 0xe8, 0x03, 0x00, 0x00, 0x00, 0x00, 0x1e, 0x00, 0x00, 0x00, 0x00, 0x00
//     .byte 0x1e, 0x00, 0x00, 0x00, 0x00, 0x00, 0x01, 0x01, 0x00, 0x10, 0x00, 0x00, 0xe8, 0x03, 0x72, 0x00
//     .byte 0x9a, 0x02, 0x28, 0x00, 0x1c, 0x00, 0x00, 0x00, 0x03, 0xd4, 0x04, 0x00, 0x00, 0x10, 0x01, 0x01
//     .byte 0x00, 0x10, 0x00, 0x00, 0xe8, 0x03, 0x73, 0x00, 0x9a, 0x02, 0x28, 0x00, 0x1c, 0x00, 0x00, 0x00
//     .byte 0x04, 0xd5, 0x04, 0x00, 0x00, 0x10, 0x01, 0x01, 0x00, 0x10, 0x00, 0x00, 0x50, 0x00, 0x47, 0x00
//     .byte 0xec, 0x02, 0x12, 0x00, 0x00, 0x00, 0x12, 0x00, 0x00, 0x00, 0x01, 0x00, 0xa1, 0x02, 0x01, 0x01
//     .byte 0x00, 0x10, 0x00, 0x00, 0xe8, 0x03, 0x0b, 0x00, 0xee, 0x02, 0x28, 0x00, 0x00, 0x00, 0x10, 0x00
//     .byte 0x01, 0x00, 0x07, 0x00, 0xa0, 0x00, 0x01, 0x01, 0x00, 0x10, 0x00, 0x00, 0xe8, 0x03, 0x00, 0x00
//     .byte 0x00, 0x00, 0x00, 0x00, 0x00, 0x00, 0x00, 0x00, 0x1e, 0x00, 0x00, 0x00, 0x00, 0x00, 0x01, 0x01
//     .byte 0x00, 0x10, 0x00, 0x00, 0xe8, 0x03, 0x01, 0x01, 0xed, 0x02, 0x56, 0x00, 0x2e, 0x00, 0x00, 0x00
//     .byte 0x03, 0xdc, 0x04, 0x00, 0x00, 0x14, 0x01, 0x01, 0x00, 0x10, 0x00, 0x00, 0x51, 0x00, 0x47, 0x00
//     .byte 0x56, 0x03, 0x24, 0x00, 0x00, 0x00, 0x24, 0x00, 0x00, 0x00, 0x01, 0x00, 0x9e, 0x01, 0x01, 0x01
//     .byte 0x00, 0x10, 0x00, 0x00, 0xe8, 0x03, 0x00, 0x00, 0x00, 0x00, 0x00, 0x00, 0x00, 0x00, 0x00, 0x00
//     .byte 0x1e, 0x00, 0x00, 0x00, 0x00, 0x00, 0x01, 0x01, 0x00, 0x10, 0x00, 0x00, 0x52, 0x00, 0x47, 0x00
//     .byte 0xd4, 0x02, 0x24, 0x00, 0x00, 0x00, 0x00, 0x00, 0x00, 0x00, 0x01, 0x00, 0x00, 0x00, 0x01, 0x01
//     .byte 0x00, 0x10, 0x00, 0x00, 0xe8, 0x03, 0x04, 0x00, 0xd6, 0x02, 0x1e, 0x00, 0x2c, 0x00, 0x00, 0x00
//     .byte 0x01, 0xcb, 0x07, 0x00, 0x00, 0x10, 0x01, 0x01, 0x00, 0x10, 0x00, 0x00, 0xe8, 0x03, 0x01, 0x00
//     .byte 0xd6, 0x02, 0x1e, 0x00, 0x2c, 0x00, 0x00, 0x00, 0x04, 0xca, 0x07, 0x00, 0x00, 0x10, 0x01, 0x01
//     .byte 0x00, 0x10, 0x00, 0x00, 0xe8, 0x03, 0x04, 0x01, 0x00, 0x00, 0x00, 0x00, 0x00, 0x00, 0x00, 0x00
//     .byte 0xff, 0x00, 0xff, 0x00, 0x00, 0x00, 0x01, 0x01, 0x00, 0x10, 0x00, 0x00, 0xe8, 0x03, 0x00, 0x00
//     .byte 0x00, 0x00, 0x00, 0x00, 0x00, 0x00, 0x00, 0x00, 0x1e, 0x00, 0x00, 0x00, 0x00, 0x00, 0x01, 0x01
//     .byte 0x00, 0x10, 0x00, 0x00, 0x53, 0x00, 0x47, 0x00, 0x2d, 0x03, 0x24, 0x00, 0x00, 0x00, 0x00, 0x00
//     .byte 0x00, 0x00, 0x01, 0x00, 0x00, 0x02, 0x01, 0x01, 0x00, 0x10, 0x00, 0x00, 0xe8, 0x03, 0x00, 0x00
//     .byte 0x00, 0x00, 0x00, 0x00, 0x00, 0x00, 0x00, 0x00, 0x1e, 0x00, 0x00, 0x00, 0x00, 0x00, 0x01, 0x01
//     .byte 0x00, 0x10, 0x00, 0x00, 0xe8, 0x03, 0x1e, 0x00, 0x2e, 0x03, 0x1e, 0x00, 0x0a, 0x00, 0x00, 0x00
//     .byte 0x02, 0xc9, 0x07, 0x00, 0x00, 0x08, 0x01, 0x01, 0x00, 0x10, 0x00, 0x00, 0x54, 0x00, 0x47, 0x00
//     .byte 0x30, 0x03, 0x1a, 0x00, 0x00, 0x00, 0x00, 0x00, 0x00, 0x00, 0x01, 0x00, 0x00, 0x01, 0x01, 0x01
//     .byte 0x00, 0x10, 0x00, 0x00, 0xe8, 0x03, 0x00, 0x00, 0x00, 0x00, 0x00, 0x00, 0x00, 0x00, 0x00, 0x00
//     .byte 0x1e, 0x00, 0x00, 0x00, 0x00, 0x00, 0x01, 0x01, 0x00, 0x10, 0x00, 0x00, 0xe8, 0x03, 0x04, 0x01
//     .byte 0x00, 0x00, 0x00, 0x00, 0x00, 0x00, 0x00, 0x00, 0xff, 0x00, 0xff, 0x00, 0x00, 0x00, 0x01, 0x01
//     .byte 0x00, 0x10, 0x00, 0x00, 0x55, 0x00, 0x47, 0x00, 0x58, 0x03, 0x2e, 0x00, 0x00, 0x00, 0x00, 0x00
//     .byte 0x00, 0x00, 0x01, 0x00, 0x00, 0x00, 0x01, 0x01, 0x00, 0x10, 0x00, 0x00, 0xe8, 0x03, 0xea, 0x00
//     .byte 0x5a, 0x03, 0x00, 0x00, 0x3c, 0x00, 0x3c, 0x00, 0x02, 0xed, 0x05, 0x3c, 0xa1, 0x14, 0x01, 0x01
//     .byte 0x00, 0x10, 0x00, 0x00, 0xe8, 0x03, 0x00, 0x00, 0x00, 0x00, 0x00, 0x00, 0x00, 0x00, 0x00, 0x00
//     .byte 0x1e, 0x00, 0x00, 0x00, 0x00, 0x00, 0x01, 0x01, 0x00, 0x10, 0x00, 0x00, 0xe8, 0x03, 0x26, 0x00
//     .byte 0x59, 0x03, 0x1e, 0x00, 0x28, 0x00, 0x00, 0x00, 0x01, 0xc9, 0x07, 0x00, 0x00, 0x10, 0x01, 0x01
//     .byte 0x00, 0x10, 0x00, 0x00, 0x56, 0x00, 0x47, 0x00, 0x04, 0x03, 0x22, 0x00, 0x00, 0x00, 0x1e, 0x00
//     .byte 0x00, 0x00, 0x01, 0x23, 0x9e, 0x02, 0x01, 0x01, 0x00, 0x10, 0x00, 0x00, 0xe8, 0x03, 0x6f, 0x00
//     .byte 0x05, 0x03, 0x28, 0x00, 0x26, 0x00, 0x00, 0x00, 0x02, 0xd1, 0x04, 0x00, 0x00, 0x14, 0x01, 0x01
//     .byte 0x00, 0x10, 0x00, 0x00, 0xe8, 0x03, 0x00, 0x00, 0x00, 0x00, 0x00, 0x00, 0x00, 0x00, 0x00, 0x00
//     .byte 0x1e, 0x00, 0x00, 0x00, 0x00, 0x00, 0x01, 0x01, 0x00, 0x10, 0x00, 0x00, 0xe8, 0x03, 0x0f, 0x01
//     .byte 0x06, 0x03, 0x1e, 0x00, 0x00, 0x00, 0x00, 0x00, 0x03, 0x00, 0x06, 0x00, 0x00, 0x00, 0x01, 0x01
//     .byte 0x00, 0x10, 0x00, 0x00, 0x57, 0x00, 0x47, 0x00, 0x5c, 0x03, 0x20, 0x00, 0x00, 0x00, 0x00, 0x00
//     .byte 0x00, 0x00, 0x01, 0x3d, 0x00, 0x02, 0x01, 0x01, 0x00, 0x10, 0x00, 0x00, 0xe8, 0x03, 0x05, 0x00
//     .byte 0x5d, 0x03, 0x2e, 0x00, 0x00, 0x00, 0x00, 0x00, 0x01, 0x00, 0x07, 0x00, 0x00, 0x00, 0x01, 0x01
//     .byte 0x00, 0x10, 0x00, 0x00, 0xe8, 0x03, 0x00, 0x00, 0x00, 0x00, 0x00, 0x00, 0x00, 0x00, 0x00, 0x00
//     .byte 0x1e, 0x00, 0x00, 0x00, 0x00, 0x00, 0x01, 0x01, 0x00, 0x10, 0x00, 0x00, 0xe8, 0x03, 0x23, 0x00
//     .byte 0x5e, 0x03, 0x28, 0x00, 0x14, 0x00, 0x00, 0x00, 0x05, 0xcf, 0x09, 0x00, 0x00, 0x08, 0x01, 0x01
//     .byte 0x00, 0x10, 0x00, 0x00, 0x58, 0x00, 0x47, 0x00, 0x39, 0x03, 0x1c, 0x00, 0x00, 0x00, 0x1c, 0x00
//     .byte 0x00, 0x00, 0x01, 0x00, 0xa1, 0x01, 0x01, 0x01, 0x00, 0x10, 0x00, 0x00, 0xe8, 0x03, 0x00, 0x00
//     .byte 0x00, 0x00, 0x00, 0x00, 0x00, 0x00, 0x00, 0x00, 0x1e, 0x00, 0x00, 0x00, 0x00, 0x00, 0x01, 0x01
//     .byte 0x00, 0x10, 0x00, 0x00, 0x59, 0x00, 0x47, 0x00, 0x18, 0x03, 0x1e, 0x00, 0x00, 0x00, 0x1e, 0x00
//     .byte 0x00, 0x00, 0x01, 0x00, 0x9e, 0x01, 0x01, 0x01, 0x00, 0x10, 0x00, 0x00, 0xe8, 0x03, 0x00, 0x00
//     .byte 0x00, 0x00, 0x00, 0x00, 0x00, 0x00, 0x00, 0x00, 0x1e, 0x00, 0x00, 0x00, 0x00, 0x00, 0x01, 0x01
//     .byte 0x00, 0x10, 0x00, 0x00, 0xe8, 0x03, 0x03, 0x01, 0x00, 0x00, 0x28, 0x00, 0x2c, 0x00, 0x00, 0x00
//     .byte 0x03, 0xdd, 0x04, 0x00, 0x00, 0x14, 0x01, 0x01, 0x00, 0x10, 0x00, 0x00, 0x5a, 0x00, 0x47, 0x00
//     .byte 0x2a, 0x03, 0x2c, 0x00, 0x00, 0x00, 0x00, 0x00, 0x00, 0x00, 0x01, 0x2a, 0x00, 0x01, 0x01, 0x01
//     .byte 0x00, 0x10, 0x00, 0x00, 0xe8, 0x03, 0x00, 0x00, 0x00, 0x00, 0x00, 0x00, 0x00, 0x00, 0x00, 0x00
//     .byte 0x1e, 0x00, 0x00, 0x00, 0x00, 0x00, 0x01, 0x01, 0x00, 0x10, 0x00, 0x00, 0xe8, 0x03, 0x10, 0x00
//     .byte 0x2b, 0x03, 0x1e, 0x00, 0x22, 0x00, 0x00, 0x00, 0x03, 0xc9, 0x07, 0x00, 0x00, 0x10, 0x01, 0x01
//     .byte 0x00, 0x10, 0x00, 0x00, 0x5b, 0x00, 0x47, 0x00, 0x5f, 0x03, 0x22, 0x00, 0x00, 0x00, 0x22, 0x00
//     .byte 0x00, 0x00, 0x01, 0x00, 0x9c, 0x02, 0x01, 0x01, 0x00, 0x10, 0x00, 0x00, 0xe8, 0x03, 0x36, 0x00
//     .byte 0x60, 0x03, 0x28, 0x00, 0x08, 0x00, 0x00, 0x00, 0x01, 0xcf, 0x07, 0x00, 0x00, 0x08, 0x01, 0x01
//     .byte 0x00, 0x10, 0x00, 0x00, 0xe8, 0x03, 0x00, 0x00, 0x00, 0x00, 0x00, 0x00, 0x00, 0x00, 0x00, 0x00
//     .byte 0x1e, 0x00, 0x00, 0x00, 0x00, 0x00, 0x01, 0x01, 0x00, 0x10, 0x00, 0x00, 0xe8, 0x03, 0x13, 0x01
//     .byte 0x62, 0x03, 0x1e, 0x00, 0x00, 0x00, 0x00, 0x00, 0x03, 0x00, 0x06, 0x00, 0x00, 0x00, 0x01, 0x01
//     .byte 0x00, 0x10, 0x00, 0x00, 0x5c, 0x00, 0x47, 0x00, 0x63, 0x03, 0x1e, 0x00, 0x00, 0x00, 0x1e, 0x00
//     .byte 0x00, 0x00, 0x01, 0x00, 0x9e, 0x02, 0x01, 0x01, 0x00, 0x10, 0x00, 0x00, 0xe8, 0x03, 0x00, 0x00
//     .byte 0x00, 0x00, 0x00, 0x00, 0x00, 0x00, 0x00, 0x00, 0x1e, 0x00, 0x00, 0x00, 0x00, 0x00, 0x01, 0x01
//     .byte 0x00, 0x10, 0x00, 0x00, 0x5d, 0x00, 0x47, 0x00, 0x4a, 0x03, 0x1e, 0x00, 0x00, 0x00, 0x1e, 0x00
//     .byte 0x00, 0x00, 0x01, 0x00, 0xa1, 0x00, 0x01, 0x01, 0x00, 0x10, 0x00, 0x00, 0xe8, 0x03, 0x00, 0x00
//     .byte 0x00, 0x00, 0x00, 0x00, 0x00, 0x00, 0x00, 0x00, 0x1e, 0x00, 0x00, 0x00, 0x00, 0x00, 0x01, 0x01
//     .byte 0x00, 0x10, 0x00, 0x00, 0xe8, 0x03, 0x6f, 0x00, 0x4c, 0x03, 0x28, 0x00, 0x2a, 0x00, 0x00, 0x00
//     .byte 0x04, 0xd1, 0x04, 0x00, 0x00, 0x10, 0x01, 0x01, 0x00, 0x10, 0x00, 0x00, 0x5e, 0x00, 0x47, 0x00
//     .byte 0x44, 0x03, 0x22, 0x00, 0x00, 0x00, 0x00, 0x00, 0x00, 0x00, 0x01, 0x00, 0x00, 0x01, 0x01, 0x01
//     .byte 0x00, 0x10, 0x00, 0x00, 0xe8, 0x03, 0x6e, 0x00, 0x46, 0x03, 0x28, 0x00, 0x24, 0x00, 0x00, 0x00
//     .byte 0x01, 0xd0, 0x04, 0x00, 0x00, 0x10, 0x01, 0x01, 0x00, 0x10, 0x00, 0x00, 0xe8, 0x03, 0x00, 0x00
//     .byte 0x00, 0x00, 0x00, 0x00, 0x00, 0x00, 0x00, 0x00, 0x1e, 0x00, 0x00, 0x00, 0x00, 0x00, 0x01, 0x01
//     .byte 0x00, 0x10, 0x00, 0x00, 0xe8, 0x03, 0xeb, 0x00, 0x48, 0x03, 0x1e, 0x00, 0x00, 0x00, 0x00, 0x00
//     .byte 0x04, 0x00, 0x0a, 0x19, 0x00, 0x00, 0x01, 0x01, 0x00, 0x10, 0x00, 0x00, 0x5f, 0x00, 0x47, 0x00
//     .byte 0x3d, 0x03, 0x1a, 0x00, 0x00, 0x00, 0x00, 0x00, 0x00, 0x00, 0x01, 0x00, 0x00, 0x02, 0x01, 0x01
//     .byte 0x00, 0x10, 0x00, 0x00, 0xe8, 0x03, 0xe7, 0x00, 0x41, 0x03, 0x30, 0x00, 0x00, 0x00, 0x00, 0x00
//     .byte 0x03, 0x00, 0x0d, 0x2f, 0x00, 0x00, 0x01, 0x01, 0x00, 0x10, 0x00, 0x00, 0xe8, 0x03, 0x22, 0x00
//     .byte 0x3e, 0x03, 0x1e, 0x00, 0x02, 0x00, 0x00, 0x00, 0x04, 0xc9, 0x07, 0x00, 0x00, 0x10, 0x01, 0x01
//     .byte 0x00, 0x10, 0x00, 0x00, 0xe8, 0x03, 0x00, 0x00, 0x00, 0x00, 0x00, 0x00, 0x00, 0x00, 0x00, 0x00
//     .byte 0x1e, 0x00, 0x00, 0x00, 0x00, 0x00, 0x01, 0x01, 0x00, 0x10, 0x00, 0x00, 0xe8, 0x03, 0x27, 0x00
//     .byte 0x3e, 0x03, 0x28, 0x00, 0x02, 0x00, 0x00, 0x00, 0x05, 0xcf, 0x07, 0x00, 0x00, 0x10, 0x01, 0x01
//     .byte 0x00, 0x10, 0x00, 0x00, 0x60, 0x00, 0x47, 0x00, 0x65, 0x03, 0x18, 0x00, 0x00, 0x00, 0x18, 0x00
//     .byte 0x00, 0x00, 0x01, 0x00, 0x9e, 0x02, 0x01, 0x01, 0x00, 0x10, 0x00, 0x00, 0xe8, 0x03, 0x00, 0x00
//     .byte 0x00, 0x00, 0x00, 0x00, 0x00, 0x00, 0x00, 0x00, 0x1e, 0x00, 0x00, 0x00, 0x00, 0x00, 0x01, 0x01
//     .byte 0x00, 0x10, 0x00, 0x00, 0xe8, 0x03, 0x0a, 0x01, 0x68, 0x03, 0x1e, 0x00, 0x00, 0x00, 0x0c, 0x00
//     .byte 0x01, 0x00, 0x09, 0x00, 0xa0, 0x00, 0x01, 0x01, 0x00, 0x10, 0x00, 0x00, 0x61, 0x00, 0x47, 0x00
//     .byte 0x69, 0x03, 0x20, 0x00, 0x00, 0x00, 0x00, 0x00, 0x00, 0x00, 0x01, 0x00, 0x00, 0x02, 0x01, 0x01
//     .byte 0x00, 0x10, 0x00, 0x00, 0xe8, 0x03, 0xe7, 0x00, 0x6d, 0x03, 0x3a, 0x00, 0x00, 0x00, 0x3a, 0x00
//     .byte 0x01, 0x00, 0x0d, 0x3f, 0x9c, 0x00, 0x01, 0x01, 0x00, 0x10, 0x00, 0x00, 0xe8, 0x03, 0x1c, 0x00
//     .byte 0x6a, 0x03, 0x3c, 0x00, 0x00, 0x00, 0x00, 0x00, 0x04, 0x00, 0x07, 0x00, 0x00, 0x00, 0x01, 0x01
//     .byte 0x00, 0x10, 0x00, 0x00, 0xe8, 0x03, 0x00, 0x00, 0x00, 0x00, 0x00, 0x00, 0x00, 0x00, 0x00, 0x00
//     .byte 0x1e, 0x00, 0x00, 0x00, 0x00, 0x00, 0x01, 0x01, 0x00, 0x10, 0x00, 0x00, 0xe8, 0x03, 0xe9, 0x00
//     .byte 0x6c, 0x03, 0x20, 0x00, 0x00, 0x00, 0x00, 0x00, 0x05, 0x00, 0x09, 0x00, 0x00, 0x00, 0x01, 0x01
//     .byte 0x00, 0x10, 0x00, 0x00, 0x62, 0x00, 0x47, 0x00, 0x33, 0x03, 0x26, 0x00, 0x00, 0x00, 0x00, 0x00
//     .byte 0x00, 0x00, 0x01, 0x2e, 0x00, 0x02, 0x01, 0x01, 0x00, 0x10, 0x00, 0x00, 0xe8, 0x03, 0x02, 0x00
//     .byte 0x34, 0x03, 0x1e, 0x00, 0x2a, 0x00, 0x00, 0x00, 0x04, 0xca, 0x07, 0x00, 0x00, 0x08, 0x01, 0x01
//     .byte 0x00, 0x10, 0x00, 0x00, 0xe8, 0x03, 0x00, 0x00, 0x00, 0x00, 0x00, 0x00, 0x00, 0x00, 0x00, 0x00
//     .byte 0x1e, 0x00, 0x00, 0x00, 0x00, 0x00, 0x01, 0x01, 0x00, 0x10, 0x00, 0x00, 0xe8, 0x03, 0x72, 0x00
//     .byte 0x9a, 0x02, 0x28, 0x00, 0x1a, 0x00, 0x00, 0x00, 0x05, 0xd4, 0x04, 0x00, 0x00, 0x10, 0x01, 0x01
//     .byte 0x00, 0x10, 0x00, 0x00, 0x63, 0x00, 0x47, 0x00, 0x4e, 0x03, 0x2e, 0x00, 0x00, 0x00, 0x28, 0x00
//     .byte 0x00, 0x00, 0x01, 0x00, 0xa1, 0x02, 0x01, 0x01, 0x00, 0x10, 0x00, 0x00, 0xe8, 0x03, 0x00, 0x01
//     .byte 0x50, 0x03, 0x28, 0x00, 0x26, 0x00, 0x00, 0x00, 0x02, 0xdb, 0x04, 0x00, 0x00, 0x10, 0x01, 0x01
//     .byte 0x00, 0x10, 0x00, 0x00, 0xe8, 0x03, 0x05, 0x00, 0x4f, 0x03, 0x1e, 0x00, 0x3e, 0x00, 0x00, 0x00
//     .byte 0x06, 0xcb, 0x07, 0x00, 0x00, 0x14, 0x01, 0x01, 0x00, 0x10, 0x00, 0x00, 0xe8, 0x03, 0x00, 0x00
//     .byte 0x00, 0x00, 0x00, 0x00, 0x00, 0x00, 0x00, 0x00, 0x1e, 0x00, 0x00, 0x00, 0x00, 0x00, 0x01, 0x01
//     .byte 0x00, 0x10, 0x00, 0x00, 0xe8, 0x03, 0x22, 0x00, 0x4f, 0x03, 0x1e, 0x00, 0x3e, 0x00, 0x00, 0x00
//     .byte 0x08, 0xc9, 0x07, 0x00, 0x00, 0x14, 0x01, 0x01, 0x00, 0x10, 0x00, 0x00, 0x64, 0x00, 0x47, 0x00
//     .byte 0x6e, 0x03, 0x1c, 0x00, 0x00, 0x00, 0x00, 0x00, 0x00, 0x00, 0x01, 0x00, 0x00, 0x02, 0x01, 0x01
//     .byte 0x00, 0x10, 0x00, 0x00, 0xe8, 0x03, 0x00, 0x00, 0x00, 0x00, 0x00, 0x00, 0x00, 0x00, 0x00, 0x00
//     .byte 0x1e, 0x00, 0x00, 0x00, 0x00, 0x00, 0x01, 0x01, 0x66, 0x16, 0x00, 0x00, 0xe8, 0x03, 0xe2, 0x00
//     .byte 0x71, 0x03, 0x00, 0x00, 0x1e, 0x00, 0x18, 0x00, 0x01, 0xd8, 0x09, 0x00, 0xa0, 0x0c, 0x01, 0x01
//     .byte 0x00, 0x10, 0x00, 0x00, 0x65, 0x00, 0x47, 0x00, 0x11, 0x03, 0x20, 0x00, 0x00, 0x00, 0x00, 0x00
//     .byte 0x00, 0x00, 0x01, 0x00, 0x00, 0x01, 0x01, 0x01, 0x00, 0x10, 0x00, 0x00, 0xe8, 0x03, 0x3d, 0x00
//     .byte 0x15, 0x03, 0x28, 0x00, 0x30, 0x00, 0x00, 0x00, 0x06, 0xcf, 0x09, 0x00, 0x00, 0x14, 0x01, 0x01
//     .byte 0x00, 0x10, 0x00, 0x00, 0xe8, 0x03, 0x00, 0x00, 0x00, 0x00, 0x00, 0x00, 0x00, 0x00, 0x00, 0x00
//     .byte 0x1e, 0x00, 0x00, 0x00, 0x00, 0x00, 0x01, 0x01, 0x00, 0x10, 0x00, 0x00, 0xe8, 0x03, 0x4b, 0x01
//     .byte 0x16, 0x03, 0x1e, 0x00, 0x00, 0x00, 0x00, 0x00, 0x07, 0x00, 0x0a, 0x24, 0x00, 0x00, 0x01, 0x01
//     .byte 0x00, 0x10, 0x00, 0x00, 0x66, 0x00, 0x47, 0x00, 0x56, 0x03, 0x24, 0x00, 0x00, 0x00, 0x24, 0x00
//     .byte 0x00, 0x00, 0x01, 0x00, 0x9e, 0x01, 0x01, 0x01, 0x00, 0x10, 0x00, 0x00, 0xe8, 0x03, 0x27, 0x00
//     .byte 0x57, 0x03, 0x28, 0x00, 0x0a, 0x00, 0x00, 0x00, 0x02, 0xcf, 0x07, 0x00, 0x00, 0x10, 0x01, 0x01
//     .byte 0x00, 0x10, 0x00, 0x00, 0xe8, 0x03, 0x00, 0x00, 0x00, 0x00, 0x00, 0x00, 0x00, 0x00, 0x00, 0x00
//     .byte 0x1e, 0x00, 0x00, 0x00, 0x00, 0x00, 0x01, 0x01, 0x00, 0x10, 0x00, 0x00, 0xe8, 0x03, 0x26, 0x00
//     .byte 0x57, 0x03, 0x1e, 0x00, 0x0a, 0x00, 0x00, 0x00, 0x01, 0xc9, 0x07, 0x00, 0x00, 0x10, 0x01, 0x01
//     .byte 0x00, 0x10, 0x00, 0x00, 0x67, 0x00, 0x6e, 0x00, 0x73, 0x03, 0x28, 0x00, 0x1c, 0x00, 0x00, 0x00
//     .byte 0x00, 0xd0, 0x04, 0x00, 0x00, 0x12, 0x01, 0x01, 0x00, 0x10, 0x00, 0x00, 0xe8, 0x03, 0x72, 0x00
//     .byte 0x73, 0x03, 0x28, 0x00, 0x1c, 0x00, 0x00, 0x00, 0x01, 0xd4, 0x04, 0x00, 0x00, 0x10, 0x01, 0x01
//     .byte 0x00, 0x10, 0x00, 0x00, 0xe8, 0x03, 0x01, 0x01, 0x73, 0x03, 0x28, 0x00, 0x1c, 0x00, 0x00, 0x00
//     .byte 0x02, 0xdc, 0x04, 0x00, 0x00, 0x10, 0x01, 0x01, 0x00, 0x10, 0x00, 0x00, 0xe8, 0x03, 0x03, 0x01
//     .byte 0x73, 0x03, 0x28, 0x00, 0x1c, 0x00, 0x00, 0x00, 0x03, 0xdd, 0x04, 0x00, 0x00, 0x10, 0x01, 0x01
//     .byte 0x00, 0x10, 0x00, 0x00, 0xe8, 0x03, 0x00, 0x01, 0x73, 0x03, 0x28, 0x00, 0x1c, 0x00, 0x00, 0x00
//     .byte 0x04, 0xdb, 0x04, 0x00, 0x00, 0x10, 0x01, 0x01, 0x00, 0x10, 0x00, 0x00, 0xe8, 0x03, 0x47, 0x00
//     .byte 0x00, 0x00, 0x1e, 0x00, 0x00, 0x00, 0x00, 0x00, 0x05, 0x00, 0x01, 0x00, 0x00, 0x00, 0x01, 0x01
//     .byte 0x00, 0x10, 0x00, 0x00, 0xe8, 0x03, 0x00, 0x00, 0x00, 0x00, 0x00, 0x00, 0x00, 0x00, 0x00, 0x00
//     .byte 0x1e, 0x00, 0x00, 0x00, 0x00, 0x00, 0x01, 0x01, 0x00, 0x10, 0x00, 0x00, 0xe8, 0x03, 0xdc, 0x00
//     .byte 0x00, 0x00, 0x00, 0x00, 0x00, 0x00, 0x00, 0x00, 0xff, 0x00, 0xff, 0x00, 0x00, 0x00, 0x01, 0x01
//     .byte 0x00, 0x10, 0x00, 0x00, 0x68, 0x00, 0x14, 0x00, 0x54, 0x03, 0x32, 0x00, 0x00, 0x00, 0x00, 0x00
//     .byte 0x01, 0x00, 0x07, 0x00, 0x00, 0x00, 0x01, 0x01, 0x00, 0x10, 0x00, 0x00, 0xe8, 0x03, 0x16, 0x00
//     .byte 0x54, 0x03, 0x32, 0x00, 0x00, 0x00, 0x00, 0x00, 0x01, 0x00, 0x07, 0x00, 0x00, 0x00, 0x01, 0x01
//     .byte 0x00, 0x10, 0x00, 0x00, 0xe8, 0x03, 0x00, 0x00, 0x00, 0x00, 0x00, 0x00, 0x00, 0x00, 0x00, 0x00
//     .byte 0x1e, 0x00, 0x00, 0x00, 0x00, 0x00, 0x01, 0x01, 0x00, 0x10, 0x00, 0x00, 0xe8, 0x03, 0x47, 0x00
//     .byte 0x00, 0x00, 0x00, 0x00, 0x00, 0x00, 0x00, 0x00, 0x00, 0x00, 0x01, 0x00, 0x00, 0x00, 0x01, 0x01
//     .byte 0x00, 0x10, 0x00, 0x00, 0xe8, 0x03, 0x72, 0x00, 0x55, 0x03, 0x28, 0x00, 0x20, 0x00, 0x00, 0x00
//     .byte 0x03, 0xd4, 0x04, 0x00, 0x00, 0x10, 0x01, 0x01, 0x00, 0x10, 0x00, 0x00, 0x69, 0x00, 0x47, 0x00
//     .byte 0x30, 0x03, 0x1a, 0x00, 0x00, 0x00, 0x00, 0x00, 0x00, 0x00, 0x01, 0x00, 0x00, 0x01, 0x01, 0x01
//     .byte 0x00, 0x10, 0x00, 0x00, 0xe8, 0x03, 0x00, 0x00, 0x00, 0x00, 0x00, 0x00, 0x00, 0x00, 0x00, 0x00
//     .byte 0x1e, 0x00, 0x00, 0x00, 0x00, 0x00, 0x01, 0x01, 0x00, 0x10, 0x00, 0x00, 0xe8, 0x03, 0x3b, 0x00
//     .byte 0x31, 0x03, 0x28, 0x00, 0x0a, 0x00, 0x00, 0x00, 0x01, 0xcf, 0x07, 0x00, 0x00, 0x10, 0x01, 0x01
//     .byte 0x00, 0x10, 0x00, 0x00, 0x6a, 0x00, 0x47, 0x00, 0x78, 0x03, 0x16, 0x00, 0x00, 0x00, 0x00, 0x00
//     .byte 0x00, 0x00, 0x01, 0x00, 0x00, 0x02, 0x01, 0x01, 0x00, 0x10, 0x00, 0x00, 0xe8, 0x03, 0x0b, 0x00
//     .byte 0x79, 0x03, 0x1e, 0x00, 0x1a, 0x00, 0x00, 0x00, 0x01, 0xce, 0x07, 0x00, 0x00, 0x10, 0x01, 0x01
//     .byte 0x00, 0x10, 0x00, 0x00, 0xe8, 0x03, 0x00, 0x00, 0x00, 0x00, 0x00, 0x00, 0x00, 0x00, 0x00, 0x00
//     .byte 0x1e, 0x00, 0x00, 0x00, 0x00, 0x00, 0x01, 0x01, 0x00, 0x10, 0x00, 0x00, 0xe8, 0x03, 0x10, 0x01
//     .byte 0x7a, 0x03, 0x1e, 0x00, 0x00, 0x00, 0x00, 0x00, 0x03, 0x00, 0x06, 0x43, 0x00, 0x00, 0x01, 0x01
//     .byte 0x00, 0x10, 0x00, 0x00, 0x6b, 0x00, 0x47, 0x00, 0x7c, 0x03, 0x28, 0x00, 0x00, 0x00, 0x2c, 0x00
//     .byte 0x00, 0x00, 0x01, 0x44, 0x9e, 0x00, 0x01, 0x01, 0x00, 0x10, 0x00, 0x00, 0xe8, 0x03, 0x00, 0x00
//     .byte 0x00, 0x00, 0x00, 0x00, 0x00, 0x00, 0x00, 0x00, 0x1e, 0x00, 0x00, 0x00, 0x00, 0x00, 0x01, 0x01
//     .byte 0x00, 0x10, 0x00, 0x00, 0xe8, 0x03, 0x00, 0x00, 0x00, 0x00, 0x00, 0x00, 0x00, 0x00, 0x00, 0x00
//     .byte 0x02, 0x00, 0x0a, 0x00, 0x00, 0x00, 0x01, 0x01, 0x00, 0x10, 0x00, 0x00, 0xe8, 0x03, 0x43, 0x00
//     .byte 0x7d, 0x03, 0x38, 0x00, 0x00, 0x00, 0x00, 0x00, 0x01, 0x00, 0x07, 0x00, 0x00, 0x00, 0x01, 0x01
//     .byte 0x00, 0x10, 0x00, 0x00, 0x6c, 0x00, 0x47, 0x00, 0x36, 0x03, 0x22, 0x00, 0x00, 0x00, 0x22, 0x00
//     .byte 0x00, 0x00, 0x01, 0x00, 0x9e, 0x02, 0x01, 0x01, 0x00, 0x10, 0x00, 0x00, 0xe8, 0x03, 0x00, 0x00
//     .byte 0x00, 0x00, 0x00, 0x00, 0x00, 0x00, 0x00, 0x00, 0x1e, 0x00, 0x00, 0x00, 0x00, 0x00, 0x01, 0x01
//     .byte 0x00, 0x10, 0x00, 0x00, 0xe8, 0x03, 0x4d, 0x01, 0x38, 0x03, 0x1e, 0x00, 0x00, 0x00, 0x00, 0x00
//     .byte 0x03, 0x00, 0x09, 0x00, 0x00, 0x00, 0x01, 0x01, 0x00, 0x10, 0x00, 0x00, 0x6d, 0x00, 0x47, 0x00
//     .byte 0x7e, 0x03, 0x1c, 0x00, 0x00, 0x00, 0x00, 0x00, 0x00, 0x00, 0x01, 0x00, 0x00, 0x02, 0x01, 0x01
//     .byte 0x00, 0x10, 0x00, 0x00, 0xe8, 0x03, 0x00, 0x00, 0x00, 0x00, 0x00, 0x00, 0x00, 0x00, 0x00, 0x00
//     .byte 0x1e, 0x00, 0x00, 0x00, 0x00, 0x00, 0x01, 0x01, 0x00, 0x10, 0x00, 0x00, 0xe8, 0x03, 0x6f, 0x00
//     .byte 0x99, 0x02, 0x28, 0x00, 0x22, 0x00, 0x00, 0x00, 0x01, 0xd1, 0x04, 0x00, 0x00, 0x10, 0x01, 0x01
//     .byte 0x00, 0x10, 0x00, 0x00, 0x6e, 0x00, 0x47, 0x00, 0x80, 0x03, 0x26, 0x00, 0x00, 0x00, 0x00, 0x00
//     .byte 0x00, 0x00, 0x01, 0x45, 0x00, 0x00, 0x01, 0x01, 0x00, 0x10, 0x00, 0x00, 0xe8, 0x03, 0x00, 0x00
//     .byte 0x00, 0x00, 0x00, 0x00, 0x00, 0x00, 0x00, 0x00, 0x1e, 0x00, 0x00, 0x00, 0x00, 0x00, 0x01, 0x01
//     .byte 0x00, 0x10, 0x00, 0x00, 0x6f, 0x00, 0x47, 0x00, 0xc2, 0x02, 0x1e, 0x00, 0x00, 0x00, 0x00, 0x00
//     .byte 0x00, 0x00, 0x01, 0x18, 0x00, 0x00, 0x01, 0x01, 0x00, 0x10, 0x00, 0x00, 0xe8, 0x03, 0x20, 0x00
//     .byte 0xc3, 0x02, 0x1e, 0x00, 0x0a, 0x00, 0x00, 0x00, 0x01, 0xc9, 0x07, 0x00, 0x00, 0x08, 0x01, 0x01
//     .byte 0x00, 0x10, 0x00, 0x00, 0xe8, 0x03, 0x00, 0x00, 0x00, 0x00, 0x00, 0x00, 0x00, 0x00, 0x00, 0x00
//     .byte 0x1e, 0x00, 0x00, 0x00, 0x00, 0x00, 0x01, 0x01, 0x00, 0x10, 0x00, 0x00, 0xe8, 0x03, 0xdc, 0x00
//     .byte 0x00, 0x00, 0x00, 0x00, 0x00, 0x00, 0x00, 0x00, 0xff, 0x00, 0xff, 0x00, 0x00, 0x00, 0x01, 0x01
//     .byte 0x00, 0x10, 0x00, 0x00, 0x70, 0x00, 0x47, 0x00, 0x65, 0x03, 0x18, 0x00, 0x00, 0x00, 0x18, 0x00
//     .byte 0x00, 0x00, 0x01, 0x00, 0x9e, 0x02, 0x01, 0x01, 0x00, 0x10, 0x00, 0x00, 0xe8, 0x03, 0xea, 0x00
//     .byte 0x66, 0x03, 0x22, 0x00, 0x00, 0x00, 0x00, 0x00, 0x02, 0x00, 0x05, 0x3e, 0x00, 0x00, 0x01, 0x01
//     .byte 0x00, 0x10, 0x00, 0x00, 0xe8, 0x03, 0x00, 0x00, 0x00, 0x00, 0x00, 0x00, 0x00, 0x00, 0x00, 0x00
//     .byte 0x1e, 0x00, 0x00, 0x00, 0x00, 0x00, 0x01, 0x01, 0x00, 0x10, 0x00, 0x00, 0xe8, 0x03, 0x16, 0x01
//     .byte 0x67, 0x03, 0x1e, 0x00, 0x00, 0x00, 0x12, 0x00, 0x03, 0x00, 0x06, 0x00, 0xa0, 0x00, 0x01, 0x01
//     .byte 0x00, 0x10, 0x00, 0x00, 0x71, 0x00, 0x47, 0x00, 0x82, 0x03, 0x1e, 0x00, 0x00, 0x00, 0x20, 0x00
//     .byte 0x00, 0x00, 0x01, 0x00, 0x9e, 0x02, 0x01, 0x01, 0x00, 0x10, 0x00, 0x00, 0xe8, 0x03, 0x0e, 0x00
//     .byte 0x84, 0x03, 0x22, 0x00, 0x00, 0x00, 0x00, 0x00, 0x01, 0x00, 0x07, 0x00, 0x00, 0x08, 0x01, 0x01
//     .byte 0x00, 0x10, 0x00, 0x00, 0xe8, 0x03, 0x00, 0x00, 0x00, 0x00, 0x00, 0x00, 0x00, 0x00, 0x00, 0x00
//     .byte 0x1e, 0x00, 0x00, 0x00, 0x00, 0x00, 0x01, 0x01, 0x00, 0x10, 0x00, 0x00, 0xe8, 0x03, 0x20, 0x01
//     .byte 0x86, 0x03, 0x00, 0x00, 0x00, 0x00, 0x00, 0x00, 0x09, 0x00, 0x0b, 0x00, 0x00, 0x00, 0x01, 0x01
//     .byte 0x00, 0x10, 0x00, 0x00, 0x72, 0x00, 0x47, 0x00, 0x88, 0x03, 0x24, 0x00, 0x00, 0x00, 0x26, 0x00
//     .byte 0x00, 0x00, 0x01, 0x46, 0x9f, 0x00, 0x01, 0x01, 0x00, 0x10, 0x00, 0x00, 0xe8, 0x03, 0x00, 0x00
//     .byte 0x00, 0x00, 0x00, 0x00, 0x00, 0x00, 0x00, 0x00, 0x1e, 0x00, 0x00, 0x00, 0x00, 0x00, 0x01, 0x01
//     .byte 0x00, 0x10, 0x00, 0x00, 0xe8, 0x03, 0xe7, 0x00, 0x89, 0x03, 0x00, 0x00, 0x00, 0x00, 0x00, 0x00
//     .byte 0x01, 0x00, 0x09, 0x00, 0x00, 0x00, 0x01, 0x01, 0x00, 0x10, 0x00, 0x00, 0x73, 0x00, 0x47, 0x00
//     .byte 0x24, 0x03, 0x22, 0x00, 0x00, 0x00, 0x00, 0x00, 0x00, 0x00, 0x01, 0x00, 0x00, 0x01, 0x01, 0x01
//     .byte 0x00, 0x10, 0x00, 0x00, 0xe8, 0x03, 0x0b, 0x00, 0x26, 0x03, 0x36, 0x00, 0x00, 0x00, 0x00, 0x00
//     .byte 0x02, 0x00, 0x09, 0x28, 0x00, 0x00, 0x01, 0x01, 0x00, 0x10, 0x00, 0x00, 0xe8, 0x03, 0x0c, 0x00
//     .byte 0x26, 0x03, 0x36, 0x00, 0x00, 0x00, 0x00, 0x00, 0x02, 0x00, 0x09, 0x28, 0x00, 0x00, 0x01, 0x01
//     .byte 0x00, 0x10, 0x00, 0x00, 0xe8, 0x03, 0x00, 0x00, 0x00, 0x00, 0x00, 0x00, 0x00, 0x00, 0x00, 0x00
//     .byte 0x1e, 0x00, 0x00, 0x00, 0x00, 0x00, 0x01, 0x01, 0x00, 0x10, 0x00, 0x00, 0xe8, 0x03, 0x04, 0x01
//     .byte 0x00, 0x00, 0x00, 0x00, 0x00, 0x00, 0x00, 0x00, 0xff, 0x00, 0xff, 0x00, 0x00, 0x00, 0x01, 0x01
//     .byte 0x00, 0x10, 0x00, 0x00, 0x74, 0x00, 0x47, 0x00, 0x5c, 0x03, 0x20, 0x00, 0x00, 0x00, 0x00, 0x00
//     .byte 0x00, 0x00, 0x01, 0x3d, 0x00, 0x02, 0x01, 0x01, 0x00, 0x10, 0x00, 0x00, 0xe8, 0x03, 0x02, 0x00
//     .byte 0x5d, 0x03, 0x2e, 0x00, 0x00, 0x00, 0x00, 0x00, 0x02, 0x00, 0x07, 0x00, 0x00, 0x00, 0x01, 0x01
//     .byte 0x00, 0x10, 0x00, 0x00, 0xe8, 0x03, 0x00, 0x00, 0x00, 0x00, 0x00, 0x00, 0x00, 0x00, 0x00, 0x00
//     .byte 0x1e, 0x00, 0x00, 0x00, 0x00, 0x00, 0x01, 0x01, 0x00, 0x10, 0x00, 0x00, 0xe8, 0x03, 0x43, 0x00
//     .byte 0x5e, 0x03, 0x28, 0x00, 0x14, 0x00, 0x00, 0x00, 0x06, 0xcf, 0x09, 0x00, 0x00, 0x08, 0x01, 0x01
//     .byte 0x00, 0x10, 0x00, 0x00, 0x75, 0x00, 0x47, 0x00, 0x8a, 0x03, 0x32, 0x00, 0x00, 0x00, 0x32, 0x00
//     .byte 0x00, 0x00, 0x01, 0x00, 0x9f, 0x00, 0x01, 0x01, 0x00, 0x10, 0x00, 0x00, 0xe8, 0x03, 0x01, 0x01
//     .byte 0x8e, 0x03, 0x28, 0x00, 0x2a, 0x00, 0x00, 0x00, 0x03, 0xdc, 0x09, 0x00, 0x00, 0x14, 0x01, 0x01
//     .byte 0x00, 0x10, 0x00, 0x00, 0xe8, 0x03, 0x00, 0x00, 0x00, 0x00, 0x00, 0x00, 0x00, 0x00, 0x00, 0x00
//     .byte 0x1e, 0x00, 0x00, 0x00, 0x00, 0x00, 0x01, 0x01, 0x00, 0x10, 0x00, 0x00, 0xe8, 0x03, 0x16, 0x01
//     .byte 0x8d, 0x03, 0x1e, 0x00, 0x00, 0x00, 0x16, 0x00, 0x04, 0x00, 0x06, 0x00, 0xa0, 0x00, 0x01, 0x01
//     .byte 0x00, 0x10, 0x00, 0x00, 0x76, 0x00, 0x47, 0x00, 0x4e, 0x03, 0x2e, 0x00, 0x00, 0x00, 0x28, 0x00
//     .byte 0x00, 0x00, 0x01, 0x00, 0xa1, 0x02, 0x01, 0x01, 0x00, 0x10, 0x00, 0x00, 0xe8, 0x03, 0x06, 0x00
//     .byte 0x4f, 0x03, 0x1e, 0x00, 0x3c, 0x00, 0x00, 0x00, 0x0d, 0xcb, 0x07, 0x00, 0x00, 0x14, 0x01, 0x01
//     .byte 0x00, 0x10, 0x00, 0x00, 0xe8, 0x03, 0x03, 0x01, 0x50, 0x03, 0x28, 0x00, 0x26, 0x00, 0x00, 0x00
//     .byte 0x01, 0xdd, 0x04, 0x00, 0x00, 0x10, 0x01, 0x01, 0x00, 0x10, 0x00, 0x00, 0xe8, 0x03, 0x00, 0x00
//     .byte 0x00, 0x00, 0x00, 0x00, 0x00, 0x00, 0x00, 0x00, 0x1e, 0x00, 0x00, 0x00, 0x00, 0x00, 0x01, 0x01
//     .byte 0x00, 0x10, 0x00, 0x00, 0xe8, 0x03, 0x6c, 0x01, 0x52, 0x03, 0x1e, 0x00, 0x00, 0x00, 0x00, 0x00
//     .byte 0x04, 0x00, 0x0a, 0x3a, 0x00, 0x00, 0x01, 0x01, 0x00, 0x10, 0x00, 0x00, 0x77, 0x00, 0x47, 0x00
//     .byte 0x5f, 0x03, 0x22, 0x00, 0x00, 0x00, 0x22, 0x00, 0x00, 0x00, 0x01, 0x00, 0x9c, 0x02, 0x01, 0x01
//     .byte 0x00, 0x10, 0x00, 0x00, 0xe8, 0x03, 0x16, 0x00, 0x60, 0x03, 0x1e, 0x00, 0x08, 0x00, 0x00, 0x00
//     .byte 0x02, 0xcd, 0x07, 0x00, 0x00, 0x08, 0x01, 0x01, 0x00, 0x10, 0x00, 0x00, 0xe8, 0x03, 0x00, 0x00
//     .byte 0x00, 0x00, 0x00, 0x00, 0x00, 0x00, 0x00, 0x00, 0x1e, 0x00, 0x00, 0x00, 0x00, 0x00, 0x01, 0x01
//     .byte 0x00, 0x10, 0x00, 0x00, 0xe8, 0x03, 0x14, 0x01, 0x62, 0x03, 0x1e, 0x00, 0x00, 0x00, 0x00, 0x00
//     .byte 0x03, 0x00, 0x06, 0x00, 0x00, 0x00, 0x01, 0x01, 0x00, 0x10, 0x00, 0x00, 0x78, 0x00, 0x47, 0x00
//     .byte 0x6e, 0x03, 0x1c, 0x00, 0x00, 0x00, 0x00, 0x00, 0x00, 0x00, 0x01, 0x00, 0x00, 0x02, 0x01, 0x01
//     .byte 0x00, 0x10, 0x00, 0x00, 0xe8, 0x03, 0x00, 0x00, 0x00, 0x00, 0x00, 0x00, 0x00, 0x00, 0x00, 0x00
//     .byte 0x1e, 0x00, 0x00, 0x00, 0x00, 0x00, 0x01, 0x01, 0x00, 0x10, 0x00, 0x00, 0xe8, 0x03, 0x0a, 0x01
//     .byte 0x72, 0x03, 0x1e, 0x00, 0x00, 0x00, 0x1a, 0x00, 0x02, 0x00, 0x0a, 0x00, 0xa0, 0x00, 0x01, 0x01
//     .byte 0x00, 0x10, 0x00, 0x00, 0x79, 0x00, 0x47, 0x00, 0x69, 0x03, 0x20, 0x00, 0x00, 0x00, 0x00, 0x00
//     .byte 0x00, 0x00, 0x01, 0x00, 0x00, 0x02, 0x01, 0x01, 0x00, 0x10, 0x00, 0x00, 0xe8, 0x03, 0x00, 0x01
//     .byte 0x6b, 0x03, 0x28, 0x00, 0x22, 0x00, 0x00, 0x00, 0x02, 0xdb, 0x04, 0x00, 0x00, 0x10, 0x01, 0x01
//     .byte 0x00, 0x10, 0x00, 0x00, 0xe8, 0x03, 0x00, 0x00, 0x00, 0x00, 0x00, 0x00, 0x00, 0x00, 0x00, 0x00
//     .byte 0x1e, 0x00, 0x00, 0x00, 0x00, 0x00, 0x01, 0x01, 0x00, 0x10, 0x00, 0x00, 0xe8, 0x03, 0x61, 0x00
//     .byte 0x6b, 0x03, 0x28, 0x00, 0x22, 0x00, 0x00, 0x00, 0x03, 0xda, 0x04, 0x00, 0x00, 0x10, 0x01, 0x01
//     .byte 0x00, 0x10, 0x00, 0x00, 0x7a, 0x00, 0x2d, 0x00, 0xdb, 0x02, 0x00, 0x00, 0x2e, 0x00, 0x00, 0x00
//     .byte 0x03, 0xe0, 0x07, 0x00, 0x00, 0x0e, 0x01, 0x01, 0x00, 0x10, 0x00, 0x00, 0xe8, 0x03, 0x00, 0x00
//     .byte 0x00, 0x00, 0x00, 0x00, 0x00, 0x00, 0x00, 0x00, 0x1e, 0x00, 0x00, 0x00, 0x00, 0x00, 0x01, 0x01
//     .byte 0x00, 0x10, 0x00, 0x00, 0xe8, 0x03, 0x47, 0x00, 0x00, 0x00, 0x00, 0x00, 0x00, 0x00, 0x00, 0x00
//     .byte 0x00, 0x00, 0x01, 0x00, 0x00, 0x00, 0x01, 0x01, 0x00, 0x10, 0x00, 0x00, 0xe8, 0x03, 0xdc, 0x00
//     .byte 0x00, 0x00, 0x00, 0x00, 0x00, 0x00, 0x00, 0x00, 0xff, 0x00, 0xff, 0x00, 0x00, 0x00, 0x01, 0x01
//     .byte 0x00, 0x10, 0x00, 0x00, 0x7b, 0x00, 0x47, 0x00, 0x44, 0x03, 0x22, 0x00, 0x00, 0x00, 0x00, 0x00
//     .byte 0x00, 0x00, 0x01, 0x00, 0x00, 0x01, 0x01, 0x01, 0x00, 0x10, 0x00, 0x00, 0xe8, 0x03, 0xe7, 0x00
//     .byte 0x49, 0x03, 0x1c, 0x00, 0x00, 0x00, 0x1c, 0x00, 0x05, 0x00, 0x0d, 0x00, 0xa2, 0x00, 0x01, 0x01
//     .byte 0x00, 0x10, 0x00, 0x00, 0xe8, 0x03, 0x00, 0x00, 0x00, 0x00, 0x00, 0x00, 0x00, 0x00, 0x00, 0x00
//     .byte 0x1e, 0x00, 0x00, 0x00, 0x00, 0x00, 0x01, 0x01, 0x00, 0x10, 0x00, 0x00, 0xe8, 0x03, 0x04, 0x01
//     .byte 0x00, 0x00, 0x00, 0x00, 0x00, 0x00, 0x00, 0x00, 0xff, 0x00, 0xff, 0x00, 0x00, 0x00, 0x01, 0x01
//     .byte 0x00, 0x10, 0x00, 0x00, 0x7c, 0x00, 0x47, 0x00, 0x7c, 0x03, 0x28, 0x00, 0x00, 0x00, 0x2c, 0x00
//     .byte 0x00, 0x00, 0x01, 0x44, 0x9e, 0x00, 0x01, 0x01, 0x00, 0x10, 0x00, 0x00, 0xe8, 0x03, 0x3c, 0x00
//     .byte 0x7d, 0x03, 0x38, 0x00, 0x00, 0x00, 0x00, 0x00, 0x01, 0x00, 0x07, 0x00, 0x00, 0x00, 0x01, 0x01
//     .byte 0x00, 0x10, 0x00, 0x00, 0xe8, 0x03, 0x00, 0x00, 0x00, 0x00, 0x00, 0x00, 0x00, 0x00, 0x00, 0x00
//     .byte 0x1e, 0x00, 0x00, 0x00, 0x00, 0x00, 0x01, 0x01, 0x00, 0x10, 0x00, 0x00, 0xe8, 0x03, 0xdd, 0x00
//     .byte 0x00, 0x00, 0x00, 0x00, 0x00, 0x00, 0x00, 0x00, 0xff, 0x00, 0xff, 0x00, 0x00, 0x00, 0x01, 0x01
//     .byte 0x00, 0x10, 0x00, 0x00, 0x7d, 0x00, 0xe8, 0x00, 0x2c, 0x03, 0x26, 0x00, 0x00, 0x00, 0x26, 0x00
//     .byte 0x01, 0x00, 0x0d, 0x2b, 0x9e, 0x01, 0x01, 0x01, 0x00, 0x10, 0x00, 0x00, 0xe8, 0x03, 0x3f, 0x00
//     .byte 0x2b, 0x03, 0x28, 0x00, 0x22, 0x00, 0x00, 0x00, 0x04, 0xcf, 0x09, 0x00, 0x00, 0x10, 0x01, 0x01
//     .byte 0x00, 0x10, 0x00, 0x00, 0xe8, 0x03, 0x00, 0x00, 0x00, 0x00, 0x00, 0x00, 0x00, 0x00, 0x00, 0x00
//     .byte 0x1e, 0x00, 0x00, 0x00, 0x00, 0x00, 0x01, 0x01, 0x00, 0x10, 0x00, 0x00, 0xe8, 0x03, 0x47, 0x00
//     .byte 0x00, 0x00, 0x00, 0x00, 0x00, 0x00, 0x00, 0x00, 0x00, 0x00, 0x01, 0x00, 0x00, 0x00, 0x01, 0x01
//     .byte 0x00, 0x10, 0x00, 0x00, 0xe8, 0x03, 0xdc, 0x00, 0x00, 0x00, 0x00, 0x00, 0x00, 0x00, 0x00, 0x00
//     .byte 0xff, 0x00, 0xff, 0x00, 0x00, 0x00, 0x01, 0x01, 0x00, 0x10, 0x00, 0x00, 0xe8, 0x03, 0xdd, 0x00
//     .byte 0x00, 0x00, 0x00, 0x00, 0x00, 0x00, 0x00, 0x00, 0xff, 0x00, 0xff, 0x00, 0x00, 0x00, 0x01, 0x01
//     .byte 0x00, 0x10, 0x00, 0x00, 0xe8, 0x03, 0xde, 0x00, 0x00, 0x00, 0x00, 0x00, 0x00, 0x00, 0x00, 0x00
//     .byte 0xff, 0x00, 0xff, 0x00, 0x00, 0x00, 0x01, 0x01, 0x00, 0x10, 0x00, 0x00, 0x7e, 0x00, 0x47, 0x00
//     .byte 0x58, 0x03, 0x2e, 0x00, 0x00, 0x00, 0x00, 0x00, 0x00, 0x00, 0x01, 0x00, 0x00, 0x00, 0x01, 0x01
//     .byte 0x00, 0x10, 0x00, 0x00, 0xe8, 0x03, 0xeb, 0x00, 0x5b, 0x03, 0x2a, 0x00, 0x00, 0x00, 0x00, 0x00
//     .byte 0x03, 0x00, 0x09, 0x00, 0x00, 0x00, 0x01, 0x01, 0x00, 0x10, 0x00, 0x00, 0xe8, 0x03, 0x00, 0x00
//     .byte 0x00, 0x00, 0x00, 0x00, 0x00, 0x00, 0x00, 0x00, 0x1e, 0x00, 0x00, 0x00, 0x00, 0x00, 0x01, 0x01
//     .byte 0x00, 0x10, 0x00, 0x00, 0xe8, 0x03, 0x9b, 0x00, 0x00, 0x00, 0x00, 0x00, 0x00, 0x00, 0x00, 0x00
//     .byte 0xff, 0x00, 0xff, 0x00, 0x00, 0x00, 0x01, 0x01, 0x00, 0x10, 0x00, 0x00, 0x7f, 0x00, 0x47, 0x00
//     .byte 0x56, 0x03, 0x24, 0x00, 0x00, 0x00, 0x24, 0x00, 0x00, 0x00, 0x01, 0x00, 0x9e, 0x01, 0x01, 0x01
//     .byte 0x00, 0x10, 0x00, 0x00, 0xe8, 0x03, 0x00, 0x00, 0x00, 0x00, 0x00, 0x00, 0x00, 0x00, 0x00, 0x00
//     .byte 0x1e, 0x00, 0x00, 0x00, 0x00, 0x00, 0x01, 0x01, 0x00, 0x10, 0x00, 0x00, 0xe8, 0x03, 0x23, 0x00
//     .byte 0x57, 0x03, 0x28, 0x00, 0x0a, 0x00, 0x00, 0x00, 0x03, 0xcf, 0x07, 0x00, 0x00, 0x10, 0x01, 0x01
//     .byte 0x00, 0x10, 0x00, 0x00, 0x80, 0x00, 0x47, 0x00, 0x78, 0x03, 0x16, 0x00, 0x00, 0x00, 0x00, 0x00
//     .byte 0x00, 0x00, 0x01, 0x00, 0x00, 0x02, 0x01, 0x01, 0x00, 0x10, 0x00, 0x00, 0xe8, 0x03, 0x0e, 0x01
//     .byte 0x7a, 0x03, 0x1e, 0x00, 0x00, 0x00, 0x00, 0x00, 0x03, 0x00, 0x06, 0x43, 0x00, 0x00, 0x01, 0x01
//     .byte 0x00, 0x10, 0x00, 0x00, 0xe8, 0x03, 0x10, 0x01, 0x7a, 0x03, 0x1e, 0x00, 0x00, 0x00, 0x00, 0x00
//     .byte 0x03, 0x00, 0x06, 0x43, 0x00, 0x00, 0x01, 0x01, 0x00, 0x10, 0x00, 0x00, 0xe8, 0x03, 0x00, 0x00
//     .byte 0x00, 0x00, 0x00, 0x00, 0x00, 0x00, 0x00, 0x00, 0x1e, 0x00, 0x00, 0x00, 0x00, 0x00, 0x01, 0x01
//     .byte 0x00, 0x10, 0x00, 0x00, 0xe8, 0x03, 0x0d, 0x01, 0x7b, 0x03, 0x22, 0x00, 0x38, 0x00, 0x3c, 0x00
//     .byte 0x04, 0xdf, 0x09, 0x00, 0x9d, 0x14, 0x01, 0x01, 0x00, 0x10, 0x00, 0x00, 0x81, 0x00, 0x47, 0x00
//     .byte 0xec, 0x02, 0x12, 0x00, 0x00, 0x00, 0x12, 0x00, 0x00, 0x00, 0x01, 0x00, 0xa1, 0x02, 0x01, 0x01
//     .byte 0x00, 0x10, 0x00, 0x00, 0xe8, 0x03, 0x00, 0x00, 0xed, 0x02, 0x00, 0x00, 0x00, 0x00, 0x00, 0x00
//     .byte 0x1e, 0x00, 0x00, 0x00, 0x00, 0x00, 0x01, 0x01, 0x00, 0x10, 0x00, 0x00, 0xe8, 0x03, 0x6f, 0x00
//     .byte 0xed, 0x02, 0x28, 0x00, 0x2e, 0x00, 0x00, 0x00, 0x02, 0xd1, 0x04, 0x00, 0x00, 0x14, 0x01, 0x01
//     .byte 0x00, 0x10, 0x00, 0x00, 0x82, 0x00, 0x47, 0x00, 0x4a, 0x03, 0x1e, 0x00, 0x00, 0x00, 0x1e, 0x00
//     .byte 0x00, 0x00, 0x01, 0x00, 0xa1, 0x00, 0x01, 0x01, 0x00, 0x10, 0x00, 0x00, 0xe8, 0x03, 0x20, 0x00
//     .byte 0x4b, 0x03, 0x1e, 0x00, 0x10, 0x00, 0x00, 0x00, 0x02, 0xc9, 0x07, 0x00, 0x00, 0x14, 0x01, 0x01
//     .byte 0x00, 0x10, 0x00, 0x00, 0xe8, 0x03, 0x00, 0x01, 0x4c, 0x03, 0x28, 0x00, 0x2a, 0x00, 0x00, 0x00
//     .byte 0x05, 0xdb, 0x04, 0x00, 0x00, 0x10, 0x01, 0x01, 0x00, 0x10, 0x00, 0x00, 0xe8, 0x03, 0x00, 0x00
//     .byte 0x00, 0x00, 0x00, 0x00, 0x00, 0x00, 0x00, 0x00, 0x1e, 0x00, 0x00, 0x00, 0x00, 0x00, 0x01, 0x01
//     .byte 0x00, 0x10, 0x00, 0x00, 0xe8, 0x03, 0xff, 0x00, 0x4d, 0x03, 0x1e, 0x00, 0x00, 0x00, 0x00, 0x00
//     .byte 0x06, 0x00, 0x08, 0x00, 0x00, 0x00, 0x01, 0x01, 0x00, 0x10, 0x00, 0x00, 0x83, 0x00, 0x47, 0x00
//     .byte 0xd0, 0x02, 0x28, 0x00, 0x00, 0x00, 0x00, 0x00, 0x00, 0x00, 0x01, 0x00, 0x00, 0x02, 0x01, 0x01
//     .byte 0x00, 0x10, 0x00, 0x00, 0xe8, 0x03, 0x00, 0x00, 0x00, 0x00, 0x00, 0x00, 0x00, 0x00, 0x00, 0x00
//     .byte 0x1e, 0x00, 0x00, 0x00, 0x00, 0x00, 0x01, 0x01, 0x00, 0x10, 0x00, 0x00, 0xe8, 0x03, 0x00, 0x00
//     .byte 0x00, 0x00, 0x00, 0x00, 0x00, 0x00, 0x00, 0x00, 0x1c, 0x00, 0x0a, 0x00, 0x00, 0x00, 0x01, 0x01
//     .byte 0x00, 0x10, 0x00, 0x00, 0xe8, 0x03, 0x00, 0x00, 0x00, 0x00, 0x00, 0x00, 0x00, 0x00, 0x00, 0x00
//     .byte 0x1d, 0x00, 0x0c, 0x00, 0x00, 0x00, 0x01, 0x01, 0x00, 0x10, 0x00, 0x00, 0xe8, 0x03, 0xeb, 0x00
//     .byte 0xd3, 0x02, 0x3c, 0x00, 0x00, 0x00, 0x00, 0x00, 0x03, 0x00, 0x09, 0x00, 0x00, 0x00, 0x01, 0x01
//     .byte 0x00, 0x10, 0x00, 0x00, 0x84, 0x00, 0x47, 0x00, 0x8f, 0x03, 0x1c, 0x00, 0x00, 0x00, 0x00, 0x00
//     .byte 0x00, 0x00, 0x01, 0x00, 0x00, 0x01, 0x01, 0x01, 0x00, 0x10, 0x00, 0x00, 0xe8, 0x03, 0x09, 0x00
//     .byte 0x90, 0x03, 0x1e, 0x00, 0x32, 0x00, 0x00, 0x00, 0x01, 0xcb, 0x07, 0x00, 0x00, 0x14, 0x01, 0x01
//     .byte 0x00, 0x10, 0x00, 0x00, 0xe8, 0x03, 0x43, 0x00, 0x91, 0x03, 0x28, 0x00, 0x1a, 0x00, 0x00, 0x00
//     .byte 0x05, 0xcf, 0x09, 0x00, 0x00, 0x10, 0x01, 0x01, 0x00, 0x10, 0x00, 0x00, 0xe8, 0x03, 0x27, 0x00
//     .byte 0x91, 0x03, 0x28, 0x00, 0x1a, 0x00, 0x00, 0x00, 0x06, 0xcf, 0x09, 0x00, 0x00, 0x10, 0x01, 0x01
//     .byte 0x00, 0x10, 0x00, 0x00, 0xe8, 0x03, 0x03, 0x00, 0x90, 0x03, 0x1e, 0x00, 0x32, 0x00, 0x00, 0x00
//     .byte 0x02, 0xca, 0x07, 0x00, 0x00, 0x14, 0x01, 0x01, 0x00, 0x10, 0x00, 0x00, 0xe8, 0x03, 0x00, 0x00
//     .byte 0x00, 0x00, 0x00, 0x00, 0x00, 0x00, 0x00, 0x00, 0x1e, 0x00, 0x00, 0x00, 0x00, 0x00, 0x01, 0x01
//     .byte 0x00, 0x10, 0x00, 0x00, 0xe8, 0x03, 0x6a, 0x00, 0x92, 0x03, 0x28, 0x00, 0x1a, 0x00, 0x00, 0x00
//     .byte 0x08, 0xd9, 0x0a, 0x47, 0x00, 0x00, 0x01, 0x01, 0x00, 0x10, 0x00, 0x00, 0x85, 0x00, 0x47, 0x00
//     .byte 0x82, 0x03, 0x1e, 0x00, 0x00, 0x00, 0x20, 0x00, 0x00, 0x00, 0x01, 0x00, 0x9e, 0x02, 0x01, 0x01
//     .byte 0x00, 0x10, 0x00, 0x00, 0xe8, 0x03, 0x3e, 0x00, 0x85, 0x03, 0x28, 0x00, 0x1c, 0x00, 0x00, 0x00
//     .byte 0x02, 0xcf, 0x09, 0x00, 0x00, 0x08, 0x01, 0x01, 0x00, 0x10, 0x00, 0x00, 0xe8, 0x03, 0x00, 0x00
//     .byte 0x00, 0x00, 0x00, 0x00, 0x00, 0x00, 0x00, 0x00, 0x1e, 0x00, 0x00, 0x00, 0x00, 0x00, 0x01, 0x01
//     .byte 0x00, 0x10, 0x00, 0x00, 0xe8, 0x03, 0x10, 0x00, 0x84, 0x03, 0x22, 0x00, 0x00, 0x00, 0x00, 0x00
//     .byte 0x01, 0x00, 0x07, 0x00, 0x00, 0x00, 0x01, 0x01, 0x00, 0x10, 0x00, 0x00, 0x86, 0x00, 0x47, 0x00
//     .byte 0xf2, 0x02, 0x14, 0x00, 0x00, 0x00, 0x00, 0x00, 0x00, 0x00, 0x01, 0x00, 0x00, 0x02, 0x01, 0x01
//     .byte 0x00, 0x10, 0x00, 0x00, 0xe8, 0x03, 0x00, 0x00, 0x00, 0x00, 0x00, 0x00, 0x00, 0x00, 0x00, 0x00
//     .byte 0x1e, 0x00, 0x00, 0x00, 0x00, 0x00, 0x01, 0x01, 0x00, 0x10, 0x00, 0x00, 0xe8, 0x03, 0x0e, 0x01
//     .byte 0xf5, 0x02, 0x1e, 0x00, 0x00, 0x00, 0x00, 0x00, 0x02, 0x00, 0x06, 0x00, 0x00, 0x00, 0x01, 0x01
//     .byte 0x00, 0x10, 0x00, 0x00, 0xe8, 0x03, 0x17, 0x01, 0xf5, 0x02, 0x1e, 0x00, 0x00, 0x00, 0x00, 0x00
//     .byte 0x02, 0x00, 0x06, 0x00, 0x00, 0x00, 0x01, 0x01, 0x00, 0x10, 0x00, 0x00, 0x87, 0x00, 0x47, 0x00
//     .byte 0x8a, 0x03, 0x32, 0x00, 0x00, 0x00, 0x32, 0x00, 0x00, 0x00, 0x01, 0x00, 0x9f, 0x00, 0x01, 0x01
//     .byte 0x00, 0x10, 0x00, 0x00, 0xe8, 0x03, 0x6f, 0x00, 0x8b, 0x03, 0x28, 0x00, 0x2a, 0x00, 0x00, 0x00
//     .byte 0x02, 0xd1, 0x04, 0x00, 0x00, 0x14, 0x01, 0x01, 0x00, 0x10, 0x00, 0x00, 0xe8, 0x03, 0x0c, 0x00
//     .byte 0x8c, 0x03, 0x1e, 0x00, 0x0c, 0x00, 0x00, 0x00, 0x01, 0xce, 0x07, 0x00, 0x00, 0x10, 0x01, 0x01
//     .byte 0x00, 0x10, 0x00, 0x00, 0xe8, 0x03, 0x00, 0x00, 0x00, 0x00, 0x00, 0x00, 0x00, 0x00, 0x00, 0x00
//     .byte 0x1e, 0x00, 0x00, 0x00, 0x00, 0x00, 0x01, 0x01, 0x00, 0x10, 0x00, 0x00, 0xe8, 0x03, 0x1f, 0x00
//     .byte 0x8c, 0x03, 0x1e, 0x00, 0x0c, 0x00, 0x00, 0x00, 0x01, 0xc9, 0x07, 0x00, 0x00, 0x10, 0x01, 0x01
//     .byte 0x00, 0x10, 0x00, 0x00, 0x88, 0x00, 0x47, 0x00, 0x88, 0x03, 0x24, 0x00, 0x00, 0x00, 0x26, 0x00
//     .byte 0x00, 0x00, 0x01, 0x46, 0x9f, 0x00, 0x01, 0x01, 0x00, 0x10, 0x00, 0x00, 0xe8, 0x03, 0x00, 0x00
//     .byte 0x00, 0x00, 0x00, 0x00, 0x00, 0x00, 0x00, 0x00, 0x1e, 0x00, 0x00, 0x00, 0x00, 0x00, 0x01, 0x01
//     .byte 0x00, 0x10, 0x00, 0x00, 0x89, 0x00, 0x47, 0x00, 0x39, 0x03, 0x1c, 0x00, 0x00, 0x00, 0x1c, 0x00
//     .byte 0x00, 0x00, 0x01, 0x00, 0xa1, 0x01, 0x01, 0x01, 0x00, 0x10, 0x00, 0x00, 0xe8, 0x03, 0x1f, 0x01
//     .byte 0x3b, 0x03, 0x1e, 0x00, 0x00, 0x00, 0x16, 0x00, 0x08, 0x00, 0x0b, 0x00, 0xa1, 0x00, 0x01, 0x01
//     .byte 0x00, 0x10, 0x00, 0x00, 0xe8, 0x03, 0xfd, 0x00, 0x3c, 0x03, 0x1e, 0x00, 0x00, 0x00, 0x00, 0x00
//     .byte 0x0e, 0x00, 0x08, 0x00, 0x00, 0x00, 0x01, 0x01, 0x00, 0x10, 0x00, 0x00, 0xe8, 0x03, 0x00, 0x00
//     .byte 0x00, 0x00, 0x00, 0x00, 0x00, 0x00, 0x00, 0x00, 0x1e, 0x00, 0x00, 0x00, 0x00, 0x00, 0x01, 0x01
//     .byte 0x00, 0x10, 0x00, 0x00, 0xe8, 0x03, 0xde, 0x00, 0x00, 0x00, 0x00, 0x00, 0x00, 0x00, 0x00, 0x00
//     .byte 0xff, 0x00, 0xff, 0x00, 0x00, 0x00, 0x01, 0x01, 0x00, 0x10, 0x00, 0x00, 0x8a, 0x00, 0x47, 0x00
//     .byte 0x5c, 0x03, 0x20, 0x00, 0x00, 0x00, 0x00, 0x00, 0x00, 0x00, 0x01, 0x3d, 0x00, 0x02, 0x01, 0x01
//     .byte 0x00, 0x10, 0x00, 0x00, 0xe8, 0x03, 0x1e, 0x00, 0x5e, 0x03, 0x1e, 0x00, 0x14, 0x00, 0x00, 0x00
//     .byte 0x03, 0xc9, 0x09, 0x00, 0x00, 0x08, 0x01, 0x01, 0x00, 0x10, 0x00, 0x00, 0xe8, 0x03, 0x06, 0x00
//     .byte 0x5d, 0x03, 0x2e, 0x00, 0x00, 0x00, 0x00, 0x00, 0x01, 0x00, 0x07, 0x00, 0x00, 0x00, 0x01, 0x01
//     .byte 0x00, 0x10, 0x00, 0x00, 0xe8, 0x03, 0x14, 0x00, 0x5e, 0x03, 0x1e, 0x00, 0x14, 0x00, 0x00, 0x00
//     .byte 0x04, 0xcd, 0x09, 0x00, 0x00, 0x08, 0x01, 0x01, 0x00, 0x10, 0x00, 0x00, 0xe8, 0x03, 0x00, 0x00
//     .byte 0x00, 0x00, 0x00, 0x00, 0x00, 0x00, 0x00, 0x00, 0x1e, 0x00, 0x00, 0x00, 0x00, 0x00, 0x01, 0x01
//     .byte 0x00, 0x10, 0x00, 0x00, 0xe8, 0x03, 0x03, 0x00, 0x5d, 0x03, 0x2e, 0x00, 0x00, 0x00, 0x00, 0x00
//     .byte 0x02, 0x00, 0x07, 0x00, 0x00, 0x00, 0x01, 0x01, 0x00, 0x10, 0x00, 0x00, 0x8b, 0x00, 0x47, 0x00
//     .byte 0x7e, 0x03, 0x1c, 0x00, 0x00, 0x00, 0x00, 0x00, 0x00, 0x00, 0x01, 0x00, 0x00, 0x02, 0x01, 0x01
//     .byte 0x00, 0x10, 0x00, 0x00, 0xe8, 0x03, 0x73, 0x00, 0x9a, 0x02, 0x28, 0x00, 0x22, 0x00, 0x00, 0x00
//     .byte 0x02, 0xd5, 0x09, 0x00, 0x00, 0x10, 0x01, 0x01, 0x00, 0x10, 0x00, 0x00, 0xe8, 0x03, 0x00, 0x00
//     .byte 0x00, 0x00, 0x00, 0x00, 0x00, 0x00, 0x00, 0x00, 0x1e, 0x00, 0x00, 0x00, 0x00, 0x00, 0x01, 0x01
//     .byte 0x00, 0x10, 0x00, 0x00, 0xe8, 0x03, 0x00, 0x01, 0x7f, 0x03, 0x28, 0x00, 0x22, 0x00, 0x00, 0x00
//     .byte 0x03, 0xdb, 0x0a, 0x00, 0x00, 0x10, 0x01, 0x01, 0x00, 0x10, 0x00, 0x00, 0x8c, 0x00, 0x47, 0x00
//     .byte 0x7c, 0x03, 0x28, 0x00, 0x00, 0x00, 0x2c, 0x00, 0x00, 0x00, 0x01, 0x44, 0x9e, 0x00, 0x01, 0x01
//     .byte 0x00, 0x10, 0x00, 0x00, 0xe8, 0x03, 0x05, 0x00, 0x7d, 0x03, 0x1e, 0x00, 0x24, 0x00, 0x00, 0x00
//     .byte 0x04, 0xcb, 0x0b, 0x00, 0x00, 0x10, 0x01, 0x01, 0x00, 0x10, 0x00, 0x00, 0xe8, 0x03, 0x00, 0x00
//     .byte 0x00, 0x00, 0x00, 0x00, 0x00, 0x00, 0x00, 0x00, 0x1e, 0x00, 0x00, 0x00, 0x00, 0x00, 0x01, 0x01
//     .byte 0x00, 0x10, 0x00, 0x00, 0xe8, 0x03, 0x04, 0x01, 0x00, 0x00, 0x00, 0x00, 0x00, 0x00, 0x00, 0x00
//     .byte 0xff, 0x00, 0xff, 0x00, 0x00, 0x00, 0x01, 0x01, 0x00, 0x10, 0x00, 0x00, 0x8d, 0x00, 0x47, 0x00
//     .byte 0x65, 0x03, 0x18, 0x00, 0x00, 0x00, 0x18, 0x00, 0x00, 0x00, 0x01, 0x00, 0x9e, 0x02, 0x01, 0x01
//     .byte 0x00, 0x10, 0x00, 0x00, 0xe8, 0x03, 0x18, 0x01, 0x67, 0x03, 0x1e, 0x00, 0x00, 0x00, 0x00, 0x00
//     .byte 0x03, 0x00, 0x06, 0x00, 0x00, 0x00, 0x01, 0x01, 0x00, 0x10, 0x00, 0x00, 0xe8, 0x03, 0x00, 0x00
//     .byte 0x00, 0x00, 0x00, 0x00, 0x00, 0x00, 0x00, 0x00, 0x1e, 0x00, 0x00, 0x00, 0x00, 0x00, 0x01, 0x01
//     .byte 0x00, 0x10, 0x00, 0x00, 0xe8, 0x03, 0x04, 0x01, 0x00, 0x00, 0x00, 0x00, 0x00, 0x00, 0x00, 0x00
//     .byte 0xff, 0x00, 0xff, 0x00, 0x00, 0x00, 0x01, 0x01, 0x00, 0x10, 0x00, 0x00, 0x8e, 0x00, 0x61, 0x00
//     .byte 0x76, 0x03, 0x04, 0x00, 0x1a, 0x00, 0x00, 0x00, 0x09, 0xda, 0x0b, 0x00, 0x00, 0x1a, 0x01, 0x01
//     .byte 0x00, 0x10, 0x00, 0x00, 0xe8, 0x03, 0x1e, 0x00, 0x00, 0x00, 0x1e, 0x00, 0x0c, 0x00, 0x00, 0x00
//     .byte 0x08, 0xc9, 0x0a, 0x00, 0x00, 0x14, 0x01, 0x01, 0x00, 0x10, 0x00, 0x00, 0xe8, 0x03, 0x0e, 0x01
//     .byte 0x74, 0x03, 0x1e, 0x00, 0x00, 0x00, 0x00, 0x00, 0x05, 0x00, 0x06, 0x00, 0x00, 0x00, 0x01, 0x01
//     .byte 0x00, 0x10, 0x00, 0x00, 0xe8, 0x03, 0x0a, 0x01, 0x77, 0x03, 0x1e, 0x00, 0x00, 0x00, 0x00, 0x00
//     .byte 0x0a, 0x00, 0x0c, 0x00, 0x00, 0x00, 0x01, 0x01, 0x00, 0x10, 0x00, 0x00, 0xe8, 0x03, 0x1d, 0x00
//     .byte 0x00, 0x00, 0x1e, 0x00, 0x0c, 0x00, 0x00, 0x00, 0x06, 0xc9, 0x07, 0x00, 0x00, 0x14, 0x01, 0x01
//     .byte 0x00, 0x10, 0x00, 0x00, 0xe8, 0x03, 0x47, 0x00, 0x00, 0x00, 0x1e, 0x00, 0x00, 0x00, 0x00, 0x00
//     .byte 0x00, 0x00, 0x01, 0x00, 0x00, 0x00, 0x01, 0x01, 0x00, 0x10, 0x00, 0x00, 0xe8, 0x03, 0x00, 0x00
//     .byte 0x00, 0x00, 0x00, 0x00, 0x00, 0x00, 0x00, 0x00, 0x1e, 0x00, 0x00, 0x00, 0x00, 0x00, 0x01, 0x01
//     .byte 0x00, 0x10, 0x00, 0x00, 0xe8, 0x03, 0xeb, 0x00, 0x75, 0x03, 0x20, 0x00, 0x00, 0x00, 0x00, 0x00
//     .byte 0x07, 0x00, 0x09, 0x00, 0x00, 0x00, 0x01, 0x01, 0x00, 0x10, 0x00, 0x00, 0x8f, 0x00, 0x47, 0x00
//     .byte 0x93, 0x03, 0x24, 0x00, 0x00, 0x00, 0x22, 0x00, 0x00, 0x00, 0x01, 0x32, 0x9c, 0x01, 0x01, 0x01
//     .byte 0x00, 0x10, 0x00, 0x00, 0xe8, 0x03, 0xe7, 0x00, 0x95, 0x03, 0x24, 0x00, 0x00, 0x00, 0x24, 0x00
//     .byte 0x01, 0x00, 0x0d, 0x57, 0x9d, 0x00, 0x01, 0x01, 0x00, 0x10, 0x00, 0x00, 0xe8, 0x03, 0x26, 0x00
//     .byte 0x94, 0x03, 0x1e, 0x00, 0x1e, 0x00, 0x00, 0x00, 0x04, 0xc9, 0x07, 0x56, 0x00, 0x10, 0x01, 0x01
//     .byte 0x00, 0x10, 0x00, 0x00, 0xe8, 0x03, 0x00, 0x00, 0x00, 0x00, 0x00, 0x00, 0x00, 0x00, 0x00, 0x00
//     .byte 0x1e, 0x00, 0x00, 0x00, 0x00, 0x00, 0x01, 0x01, 0x00, 0x10, 0x00, 0x00, 0xe8, 0x03, 0x9c, 0x00
//     .byte 0x00, 0x00, 0x00, 0x00, 0x00, 0x00, 0x00, 0x00, 0xff, 0x00, 0xff, 0x00, 0x00, 0x00, 0x01, 0x01
//     .byte 0x00, 0x10, 0x00, 0x00, 0x90, 0x00, 0x47, 0x00, 0x8a, 0x03, 0x32, 0x00, 0x00, 0x00, 0x32, 0x00
//     .byte 0x00, 0x00, 0x01, 0x00, 0x9f, 0x00, 0x01, 0x01, 0x00, 0x10, 0x00, 0x00, 0xe8, 0x03, 0x6f, 0x00
//     .byte 0x8b, 0x03, 0x28, 0x00, 0x2a, 0x00, 0x00, 0x00, 0x02, 0xd1, 0x04, 0x00, 0x00, 0x14, 0x01, 0x01
//     .byte 0x00, 0x10, 0x00, 0x00, 0xe8, 0x03, 0x00, 0x00, 0x00, 0x00, 0x00, 0x00, 0x00, 0x00, 0x00, 0x00
//     .byte 0x1e, 0x00, 0x00, 0x00, 0x00, 0x00, 0x01, 0x01, 0x00, 0x10, 0x00, 0x00, 0xe8, 0x03, 0x0e, 0x01
//     .byte 0x8d, 0x03, 0x1e, 0x00, 0x00, 0x00, 0x00, 0x00, 0x04, 0x00, 0x06, 0x00, 0x00, 0x00, 0x01, 0x01
//     .byte 0x00, 0x10, 0x00, 0x00, 0x91, 0x00, 0x47, 0x00, 0x5f, 0x03, 0x22, 0x00, 0x00, 0x00, 0x22, 0x00
//     .byte 0x00, 0x00, 0x01, 0x00, 0x9c, 0x02, 0x01, 0x01, 0x00, 0x10, 0x00, 0x00, 0xe8, 0x03, 0x00, 0x00
//     .byte 0x00, 0x00, 0x00, 0x00, 0x00, 0x00, 0x00, 0x00, 0x1e, 0x00, 0x00, 0x00, 0x00, 0x00, 0x01, 0x01
//     .byte 0x00, 0x10, 0x00, 0x00, 0xe8, 0x03, 0x70, 0x00, 0x61, 0x03, 0x46, 0x00, 0x22, 0x00, 0x00, 0x00
//     .byte 0x04, 0xd2, 0x04, 0x00, 0x00, 0x10, 0x01, 0x01, 0x00, 0x10, 0x00, 0x00, 0x92, 0x00, 0x47, 0x00
//     .byte 0x8f, 0x03, 0x1c, 0x00, 0x00, 0x00, 0x00, 0x00, 0x00, 0x00, 0x01, 0x00, 0x00, 0x01, 0x01, 0x01
//     .byte 0x00, 0x10, 0x00, 0x00, 0xe8, 0x03, 0x02, 0x00, 0x90, 0x03, 0x1e, 0x00, 0x32, 0x00, 0x00, 0x00
//     .byte 0x02, 0xca, 0x07, 0x00, 0x00, 0x14, 0x01, 0x01, 0x00, 0x10, 0x00, 0x00, 0xe8, 0x03, 0x0c, 0x00
//     .byte 0x90, 0x03, 0x1e, 0x00, 0x32, 0x00, 0x00, 0x00, 0x03, 0xce, 0x07, 0x00, 0x00, 0x14, 0x01, 0x01
//     .byte 0x00, 0x10, 0x00, 0x00, 0xe8, 0x03, 0x10, 0x00, 0x90, 0x03, 0x1e, 0x00, 0x32, 0x00, 0x00, 0x00
//     .byte 0x04, 0xc9, 0x07, 0x00, 0x00, 0x14, 0x01, 0x01, 0x00, 0x10, 0x00, 0x00, 0xe8, 0x03, 0x00, 0x00
//     .byte 0x00, 0x00, 0x00, 0x00, 0x00, 0x00, 0x00, 0x00, 0x1e, 0x00, 0x00, 0x00, 0x00, 0x00, 0x01, 0x01
//     .byte 0x00, 0x10, 0x00, 0x00, 0xe8, 0x03, 0x23, 0x00, 0x91, 0x03, 0x28, 0x00, 0x1a, 0x00, 0x00, 0x00
//     .byte 0x07, 0xcf, 0x09, 0x00, 0x00, 0x10, 0x01, 0x01, 0x00, 0x10, 0x00, 0x00, 0x93, 0x00, 0x47, 0x00
//     .byte 0x82, 0x03, 0x1e, 0x00, 0x00, 0x00, 0x20, 0x00, 0x00, 0x00, 0x01, 0x48, 0x9f, 0x02, 0x01, 0x01
//     .byte 0x00, 0x10, 0x00, 0x00, 0xe8, 0x03, 0x09, 0x00, 0x84, 0x03, 0x22, 0x00, 0x00, 0x00, 0x00, 0x00
//     .byte 0x01, 0x00, 0x07, 0x4a, 0x00, 0x00, 0x01, 0x01, 0x00, 0x10, 0x00, 0x00, 0xe8, 0x03, 0x0a, 0x01
//     .byte 0x87, 0x03, 0x1e, 0x00, 0x00, 0x00, 0x08, 0x00, 0x03, 0x00, 0x0c, 0x00, 0xa0, 0x00, 0x01, 0x01
//     .byte 0x00, 0x10, 0x00, 0x00, 0xe8, 0x03, 0x70, 0x00, 0x99, 0x02, 0x46, 0x00, 0x24, 0x00, 0x00, 0x00
//     .byte 0x06, 0xd2, 0x04, 0x49, 0x00, 0x14, 0x01, 0x01, 0x00, 0x10, 0x00, 0x00, 0xe8, 0x03, 0x00, 0x00
//     .byte 0x00, 0x00, 0x00, 0x00, 0x00, 0x00, 0x00, 0x00, 0x1e, 0x00, 0x00, 0x00, 0x00, 0x00, 0x01, 0x01
//     .byte 0x00, 0x10, 0x00, 0x00, 0xe8, 0x03, 0x73, 0x00, 0x9a, 0x02, 0x28, 0x00, 0x24, 0x00, 0x00, 0x00
//     .byte 0x07, 0xd5, 0x0a, 0x49, 0x00, 0x14, 0x01, 0x01, 0x00, 0x10, 0x00, 0x00, 0x94, 0x00, 0x47, 0x00
//     .byte 0xdd, 0x02, 0x1c, 0x00, 0x00, 0x00, 0x00, 0x00, 0x00, 0x00, 0x01, 0x00, 0x00, 0x00, 0x01, 0x01
//     .byte 0x00, 0x10, 0x00, 0x00, 0xe8, 0x03, 0xeb, 0x00, 0xdf, 0x02, 0x30, 0x00, 0x00, 0x00, 0x00, 0x00
//     .byte 0x02, 0x00, 0x09, 0x1c, 0x00, 0x00, 0x01, 0x01, 0x00, 0x10, 0x00, 0x00, 0xe8, 0x03, 0x00, 0x00
//     .byte 0x00, 0x00, 0x00, 0x00, 0x00, 0x00, 0x00, 0x00, 0x1e, 0x00, 0x00, 0x00, 0x00, 0x00, 0x01, 0x01
//     .byte 0x00, 0x10, 0x00, 0x00, 0x95, 0x00, 0x47, 0x00, 0xc5, 0x02, 0x1e, 0x00, 0x00, 0x00, 0x00, 0x00
//     .byte 0x00, 0x00, 0x01, 0x00, 0x00, 0x00, 0x01, 0x01, 0x00, 0x10, 0x00, 0x00, 0xe8, 0x03, 0x0e, 0x01
//     .byte 0xc7, 0x02, 0x1e, 0x00, 0x00, 0x00, 0x00, 0x00, 0x02, 0x00, 0x06, 0x00, 0x00, 0x00, 0x01, 0x01
//     .byte 0x00, 0x10, 0x00, 0x00, 0xe8, 0x03, 0x00, 0x00, 0x00, 0x00, 0x00, 0x00, 0x00, 0x00, 0x00, 0x00
//     .byte 0x1e, 0x00, 0x00, 0x00, 0x00, 0x00, 0x01, 0x01, 0x00, 0x10, 0x00, 0x00, 0x96, 0x00, 0x47, 0x00
//     .byte 0x96, 0x03, 0x18, 0x00, 0x00, 0x00, 0x00, 0x00, 0x00, 0x00, 0x01, 0x00, 0x00, 0x02, 0x01, 0x01
//     .byte 0x00, 0x10, 0x00, 0x00, 0xe8, 0x03, 0x25, 0x00, 0x97, 0x03, 0x1e, 0x00, 0x0a, 0x00, 0x00, 0x00
//     .byte 0x01, 0xc9, 0x07, 0x00, 0x00, 0x10, 0x01, 0x01, 0x00, 0x10, 0x00, 0x00, 0xe8, 0x03, 0x00, 0x00
//     .byte 0x00, 0x00, 0x00, 0x00, 0x00, 0x00, 0x00, 0x00, 0x1e, 0x00, 0x00, 0x00, 0x00, 0x00, 0x01, 0x01
//     .byte 0x00, 0x10, 0x00, 0x00, 0xe8, 0x03, 0x26, 0x00, 0x97, 0x03, 0x1e, 0x00, 0x0a, 0x00, 0x00, 0x00
//     .byte 0x01, 0xc9, 0x07, 0x00, 0x00, 0x10, 0x01, 0x01, 0x00, 0x10, 0x00, 0x00, 0x97, 0x00, 0x47, 0x00
//     .byte 0x08, 0x03, 0x26, 0x00, 0x00, 0x00, 0x24, 0x00, 0x00, 0x00, 0x01, 0x00, 0x9e, 0x01, 0x01, 0x01
//     .byte 0x00, 0x10, 0x00, 0x00, 0xe8, 0x03, 0x00, 0x00, 0x00, 0x00, 0x00, 0x00, 0x00, 0x00, 0x00, 0x00
//     .byte 0x1e, 0x00, 0x00, 0x00, 0x00, 0x00, 0x01, 0x01, 0x00, 0x10, 0x00, 0x00, 0xe8, 0x03, 0x20, 0x00
//     .byte 0x0a, 0x03, 0x1e, 0x00, 0x18, 0x00, 0x00, 0x00, 0x02, 0xc9, 0x07, 0x00, 0x00, 0x14, 0x01, 0x01
//     .byte 0x00, 0x10, 0x00, 0x00, 0x98, 0x00, 0x47, 0x00, 0x99, 0x03, 0x32, 0x00, 0x00, 0x00, 0x00, 0x00
//     .byte 0x00, 0x00, 0x01, 0x4b, 0x00, 0x02, 0x01, 0x01, 0x00, 0x10, 0x00, 0x00, 0xe8, 0x03, 0x00, 0x00
//     .byte 0x00, 0x00, 0x00, 0x00, 0x00, 0x00, 0x00, 0x00, 0x1e, 0x00, 0x00, 0x00, 0x00, 0x00, 0x01, 0x01
//     .byte 0x00, 0x10, 0x00, 0x00, 0xe8, 0x03, 0x0e, 0x01, 0x9a, 0x03, 0x1e, 0x00, 0x00, 0x00, 0x00, 0x00
//     .byte 0x01, 0x00, 0x06, 0x00, 0x00, 0x00, 0x01, 0x01, 0x00, 0x10, 0x00, 0x00, 0x99, 0x00, 0x47, 0x00
//     .byte 0x9b, 0x03, 0x18, 0x00, 0x00, 0x00, 0x00, 0x00, 0x00, 0x00, 0x01, 0x00, 0x00, 0x01, 0x01, 0x01
//     .byte 0x00, 0x10, 0x00, 0x00, 0xe8, 0x03, 0x00, 0x00, 0x00, 0x00, 0x00, 0x00, 0x00, 0x00, 0x00, 0x00
//     .byte 0x1e, 0x00, 0x00, 0x00, 0x00, 0x00, 0x01, 0x01, 0x00, 0x10, 0x00, 0x00, 0xe8, 0x03, 0xe8, 0x00
//     .byte 0x9d, 0x03, 0x2a, 0x00, 0x00, 0x00, 0x00, 0x00, 0x02, 0x00, 0x09, 0x4c, 0x00, 0x00, 0x01, 0x01
//     .byte 0x00, 0x10, 0x00, 0x00, 0x9a, 0x00, 0x47, 0x00, 0xe6, 0x02, 0x20, 0x00, 0x00, 0x00, 0x00, 0x00
//     .byte 0x00, 0x00, 0x01, 0x00, 0x00, 0x02, 0x01, 0x01, 0x00, 0x10, 0x00, 0x00, 0xe8, 0x03, 0x34, 0x00
//     .byte 0xe8, 0x02, 0x28, 0x00, 0x12, 0x00, 0x00, 0x00, 0x02, 0xcf, 0x07, 0x00, 0x00, 0x08, 0x01, 0x01
//     .byte 0x00, 0x10, 0x00, 0x00, 0xe8, 0x03, 0x00, 0x00, 0x00, 0x00, 0x00, 0x00, 0x00, 0x00, 0x00, 0x00
//     .byte 0x1e, 0x00, 0x00, 0x00, 0x00, 0x00, 0x01, 0x01, 0x00, 0x10, 0x00, 0x00, 0xe8, 0x03, 0x0d, 0x00
//     .byte 0xe8, 0x02, 0x1e, 0x00, 0x12, 0x00, 0x00, 0x00, 0x01, 0xc9, 0x07, 0x00, 0x00, 0x08, 0x01, 0x01
//     .byte 0x00, 0x10, 0x00, 0x00, 0x9b, 0x00, 0x47, 0x00, 0x80, 0x03, 0x26, 0x00, 0x00, 0x00, 0x00, 0x00
//     .byte 0x00, 0x00, 0x01, 0x45, 0x00, 0x00, 0x01, 0x01, 0x00, 0x10, 0x00, 0x00, 0xe8, 0x03, 0x00, 0x00
//     .byte 0x00, 0x00, 0x00, 0x00, 0x00, 0x00, 0x00, 0x00, 0x1e, 0x00, 0x00, 0x00, 0x00, 0x00, 0x01, 0x01
//     .byte 0x00, 0x10, 0x00, 0x00, 0xe8, 0x03, 0x72, 0x00, 0x81, 0x03, 0x28, 0x00, 0x26, 0x00, 0x00, 0x00
//     .byte 0x01, 0xd4, 0x09, 0x00, 0x00, 0x10, 0x01, 0x01, 0x00, 0x10, 0x00, 0x00, 0x9c, 0x00, 0x47, 0x00
//     .byte 0x96, 0x03, 0x18, 0x00, 0x00, 0x00, 0x00, 0x00, 0x00, 0x00, 0x01, 0x00, 0x00, 0x02, 0x01, 0x01
//     .byte 0x00, 0x10, 0x00, 0x00, 0xe8, 0x03, 0x1c, 0x00, 0x97, 0x03, 0x1e, 0x00, 0x0a, 0x00, 0x00, 0x00
//     .byte 0x01, 0xc9, 0x07, 0x00, 0x00, 0x10, 0x01, 0x01, 0x00, 0x10, 0x00, 0x00, 0xe8, 0x03, 0x00, 0x00
//     .byte 0x00, 0x00, 0x00, 0x00, 0x00, 0x00, 0x00, 0x00, 0x1e, 0x00, 0x00, 0x00, 0x00, 0x00, 0x01, 0x01
//     .byte 0x00, 0x10, 0x00, 0x00, 0xe8, 0x03, 0xeb, 0x00, 0x98, 0x03, 0x12, 0x00, 0x00, 0x00, 0x12, 0x00
//     .byte 0x03, 0x00, 0x09, 0x00, 0xa1, 0x00, 0x01, 0x01, 0x00, 0x10, 0x00, 0x00, 0x9d, 0x00, 0x47, 0x00
//     .byte 0x63, 0x03, 0x1e, 0x00, 0x00, 0x00, 0x1e, 0x00, 0x00, 0x00, 0x01, 0x00, 0x9e, 0x02, 0x01, 0x01
//     .byte 0x00, 0x10, 0x00, 0x00, 0xe8, 0x03, 0x00, 0x00, 0x00, 0x00, 0x00, 0x00, 0x00, 0x00, 0x00, 0x00
//     .byte 0x1e, 0x00, 0x00, 0x00, 0x00, 0x00, 0x01, 0x01, 0x00, 0x10, 0x00, 0x00, 0xe8, 0x03, 0x04, 0x01
//     .byte 0x00, 0x00, 0x00, 0x00, 0x00, 0x00, 0x00, 0x00, 0xff, 0x00, 0xff, 0x00, 0x00, 0x00, 0x01, 0x01
//     .byte 0x00, 0x10, 0x00, 0x00, 0x9e, 0x00, 0x47, 0x00, 0x9e, 0x03, 0x2a, 0x00, 0x00, 0x00, 0x26, 0x00
//     .byte 0x00, 0x00, 0x01, 0x4d, 0x9e, 0x00, 0x01, 0x01, 0x00, 0x10, 0x00, 0x00, 0xe8, 0x03, 0x6e, 0x00
//     .byte 0x9f, 0x03, 0x28, 0x00, 0x32, 0x00, 0x00, 0x00, 0x01, 0xd0, 0x04, 0x00, 0x00, 0x10, 0x01, 0x01
//     .byte 0x00, 0x10, 0x00, 0x00, 0xe8, 0x03, 0x00, 0x00, 0x00, 0x00, 0x00, 0x00, 0x00, 0x00, 0x00, 0x00
//     .byte 0x1e, 0x00, 0x00, 0x00, 0x00, 0x00, 0x01, 0x01, 0x00, 0x10, 0x00, 0x00, 0xe8, 0x03, 0x04, 0x01
//     .byte 0x00, 0x00, 0x00, 0x00, 0x00, 0x00, 0x00, 0x00, 0xff, 0x00, 0xff, 0x00, 0x00, 0x00, 0x01, 0x01
//     .byte 0x00, 0x10, 0x00, 0x00, 0x9f, 0x00, 0x47, 0x00, 0x58, 0x03, 0x2e, 0x00, 0x00, 0x00, 0x00, 0x00
//     .byte 0x00, 0x00, 0x01, 0x00, 0x00, 0x00, 0x01, 0x01, 0x00, 0x10, 0x00, 0x00, 0xe8, 0x03, 0x00, 0x00
//     .byte 0x00, 0x00, 0x00, 0x00, 0x00, 0x00, 0x00, 0x00, 0x1e, 0x00, 0x00, 0x00, 0x00, 0x00, 0x01, 0x01
//     .byte 0x00, 0x10, 0x00, 0x00, 0xe8, 0x03, 0x1e, 0x00, 0x59, 0x03, 0x1e, 0x00, 0x28, 0x00, 0x00, 0x00
//     .byte 0x01, 0xc9, 0x07, 0x00, 0x00, 0x10, 0x01, 0x01, 0x00, 0x10, 0x00, 0x00, 0xa0, 0x00, 0x47, 0x00
//     .byte 0x99, 0x03, 0x32, 0x00, 0x00, 0x00, 0x00, 0x00, 0x00, 0x00, 0x01, 0x4b, 0x00, 0x02, 0x01, 0x01
//     .byte 0x00, 0x10, 0x00, 0x00, 0xe8, 0x03, 0x00, 0x00, 0x00, 0x00, 0x00, 0x00, 0x00, 0x00, 0x00, 0x00
//     .byte 0x1e, 0x00, 0x00, 0x00, 0x00, 0x00, 0x01, 0x01, 0x00, 0x10, 0x00, 0x00, 0xa1, 0x00, 0x47, 0x00
//     .byte 0x27, 0x03, 0x1e, 0x00, 0x00, 0x00, 0x00, 0x00, 0x00, 0x00, 0x01, 0x29, 0x00, 0x00, 0x01, 0x01
//     .byte 0x00, 0x10, 0x00, 0x00, 0xe8, 0x03, 0x14, 0x00, 0x28, 0x03, 0x1e, 0x00, 0x0e, 0x00, 0x00, 0x00
//     .byte 0x02, 0xcd, 0x07, 0x00, 0x00, 0x14, 0x01, 0x01, 0x00, 0x10, 0x00, 0x00, 0xe8, 0x03, 0x00, 0x00
//     .byte 0x00, 0x00, 0x00, 0x00, 0x00, 0x00, 0x00, 0x00, 0x1e, 0x00, 0x00, 0x00, 0x00, 0x00, 0x01, 0x01
//     .byte 0x00, 0x10, 0x00, 0x00, 0xe8, 0x03, 0x04, 0x01, 0x00, 0x00, 0x00, 0x00, 0x00, 0x00, 0x00, 0x00
//     .byte 0xff, 0x00, 0xff, 0x00, 0x00, 0x00, 0x01, 0x01, 0x00, 0x10, 0x00, 0x00, 0xa2, 0x00, 0x47, 0x00
//     .byte 0x24, 0x03, 0x22, 0x00, 0x00, 0x00, 0x00, 0x00, 0x00, 0x00, 0x01, 0x00, 0x00, 0x01, 0x01, 0x01
//     .byte 0x00, 0x10, 0x00, 0x00, 0xe8, 0x03, 0x00, 0x00, 0x00, 0x00, 0x00, 0x00, 0x00, 0x00, 0x00, 0x00
//     .byte 0x1e, 0x00, 0x00, 0x00, 0x00, 0x00, 0x01, 0x01, 0x00, 0x10, 0x00, 0x00, 0xe8, 0x03, 0x0e, 0x00
//     .byte 0x25, 0x03, 0x1e, 0x00, 0x34, 0x00, 0x00, 0x00, 0x01, 0xc9, 0x07, 0x00, 0x00, 0x10, 0x01, 0x01
//     .byte 0x00, 0x10, 0x00, 0x00, 0xa3, 0x00, 0x47, 0x00, 0x9b, 0x03, 0x18, 0x00, 0x00, 0x00, 0x00, 0x00
//     .byte 0x00, 0x00, 0x01, 0x00, 0x00, 0x02, 0x01, 0x01, 0x00, 0x10, 0x00, 0x00, 0xe8, 0x03, 0x02, 0x00
//     .byte 0x9c, 0x03, 0x1e, 0x00, 0x16, 0x00, 0x00, 0x00, 0x01, 0xca, 0x07, 0x00, 0x00, 0x10, 0x01, 0x01
//     .byte 0x00, 0x10, 0x00, 0x00, 0xe8, 0x03, 0x00, 0x00, 0x00, 0x00, 0x00, 0x00, 0x00, 0x00, 0x00, 0x00
//     .byte 0x1e, 0x00, 0x00, 0x00, 0x00, 0x00, 0x01, 0x01, 0x00, 0x10, 0x00, 0x00, 0xe8, 0x03, 0x2a, 0x00
//     .byte 0x9c, 0x03, 0x28, 0x00, 0x08, 0x00, 0x00, 0x00, 0x03, 0xcf, 0x07, 0x00, 0x00, 0x08, 0x01, 0x01
//     .byte 0x00, 0x10, 0x00, 0x00, 0xa4, 0x00, 0x47, 0x00, 0x96, 0x03, 0x18, 0x00, 0x00, 0x00, 0x00, 0x00
//     .byte 0x00, 0x00, 0x01, 0x00, 0x00, 0x01, 0x01, 0x01, 0x00, 0x10, 0x00, 0x00, 0xe8, 0x03, 0x1f, 0x00
//     .byte 0x97, 0x03, 0x1e, 0x00, 0x0a, 0x00, 0x00, 0x00, 0x01, 0xc9, 0x07, 0x00, 0x00, 0x10, 0x01, 0x01
//     .byte 0x00, 0x10, 0x00, 0x00, 0xe8, 0x03, 0x00, 0x00, 0x00, 0x00, 0x00, 0x00, 0x00, 0x00, 0x00, 0x00
//     .byte 0x1e, 0x00, 0x00, 0x00, 0x00, 0x00, 0x01, 0x01, 0x00, 0x10, 0x00, 0x00, 0xe8, 0x03, 0x04, 0x01
//     .byte 0x00, 0x00, 0x00, 0x00, 0x00, 0x00, 0x00, 0x00, 0xff, 0x00, 0xff, 0x00, 0x00, 0x00, 0x01, 0x01
//     .byte 0x00, 0x10, 0x00, 0x00, 0xa5, 0x00, 0x47, 0x00, 0x80, 0x03, 0x26, 0x00, 0x00, 0x00, 0x00, 0x00
//     .byte 0x00, 0x00, 0x01, 0x45, 0x00, 0x00, 0x01, 0x01, 0x00, 0x10, 0x00, 0x00, 0xe8, 0x03, 0x00, 0x00
//     .byte 0x00, 0x00, 0x00, 0x00, 0x00, 0x00, 0x00, 0x00, 0x1e, 0x00, 0x00, 0x00, 0x00, 0x00, 0x01, 0x01
//     .byte 0x00, 0x10, 0x00, 0x00, 0xa6, 0x00, 0x47, 0x00, 0x99, 0x03, 0x32, 0x00, 0x00, 0x00, 0x00, 0x00
//     .byte 0x00, 0x00, 0x01, 0x4b, 0x00, 0x02, 0x01, 0x01, 0x00, 0x10, 0x00, 0x00, 0xe8, 0x03, 0x00, 0x00
//     .byte 0x00, 0x00, 0x00, 0x00, 0x00, 0x00, 0x00, 0x00, 0x1e, 0x00, 0x00, 0x00, 0x00, 0x00, 0x01, 0x01
//     .byte 0x00, 0x10, 0x00, 0x00, 0xe8, 0x03, 0x03, 0x01, 0x00, 0x00, 0x28, 0x00, 0x26, 0x00, 0x00, 0x00
//     .byte 0x02, 0xdd, 0x04, 0x00, 0x00, 0x10, 0x01, 0x01, 0x00, 0x10, 0x00, 0x00, 0xa7, 0x00, 0x47, 0x00
//     .byte 0x63, 0x03, 0x1e, 0x00, 0x00, 0x00, 0x1e, 0x00, 0x00, 0x00, 0x01, 0x00, 0x9e, 0x02, 0x01, 0x01
//     .byte 0x00, 0x10, 0x00, 0x00, 0xe8, 0x03, 0x00, 0x00, 0x00, 0x00, 0x00, 0x00, 0x00, 0x00, 0x00, 0x00
//     .byte 0x1e, 0x00, 0x00, 0x00, 0x00, 0x00, 0x01, 0x01, 0x00, 0x10, 0x00, 0x00, 0xe8, 0x03, 0xe7, 0x00
//     .byte 0x64, 0x03, 0x2c, 0x00, 0x00, 0x00, 0x2c, 0x00, 0x01, 0x00, 0x0d, 0xa0, 0x9f, 0x00, 0x01, 0x01
//     .byte 0x00, 0x10, 0x00, 0x00, 0xa8, 0x00, 0x47, 0x00, 0x9e, 0x03, 0x2a, 0x00, 0x00, 0x00, 0x26, 0x00
//     .byte 0x00, 0x00, 0x01, 0x4d, 0x9e, 0x00, 0x01, 0x01, 0x00, 0x10, 0x00, 0x00, 0xe8, 0x03, 0x00, 0x00
//     .byte 0x00, 0x00, 0x00, 0x00, 0x00, 0x00, 0x00, 0x00, 0x1e, 0x00, 0x00, 0x00, 0x00, 0x00, 0x01, 0x01
//     .byte 0x00, 0x10, 0x00, 0x00, 0x00, 0x00, 0x0e, 0x01, 0xc0, 0x02, 0x1e, 0x00, 0x00, 0x00, 0x00, 0x00
//     .byte 0x01, 0x00, 0x06, 0x00, 0x00, 0x00, 0x01, 0x01, 0x00, 0x10, 0x00, 0x00, 0xe8, 0x03, 0x00, 0x00
//     .byte 0x00, 0x00, 0x00, 0x00, 0x00, 0x00, 0x00, 0x00, 0x1e, 0x00, 0x00, 0x00, 0x00, 0x00, 0x01, 0x01
//     .byte 0x00, 0x10, 0x00, 0x00, 0xe8, 0x03, 0x47, 0x00, 0xbc, 0x02, 0x1e, 0x00, 0x00, 0x00, 0x00, 0x00
//     .byte 0x00, 0x00, 0x01, 0x15, 0x00, 0x00, 0x01, 0x01, 0x00, 0x10, 0x00, 0x00, 0xe8, 0x03, 0xe5, 0x00
//     .byte 0xc1, 0x02, 0x00, 0x00, 0x70, 0x00, 0x00, 0x00, 0x02, 0xe1, 0x09, 0x4e, 0x4f, 0x04, 0x01, 0x01
//     .byte 0x00, 0x10, 0x00, 0x00, 0xaa, 0x00, 0x47, 0x00, 0x39, 0x03, 0x1c, 0x00, 0x00, 0x00, 0x1c, 0x00
//     .byte 0x00, 0x00, 0x01, 0x00, 0xa1, 0x01, 0x01, 0x01, 0x00, 0x10, 0x00, 0x00, 0xe8, 0x03, 0xe2, 0x00
//     .byte 0x00, 0x00, 0x00, 0x00, 0x1c, 0x00, 0x04, 0x00, 0x07, 0xd8, 0x0a, 0x00, 0xa0, 0x0c, 0x01, 0x01
//     .byte 0x00, 0x10, 0x00, 0x00, 0xe8, 0x03, 0x00, 0x00, 0x00, 0x00, 0x00, 0x00, 0x00, 0x00, 0x00, 0x00
//     .byte 0x1e, 0x00, 0x00, 0x00, 0x00, 0x00, 0x01, 0x01, 0x00, 0x10, 0x00, 0x00, 0xe8, 0x03, 0x00, 0x00
//     .byte 0x00, 0x00, 0x00, 0x00, 0x00, 0x00, 0x00, 0x00, 0x1b, 0x00, 0x0c, 0x00, 0x00, 0x00, 0x01, 0x01
//     .byte 0x00, 0x10, 0x00, 0x00, 0xe8, 0x03, 0x6e, 0x00, 0x3a, 0x03, 0x28, 0x00, 0x2a, 0x00, 0x00, 0x00
//     .byte 0x05, 0xd0, 0x04, 0x00, 0x00, 0x14, 0x01, 0x01, 0x00, 0x10, 0x00, 0x00, 0xab, 0x00, 0x47, 0x00
//     .byte 0x6e, 0x03, 0x1c, 0x00, 0x00, 0x00, 0x00, 0x00, 0x00, 0x00, 0x01, 0x40, 0x00, 0x02, 0x01, 0x01
//     .byte 0x00, 0x10, 0x00, 0x00, 0xe8, 0x03, 0x05, 0x00, 0x6f, 0x03, 0x1e, 0x00, 0x14, 0x00, 0x00, 0x00
//     .byte 0x05, 0xcb, 0x07, 0x42, 0x00, 0x10, 0x01, 0x01, 0x00, 0x10, 0x00, 0x00, 0xe8, 0x03, 0x39, 0x00
//     .byte 0x6f, 0x03, 0x28, 0x00, 0x14, 0x00, 0x00, 0x00, 0x06, 0xcf, 0x0b, 0x42, 0x00, 0x10, 0x01, 0x01
//     .byte 0x00, 0x10, 0x00, 0x00, 0xe8, 0x03, 0x00, 0x00, 0x00, 0x00, 0x00, 0x00, 0x00, 0x00, 0x00, 0x00
//     .byte 0x1e, 0x00, 0x00, 0x00, 0x00, 0x00, 0x01, 0x01, 0x00, 0x10, 0x00, 0x00, 0xe8, 0x03, 0x6f, 0x00
//     .byte 0x70, 0x03, 0x28, 0x00, 0x24, 0x00, 0x00, 0x00, 0x03, 0xd1, 0x04, 0x41, 0x00, 0x14, 0x01, 0x01
//     .byte 0x00, 0x10, 0x00, 0x00, 0xac, 0x00, 0x47, 0x00, 0x93, 0x03, 0x24, 0x00, 0x00, 0x00, 0x26, 0x00
//     .byte 0x00, 0x00, 0x01, 0x00, 0x9c, 0x01, 0x01, 0x01, 0x00, 0x10, 0x00, 0x00, 0xe8, 0x03, 0x00, 0x00
//     .byte 0x00, 0x00, 0x00, 0x00, 0x00, 0x00, 0x00, 0x00, 0x1e, 0x00, 0x00, 0x00, 0x00, 0x00, 0x01, 0x01
//     .byte 0x00, 0x10, 0x00, 0x00, 0xe8, 0x03, 0xe8, 0x00, 0x95, 0x03, 0x24, 0x00, 0x00, 0x00, 0x24, 0x00
//     .byte 0x01, 0x00, 0x0d, 0x57, 0x9d, 0x00, 0x01, 0x01, 0x00, 0x10, 0x00, 0x00, 0xad, 0x00, 0x47, 0x00
//     .byte 0x00, 0x00, 0x1e, 0x00, 0x00, 0x00, 0x00, 0x00, 0x00, 0x00, 0x01, 0x00, 0x00, 0x00, 0x01, 0x01
//     .byte 0x00, 0x10, 0x00, 0x00, 0xe8, 0x03, 0x00, 0x00, 0x00, 0x00, 0x00, 0x00, 0x00, 0x00, 0x00, 0x00
//     .byte 0x1e, 0x00, 0x00, 0x00, 0x00, 0x00, 0x01, 0x01, 0x00, 0x10, 0x00, 0x00, 0xae, 0x00, 0x47, 0x00
//     .byte 0xf1, 0x03, 0x24, 0x00, 0x00, 0x00, 0x00, 0x00, 0x00, 0x00, 0x01, 0x50, 0x51, 0x02, 0x01, 0x01
//     .byte 0x00, 0x10, 0x00, 0x00, 0xe8, 0x03, 0x00, 0x00, 0x00, 0x00, 0x00, 0x00, 0x00, 0x00, 0x00, 0x00
//     .byte 0x1e, 0x00, 0x00, 0x00, 0x00, 0x00, 0x01, 0x01, 0x00, 0x10, 0x00, 0x00, 0xe8, 0x03, 0xe7, 0x00
//     .byte 0xf1, 0x03, 0x24, 0x00, 0x00, 0x00, 0x00, 0x00, 0x00, 0x00, 0x01, 0x52, 0x53, 0x00, 0x01, 0x01
//     .byte 0x00, 0x10, 0x00, 0x00, 0xaf, 0x00, 0x47, 0x00, 0xa0, 0x03, 0x14, 0x00, 0x00, 0x00, 0x14, 0x00
//     .byte 0x00, 0x00, 0x01, 0x00, 0x9c, 0x02, 0x01, 0x01, 0x00, 0x10, 0x00, 0x00, 0xe8, 0x03, 0x00, 0x00
//     .byte 0x00, 0x00, 0x00, 0x00, 0x00, 0x00, 0x00, 0x00, 0x1e, 0x00, 0x00, 0x00, 0x00, 0x00, 0x01, 0x01
//     .byte 0x00, 0x10, 0x00, 0x00, 0xb0, 0x00, 0x47, 0x00, 0xa3, 0x03, 0x1a, 0x00, 0x00, 0x00, 0x1a, 0x00
//     .byte 0x00, 0x00, 0x01, 0x00, 0xa1, 0x02, 0x01, 0x01, 0x00, 0x10, 0x00, 0x00, 0xe8, 0x03, 0xf0, 0x00
//     .byte 0xa3, 0x03, 0x30, 0x00, 0x00, 0x00, 0x30, 0x00, 0x00, 0x00, 0x09, 0x00, 0x9c, 0x00, 0x01, 0x01
//     .byte 0x00, 0x10, 0x00, 0x00, 0xe8, 0x03, 0x00, 0x00, 0x00, 0x00, 0x00, 0x00, 0x00, 0x00, 0x00, 0x00
//     .byte 0x1e, 0x00, 0x00, 0x00, 0x00, 0x00, 0x01, 0x01, 0x00, 0x10, 0x00, 0x00, 0xe8, 0x03, 0x9b, 0x00
//     .byte 0x00, 0x00, 0x00, 0x00, 0x00, 0x00, 0x00, 0x00, 0x1f, 0x00, 0xff, 0x00, 0x00, 0x00, 0x01, 0x01
//     .byte 0x00, 0x10, 0x00, 0x00, 0xb1, 0x00, 0x47, 0x00, 0xa4, 0x03, 0x1e, 0x00, 0x00, 0x00, 0x00, 0x00
//     .byte 0x00, 0x00, 0x01, 0x00, 0x00, 0x02, 0x01, 0x01, 0x00, 0x10, 0x00, 0x00, 0xe8, 0x03, 0x04, 0x00
//     .byte 0xa5, 0x03, 0x1e, 0x00, 0x26, 0x00, 0x00, 0x00, 0x01, 0xcb, 0x07, 0x00, 0x00, 0x10, 0x01, 0x01
//     .byte 0x00, 0x10, 0x00, 0x00, 0xe8, 0x03, 0x0d, 0x00, 0xa5, 0x03, 0x1e, 0x00, 0x26, 0x00, 0x00, 0x00
//     .byte 0x02, 0xc9, 0x07, 0x00, 0x00, 0x10, 0x01, 0x01, 0x00, 0x10, 0x00, 0x00, 0xe8, 0x03, 0x36, 0x00
//     .byte 0xa6, 0x03, 0x28, 0x00, 0x24, 0x00, 0x00, 0x00, 0x03, 0xcf, 0x09, 0x00, 0x00, 0x14, 0x01, 0x01
//     .byte 0x00, 0x10, 0x00, 0x00, 0xe8, 0x03, 0x00, 0x00, 0x00, 0x00, 0x00, 0x00, 0x00, 0x00, 0x00, 0x00
//     .byte 0x1e, 0x00, 0x00, 0x00, 0x00, 0x00, 0x01, 0x01, 0x00, 0x10, 0x00, 0x00, 0xe8, 0x03, 0x9b, 0x00
//     .byte 0x00, 0x00, 0x00, 0x00, 0x00, 0x00, 0x00, 0x00, 0x1f, 0x00, 0xff, 0x00, 0x00, 0x00, 0x01, 0x01
//     .byte 0x00, 0x10, 0x00, 0x00, 0xb2, 0x00, 0x47, 0x00, 0x0b, 0x03, 0x1a, 0x00, 0x00, 0x00, 0x00, 0x00
//     .byte 0x00, 0x00, 0x01, 0x00, 0x00, 0x01, 0x01, 0x01, 0x00, 0x10, 0x00, 0x00, 0xe8, 0x03, 0x00, 0x00
//     .byte 0x00, 0x00, 0x00, 0x00, 0x00, 0x00, 0x00, 0x00, 0x1e, 0x00, 0x00, 0x00, 0x00, 0x00, 0x01, 0x01
//     .byte 0x00, 0x10, 0x00, 0x00, 0xe8, 0x03, 0x5d, 0x01, 0x0f, 0x03, 0x2e, 0x00, 0x00, 0x00, 0x00, 0x00
//     .byte 0x06, 0x00, 0x0a, 0x00, 0x00, 0x00, 0x01, 0x01, 0x00, 0x10, 0x00, 0x00, 0xb3, 0x00, 0x47, 0x00
//     .byte 0x11, 0x03, 0x20, 0x00, 0x00, 0x00, 0x00, 0x00, 0x00, 0x00, 0x01, 0x00, 0x00, 0x01, 0x01, 0x01
//     .byte 0x00, 0x10, 0x00, 0x00, 0xe8, 0x03, 0x01, 0x00, 0x14, 0x03, 0x1e, 0x00, 0x30, 0x00, 0x00, 0x00
//     .byte 0x03, 0xca, 0x07, 0x00, 0x00, 0x10, 0x01, 0x01, 0x00, 0x10, 0x00, 0x00, 0xe8, 0x03, 0x04, 0x00
//     .byte 0x14, 0x03, 0x1e, 0x00, 0x30, 0x00, 0x00, 0x00, 0x04, 0xcb, 0x07, 0x00, 0x00, 0x10, 0x01, 0x01
//     .byte 0x00, 0x10, 0x00, 0x00, 0xe8, 0x03, 0x00, 0x00, 0x00, 0x00, 0x00, 0x00, 0x00, 0x00, 0x00, 0x00
//     .byte 0x1e, 0x00, 0x00, 0x00, 0x00, 0x00, 0x01, 0x01, 0x00, 0x10, 0x00, 0x00, 0xe8, 0x03, 0x6e, 0x00
//     .byte 0x12, 0x03, 0x28, 0x00, 0x1e, 0x00, 0x00, 0x00, 0x01, 0xd0, 0x04, 0x00, 0x00, 0x18, 0x01, 0x01
//     .byte 0x00, 0x10, 0x00, 0x00, 0xb4, 0x00, 0x47, 0x00, 0x44, 0x03, 0x22, 0x00, 0x00, 0x00, 0x22, 0x00
//     .byte 0x00, 0x00, 0x01, 0x32, 0x9c, 0x01, 0x01, 0x01, 0x00, 0x10, 0x00, 0x00, 0xe8, 0x03, 0x04, 0x00
//     .byte 0x45, 0x03, 0x1e, 0x00, 0x24, 0x00, 0x00, 0x00, 0x06, 0xcb, 0x07, 0x34, 0x00, 0x14, 0x01, 0x01
//     .byte 0x00, 0x10, 0x00, 0x00, 0xe8, 0x03, 0x0e, 0x00, 0x45, 0x03, 0x1e, 0x00, 0x24, 0x00, 0x00, 0x00
//     .byte 0x07, 0xc9, 0x07, 0x34, 0x00, 0x14, 0x01, 0x01, 0x00, 0x10, 0x00, 0x00, 0xe8, 0x03, 0x39, 0x00
//     .byte 0x45, 0x03, 0x28, 0x00, 0x24, 0x00, 0x00, 0x00, 0x08, 0xcf, 0x07, 0x34, 0x00, 0x14, 0x01, 0x01
//     .byte 0x00, 0x10, 0x00, 0x00, 0xe8, 0x03, 0x00, 0x00, 0x00, 0x00, 0x00, 0x00, 0x00, 0x00, 0x00, 0x00
//     .byte 0x1e, 0x00, 0x00, 0x00, 0x00, 0x00, 0x01, 0x01, 0x00, 0x10, 0x00, 0x00, 0xe8, 0x03, 0x6e, 0x00
//     .byte 0x46, 0x03, 0x28, 0x00, 0x24, 0x00, 0x00, 0x00, 0x01, 0xd0, 0x04, 0x33, 0x00, 0x10, 0x01, 0x01
//     .byte 0x00, 0x10, 0x00, 0x00, 0xb5, 0x00, 0x47, 0x00, 0x93, 0x03, 0x24, 0x00, 0x00, 0x00, 0x28, 0x00
//     .byte 0x00, 0x00, 0x01, 0x54, 0x9d, 0x01, 0x01, 0x01, 0x00, 0x10, 0x00, 0x00, 0xe8, 0x03, 0x0e, 0x00
//     .byte 0x94, 0x03, 0x1e, 0x00, 0x1e, 0x00, 0x00, 0x00, 0x04, 0xc9, 0x07, 0x56, 0x00, 0x10, 0x01, 0x01
//     .byte 0x00, 0x10, 0x00, 0x00, 0xe8, 0x03, 0x00, 0x00, 0x00, 0x00, 0x00, 0x00, 0x00, 0x00, 0x00, 0x00
//     .byte 0x1e, 0x00, 0x00, 0x00, 0x00, 0x00, 0x01, 0x01, 0x00, 0x10, 0x00, 0x00, 0xe8, 0x03, 0x72, 0x00
//     .byte 0x9a, 0x02, 0x28, 0x00, 0x2e, 0x00, 0x00, 0x00, 0x03, 0xd4, 0x04, 0x55, 0x00, 0x14, 0x01, 0x01
//     .byte 0x00, 0x10, 0x00, 0x00, 0xb6, 0x00, 0x47, 0x00, 0xbc, 0x02, 0x20, 0x00, 0x00, 0x00, 0x00, 0x00
//     .byte 0x01, 0x00, 0x01, 0x15, 0x00, 0x02, 0x01, 0x01, 0x00, 0x10, 0x00, 0x00, 0xe8, 0x03, 0x47, 0x00
//     .byte 0xbd, 0x02, 0x24, 0x00, 0x00, 0x00, 0x22, 0x00, 0x02, 0x00, 0x02, 0x16, 0xa1, 0x00, 0x01, 0x01
//     .byte 0x00, 0x10, 0x00, 0x00, 0xe8, 0x03, 0x04, 0x01, 0x00, 0x00, 0x00, 0x00, 0x00, 0x00, 0x00, 0x00
//     .byte 0xff, 0x00, 0xff, 0x00, 0x00, 0x00, 0x01, 0x01, 0x00, 0x10, 0x00, 0x00, 0xe8, 0x03, 0x00, 0x00
//     .byte 0x00, 0x00, 0x00, 0x00, 0x00, 0x00, 0x00, 0x00, 0x1e, 0x00, 0x00, 0x00, 0x00, 0x00, 0x01, 0x01
//     .byte 0x00, 0x10, 0x00, 0x00, 0xb7, 0x00, 0x47, 0x00, 0x1b, 0x03, 0x1c, 0x00, 0x00, 0x00, 0x1c, 0x00
//     .byte 0x00, 0x00, 0x01, 0x00, 0x9e, 0x01, 0x01, 0x01, 0x00, 0x10, 0x00, 0x00, 0xe8, 0x03, 0x00, 0x00
//     .byte 0x00, 0x00, 0x00, 0x00, 0x00, 0x00, 0x00, 0x00, 0x1e, 0x00, 0x00, 0x00, 0x00, 0x00, 0x01, 0x01
//     .byte 0x00, 0x10, 0x00, 0x00, 0xe8, 0x03, 0xea, 0x00, 0x1e, 0x03, 0x20, 0x00, 0x00, 0x00, 0x00, 0x00
//     .byte 0x03, 0x00, 0x05, 0x26, 0x00, 0x00, 0x01, 0x01, 0x00, 0x10, 0x00, 0x00, 0xb8, 0x00, 0x47, 0x00
//     .byte 0x33, 0x03, 0x26, 0x00, 0x00, 0x00, 0x00, 0x00, 0x00, 0x00, 0x01, 0x2e, 0x00, 0x02, 0x01, 0x01
//     .byte 0x00, 0x10, 0x00, 0x00, 0xe8, 0x03, 0x34, 0x00, 0x34, 0x03, 0x28, 0x00, 0x2a, 0x00, 0x00, 0x00
//     .byte 0x02, 0xcf, 0x07, 0x00, 0x00, 0x08, 0x01, 0x01, 0x00, 0x10, 0x00, 0x00, 0xe8, 0x03, 0xfd, 0x00
//     .byte 0x35, 0x03, 0x1e, 0x00, 0x00, 0x00, 0x00, 0x00, 0x06, 0x00, 0x08, 0x00, 0x00, 0x00, 0x01, 0x01
//     .byte 0x00, 0x10, 0x00, 0x00, 0xe8, 0x03, 0x00, 0x00, 0x00, 0x00, 0x00, 0x00, 0x00, 0x00, 0x00, 0x00
//     .byte 0x1e, 0x00, 0x00, 0x00, 0x00, 0x00, 0x01, 0x01, 0x00, 0x10, 0x00, 0x00, 0xe8, 0x03, 0x04, 0x01
//     .byte 0x00, 0x00, 0x00, 0x00, 0x00, 0x00, 0x00, 0x00, 0xff, 0x00, 0xff, 0x00, 0x00, 0x00, 0x01, 0x01
//     .byte 0x00, 0x10, 0x00, 0x00, 0xb9, 0x00, 0x47, 0x00, 0x00, 0x03, 0x24, 0x00, 0x00, 0x00, 0x26, 0x00
//     .byte 0x00, 0x00, 0x01, 0x20, 0x9e, 0x01, 0x01, 0x01, 0x00, 0x10, 0x00, 0x00, 0xe8, 0x03, 0x00, 0x00
//     .byte 0x00, 0x00, 0x00, 0x00, 0x00, 0x00, 0x00, 0x00, 0x1e, 0x00, 0x00, 0x00, 0x00, 0x00, 0x01, 0x01
//     .byte 0x00, 0x10, 0x00, 0x00, 0xe8, 0x03, 0x27, 0x00, 0x01, 0x03, 0x28, 0x00, 0x06, 0x00, 0x00, 0x00
//     .byte 0x04, 0xcf, 0x07, 0x22, 0x00, 0x18, 0x01, 0x01, 0x00, 0x10, 0x00, 0x00, 0xba, 0x00, 0x47, 0x00
//     .byte 0x3d, 0x03, 0x1a, 0x00, 0x00, 0x00, 0x00, 0x00, 0x00, 0x00, 0x01, 0x00, 0x00, 0x02, 0x01, 0x01
//     .byte 0x00, 0x10, 0x00, 0x00, 0xe8, 0x03, 0x00, 0x00, 0x00, 0x00, 0x00, 0x00, 0x00, 0x00, 0x00, 0x00
//     .byte 0x1e, 0x00, 0x00, 0x00, 0x00, 0x00, 0x01, 0x01, 0x00, 0x10, 0x00, 0x00, 0xe8, 0x03, 0xeb, 0x00
//     .byte 0x40, 0x03, 0x20, 0x00, 0x00, 0x00, 0x20, 0x00, 0x02, 0x00, 0x09, 0x00, 0x9c, 0x00, 0x01, 0x01
//     .byte 0x00, 0x10, 0x00, 0x00, 0xbb, 0x00, 0x47, 0x00, 0xdd, 0x02, 0x1c, 0x00, 0x00, 0x00, 0x00, 0x00
//     .byte 0x00, 0x00, 0x01, 0x00, 0x00, 0x00, 0x01, 0x01, 0x00, 0x10, 0x00, 0x00, 0xe8, 0x03, 0x37, 0x00
//     .byte 0xde, 0x02, 0x2c, 0x00, 0x00, 0x00, 0x00, 0x00, 0x01, 0x00, 0x07, 0x1b, 0x00, 0x00, 0x01, 0x01
//     .byte 0x00, 0x10, 0x00, 0x00, 0xe8, 0x03, 0x00, 0x00, 0x00, 0x00, 0x00, 0x00, 0x00, 0x00, 0x00, 0x00
//     .byte 0x1e, 0x00, 0x00, 0x00, 0x00, 0x00, 0x01, 0x01, 0x00, 0x10, 0x00, 0x00, 0xbc, 0x00, 0x47, 0x00
//     .byte 0xf1, 0x03, 0x24, 0x00, 0x00, 0x00, 0x00, 0x00, 0x00, 0x00, 0x01, 0x50, 0x51, 0x02, 0x01, 0x01
//     .byte 0x00, 0x10, 0x00, 0x00, 0xe8, 0x03, 0x73, 0x00, 0xf2, 0x03, 0x28, 0x00, 0x32, 0x00, 0x00, 0x00
//     .byte 0x01, 0xd5, 0x04, 0x58, 0x00, 0x14, 0x01, 0x01, 0x00, 0x20, 0x00, 0x00, 0xe8, 0x03, 0xe3, 0x00
//     .byte 0xf3, 0x03, 0x0a, 0x00, 0x14, 0x00, 0x00, 0x00, 0x02, 0xd8, 0x09, 0x59, 0x00, 0x0c, 0x01, 0x01
//     .byte 0x00, 0x10, 0x00, 0x00, 0xe8, 0x03, 0x00, 0x00, 0x00, 0x00, 0x00, 0x00, 0x00, 0x00, 0x00, 0x00
//     .byte 0x1e, 0x00, 0x00, 0x00, 0x00, 0x00, 0x01, 0x01, 0x00, 0x10, 0x00, 0x00, 0xe8, 0x03, 0x6a, 0x00
//     .byte 0xf4, 0x03, 0x28, 0x00, 0x28, 0x00, 0x00, 0x00, 0x03, 0xd9, 0x0a, 0x5a, 0x00, 0x00, 0x01, 0x01
//     .byte 0x00, 0x10, 0x00, 0x00, 0xbd, 0x00, 0x00, 0x00, 0x00, 0x00, 0x00, 0x00, 0x00, 0x00, 0x00, 0x00
//     .byte 0x00, 0x00, 0xff, 0x00, 0x00, 0x00, 0x01, 0x01, 0x00, 0x10, 0x00, 0x00, 0xbe, 0x00, 0x47, 0x00
//     .byte 0x6e, 0x03, 0x1c, 0x00, 0x00, 0x00, 0x00, 0x00, 0x00, 0x00, 0x01, 0x40, 0x00, 0x02, 0x01, 0x01
//     .byte 0x00, 0x10, 0x00, 0x00, 0xe8, 0x03, 0x04, 0x00, 0x6f, 0x03, 0x1e, 0x00, 0x14, 0x00, 0x00, 0x00
//     .byte 0x05, 0xcb, 0x07, 0x42, 0x00, 0x10, 0x01, 0x01, 0x00, 0x10, 0x00, 0x00, 0xe8, 0x03, 0x00, 0x00
//     .byte 0x00, 0x00, 0x00, 0x00, 0x00, 0x00, 0x00, 0x00, 0x1e, 0x00, 0x00, 0x00, 0x00, 0x00, 0x01, 0x01
//     .byte 0x00, 0x10, 0x00, 0x00, 0xe8, 0x03, 0x73, 0x00, 0x70, 0x03, 0x28, 0x00, 0x24, 0x00, 0x00, 0x00
//     .byte 0x04, 0xd5, 0x04, 0x41, 0x00, 0x14, 0x01, 0x01, 0x00, 0x10, 0x00, 0x00, 0xbf, 0x00, 0x47, 0x00
//     .byte 0x2d, 0x03, 0x24, 0x00, 0x00, 0x00, 0x00, 0x00, 0x00, 0x00, 0x01, 0x00, 0x00, 0x02, 0x01, 0x01
//     .byte 0x00, 0x10, 0x00, 0x00, 0xe8, 0x03, 0x33, 0x00, 0x2e, 0x03, 0x28, 0x00, 0x0a, 0x00, 0x00, 0x00
//     .byte 0x03, 0xcf, 0x07, 0x00, 0x00, 0x08, 0x01, 0x01, 0x00, 0x10, 0x00, 0x00, 0xe8, 0x03, 0x00, 0x00
//     .byte 0x00, 0x00, 0x00, 0x00, 0x00, 0x00, 0x00, 0x00, 0x1e, 0x00, 0x00, 0x00, 0x00, 0x00, 0x01, 0x01
//     .byte 0x00, 0x10, 0x00, 0x00, 0xe8, 0x03, 0x0a, 0x01, 0x2f, 0x03, 0x1e, 0x00, 0x00, 0x00, 0x0a, 0x00
//     .byte 0x01, 0x00, 0x09, 0x00, 0xa0, 0x00, 0x01, 0x01, 0x00, 0x10, 0x00, 0x00, 0xc0, 0x00, 0x47, 0x00
//     .byte 0xf2, 0x02, 0x14, 0x00, 0x00, 0x00, 0x00, 0x00, 0x00, 0x00, 0x01, 0x00, 0x00, 0x02, 0x01, 0x01
//     .byte 0x00, 0x10, 0x00, 0x00, 0xe8, 0x03, 0x6e, 0x00, 0xf3, 0x02, 0x28, 0x00, 0x20, 0x00, 0x00, 0x00
//     .byte 0x01, 0xd0, 0x04, 0x00, 0x00, 0x10, 0x01, 0x01, 0x00, 0x10, 0x00, 0x00, 0xe8, 0x03, 0x00, 0x00
//     .byte 0x00, 0x00, 0x00, 0x00, 0x00, 0x00, 0x00, 0x00, 0x1e, 0x00, 0x00, 0x00, 0x00, 0x00, 0x01, 0x01
//     .byte 0x00, 0x10, 0x00, 0x00, 0xe8, 0x03, 0xe2, 0x00, 0xf6, 0x02, 0x00, 0x00, 0x18, 0x00, 0x14, 0x00
//     .byte 0x05, 0xd8, 0x09, 0x00, 0xa0, 0x0c, 0x01, 0x01, 0x00, 0x10, 0x00, 0x00, 0xc1, 0x00, 0x47, 0x00
//     .byte 0x0b, 0x03, 0x1a, 0x00, 0x00, 0x00, 0x1b, 0x00, 0x00, 0x00, 0x01, 0x5b, 0x9c, 0x01, 0x01, 0x01
//     .byte 0x00, 0x10, 0x00, 0x00, 0xe8, 0x03, 0x70, 0x01, 0x0e, 0x03, 0x1e, 0x00, 0x00, 0x00, 0x00, 0x00
//     .byte 0x04, 0x00, 0x09, 0x5c, 0x00, 0x00, 0x01, 0x01, 0x00, 0x10, 0x00, 0x00, 0xe8, 0x03, 0x00, 0x00
//     .byte 0x00, 0x00, 0x00, 0x00, 0x00, 0x00, 0x00, 0x00, 0x1e, 0x00, 0x00, 0x00, 0x00, 0x00, 0x01, 0x01
//     .byte 0x00, 0x10, 0x00, 0x00, 0xe8, 0x03, 0x19, 0x01, 0x0d, 0x03, 0x1e, 0x00, 0x00, 0x00, 0x00, 0x00
//     .byte 0x01, 0x00, 0x06, 0x00, 0x00, 0x00, 0x01, 0x01, 0x00, 0x10, 0x00, 0x00, 0xc2, 0x00, 0x47, 0x00
//     .byte 0xa0, 0x03, 0x14, 0x00, 0x00, 0x00, 0x16, 0x00, 0x00, 0x00, 0x01, 0x00, 0x9d, 0x02, 0x01, 0x01
//     .byte 0x00, 0x10, 0x00, 0x00, 0xe8, 0x03, 0x0e, 0x00, 0xa1, 0x03, 0x1e, 0x00, 0x22, 0x00, 0x00, 0x00
//     .byte 0x01, 0xc9, 0x07, 0x00, 0x00, 0x10, 0x01, 0x01, 0x00, 0x10, 0x00, 0x00, 0xe8, 0x03, 0x2a, 0x00
//     .byte 0xa1, 0x03, 0x28, 0x00, 0x22, 0x00, 0x00, 0x00, 0x02, 0xcf, 0x07, 0x00, 0x00, 0x10, 0x01, 0x01
//     .byte 0x00, 0x10, 0x00, 0x00, 0xe8, 0x03, 0x00, 0x00, 0x00, 0x00, 0x00, 0x00, 0x00, 0x00, 0x00, 0x00
//     .byte 0x1e, 0x00, 0x00, 0x00, 0x00, 0x00, 0x01, 0x01, 0x00, 0x10, 0x00, 0x00, 0xe8, 0x03, 0xe2, 0x00
//     .byte 0xa2, 0x03, 0x00, 0x00, 0x10, 0x00, 0x0e, 0x00, 0x03, 0xd8, 0x09, 0x00, 0xa0, 0x0c, 0x01, 0x01
//     .byte 0x00, 0x10, 0x00, 0x00, 0xc3, 0x00, 0x00, 0x00, 0x00, 0x00, 0x00, 0x00, 0x00, 0x00, 0x00, 0x00
//     .byte 0x00, 0x00, 0xff, 0x00, 0x00, 0x00, 0x01, 0x01, 0x00, 0x10, 0x00, 0x00, 0xc4, 0x00, 0x00, 0x00
//     .byte 0x00, 0x00, 0x00, 0x00, 0x00, 0x00, 0x00, 0x00, 0x00, 0x00, 0xff, 0x00, 0x00, 0x00, 0x01, 0x01
//     .byte 0x00, 0x10, 0x00, 0x00, 0xc5, 0x00, 0x00, 0x00, 0x00, 0x00, 0x00, 0x00, 0x00, 0x00, 0x00, 0x00
//     .byte 0x00, 0x00, 0xff, 0x00, 0x00, 0x00, 0x01, 0x01, 0x00, 0x10, 0x00, 0x00, 0xc6, 0x00, 0x00, 0x00
//     .byte 0x00, 0x00, 0x00, 0x00, 0x00, 0x00, 0x00, 0x00, 0x00, 0x00, 0xff, 0x00, 0x00, 0x00, 0x01, 0x01
//     .byte 0x00, 0x10, 0x00, 0x00, 0xc7, 0x00, 0x00, 0x00, 0x00, 0x00, 0x00, 0x00, 0x00, 0x00, 0x00, 0x00
//     .byte 0x00, 0x00, 0xff, 0x00, 0x00, 0x00, 0x01, 0x01, 0x00, 0x10, 0x00, 0x00, 0xc8, 0x00, 0x00, 0x00
//     .byte 0x00, 0x00, 0x00, 0x00, 0x00, 0x00, 0x00, 0x00, 0x00, 0x00, 0xff, 0x00, 0x00, 0x00, 0x01, 0x01
//     .byte 0x00, 0x10, 0x00, 0x00, 0xc9, 0x00, 0x00, 0x00, 0x00, 0x00, 0x00, 0x00, 0x00, 0x00, 0x00, 0x00
//     .byte 0x00, 0x00, 0xff, 0x00, 0x00, 0x00, 0x01, 0x01, 0x00, 0x10, 0x00, 0x00, 0xca, 0x00, 0x00, 0x00
//     .byte 0x00, 0x00, 0x00, 0x00, 0x00, 0x00, 0x00, 0x00, 0x00, 0x00, 0xff, 0x00, 0x00, 0x00, 0x01, 0x01
//     .byte 0x00, 0x10, 0x00, 0x00, 0xcb, 0x00, 0x00, 0x00, 0x00, 0x00, 0x00, 0x00, 0x00, 0x00, 0x00, 0x00
//     .byte 0x00, 0x00, 0xff, 0x00, 0x00, 0x00, 0x01, 0x01, 0x00, 0x10, 0x00, 0x00, 0xcc, 0x00, 0x00, 0x00
//     .byte 0x00, 0x00, 0x00, 0x00, 0x00, 0x00, 0x00, 0x00, 0x00, 0x00, 0xff, 0x00, 0x00, 0x00, 0x01, 0x01
//     .byte 0x00, 0x10, 0x00, 0x00, 0xcd, 0x00, 0x47, 0x00, 0xf1, 0x03, 0x24, 0x00, 0x00, 0x00, 0x00, 0x00
//     .byte 0x00, 0x00, 0x01, 0x50, 0x51, 0x02, 0x01, 0x01, 0x00, 0x10, 0x00, 0x00, 0xe8, 0x03, 0x00, 0x00
//     .byte 0x00, 0x00, 0x00, 0x00, 0x00, 0x00, 0x00, 0x00, 0x1e, 0x00, 0x00, 0x00, 0x00, 0x00, 0x01, 0x01
//     .byte 0x00, 0x10, 0x00, 0x00, 0xe8, 0x03, 0xe7, 0x00, 0xf1, 0x03, 0x24, 0x00, 0x00, 0x00, 0x00, 0x00
//     .byte 0x00, 0x00, 0x01, 0x52, 0x53, 0x00, 0x01, 0x01, 0x00, 0x10, 0x00, 0x00, 0xce, 0x00, 0x47, 0x00
//     .byte 0xf5, 0x03, 0x48, 0x00, 0x00, 0x00, 0x4a, 0x00, 0x00, 0x00, 0x01, 0x5d, 0x9f, 0x02, 0x01, 0x01
//     .byte 0x00, 0x10, 0x00, 0x00, 0xe8, 0x03, 0x05, 0x00, 0xf8, 0x03, 0x1e, 0x00, 0x18, 0x00, 0x00, 0x00
//     .byte 0x04, 0xcb, 0x0a, 0x50, 0x00, 0x08, 0x01, 0x01, 0x00, 0x10, 0x00, 0x00, 0xe8, 0x03, 0x0e, 0x00
//     .byte 0xf9, 0x03, 0x1e, 0x00, 0x5a, 0x00, 0x00, 0x00, 0x05, 0xc9, 0x0b, 0x61, 0x00, 0x08, 0x01, 0x01
//     .byte 0x00, 0x10, 0x00, 0x00, 0xe8, 0x03, 0x14, 0x00, 0xf6, 0x03, 0x1e, 0x00, 0x2c, 0x00, 0x00, 0x00
//     .byte 0x02, 0xcd, 0x07, 0x5f, 0x00, 0x14, 0x01, 0x01, 0x00, 0x10, 0x00, 0x00, 0xe8, 0x03, 0x2a, 0x00
//     .byte 0xf7, 0x03, 0x28, 0x00, 0x02, 0x00, 0x00, 0x00, 0x03, 0xcf, 0x09, 0x60, 0x00, 0x14, 0x01, 0x01
//     .byte 0x00, 0x10, 0x00, 0x00, 0xe8, 0x03, 0x00, 0x00, 0x00, 0x00, 0x00, 0x00, 0x00, 0x00, 0x00, 0x00
//     .byte 0x1e, 0x00, 0x00, 0x00, 0x00, 0x00, 0x01, 0x01, 0x00, 0x10, 0x00, 0x00, 0xe8, 0x03, 0x00, 0x01
//     .byte 0xf2, 0x03, 0x28, 0x00, 0x32, 0x00, 0x00, 0x00, 0x01, 0xdb, 0x04, 0x5e, 0x00, 0x08, 0x01, 0x01
//     .byte 0x00, 0x10, 0x00, 0x00, 0xcf, 0x00, 0x47, 0x00, 0xfa, 0x03, 0x3e, 0x00, 0x00, 0x00, 0x00, 0x00
//     .byte 0x00, 0x00, 0x01, 0x62, 0x63, 0x02, 0x01, 0x01, 0x00, 0x10, 0x00, 0x00, 0xe8, 0x03, 0x6f, 0x00
//     .byte 0xfb, 0x03, 0x28, 0x00, 0x44, 0x00, 0x00, 0x00, 0x02, 0xd1, 0x09, 0x64, 0x00, 0x14, 0x01, 0x01
//     .byte 0x00, 0x10, 0x00, 0x00, 0xe8, 0x03, 0x70, 0x00, 0xfb, 0x03, 0x46, 0x00, 0x44, 0x00, 0x00, 0x00
//     .byte 0x01, 0xd2, 0x04, 0x64, 0x00, 0x14, 0x01, 0x01, 0x00, 0x10, 0x00, 0x00, 0xe8, 0x03, 0x4a, 0x00
//     .byte 0xfc, 0x03, 0x50, 0x00, 0x32, 0x00, 0x00, 0x00, 0x04, 0xe5, 0x0a, 0x65, 0x00, 0x0c, 0x01, 0x01
//     .byte 0x00, 0x10, 0x00, 0x00, 0xe8, 0x03, 0x00, 0x00, 0x00, 0x00, 0x00, 0x00, 0x00, 0x00, 0x00, 0x00
//     .byte 0x1e, 0x00, 0x00, 0x00, 0x00, 0x00, 0x01, 0x01, 0x00, 0x10, 0x00, 0x00, 0xe8, 0x03, 0x6a, 0x00
//     .byte 0xfd, 0x03, 0x28, 0x00, 0x3c, 0x00, 0x00, 0x00, 0x03, 0xd9, 0x0b, 0x66, 0x00, 0x00, 0x01, 0x01
//     .byte 0x00, 0x10, 0x00, 0x00, 0xd0, 0x00, 0x47, 0x00, 0xfe, 0x03, 0x34, 0x00, 0x00, 0x00, 0x00, 0x00
//     .byte 0x00, 0x00, 0x01, 0x67, 0x00, 0x02, 0x01, 0x01, 0x00, 0x10, 0x00, 0x00, 0xe8, 0x03, 0x00, 0x00
//     .byte 0x00, 0x00, 0x00, 0x00, 0x00, 0x00, 0x00, 0x00, 0x1e, 0x00, 0x00, 0x00, 0x00, 0x00, 0x01, 0x01
//     .byte 0x00, 0x10, 0x00, 0x00, 0xe8, 0x03, 0x6f, 0x00, 0xfb, 0x03, 0x28, 0x00, 0x44, 0x00, 0x00, 0x00
//     .byte 0x01, 0xd1, 0x04, 0x64, 0x00, 0x14, 0x01, 0x01, 0x00, 0x10, 0x00, 0x00, 0xe8, 0x03, 0x70, 0x00
//     .byte 0xfb, 0x03, 0x46, 0x00, 0x44, 0x00, 0x00, 0x00, 0x01, 0xd2, 0x04, 0x64, 0x00, 0x14, 0x01, 0x01
//     .byte 0x00, 0x10, 0x00, 0x00, 0xd1, 0x00, 0x47, 0x00, 0xff, 0x03, 0x4a, 0x00, 0x00, 0x00, 0x4e, 0x00
//     .byte 0x00, 0x00, 0x01, 0x68, 0x9f, 0x00, 0x01, 0x01, 0x00, 0x10, 0x00, 0x00, 0xe8, 0x03, 0x00, 0x00
//     .byte 0x00, 0x00, 0x00, 0x00, 0x00, 0x00, 0x00, 0x00, 0x1e, 0x00, 0x00, 0x00, 0x00, 0x00, 0x01, 0x01
//     .byte 0x00, 0x10, 0x00, 0x00, 0xe8, 0x03, 0x70, 0x00, 0xfb, 0x03, 0x46, 0x00, 0x46, 0x00, 0x00, 0x00
//     .byte 0x01, 0xd2, 0x04, 0x64, 0x00, 0x14, 0x01, 0x01, 0x00, 0x10, 0x00, 0x00, 0xd2, 0x00, 0x47, 0x00
//     .byte 0xfe, 0x03, 0x34, 0x00, 0x00, 0x00, 0x00, 0x00, 0x00, 0x00, 0x01, 0x67, 0x00, 0x02, 0x01, 0x01
//     .byte 0x00, 0x10, 0x00, 0x00, 0xe8, 0x03, 0x47, 0x00, 0xff, 0x03, 0x48, 0x00, 0x00, 0x00, 0x4e, 0x00
//     .byte 0x01, 0x00, 0x09, 0x6a, 0x9f, 0x00, 0x01, 0x01, 0x00, 0x10, 0x00, 0x00, 0xe8, 0x03, 0x70, 0x00
//     .byte 0xfb, 0x03, 0x46, 0x00, 0x44, 0x00, 0x00, 0x00, 0x02, 0xd2, 0x04, 0x69, 0x00, 0x14, 0x01, 0x01
//     .byte 0x00, 0x10, 0x00, 0x00, 0xe8, 0x03, 0x74, 0x00, 0xfb, 0x03, 0x28, 0x00, 0x44, 0x00, 0x00, 0x00
//     .byte 0x03, 0xd6, 0x0a, 0x69, 0x00, 0x14, 0x01, 0x01, 0x00, 0x10, 0x00, 0x00, 0xe8, 0x03, 0x00, 0x00
//     .byte 0x00, 0x00, 0x00, 0x00, 0x00, 0x00, 0x00, 0x00, 0x1e, 0x00, 0x00, 0x00, 0x00, 0x00, 0x01, 0x01
//     .byte 0x00, 0x10, 0x00, 0x00, 0xe8, 0x03, 0x23, 0x00, 0x01, 0x04, 0x48, 0x00, 0x00, 0x00, 0x00, 0x00
//     .byte 0x05, 0x00, 0x07, 0x00, 0x00, 0x00, 0x01, 0x01, 0x00, 0x10, 0x00, 0x00, 0xe8, 0x03, 0x6a, 0x00
//     .byte 0x00, 0x04, 0x28, 0x00, 0x3c, 0x00, 0x00, 0x00, 0x04, 0xd9, 0x0b, 0x6c, 0x00, 0x00, 0x01, 0x01
//     .byte 0x00, 0x10, 0x00, 0x00, 0xd3, 0x00, 0x00, 0x00, 0x00, 0x00, 0x00, 0x00, 0x00, 0x00, 0x00, 0x00
//     .byte 0x00, 0x00, 0xff, 0x00, 0x00, 0x00, 0x01, 0x01, 0x00, 0x10, 0x00, 0x00, 0xd4, 0x00, 0x47, 0x00
//     .byte 0xfb, 0x02, 0x20, 0x00, 0x00, 0x00, 0x00, 0x00, 0x00, 0x00, 0x01, 0x00, 0x00, 0x02, 0x01, 0x01
//     .byte 0x00, 0x10, 0x00, 0x00, 0xe8, 0x03, 0x00, 0x00, 0x00, 0x00, 0x00, 0x00, 0x00, 0x00, 0x00, 0x00
//     .byte 0x1e, 0x00, 0x00, 0x00, 0x00, 0x00, 0x01, 0x01, 0x00, 0x10, 0x00, 0x00, 0xe8, 0x03, 0xe8, 0x00
//     .byte 0xff, 0x02, 0x18, 0x00, 0x00, 0x00, 0x00, 0x00, 0x05, 0x00, 0x0d, 0x00, 0x00, 0x00, 0x01, 0x01
//     .byte 0x00, 0x10, 0x00, 0x00, 0xd5, 0x00, 0x47, 0x00, 0x39, 0x03, 0x1c, 0x00, 0x00, 0x00, 0x00, 0x00
//     .byte 0x00, 0x00, 0x01, 0x00, 0x00, 0x01, 0x01, 0x01, 0x00, 0x10, 0x00, 0x00, 0xe8, 0x03, 0x06, 0x00
//     .byte 0x00, 0x00, 0x1e, 0x00, 0x20, 0x00, 0x00, 0x00, 0x01, 0xcb, 0x07, 0x00, 0x00, 0x10, 0x01, 0x01
//     .byte 0x00, 0x10, 0x00, 0x00, 0xe8, 0x03, 0x02, 0x00, 0x00, 0x00, 0x1e, 0x00, 0x18, 0x00, 0x00, 0x00
//     .byte 0x02, 0xca, 0x0a, 0x00, 0x00, 0x10, 0x01, 0x01, 0x00, 0x10, 0x00, 0x00, 0xe8, 0x03, 0x10, 0x00
//     .byte 0x00, 0x00, 0x1e, 0x00, 0x1a, 0x00, 0x00, 0x00, 0x03, 0xc9, 0x09, 0x00, 0x00, 0x10, 0x01, 0x01
//     .byte 0x00, 0x10, 0x00, 0x00, 0xe8, 0x03, 0x0c, 0x00, 0x00, 0x00, 0x1e, 0x00, 0x28, 0x00, 0x00, 0x00
//     .byte 0x04, 0xce, 0x0b, 0x00, 0x00, 0x10, 0x01, 0x01, 0x00, 0x10, 0x00, 0x00, 0xe8, 0x03, 0x00, 0x00
//     .byte 0x00, 0x00, 0x00, 0x00, 0x00, 0x00, 0x00, 0x00, 0x1e, 0x00, 0x00, 0x00, 0x00, 0x00, 0x01, 0x01
//     .byte 0x00, 0x10, 0x00, 0x00, 0xe8, 0x03, 0x04, 0x01, 0x00, 0x00, 0x00, 0x00, 0x00, 0x00, 0x00, 0x00
//     .byte 0xff, 0x00, 0xff, 0x00, 0x00, 0x00, 0x01, 0x01, 0x00, 0x10, 0x00, 0x00, 0xd6, 0x00, 0x47, 0x00
//     .byte 0x82, 0x03, 0x1e, 0x00, 0x00, 0x00, 0x00, 0x00, 0x00, 0x00, 0x01, 0x00, 0x00, 0x00, 0x01, 0x01
//     .byte 0x00, 0x10, 0x00, 0x00, 0xe8, 0x03, 0x82, 0x00, 0x83, 0x03, 0x16, 0x00, 0x00, 0x00, 0x00, 0x00
//     .byte 0x04, 0x00, 0x02, 0x00, 0x00, 0x00, 0x01, 0x01, 0x00, 0x10, 0x00, 0x00, 0xe8, 0x03, 0x00, 0x00
//     .byte 0x00, 0x00, 0x00, 0x00, 0x00, 0x00, 0x00, 0x00, 0x1e, 0x00, 0x00, 0x00, 0x00, 0x00, 0x01, 0x01
//     .byte 0x00, 0x10, 0x00, 0x00, 0xe8, 0x03, 0x9b, 0x00, 0x00, 0x00, 0x00, 0x00, 0x00, 0x00, 0x00, 0x00
//     .byte 0xff, 0x00, 0xff, 0x00, 0x00, 0x00, 0x01, 0x01, 0x00, 0x10, 0x00, 0x00, 0xd7, 0x00, 0x47, 0x00
//     .byte 0x00, 0x00, 0x1c, 0x00, 0x00, 0x00, 0x00, 0x00, 0x00, 0x00, 0x01, 0x00, 0x00, 0x02, 0x01, 0x01
//     .byte 0x00, 0x10, 0x00, 0x00, 0xe8, 0x03, 0x32, 0x00, 0x00, 0x00, 0x28, 0x00, 0x0c, 0x00, 0x00, 0x00
//     .byte 0x01, 0xcf, 0x07, 0x00, 0x00, 0x10, 0x01, 0x01, 0x00, 0x10, 0x00, 0x00, 0xe8, 0x03, 0x35, 0x00
//     .byte 0x00, 0x00, 0x28, 0x00, 0x0c, 0x00, 0x00, 0x00, 0x01, 0xcf, 0x07, 0x00, 0x00, 0x10, 0x01, 0x01
//     .byte 0x00, 0x10, 0x00, 0x00, 0xe8, 0x03, 0x38, 0x00, 0x00, 0x00, 0x28, 0x00, 0x0c, 0x00, 0x00, 0x00
//     .byte 0x01, 0xcf, 0x07, 0x00, 0x00, 0x10, 0x01, 0x01, 0x00, 0x10, 0x00, 0x00, 0xe8, 0x03, 0x3c, 0x00
//     .byte 0x00, 0x00, 0x28, 0x00, 0x0c, 0x00, 0x00, 0x00, 0x01, 0xcf, 0x07, 0x00, 0x00, 0x10, 0x01, 0x01
//     .byte 0x00, 0x10, 0x00, 0x00, 0xe8, 0x03, 0x3d, 0x00, 0x00, 0x00, 0x28, 0x00, 0x0c, 0x00, 0x00, 0x00
//     .byte 0x01, 0xcf, 0x07, 0x00, 0x00, 0x10, 0x01, 0x01, 0x00, 0x10, 0x00, 0x00, 0xe8, 0x03, 0x30, 0x00
//     .byte 0x00, 0x00, 0x28, 0x00, 0x0c, 0x00, 0x00, 0x00, 0x01, 0xcf, 0x07, 0x00, 0x00, 0x10, 0x01, 0x01
//     .byte 0x00, 0x10, 0x00, 0x00, 0xe8, 0x03, 0x43, 0x00, 0x00, 0x00, 0x28, 0x00, 0x0c, 0x00, 0x00, 0x00
//     .byte 0x01, 0xcf, 0x07, 0x00, 0x00, 0x10, 0x01, 0x01, 0x00, 0x10, 0x00, 0x00, 0xe8, 0x03, 0x01, 0x00
//     .byte 0x00, 0x00, 0x1e, 0x00, 0x0c, 0x00, 0x00, 0x00, 0x01, 0xca, 0x07, 0x00, 0x00, 0x10, 0x01, 0x01
//     .byte 0x00, 0x10, 0x00, 0x00, 0xe8, 0x03, 0x04, 0x00, 0x00, 0x00, 0x1e, 0x00, 0x0c, 0x00, 0x00, 0x00
//     .byte 0x01, 0xcb, 0x07, 0x00, 0x00, 0x10, 0x01, 0x01, 0x00, 0x10, 0x00, 0x00, 0xe8, 0x03, 0x08, 0x00
//     .byte 0x00, 0x00, 0x1e, 0x00, 0x0c, 0x00, 0x00, 0x00, 0x01, 0xcb, 0x07, 0x00, 0x00, 0x10, 0x01, 0x01
//     .byte 0x00, 0x10, 0x00, 0x00, 0xe8, 0x03, 0x11, 0x00, 0x00, 0x00, 0x1e, 0x00, 0x0c, 0x00, 0x00, 0x00
//     .byte 0x01, 0xcb, 0x07, 0x00, 0x00, 0x10, 0x01, 0x01, 0x00, 0x10, 0x00, 0x00, 0xe8, 0x03, 0x12, 0x00
//     .byte 0x00, 0x00, 0x1e, 0x00, 0x0c, 0x00, 0x00, 0x00, 0x01, 0xcb, 0x07, 0x00, 0x00, 0x10, 0x01, 0x01
//     .byte 0x00, 0x10, 0x00, 0x00, 0xe8, 0x03, 0x1d, 0x00, 0x00, 0x00, 0x1e, 0x00, 0x0c, 0x00, 0x00, 0x00
//     .byte 0x01, 0xc9, 0x07, 0x00, 0x00, 0x10, 0x01, 0x01, 0x00, 0x10, 0x00, 0x00, 0xe8, 0x03, 0x00, 0x00
//     .byte 0x00, 0x00, 0x00, 0x00, 0x00, 0x00, 0x00, 0x00, 0x1e, 0x00, 0x00, 0x00, 0x00, 0x00, 0x01, 0x01
//     .byte 0x00, 0x10, 0x00, 0x00, 0xd8, 0x00, 0x47, 0x00, 0x00, 0x00, 0x22, 0x00, 0x00, 0x00, 0x00, 0x00
//     .byte 0x00, 0x00, 0x01, 0x00, 0x00, 0x02, 0x01, 0x01, 0x00, 0x10, 0x00, 0x00, 0xe8, 0x03, 0x32, 0x00
//     .byte 0x00, 0x00, 0x28, 0x00, 0x10, 0x00, 0x00, 0x00, 0x01, 0xcf, 0x07, 0x00, 0x00, 0x10, 0x01, 0x01
//     .byte 0x00, 0x10, 0x00, 0x00, 0xe8, 0x03, 0x35, 0x00, 0x00, 0x00, 0x28, 0x00, 0x10, 0x00, 0x00, 0x00
//     .byte 0x01, 0xcf, 0x07, 0x00, 0x00, 0x10, 0x01, 0x01, 0x00, 0x10, 0x00, 0x00, 0xe8, 0x03, 0x38, 0x00
//     .byte 0x00, 0x00, 0x28, 0x00, 0x10, 0x00, 0x00, 0x00, 0x01, 0xcf, 0x07, 0x00, 0x00, 0x10, 0x01, 0x01
//     .byte 0x00, 0x10, 0x00, 0x00, 0xe8, 0x03, 0x3c, 0x00, 0x00, 0x00, 0x28, 0x00, 0x10, 0x00, 0x00, 0x00
//     .byte 0x01, 0xcf, 0x07, 0x00, 0x00, 0x10, 0x01, 0x01, 0x00, 0x10, 0x00, 0x00, 0xe8, 0x03, 0x3d, 0x00
//     .byte 0x00, 0x00, 0x28, 0x00, 0x10, 0x00, 0x00, 0x00, 0x01, 0xcf, 0x07, 0x00, 0x00, 0x10, 0x01, 0x01
//     .byte 0x00, 0x10, 0x00, 0x00, 0xe8, 0x03, 0x30, 0x00, 0x00, 0x00, 0x28, 0x00, 0x10, 0x00, 0x00, 0x00
//     .byte 0x01, 0xcf, 0x07, 0x00, 0x00, 0x10, 0x01, 0x01, 0x00, 0x10, 0x00, 0x00, 0xe8, 0x03, 0x43, 0x00
//     .byte 0x00, 0x00, 0x28, 0x00, 0x10, 0x00, 0x00, 0x00, 0x01, 0xcf, 0x07, 0x00, 0x00, 0x10, 0x01, 0x01
//     .byte 0x00, 0x10, 0x00, 0x00, 0xe8, 0x03, 0x01, 0x00, 0x00, 0x00, 0x1e, 0x00, 0x10, 0x00, 0x00, 0x00
//     .byte 0x01, 0xca, 0x07, 0x00, 0x00, 0x10, 0x01, 0x01, 0x00, 0x10, 0x00, 0x00, 0xe8, 0x03, 0x04, 0x00
//     .byte 0x00, 0x00, 0x1e, 0x00, 0x10, 0x00, 0x00, 0x00, 0x01, 0xcb, 0x07, 0x00, 0x00, 0x10, 0x01, 0x01
//     .byte 0x00, 0x10, 0x00, 0x00, 0xe8, 0x03, 0x08, 0x00, 0x00, 0x00, 0x1e, 0x00, 0x10, 0x00, 0x00, 0x00
//     .byte 0x01, 0xcb, 0x07, 0x00, 0x00, 0x10, 0x01, 0x01, 0x00, 0x10, 0x00, 0x00, 0xe8, 0x03, 0x11, 0x00
//     .byte 0x00, 0x00, 0x1e, 0x00, 0x10, 0x00, 0x00, 0x00, 0x01, 0xcb, 0x07, 0x00, 0x00, 0x10, 0x01, 0x01
//     .byte 0x00, 0x10, 0x00, 0x00, 0xe8, 0x03, 0x12, 0x00, 0x00, 0x00, 0x1e, 0x00, 0x10, 0x00, 0x00, 0x00
//     .byte 0x01, 0xcb, 0x07, 0x00, 0x00, 0x10, 0x01, 0x01, 0x00, 0x10, 0x00, 0x00, 0xe8, 0x03, 0x1d, 0x00
//     .byte 0x00, 0x00, 0x1e, 0x00, 0x10, 0x00, 0x00, 0x00, 0x01, 0xc9, 0x07, 0x00, 0x00, 0x10, 0x01, 0x01
//     .byte 0x00, 0x10, 0x00, 0x00, 0xe8, 0x03, 0x00, 0x00, 0x00, 0x00, 0x00, 0x00, 0x00, 0x00, 0x00, 0x00
//     .byte 0x1e, 0x00, 0x00, 0x00, 0x00, 0x00, 0x01, 0x01, 0x00, 0x10, 0x00, 0x00, 0xd9, 0x00, 0x47, 0x00
//     .byte 0x00, 0x00, 0x24, 0x00, 0x00, 0x00, 0x00, 0x00, 0x00, 0x00, 0x01, 0x00, 0x00, 0x02, 0x01, 0x01
//     .byte 0x00, 0x10, 0x00, 0x00, 0xe8, 0x03, 0x00, 0x00, 0x00, 0x00, 0x00, 0x00, 0x00, 0x00, 0x00, 0x00
//     .byte 0x1e, 0x00, 0x00, 0x00, 0x00, 0x00, 0x01, 0x01, 0x00, 0x10, 0x00, 0x00, 0xda, 0x00, 0x47, 0x00
//     .byte 0x00, 0x00, 0x1e, 0x00, 0x00, 0x00, 0x00, 0x00, 0x00, 0x00, 0x01, 0x00, 0x00, 0x02, 0x01, 0x01
//     .byte 0x00, 0x10, 0x00, 0x00, 0xe8, 0x03, 0x00, 0x00, 0x00, 0x00, 0x00, 0x00, 0x00, 0x00, 0x00, 0x00
//     .byte 0x1e, 0x00, 0x00, 0x00, 0x00, 0x00, 0x01, 0x01, 0x00, 0x10, 0x00, 0x00, 0xdb, 0x00, 0x47, 0x00
//     .byte 0x00, 0x00, 0x0c, 0x00, 0x00, 0x00, 0x00, 0x00, 0x00, 0x00, 0x01, 0x00, 0x00, 0x02, 0x01, 0x01
//     .byte 0x00, 0x10, 0x00, 0x00, 0xe8, 0x03, 0x32, 0x00, 0x00, 0x00, 0x28, 0x00, 0x0e, 0x00, 0x00, 0x00
//     .byte 0x01, 0xcf, 0x07, 0x00, 0x00, 0x10, 0x01, 0x01, 0x00, 0x10, 0x00, 0x00, 0xe8, 0x03, 0x35, 0x00
//     .byte 0x00, 0x00, 0x28, 0x00, 0x0e, 0x00, 0x00, 0x00, 0x01, 0xcf, 0x07, 0x00, 0x00, 0x10, 0x01, 0x01
//     .byte 0x00, 0x10, 0x00, 0x00, 0xe8, 0x03, 0x38, 0x00, 0x00, 0x00, 0x28, 0x00, 0x0e, 0x00, 0x00, 0x00
//     .byte 0x01, 0xcf, 0x07, 0x00, 0x00, 0x10, 0x01, 0x01, 0x00, 0x10, 0x00, 0x00, 0xe8, 0x03, 0x3b, 0x00
//     .byte 0x00, 0x00, 0x28, 0x00, 0x0e, 0x00, 0x00, 0x00, 0x01, 0xcf, 0x07, 0x00, 0x00, 0x10, 0x01, 0x01
//     .byte 0x00, 0x10, 0x00, 0x00, 0xe8, 0x03, 0x3d, 0x00, 0x00, 0x00, 0x28, 0x00, 0x0e, 0x00, 0x00, 0x00
//     .byte 0x01, 0xcf, 0x07, 0x00, 0x00, 0x10, 0x01, 0x01, 0x00, 0x10, 0x00, 0x00, 0xe8, 0x03, 0x3e, 0x00
//     .byte 0x00, 0x00, 0x28, 0x00, 0x0e, 0x00, 0x00, 0x00, 0x01, 0xcf, 0x07, 0x00, 0x00, 0x10, 0x01, 0x01
//     .byte 0x00, 0x10, 0x00, 0x00, 0xe8, 0x03, 0x27, 0x00, 0x00, 0x00, 0x28, 0x00, 0x0e, 0x00, 0x00, 0x00
//     .byte 0x01, 0xcf, 0x07, 0x00, 0x00, 0x10, 0x01, 0x01, 0x00, 0x10, 0x00, 0x00, 0xe8, 0x03, 0x2a, 0x00
//     .byte 0x00, 0x00, 0x28, 0x00, 0x0e, 0x00, 0x00, 0x00, 0x01, 0xcf, 0x07, 0x00, 0x00, 0x10, 0x01, 0x01
//     .byte 0x00, 0x10, 0x00, 0x00, 0xe8, 0x03, 0x40, 0x00, 0x00, 0x00, 0x28, 0x00, 0x0e, 0x00, 0x00, 0x00
//     .byte 0x01, 0xcf, 0x07, 0x00, 0x00, 0x10, 0x01, 0x01, 0x00, 0x10, 0x00, 0x00, 0xe8, 0x03, 0x1e, 0x00
//     .byte 0x00, 0x00, 0x1e, 0x00, 0x0e, 0x00, 0x00, 0x00, 0x01, 0xc9, 0x07, 0x00, 0x00, 0x10, 0x01, 0x01
//     .byte 0x00, 0x10, 0x00, 0x00, 0xe8, 0x03, 0x1f, 0x00, 0x00, 0x00, 0x1e, 0x00, 0x0e, 0x00, 0x00, 0x00
//     .byte 0x01, 0xc9, 0x07, 0x00, 0x00, 0x10, 0x01, 0x01, 0x00, 0x10, 0x00, 0x00, 0xe8, 0x03, 0x14, 0x00
//     .byte 0x00, 0x00, 0x1e, 0x00, 0x0e, 0x00, 0x00, 0x00, 0x01, 0xcd, 0x07, 0x00, 0x00, 0x10, 0x01, 0x01
//     .byte 0x00, 0x10, 0x00, 0x00, 0xe8, 0x03, 0x16, 0x00, 0x00, 0x00, 0x1e, 0x00, 0x0e, 0x00, 0x00, 0x00
//     .byte 0x01, 0xcd, 0x07, 0x00, 0x00, 0x10, 0x01, 0x01, 0x00, 0x10, 0x00, 0x00, 0xe8, 0x03, 0x00, 0x00
//     .byte 0x00, 0x00, 0x00, 0x00, 0x00, 0x00, 0x00, 0x00, 0x1e, 0x00, 0x00, 0x00, 0x00, 0x00, 0x01, 0x01
//     .byte 0x00, 0x10, 0x00, 0x00, 0xdc, 0x00, 0x47, 0x00, 0x00, 0x00, 0x1e, 0x00, 0x00, 0x00, 0x00, 0x00
//     .byte 0x00, 0x00, 0x01, 0x00, 0x00, 0x02, 0x01, 0x01, 0x00, 0x10, 0x00, 0x00, 0xe8, 0x03, 0x0d, 0x00
//     .byte 0x00, 0x00, 0x1e, 0x00, 0x08, 0x00, 0x00, 0x00, 0x01, 0xc9, 0x07, 0x00, 0x00, 0x10, 0x01, 0x01
//     .byte 0x00, 0x10, 0x00, 0x00, 0xe8, 0x03, 0x0e, 0x00, 0x00, 0x00, 0x1e, 0x00, 0x08, 0x00, 0x00, 0x00
//     .byte 0x01, 0xc9, 0x07, 0x00, 0x00, 0x10, 0x01, 0x01, 0x00, 0x10, 0x00, 0x00, 0xe8, 0x03, 0x0f, 0x00
//     .byte 0x00, 0x00, 0x1e, 0x00, 0x08, 0x00, 0x00, 0x00, 0x01, 0xc9, 0x07, 0x00, 0x00, 0x10, 0x01, 0x01
//     .byte 0x00, 0x10, 0x00, 0x00, 0xe8, 0x03, 0x10, 0x00, 0x00, 0x00, 0x1e, 0x00, 0x08, 0x00, 0x00, 0x00
//     .byte 0x01, 0xc9, 0x07, 0x00, 0x00, 0x10, 0x01, 0x01, 0x00, 0x10, 0x00, 0x00, 0xe8, 0x03, 0x25, 0x00
//     .byte 0x00, 0x00, 0x1e, 0x00, 0x08, 0x00, 0x00, 0x00, 0x01, 0xc9, 0x07, 0x00, 0x00, 0x10, 0x01, 0x01
//     .byte 0x00, 0x10, 0x00, 0x00, 0xe8, 0x03, 0x26, 0x00, 0x00, 0x00, 0x1e, 0x00, 0x08, 0x00, 0x00, 0x00
//     .byte 0x01, 0xc9, 0x07, 0x00, 0x00, 0x10, 0x01, 0x01, 0x00, 0x10, 0x00, 0x00, 0xe8, 0x03, 0x1d, 0x00
//     .byte 0x00, 0x00, 0x1e, 0x00, 0x08, 0x00, 0x00, 0x00, 0x01, 0xc9, 0x07, 0x00, 0x00, 0x10, 0x01, 0x01
//     .byte 0x00, 0x10, 0x00, 0x00, 0xe8, 0x03, 0x22, 0x00, 0x00, 0x00, 0x1e, 0x00, 0x08, 0x00, 0x00, 0x00
//     .byte 0x01, 0xc9, 0x07, 0x00, 0x00, 0x10, 0x01, 0x01, 0x00, 0x10, 0x00, 0x00, 0xe8, 0x03, 0x20, 0x00
//     .byte 0x00, 0x00, 0x1e, 0x00, 0x08, 0x00, 0x00, 0x00, 0x01, 0xc9, 0x07, 0x00, 0x00, 0x10, 0x01, 0x01
//     .byte 0x00, 0x10, 0x00, 0x00, 0xe8, 0x03, 0x23, 0x00, 0x00, 0x00, 0x28, 0x00, 0x08, 0x00, 0x00, 0x00
//     .byte 0x01, 0xcf, 0x07, 0x00, 0x00, 0x14, 0x01, 0x01, 0x00, 0x10, 0x00, 0x00, 0xe8, 0x03, 0x44, 0x00
//     .byte 0x00, 0x00, 0x28, 0x00, 0x08, 0x00, 0x00, 0x00, 0x01, 0xcf, 0x07, 0x00, 0x00, 0x14, 0x01, 0x01
//     .byte 0x00, 0x10, 0x00, 0x00, 0xe8, 0x03, 0x00, 0x00, 0x00, 0x00, 0x00, 0x00, 0x00, 0x00, 0x00, 0x00
//     .byte 0x1e, 0x00, 0x00, 0x00, 0x00, 0x00, 0x01, 0x01, 0x00, 0x10, 0x00, 0x00, 0xdd, 0x00, 0x47, 0x00
//     .byte 0x00, 0x00, 0x1e, 0x00, 0x00, 0x00, 0x00, 0x00, 0x00, 0x00, 0x01, 0x00, 0x00, 0x02, 0x01, 0x01
//     .byte 0x00, 0x10, 0x00, 0x00, 0xe8, 0x03, 0x00, 0x00, 0x00, 0x00, 0x00, 0x00, 0x00, 0x00, 0x00, 0x00
//     .byte 0x1e, 0x00, 0x00, 0x00, 0x00, 0x00, 0x01, 0x01, 0x00, 0x10, 0x00, 0x00, 0xde, 0x00, 0x47, 0x00
//     .byte 0x00, 0x00, 0x1e, 0x00, 0x00, 0x00, 0x00, 0x00, 0x00, 0x00, 0x01, 0x00, 0x00, 0x00, 0x01, 0x01
//     .byte 0x00, 0x10, 0x00, 0x00, 0xe8, 0x03, 0x32, 0x00, 0x00, 0x00, 0x28, 0x00, 0x0a, 0x00, 0x00, 0x00
//     .byte 0x01, 0xcf, 0x07, 0x00, 0x00, 0x14, 0x01, 0x01, 0x00, 0x10, 0x00, 0x00, 0xe8, 0x03, 0x35, 0x00
//     .byte 0x00, 0x00, 0x28, 0x00, 0x0a, 0x00, 0x00, 0x00, 0x01, 0xcf, 0x07, 0x00, 0x00, 0x14, 0x01, 0x01
//     .byte 0x00, 0x10, 0x00, 0x00, 0xe8, 0x03, 0x38, 0x00, 0x00, 0x00, 0x28, 0x00, 0x0a, 0x00, 0x00, 0x00
//     .byte 0x01, 0xcf, 0x07, 0x00, 0x00, 0x14, 0x01, 0x01, 0x00, 0x10, 0x00, 0x00, 0xe8, 0x03, 0x3d, 0x00
//     .byte 0x00, 0x00, 0x28, 0x00, 0x0a, 0x00, 0x00, 0x00, 0x01, 0xcf, 0x07, 0x00, 0x00, 0x14, 0x01, 0x01
//     .byte 0x00, 0x10, 0x00, 0x00, 0xe8, 0x03, 0x40, 0x00, 0x00, 0x00, 0x28, 0x00, 0x0a, 0x00, 0x00, 0x00
//     .byte 0x01, 0xcf, 0x07, 0x00, 0x00, 0x14, 0x01, 0x01, 0x00, 0x10, 0x00, 0x00, 0xe8, 0x03, 0x3f, 0x00
//     .byte 0x00, 0x00, 0x28, 0x00, 0x0a, 0x00, 0x00, 0x00, 0x01, 0xcf, 0x07, 0x00, 0x00, 0x14, 0x01, 0x01
//     .byte 0x00, 0x10, 0x00, 0x00, 0xe8, 0x03, 0x1c, 0x00, 0x00, 0x00, 0x1e, 0x00, 0x0e, 0x00, 0x00, 0x00
//     .byte 0x01, 0xc9, 0x07, 0x00, 0x00, 0x10, 0x01, 0x01, 0x00, 0x10, 0x00, 0x00, 0xe8, 0x03, 0x1d, 0x00
//     .byte 0x00, 0x00, 0x1e, 0x00, 0x0e, 0x00, 0x00, 0x00, 0x01, 0xc9, 0x07, 0x00, 0x00, 0x10, 0x01, 0x01
//     .byte 0x00, 0x10, 0x00, 0x00, 0xe8, 0x03, 0x0a, 0x00, 0x00, 0x00, 0x1e, 0x00, 0x0e, 0x00, 0x00, 0x00
//     .byte 0x01, 0xce, 0x07, 0x00, 0x00, 0x10, 0x01, 0x01, 0x00, 0x10, 0x00, 0x00, 0xe8, 0x03, 0x0b, 0x00
//     .byte 0x00, 0x00, 0x1e, 0x00, 0x0e, 0x00, 0x00, 0x00, 0x01, 0xce, 0x07, 0x00, 0x00, 0x10, 0x01, 0x01
//     .byte 0x00, 0x10, 0x00, 0x00, 0xe8, 0x03, 0x0c, 0x00, 0x00, 0x00, 0x1e, 0x00, 0x0e, 0x00, 0x00, 0x00
//     .byte 0x01, 0xce, 0x07, 0x00, 0x00, 0x10, 0x01, 0x01, 0x00, 0x10, 0x00, 0x00, 0xe8, 0x03, 0x00, 0x00
//     .byte 0x00, 0x00, 0x00, 0x00, 0x00, 0x00, 0x00, 0x00, 0x1e, 0x00, 0x00, 0x00, 0x00, 0x00, 0x01, 0x01
//     .byte 0x00, 0x10, 0x00, 0x00, 0xdf, 0x00, 0x47, 0x00, 0x00, 0x00, 0x1e, 0x00, 0x00, 0x00, 0x00, 0x00
//     .byte 0x00, 0x00, 0x01, 0x00, 0x00, 0x02, 0x01, 0x01, 0x00, 0x10, 0x00, 0x00, 0xe8, 0x03, 0x01, 0x00
//     .byte 0x00, 0x00, 0x1e, 0x00, 0x24, 0x00, 0x00, 0x00, 0x01, 0xca, 0x07, 0x00, 0x00, 0x10, 0x01, 0x01
//     .byte 0x00, 0x10, 0x00, 0x00, 0xe8, 0x03, 0x02, 0x00, 0x00, 0x00, 0x1e, 0x00, 0x24, 0x00, 0x00, 0x00
//     .byte 0x01, 0xca, 0x07, 0x00, 0x00, 0x10, 0x01, 0x01, 0x00, 0x10, 0x00, 0x00, 0xe8, 0x03, 0x03, 0x00
//     .byte 0x00, 0x00, 0x1e, 0x00, 0x24, 0x00, 0x00, 0x00, 0x01, 0xca, 0x07, 0x00, 0x00, 0x10, 0x01, 0x01
//     .byte 0x00, 0x10, 0x00, 0x00, 0xe8, 0x03, 0x04, 0x00, 0x00, 0x00, 0x1e, 0x00, 0x24, 0x00, 0x00, 0x00
//     .byte 0x01, 0xcb, 0x07, 0x00, 0x00, 0x10, 0x01, 0x01, 0x00, 0x10, 0x00, 0x00, 0xe8, 0x03, 0x05, 0x00
//     .byte 0x00, 0x00, 0x1e, 0x00, 0x24, 0x00, 0x00, 0x00, 0x01, 0xcb, 0x07, 0x00, 0x00, 0x10, 0x01, 0x01
//     .byte 0x00, 0x10, 0x00, 0x00, 0xe8, 0x03, 0x06, 0x00, 0x00, 0x00, 0x1e, 0x00, 0x24, 0x00, 0x00, 0x00
//     .byte 0x01, 0xcb, 0x07, 0x00, 0x00, 0x10, 0x01, 0x01, 0x00, 0x10, 0x00, 0x00, 0xe8, 0x03, 0x07, 0x00
//     .byte 0x00, 0x00, 0x1e, 0x00, 0x24, 0x00, 0x00, 0x00, 0x01, 0xcb, 0x07, 0x00, 0x00, 0x10, 0x01, 0x01
//     .byte 0x00, 0x10, 0x00, 0x00, 0xe8, 0x03, 0x08, 0x00, 0x00, 0x00, 0x1e, 0x00, 0x24, 0x00, 0x00, 0x00
//     .byte 0x01, 0xcb, 0x07, 0x00, 0x00, 0x10, 0x01, 0x01, 0x00, 0x10, 0x00, 0x00, 0xe8, 0x03, 0x09, 0x00
//     .byte 0x00, 0x00, 0x1e, 0x00, 0x24, 0x00, 0x00, 0x00, 0x01, 0xcb, 0x07, 0x00, 0x00, 0x10, 0x01, 0x01
//     .byte 0x00, 0x10, 0x00, 0x00, 0xe8, 0x03, 0x25, 0x00, 0x00, 0x00, 0x1e, 0x00, 0x24, 0x00, 0x00, 0x00
//     .byte 0x01, 0xc9, 0x07, 0x00, 0x00, 0x10, 0x01, 0x01, 0x00, 0x10, 0x00, 0x00, 0xe8, 0x03, 0x22, 0x00
//     .byte 0x00, 0x00, 0x1e, 0x00, 0x24, 0x00, 0x00, 0x00, 0x01, 0xc9, 0x07, 0x00, 0x00, 0x10, 0x01, 0x01
//     .byte 0x00, 0x10, 0x00, 0x00, 0xe8, 0x03, 0x00, 0x00, 0x00, 0x00, 0x00, 0x00, 0x00, 0x00, 0x00, 0x00
//     .byte 0x1e, 0x00, 0x00, 0x00, 0x00, 0x00, 0x01, 0x01, 0x00, 0x10, 0x00, 0x00, 0xe0, 0x00, 0x47, 0x00
//     .byte 0x00, 0x00, 0x2a, 0x00, 0x00, 0x00, 0x00, 0x00, 0x00, 0x00, 0x01, 0x00, 0x00, 0x02, 0x01, 0x01
//     .byte 0x00, 0x10, 0x00, 0x00, 0xe8, 0x03, 0x38, 0x00, 0x00, 0x00, 0x28, 0x00, 0x18, 0x00, 0x00, 0x00
//     .byte 0x01, 0xcf, 0x07, 0x00, 0x00, 0x08, 0x01, 0x01, 0x00, 0x10, 0x00, 0x00, 0xe8, 0x03, 0x3b, 0x00
//     .byte 0x00, 0x00, 0x28, 0x00, 0x18, 0x00, 0x00, 0x00, 0x01, 0xcf, 0x07, 0x00, 0x00, 0x08, 0x01, 0x01
//     .byte 0x00, 0x10, 0x00, 0x00, 0xe8, 0x03, 0x09, 0x00, 0x00, 0x00, 0x28, 0x00, 0x18, 0x00, 0x00, 0x00
//     .byte 0x01, 0xcb, 0x07, 0x00, 0x00, 0x10, 0x01, 0x01, 0x00, 0x10, 0x00, 0x00, 0xe8, 0x03, 0x3e, 0x00
//     .byte 0x00, 0x00, 0x28, 0x00, 0x18, 0x00, 0x00, 0x00, 0x01, 0xcf, 0x07, 0x00, 0x00, 0x08, 0x01, 0x01
//     .byte 0x00, 0x10, 0x00, 0x00, 0xe8, 0x03, 0x10, 0x00, 0x00, 0x00, 0x1e, 0x00, 0x18, 0x00, 0x00, 0x00
//     .byte 0x01, 0xc9, 0x07, 0x00, 0x00, 0x10, 0x01, 0x01, 0x00, 0x10, 0x00, 0x00, 0xe8, 0x03, 0x1d, 0x00
//     .byte 0x00, 0x00, 0x1e, 0x00, 0x18, 0x00, 0x00, 0x00, 0x01, 0xc9, 0x07, 0x00, 0x00, 0x10, 0x01, 0x01
//     .byte 0x00, 0x10, 0x00, 0x00, 0xe8, 0x03, 0x26, 0x00, 0x00, 0x00, 0x1e, 0x00, 0x18, 0x00, 0x00, 0x00
//     .byte 0x01, 0xc9, 0x07, 0x00, 0x00, 0x10, 0x01, 0x01, 0x00, 0x10, 0x00, 0x00, 0xe8, 0x03, 0x18, 0x00
//     .byte 0x00, 0x00, 0x1e, 0x00, 0x18, 0x00, 0x00, 0x00, 0x01, 0xcd, 0x07, 0x00, 0x00, 0x10, 0x01, 0x01
//     .byte 0x00, 0x10, 0x00, 0x00, 0xe8, 0x03, 0x89, 0x00, 0x00, 0x00, 0x2a, 0x00, 0x00, 0x00, 0x00, 0x00
//     .byte 0x00, 0x00, 0x01, 0x00, 0x00, 0x00, 0x01, 0x01, 0x00, 0x10, 0x00, 0x00, 0xe8, 0x03, 0x6d, 0x00
//     .byte 0x00, 0x00, 0x2a, 0x00, 0x00, 0x00, 0x00, 0x00, 0x00, 0x00, 0x01, 0x00, 0x00, 0x00, 0x01, 0x01
//     .byte 0x00, 0x10, 0x00, 0x00, 0xe8, 0x03, 0x00, 0x00, 0x00, 0x00, 0x00, 0x00, 0x00, 0x00, 0x00, 0x00
//     .byte 0x1e, 0x00, 0x00, 0x00, 0x00, 0x00, 0x01, 0x01, 0x00, 0x10, 0x00, 0x00, 0xe1, 0x00, 0x47, 0x00
//     .byte 0x1f, 0x03, 0x28, 0x00, 0x00, 0x00, 0x00, 0x00, 0x00, 0x00, 0x01, 0x35, 0x36, 0x02, 0x01, 0x01
//     .byte 0x00, 0x10, 0x00, 0x00, 0xe8, 0x03, 0x14, 0x00, 0x21, 0x03, 0x1e, 0x00, 0x30, 0x00, 0x00, 0x00
//     .byte 0x04, 0xcd, 0x07, 0x37, 0x38, 0x10, 0x01, 0x01, 0x00, 0x10, 0x00, 0x00, 0xe8, 0x03, 0x22, 0x00
//     .byte 0x21, 0x03, 0x1e, 0x00, 0x30, 0x00, 0x00, 0x00, 0x03, 0xc9, 0x07, 0x37, 0x38, 0x10, 0x01, 0x01
//     .byte 0x00, 0x10, 0x00, 0x00, 0xe8, 0x03, 0x00, 0x01, 0x20, 0x03, 0x28, 0x00, 0x28, 0x00, 0x00, 0x00
//     .byte 0x01, 0xdb, 0x04, 0x00, 0x00, 0x14, 0x01, 0x01, 0x00, 0x10, 0x00, 0x00, 0xe8, 0x03, 0x00, 0x00
//     .byte 0x00, 0x00, 0x00, 0x00, 0x00, 0x00, 0x00, 0x00, 0x1e, 0x00, 0x00, 0x00, 0x00, 0x00, 0x01, 0x01
//     .byte 0x00, 0x10, 0x00, 0x00, 0xe8, 0x03, 0xe7, 0x00, 0x23, 0x03, 0x28, 0x00, 0x00, 0x00, 0x28, 0x00
//     .byte 0x09, 0x00, 0x0d, 0x39, 0x9c, 0x00, 0x01, 0x01, 0x00, 0x10, 0x00, 0x00, 0xe2, 0x00, 0x47, 0x00
//     .byte 0xa7, 0x03, 0x18, 0x00, 0x00, 0x00, 0x00, 0x00, 0x00, 0x00, 0x01, 0x00, 0x00, 0x02, 0x01, 0x01
//     .byte 0x00, 0x10, 0x00, 0x00, 0xe8, 0x03, 0x7c, 0x00, 0xa9, 0x03, 0x1e, 0x00, 0x00, 0x00, 0x1e, 0x00
//     .byte 0x02, 0x00, 0x09, 0x00, 0x9c, 0x00, 0x01, 0x01, 0x00, 0x10, 0x00, 0x00, 0xe8, 0x03, 0x0a, 0x01
//     .byte 0xaa, 0x03, 0x1e, 0x00, 0x00, 0x00, 0x14, 0x00, 0x03, 0x00, 0x0a, 0x00, 0xa1, 0x00, 0x01, 0x01
//     .byte 0x00, 0x10, 0x00, 0x00, 0xe8, 0x03, 0x00, 0x00, 0x00, 0x00, 0x00, 0x00, 0x00, 0x00, 0x00, 0x00
//     .byte 0x1e, 0x00, 0x00, 0x00, 0x00, 0x00, 0x01, 0x01, 0x00, 0x10, 0x00, 0x00, 0xe8, 0x03, 0x0b, 0x01
//     .byte 0xa8, 0x03, 0x1e, 0x00, 0x00, 0x00, 0x00, 0x00, 0x01, 0x00, 0x07, 0x00, 0x00, 0x00, 0x01, 0x01
//     .byte 0x00, 0x10, 0x00, 0x00, 0xe3, 0x00, 0x47, 0x00, 0xa7, 0x03, 0x18, 0x00, 0x00, 0x00, 0x00, 0x00
//     .byte 0x00, 0x00, 0x01, 0x00, 0x00, 0x02, 0x01, 0x01, 0x00, 0x10, 0x00, 0x00, 0xe8, 0x03, 0x02, 0x00
//     .byte 0xa8, 0x03, 0x1e, 0x00, 0x2c, 0x00, 0x00, 0x00, 0x01, 0xca, 0x07, 0x00, 0x00, 0x08, 0x01, 0x01
//     .byte 0x00, 0x10, 0x00, 0x00, 0xe8, 0x03, 0x36, 0x00, 0xa8, 0x03, 0x28, 0x00, 0x0a, 0x00, 0x00, 0x00
//     .byte 0x01, 0xcf, 0x07, 0x00, 0x00, 0x08, 0x01, 0x01, 0x00, 0x10, 0x00, 0x00, 0xe8, 0x03, 0x1d, 0x00
//     .byte 0xa8, 0x03, 0x1e, 0x00, 0x2c, 0x00, 0x00, 0x00, 0x01, 0xc9, 0x07, 0x00, 0x00, 0x08, 0x01, 0x01
//     .byte 0x00, 0x10, 0x00, 0x00, 0xe8, 0x03, 0x7c, 0x00, 0xa9, 0x03, 0x1e, 0x00, 0x00, 0x00, 0x1e, 0x00
//     .byte 0x02, 0x00, 0x09, 0x00, 0x9c, 0x00, 0x01, 0x01, 0x00, 0x10, 0x00, 0x00, 0xe8, 0x03, 0x00, 0x00
//     .byte 0x00, 0x00, 0x00, 0x00, 0x00, 0x00, 0x00, 0x00, 0x1e, 0x00, 0x00, 0x00, 0x00, 0x00, 0x01, 0x01
//     .byte 0x00, 0x10, 0x00, 0x00, 0xe8, 0x03, 0x0a, 0x01, 0xaa, 0x03, 0x1e, 0x00, 0x00, 0x00, 0x14, 0x00
//     .byte 0x03, 0x00, 0x0a, 0x00, 0xa1, 0x00, 0x01, 0x01, 0x00, 0x10, 0x00, 0x00, 0xe4, 0x00, 0x47, 0x00
//     .byte 0xab, 0x03, 0x1a, 0x00, 0x00, 0x00, 0x00, 0x00, 0x00, 0x00, 0x01, 0x00, 0x00, 0x01, 0x01, 0x01
//     .byte 0x00, 0x10, 0x00, 0x00, 0xe8, 0x03, 0x89, 0x00, 0xad, 0x03, 0x24, 0x00, 0x00, 0x00, 0x00, 0x00
//     .byte 0x02, 0x00, 0x09, 0x00, 0x00, 0x00, 0x01, 0x01, 0x00, 0x10, 0x00, 0x00, 0xe8, 0x03, 0x00, 0x00
//     .byte 0x00, 0x00, 0x00, 0x00, 0x00, 0x00, 0x00, 0x00, 0x1e, 0x00, 0x00, 0x00, 0x00, 0x00, 0x01, 0x01
//     .byte 0x00, 0x10, 0x00, 0x00, 0xe8, 0x03, 0x1e, 0x00, 0xac, 0x03, 0x1e, 0x00, 0x16, 0x00, 0x00, 0x00
//     .byte 0x01, 0xc9, 0x07, 0x00, 0x00, 0x10, 0x01, 0x01, 0x00, 0x10, 0x00, 0x00, 0xe5, 0x00, 0x47, 0x00
//     .byte 0xae, 0x03, 0x1c, 0x00, 0x00, 0x00, 0x00, 0x00, 0x00, 0x00, 0x01, 0x00, 0x00, 0x00, 0x01, 0x01
//     .byte 0x00, 0x10, 0x00, 0x00, 0xe8, 0x03, 0xea, 0x00, 0xaf, 0x03, 0x1e, 0x00, 0x00, 0x00, 0x00, 0x00
//     .byte 0x01, 0x00, 0x05, 0x00, 0x00, 0x00, 0x01, 0x01, 0x00, 0x10, 0x00, 0x00, 0xe8, 0x03, 0x26, 0x00
//     .byte 0xb0, 0x03, 0x1e, 0x00, 0x2a, 0x00, 0x00, 0x00, 0x03, 0xc9, 0x09, 0x00, 0x00, 0x10, 0x01, 0x01
//     .byte 0x00, 0x10, 0x00, 0x00, 0xe8, 0x03, 0xeb, 0x00, 0xb1, 0x03, 0x26, 0x00, 0x00, 0x00, 0x26, 0x00
//     .byte 0x02, 0x00, 0x0a, 0x00, 0x9e, 0x00, 0x01, 0x01, 0x00, 0x10, 0x00, 0x00, 0xe8, 0x03, 0x00, 0x00
//     .byte 0x00, 0x00, 0x00, 0x00, 0x00, 0x00, 0x00, 0x00, 0x1e, 0x00, 0x00, 0x00, 0x00, 0x00, 0x01, 0x01
//     .byte 0x00, 0x10, 0x00, 0x00, 0xe8, 0x03, 0xe9, 0x00, 0xae, 0x03, 0x1c, 0x00, 0x00, 0x00, 0x00, 0x00
//     .byte 0x00, 0x00, 0x01, 0x00, 0x00, 0x00, 0x01, 0x01, 0x00, 0x10, 0x00, 0x00, 0xe6, 0x00, 0x47, 0x00
//     .byte 0xb2, 0x03, 0x22, 0x00, 0x00, 0x00, 0x22, 0x00, 0x00, 0x00, 0x01, 0x00, 0xa1, 0x02, 0x01, 0x01
//     .byte 0x00, 0x10, 0x00, 0x00, 0xe8, 0x03, 0x0d, 0x00, 0xb3, 0x03, 0x1e, 0x00, 0x28, 0x00, 0x00, 0x00
//     .byte 0x01, 0xc9, 0x07, 0x00, 0x00, 0x10, 0x01, 0x01, 0x00, 0x10, 0x00, 0x00, 0xe8, 0x03, 0x00, 0x00
//     .byte 0x00, 0x00, 0x00, 0x00, 0x00, 0x00, 0x00, 0x00, 0x1e, 0x00, 0x00, 0x00, 0x00, 0x00, 0x01, 0x01
//     .byte 0x00, 0x10, 0x00, 0x00, 0xe8, 0x03, 0x0e, 0x01, 0xb4, 0x03, 0x1e, 0x00, 0x00, 0x00, 0x00, 0x00
//     .byte 0x02, 0x00, 0x06, 0x00, 0x00, 0x00, 0x01, 0x01, 0x00, 0x10, 0x00, 0x00, 0xe8, 0x03, 0x1a, 0x01
//     .byte 0xb4, 0x03, 0x1e, 0x00, 0x00, 0x00, 0x00, 0x00, 0x02, 0x00, 0x06, 0x00, 0x00, 0x00, 0x01, 0x01
//     .byte 0x00, 0x10, 0x00, 0x00, 0xe7, 0x00, 0x47, 0x00, 0xb5, 0x03, 0x1a, 0x00, 0x00, 0x00, 0x00, 0x00
//     .byte 0x00, 0x00, 0x01, 0x6d, 0x00, 0x00, 0x01, 0x01, 0x00, 0x10, 0x00, 0x00, 0xe8, 0x03, 0x0c, 0x01
//     .byte 0xb6, 0x03, 0x0a, 0x00, 0x1e, 0x00, 0x1e, 0x00, 0x02, 0xee, 0x09, 0x00, 0x9e, 0x0c, 0x01, 0x01
//     .byte 0x00, 0x10, 0x00, 0x00, 0xe8, 0x03, 0x82, 0x00, 0xb8, 0x03, 0x1a, 0x00, 0x00, 0x00, 0x1a, 0x00
//     .byte 0x04, 0x00, 0x0b, 0x00, 0xa1, 0x00, 0x01, 0x01, 0x00, 0x10, 0x00, 0x00, 0xe8, 0x03, 0x00, 0x00
//     .byte 0x00, 0x00, 0x00, 0x00, 0x00, 0x00, 0x00, 0x00, 0x1e, 0x00, 0x00, 0x00, 0x00, 0x00, 0x01, 0x01
//     .byte 0x00, 0x10, 0x00, 0x00, 0xe8, 0x03, 0x0b, 0x01, 0xb7, 0x03, 0x1e, 0x00, 0x00, 0x00, 0x00, 0x00
//     .byte 0x03, 0x00, 0x0a, 0x00, 0x00, 0x00, 0x01, 0x01, 0x00, 0x10, 0x00, 0x00, 0xe8, 0x00, 0x47, 0x00
//     .byte 0xb9, 0x03, 0x26, 0x00, 0x00, 0x00, 0x00, 0x00, 0x00, 0x00, 0x01, 0x6e, 0x00, 0x02, 0x01, 0x01
//     .byte 0x00, 0x10, 0x00, 0x00, 0xe8, 0x03, 0xe7, 0x00, 0xbb, 0x03, 0x1a, 0x00, 0x00, 0x00, 0x1a, 0x00
//     .byte 0x01, 0x00, 0x09, 0x00, 0x9c, 0x00, 0x01, 0x01, 0x00, 0x10, 0x00, 0x00, 0xe8, 0x03, 0x00, 0x00
//     .byte 0x00, 0x00, 0x00, 0x00, 0x00, 0x00, 0x00, 0x00, 0x1e, 0x00, 0x00, 0x00, 0x00, 0x00, 0x01, 0x01
//     .byte 0x00, 0x10, 0x00, 0x00, 0xe8, 0x03, 0x0b, 0x00, 0xba, 0x03, 0x1e, 0x00, 0x0c, 0x00, 0x00, 0x00
//     .byte 0x02, 0xce, 0x07, 0x00, 0x00, 0x10, 0x01, 0x01, 0x00, 0x10, 0x00, 0x00, 0xe9, 0x00, 0x47, 0x00
//     .byte 0xbc, 0x03, 0x28, 0x00, 0x00, 0x00, 0x00, 0x00, 0x00, 0x00, 0x01, 0x6f, 0x00, 0x02, 0x01, 0x01
//     .byte 0x00, 0x10, 0x00, 0x00, 0xe8, 0x03, 0xee, 0x00, 0xbe, 0x03, 0x3c, 0x00, 0x00, 0x00, 0x1e, 0x00
//     .byte 0x02, 0x00, 0x09, 0x9e, 0x9e, 0x00, 0x01, 0x01, 0x00, 0x10, 0x00, 0x00, 0xe8, 0x03, 0x1f, 0x00
//     .byte 0xbd, 0x03, 0x1e, 0x00, 0x00, 0x00, 0x00, 0x00, 0x01, 0x00, 0x07, 0x00, 0x00, 0x00, 0x01, 0x01
//     .byte 0x00, 0x10, 0x00, 0x00, 0xe8, 0x03, 0x00, 0x00, 0x00, 0x00, 0x00, 0x00, 0x00, 0x00, 0x00, 0x00
//     .byte 0x1e, 0x00, 0x00, 0x00, 0x00, 0x00, 0x01, 0x01, 0x00, 0x10, 0x00, 0x00, 0xe8, 0x03, 0x04, 0x01
//     .byte 0x00, 0x00, 0x00, 0x00, 0x00, 0x00, 0x00, 0x00, 0x1f, 0x00, 0xff, 0x00, 0x00, 0x00, 0x01, 0x01
//     .byte 0x00, 0x10, 0x00, 0x00, 0xea, 0x00, 0x47, 0x00, 0xbf, 0x03, 0x34, 0x00, 0x00, 0x00, 0x00, 0x00
//     .byte 0x00, 0x00, 0x01, 0x00, 0x00, 0x00, 0x01, 0x01, 0x00, 0x10, 0x00, 0x00, 0xe8, 0x03, 0x1d, 0x00
//     .byte 0xc0, 0x03, 0x40, 0x00, 0x00, 0x00, 0x00, 0x00, 0x01, 0x00, 0x07, 0x00, 0x00, 0x00, 0x01, 0x01
//     .byte 0x00, 0x10, 0x00, 0x00, 0xe8, 0x03, 0x08, 0x00, 0xc0, 0x03, 0x40, 0x00, 0x00, 0x00, 0x00, 0x00
//     .byte 0x01, 0x00, 0x07, 0x00, 0x00, 0x00, 0x01, 0x01, 0x00, 0x10, 0x00, 0x00, 0xe8, 0x03, 0x00, 0x00
//     .byte 0x00, 0x00, 0x00, 0x00, 0x00, 0x00, 0x00, 0x00, 0x1e, 0x00, 0x00, 0x00, 0x00, 0x00, 0x01, 0x01
//     .byte 0x00, 0x10, 0x00, 0x00, 0xe8, 0x03, 0xdc, 0x00, 0x00, 0x00, 0x00, 0x00, 0x00, 0x00, 0x00, 0x00
//     .byte 0x1f, 0x00, 0xff, 0x00, 0x00, 0x00, 0x01, 0x01, 0x00, 0x10, 0x00, 0x00, 0xeb, 0x00, 0x47, 0x00
//     .byte 0xc1, 0x03, 0x18, 0x00, 0x00, 0x00, 0x1a, 0x00, 0x00, 0x00, 0x01, 0x00, 0x9e, 0x00, 0x01, 0x01
//     .byte 0x00, 0x10, 0x00, 0x00, 0xe8, 0x03, 0x00, 0x00, 0x00, 0x00, 0x00, 0x00, 0x00, 0x00, 0x00, 0x00
//     .byte 0x1e, 0x00, 0x00, 0x00, 0x00, 0x00, 0x01, 0x01, 0x00, 0x10, 0x00, 0x00, 0xe8, 0x03, 0x3c, 0x01
//     .byte 0xc2, 0x03, 0x2e, 0x00, 0x00, 0x00, 0x00, 0x00, 0x01, 0x00, 0x09, 0x70, 0x00, 0x00, 0x01, 0x01
//     .byte 0x00, 0x10, 0x00, 0x00, 0xec, 0x00, 0x47, 0x00, 0xc3, 0x03, 0x1c, 0x00, 0x00, 0x00, 0x1c, 0x00
//     .byte 0x00, 0x00, 0x01, 0x00, 0xa1, 0x00, 0x01, 0x01, 0x00, 0x10, 0x00, 0x00, 0xe8, 0x03, 0xef, 0x00
//     .byte 0xc5, 0x03, 0x2c, 0x00, 0x00, 0x00, 0x2c, 0x00, 0x02, 0x00, 0x09, 0x71, 0x9f, 0x00, 0x01, 0x01
//     .byte 0x00, 0x10, 0x00, 0x00, 0xe8, 0x03, 0x0b, 0x00, 0xc4, 0x03, 0x1e, 0x00, 0x18, 0x00, 0x00, 0x00
//     .byte 0x01, 0xce, 0x07, 0x00, 0x00, 0x10, 0x01, 0x01, 0x00, 0x10, 0x00, 0x00, 0xe8, 0x03, 0x00, 0x00
//     .byte 0x00, 0x00, 0x00, 0x00, 0x00, 0x00, 0x00, 0x00, 0x1e, 0x00, 0x00, 0x00, 0x00, 0x00, 0x01, 0x01
//     .byte 0x00, 0x10, 0x00, 0x00, 0xe8, 0x03, 0x08, 0x00, 0xc4, 0x03, 0x1e, 0x00, 0x18, 0x00, 0x00, 0x00
//     .byte 0x01, 0xcb, 0x07, 0x00, 0x00, 0x10, 0x01, 0x01, 0x00, 0x10, 0x00, 0x00, 0xed, 0x00, 0x47, 0x00
//     .byte 0xc6, 0x03, 0x1a, 0x00, 0x00, 0x00, 0x00, 0x00, 0x00, 0x00, 0x01, 0x72, 0x00, 0x01, 0x01, 0x01
//     .byte 0x00, 0x10, 0x00, 0x00, 0xe8, 0x03, 0x89, 0x00, 0xc8, 0x03, 0x36, 0x00, 0x00, 0x00, 0x00, 0x00
//     .byte 0x02, 0x00, 0x09, 0x73, 0x00, 0x00, 0x01, 0x01, 0x00, 0x10, 0x00, 0x00, 0xe8, 0x03, 0x2b, 0x00
//     .byte 0xc7, 0x03, 0x40, 0x00, 0x00, 0x00, 0x00, 0x00, 0x01, 0x00, 0x07, 0x00, 0x00, 0x00, 0x01, 0x01
//     .byte 0x00, 0x10, 0x00, 0x00, 0xe8, 0x03, 0x00, 0x00, 0x00, 0x00, 0x00, 0x00, 0x00, 0x00, 0x00, 0x00
//     .byte 0x1e, 0x00, 0x00, 0x00, 0x00, 0x00, 0x01, 0x01, 0x00, 0x10, 0x00, 0x00, 0xe8, 0x03, 0x23, 0x00
//     .byte 0xc7, 0x03, 0x40, 0x00, 0x00, 0x00, 0x00, 0x00, 0x01, 0x00, 0x07, 0x00, 0x00, 0x00, 0x01, 0x01
//     .byte 0x00, 0x10, 0x00, 0x00, 0xee, 0x00, 0x47, 0x00, 0xc9, 0x03, 0x20, 0x00, 0x00, 0x00, 0x00, 0x00
//     .byte 0x00, 0x00, 0x01, 0x00, 0x00, 0x02, 0x01, 0x01, 0x00, 0x10, 0x00, 0x00, 0xe8, 0x03, 0x06, 0x00
//     .byte 0xca, 0x03, 0x1e, 0x00, 0x1a, 0x00, 0x00, 0x00, 0x02, 0xcb, 0x07, 0x00, 0x00, 0x08, 0x01, 0x01
//     .byte 0x00, 0x10, 0x00, 0x00, 0xe8, 0x03, 0x00, 0x00, 0x00, 0x00, 0x00, 0x00, 0x00, 0x00, 0x00, 0x00
//     .byte 0x1e, 0x00, 0x00, 0x00, 0x00, 0x00, 0x01, 0x01, 0x00, 0x10, 0x00, 0x00, 0xe8, 0x03, 0x70, 0x00
//     .byte 0x99, 0x02, 0x46, 0x00, 0x30, 0x00, 0x00, 0x00, 0x01, 0xd2, 0x04, 0x00, 0x00, 0x14, 0x01, 0x01
//     .byte 0x00, 0x10, 0x00, 0x00, 0xef, 0x00, 0x47, 0x00, 0xcb, 0x03, 0x1a, 0x00, 0x00, 0x00, 0x1a, 0x00
//     .byte 0x00, 0x00, 0x01, 0x00, 0xa2, 0x02, 0x01, 0x01, 0x00, 0x10, 0x00, 0x00, 0xe8, 0x03, 0x73, 0x00
//     .byte 0xcd, 0x03, 0x28, 0x00, 0x26, 0x00, 0x00, 0x00, 0x03, 0xd5, 0x09, 0x00, 0x00, 0x14, 0x01, 0x01
//     .byte 0x00, 0x10, 0x00, 0x00, 0xe8, 0x03, 0x2e, 0x01, 0xcc, 0x03, 0x1e, 0x00, 0x00, 0x00, 0x00, 0x00
//     .byte 0x02, 0x00, 0x07, 0x00, 0x00, 0x00, 0x01, 0x01, 0x00, 0x10, 0x00, 0x00, 0xe8, 0x03, 0x00, 0x00
//     .byte 0x00, 0x00, 0x00, 0x00, 0x00, 0x00, 0x00, 0x00, 0x1e, 0x00, 0x00, 0x00, 0x00, 0x00, 0x01, 0x01
//     .byte 0x00, 0x10, 0x00, 0x00, 0xe8, 0x03, 0x9b, 0x00, 0x00, 0x00, 0x00, 0x00, 0x00, 0x00, 0x00, 0x00
//     .byte 0x1f, 0x00, 0xff, 0x00, 0x00, 0x00, 0x01, 0x01, 0x00, 0x10, 0x00, 0x00, 0xf0, 0x00, 0x47, 0x00
//     .byte 0xce, 0x03, 0x1c, 0x00, 0x00, 0x00, 0x00, 0x00, 0x00, 0x00, 0x01, 0x00, 0x00, 0x02, 0x01, 0x01
//     .byte 0x00, 0x10, 0x00, 0x00, 0xe8, 0x03, 0x0c, 0x00, 0xd0, 0x03, 0x1e, 0x00, 0x0e, 0x00, 0x00, 0x00
//     .byte 0x02, 0xce, 0x07, 0x00, 0x00, 0x10, 0x01, 0x01, 0x00, 0x10, 0x00, 0x00, 0xe8, 0x03, 0x70, 0x00
//     .byte 0xcf, 0x03, 0x46, 0x00, 0x22, 0x00, 0x00, 0x00, 0x01, 0xd2, 0x04, 0x00, 0x00, 0x14, 0x01, 0x01
//     .byte 0x00, 0x10, 0x00, 0x00, 0xe8, 0x03, 0x00, 0x00, 0x00, 0x00, 0x00, 0x00, 0x00, 0x00, 0x00, 0x00
//     .byte 0x1e, 0x00, 0x00, 0x00, 0x00, 0x00, 0x01, 0x01, 0x00, 0x10, 0x00, 0x00, 0xe8, 0x03, 0x7a, 0x00
//     .byte 0xd1, 0x03, 0x1e, 0x00, 0x00, 0x00, 0x24, 0x00, 0x03, 0x00, 0x09, 0x74, 0x9f, 0x00, 0x01, 0x01
//     .byte 0x00, 0x10, 0x00, 0x00, 0xf1, 0x00, 0x47, 0x00, 0xd2, 0x03, 0x28, 0x00, 0x00, 0x00, 0x00, 0x00
//     .byte 0x00, 0x00, 0x01, 0x00, 0x00, 0x01, 0x01, 0x01, 0x00, 0x10, 0x00, 0x00, 0xe8, 0x03, 0x2c, 0x00
//     .byte 0xd3, 0x03, 0x28, 0x00, 0x0e, 0x00, 0x00, 0x00, 0x01, 0xcf, 0x07, 0x00, 0x00, 0x14, 0x01, 0x01
//     .byte 0x00, 0x10, 0x00, 0x00, 0xe8, 0x03, 0x11, 0x00, 0xd3, 0x03, 0x1e, 0x00, 0x16, 0x00, 0x00, 0x00
//     .byte 0x01, 0xcb, 0x07, 0x00, 0x00, 0x10, 0x01, 0x01, 0x00, 0x10, 0x00, 0x00, 0xe8, 0x03, 0x00, 0x00
//     .byte 0x00, 0x00, 0x00, 0x00, 0x00, 0x00, 0x00, 0x00, 0x1e, 0x00, 0x00, 0x00, 0x00, 0x00, 0x01, 0x01
//     .byte 0x00, 0x10, 0x00, 0x00, 0xe8, 0x03, 0xe7, 0x00, 0xd4, 0x03, 0x28, 0x00, 0x00, 0x00, 0x28, 0x00
//     .byte 0x03, 0x00, 0x0d, 0x00, 0x9e, 0x00, 0x01, 0x01, 0x00, 0x10, 0x00, 0x00, 0xf2, 0x00, 0x47, 0x00
//     .byte 0xd5, 0x03, 0x34, 0x00, 0x00, 0x00, 0x00, 0x00, 0x00, 0x00, 0x01, 0x00, 0x00, 0x02, 0x01, 0x01
//     .byte 0x00, 0x10, 0x00, 0x00, 0xe8, 0x03, 0xed, 0x00, 0xd6, 0x03, 0x34, 0x00, 0x00, 0x00, 0x00, 0x00
//     .byte 0x02, 0x00, 0x09, 0x75, 0x00, 0x00, 0x01, 0x01, 0x00, 0x10, 0x00, 0x00, 0xe8, 0x03, 0xed, 0x00
//     .byte 0xd6, 0x03, 0x34, 0x00, 0x00, 0x00, 0x00, 0x00, 0x03, 0x00, 0x09, 0x75, 0x00, 0x00, 0x01, 0x01
//     .byte 0x00, 0x10, 0x00, 0x00, 0xe8, 0x03, 0xee, 0x00, 0xd8, 0x03, 0x20, 0x00, 0x00, 0x00, 0x1e, 0x00
//     .byte 0x05, 0x00, 0x0c, 0x76, 0x9f, 0x00, 0x01, 0x01, 0x00, 0x10, 0x00, 0x00, 0xe8, 0x03, 0x00, 0x00
//     .byte 0x00, 0x00, 0x00, 0x00, 0x00, 0x00, 0x00, 0x00, 0x1e, 0x00, 0x00, 0x00, 0x00, 0x00, 0x01, 0x01
//     .byte 0x00, 0x10, 0x00, 0x00, 0xe8, 0x03, 0x6c, 0x00, 0xd7, 0x03, 0x3c, 0x00, 0x00, 0x00, 0x00, 0x00
//     .byte 0x04, 0x00, 0x0b, 0x00, 0x00, 0x00, 0x01, 0x01, 0x00, 0x10, 0x00, 0x00, 0xf3, 0x00, 0x47, 0x00
//     .byte 0xd9, 0x03, 0x30, 0x00, 0x00, 0x00, 0x00, 0x00, 0x00, 0x00, 0x01, 0x00, 0x00, 0x00, 0x01, 0x01
//     .byte 0x00, 0x10, 0x00, 0x00, 0xe8, 0x03, 0x1e, 0x00, 0xda, 0x03, 0x1e, 0x00, 0x18, 0x00, 0x00, 0x00
//     .byte 0x01, 0xc9, 0x07, 0x00, 0x00, 0x10, 0x01, 0x01, 0x00, 0x10, 0x00, 0x00, 0xe8, 0x03, 0x82, 0x00
//     .byte 0xdb, 0x03, 0x32, 0x00, 0x00, 0x00, 0x00, 0x00, 0x02, 0x00, 0x09, 0x77, 0x00, 0x00, 0x01, 0x01
//     .byte 0x00, 0x10, 0x00, 0x00, 0xe8, 0x03, 0x00, 0x00, 0x00, 0x00, 0x00, 0x00, 0x00, 0x00, 0x00, 0x00
//     .byte 0x1e, 0x00, 0x00, 0x00, 0x00, 0x00, 0x01, 0x01, 0x00, 0x10, 0x00, 0x00, 0xe8, 0x03, 0x9c, 0x00
//     .byte 0xdc, 0x03, 0x1e, 0x00, 0x00, 0x00, 0x00, 0x00, 0x03, 0x00, 0x0a, 0x00, 0x00, 0x00, 0x01, 0x01
//     .byte 0x00, 0x10, 0x00, 0x00, 0xf4, 0x00, 0x47, 0x00, 0xdd, 0x03, 0x26, 0x00, 0x00, 0x00, 0x00, 0x00
//     .byte 0x00, 0x00, 0x01, 0x00, 0x00, 0x01, 0x01, 0x01, 0x00, 0x10, 0x00, 0x00, 0xe8, 0x03, 0x00, 0x00
//     .byte 0x00, 0x00, 0x00, 0x00, 0x00, 0x00, 0x00, 0x00, 0x1e, 0x00, 0x00, 0x00, 0x00, 0x00, 0x01, 0x01
//     .byte 0x00, 0x10, 0x00, 0x00, 0xe8, 0x03, 0x76, 0x00, 0xde, 0x03, 0x1e, 0x00, 0x00, 0x00, 0x00, 0x00
//     .byte 0x01, 0x00, 0x09, 0x00, 0x00, 0x00, 0x01, 0x01, 0x00, 0x10, 0x00, 0x00, 0xf5, 0x00, 0x47, 0x00
//     .byte 0xdf, 0x03, 0x1c, 0x00, 0x00, 0x00, 0x1c, 0x00, 0x00, 0x00, 0x01, 0x00, 0x9e, 0x00, 0x01, 0x01
//     .byte 0x00, 0x10, 0x00, 0x00, 0xe8, 0x03, 0x73, 0x00, 0x9a, 0x02, 0x28, 0x00, 0x26, 0x00, 0x00, 0x00
//     .byte 0x01, 0xd5, 0x04, 0x00, 0x00, 0x14, 0x01, 0x01, 0x00, 0x10, 0x00, 0x00, 0xe8, 0x03, 0x06, 0x00
//     .byte 0xe0, 0x03, 0x1e, 0x00, 0x1e, 0x00, 0x00, 0x00, 0x02, 0xcb, 0x07, 0x00, 0x00, 0x10, 0x01, 0x01
//     .byte 0x00, 0x10, 0x00, 0x00, 0xe8, 0x03, 0x00, 0x00, 0x00, 0x00, 0x00, 0x00, 0x00, 0x00, 0x00, 0x00
//     .byte 0x1e, 0x00, 0x00, 0x00, 0x00, 0x00, 0x01, 0x01, 0x00, 0x10, 0x00, 0x00, 0xe8, 0x03, 0xb8, 0x00
//     .byte 0xe1, 0x03, 0x0c, 0x00, 0x1c, 0x00, 0x00, 0x00, 0x03, 0xef, 0x09, 0x00, 0x00, 0x18, 0x01, 0x01
//     .byte 0x00, 0x10, 0x00, 0x00, 0xf6, 0x00, 0x47, 0x00, 0xe2, 0x03, 0x26, 0x00, 0x00, 0x00, 0x00, 0x00
//     .byte 0x00, 0x00, 0x01, 0x78, 0x00, 0x02, 0x01, 0x01, 0x00, 0x10, 0x00, 0x00, 0xe8, 0x03, 0x00, 0x00
//     .byte 0x00, 0x00, 0x00, 0x00, 0x00, 0x00, 0x00, 0x00, 0x1e, 0x00, 0x00, 0x00, 0x00, 0x00, 0x01, 0x01
//     .byte 0x00, 0x10, 0x00, 0x00, 0xe8, 0x03, 0x70, 0x00, 0x99, 0x02, 0x46, 0x00, 0x2a, 0x00, 0x00, 0x00
//     .byte 0x01, 0xd2, 0x04, 0x00, 0x00, 0x14, 0x01, 0x01, 0x00, 0x10, 0x00, 0x00, 0xe8, 0x03, 0x73, 0x00
//     .byte 0x9a, 0x02, 0x28, 0x00, 0x2a, 0x00, 0x00, 0x00, 0x02, 0xd5, 0x09, 0x00, 0x00, 0x14, 0x01, 0x01
//     .byte 0x00, 0x10, 0x00, 0x00, 0xf7, 0x00, 0x47, 0x00, 0x00, 0x00, 0x1e, 0x00, 0x00, 0x00, 0x00, 0x00
//     .byte 0x00, 0x00, 0x01, 0x00, 0x00, 0x00, 0x01, 0x01, 0x00, 0x10, 0x00, 0x00, 0xe8, 0x03, 0x00, 0x00
//     .byte 0x00, 0x00, 0x00, 0x00, 0x00, 0x00, 0x00, 0x00, 0x1e, 0x00, 0x00, 0x00, 0x00, 0x00, 0x01, 0x01
//     .byte 0x00, 0x10, 0x00, 0x00, 0xe8, 0x03, 0x00, 0x00, 0x00, 0x00, 0x00, 0x00, 0x00, 0x00, 0x00, 0x00
//     .byte 0x00, 0x00, 0xff, 0x00, 0x00, 0x00, 0x01, 0x01, 0x00, 0x10, 0x00, 0x00, 0xe8, 0x03, 0x00, 0x00
//     .byte 0x00, 0x00, 0x00, 0x00, 0x00, 0x00, 0x00, 0x00, 0x00, 0x00, 0xff, 0x00, 0x00, 0x00, 0x01, 0x01
//     .byte 0x00, 0x10, 0x00, 0x00, 0xf8, 0x00, 0x00, 0x00, 0x04, 0x04, 0x00, 0x00, 0x00, 0x00, 0x00, 0x00
//     .byte 0x1e, 0x00, 0x00, 0x79, 0x7a, 0x00, 0x01, 0x01, 0x00, 0x10, 0x00, 0x00, 0xf8, 0x00, 0x00, 0x00
//     .byte 0x05, 0x04, 0x6e, 0x00, 0x00, 0x00, 0x00, 0x00, 0x1e, 0x00, 0x00, 0x00, 0x00, 0x02, 0x01, 0x01
//     .byte 0x00, 0x10, 0x00, 0x00, 0xfa, 0x00, 0x00, 0x00, 0x04, 0x04, 0x00, 0x00, 0x00, 0x00, 0x00, 0x00
//     .byte 0x1e, 0x00, 0x00, 0x7b, 0x7c, 0x00, 0x01, 0x01, 0x00, 0x10, 0x00, 0x00, 0xfa, 0x00, 0x00, 0x00
//     .byte 0x05, 0x04, 0x6e, 0x00, 0x00, 0x00, 0x00, 0x00, 0x1e, 0x00, 0x00, 0x00, 0x00, 0x02, 0x01, 0x01
//     .byte 0x00, 0x10, 0x00, 0x00, 0xfc, 0x00, 0x00, 0x00, 0x06, 0x04, 0x5a, 0x00, 0x00, 0x00, 0x00, 0x00
//     .byte 0x1e, 0x00, 0x00, 0x7d, 0x00, 0x02, 0x01, 0x01, 0x00, 0x10, 0x00, 0x00, 0xfc, 0x00, 0x00, 0x00
//     .byte 0x07, 0x04, 0x5a, 0x00, 0x14, 0x01, 0x00, 0x00, 0x1e, 0xf0, 0x00, 0x7e, 0x00, 0x00, 0x01, 0x01
//     .byte 0x00, 0x10, 0x00, 0x00, 0xfe, 0x00, 0x00, 0x00, 0x08, 0x04, 0x5a, 0x00, 0x00, 0x00, 0x00, 0x00
//     .byte 0x1e, 0x00, 0x00, 0x7f, 0x00, 0x00, 0x01, 0x01, 0x00, 0x10, 0x00, 0x00, 0xfe, 0x00, 0x00, 0x00
//     .byte 0x08, 0x04, 0x5a, 0x00, 0x00, 0x00, 0x00, 0x00, 0x1e, 0x00, 0x00, 0x80, 0x00, 0x00, 0x01, 0x01
//     .byte 0x00, 0x10, 0x00, 0x00, 0xfe, 0x00, 0x00, 0x00, 0x00, 0x00, 0x5a, 0x00, 0x00, 0x00, 0x00, 0x00
//     .byte 0x1e, 0x00, 0x00, 0x00, 0x00, 0x00, 0x01, 0x01, 0x00, 0x10, 0x00, 0x00, 0x00, 0x01, 0x00, 0x00
//     .byte 0x09, 0x04, 0x64, 0x00, 0x00, 0x00, 0xcc, 0x01, 0x1e, 0x00, 0x00, 0x82, 0x9f, 0x00, 0x01, 0x01
//     .byte 0x00, 0x10, 0x00, 0x00, 0x00, 0x01, 0x00, 0x00, 0x00, 0x00, 0x5a, 0x00, 0x00, 0x00, 0x00, 0x00
//     .byte 0x1e, 0x00, 0x00, 0x00, 0x00, 0x00, 0x01, 0x01, 0x00, 0x10, 0x00, 0x00, 0x02, 0x01, 0x00, 0x00
//     .byte 0x0a, 0x04, 0x6e, 0x00, 0x00, 0x00, 0x62, 0x03, 0x1e, 0x00, 0x00, 0x84, 0x9f, 0x00, 0x01, 0x01
//     .byte 0x00, 0x10, 0x00, 0x00, 0x02, 0x01, 0x00, 0x00, 0x00, 0x00, 0x6e, 0x00, 0x00, 0x00, 0x00, 0x00
//     .byte 0x1e, 0x00, 0x00, 0x00, 0x00, 0x00, 0x01, 0x01, 0x00, 0x10, 0x00, 0x00, 0x02, 0x01, 0x00, 0x00
//     .byte 0x00, 0x00, 0x6e, 0x00, 0x00, 0x00, 0x00, 0x00, 0x1e, 0x00, 0x00, 0x00, 0x00, 0x02, 0x01, 0x01
//     .byte 0x00, 0x10, 0x00, 0x00, 0xe8, 0x03, 0x00, 0x00, 0x00, 0x00, 0x00, 0x00, 0x00, 0x00, 0x00, 0x00
//     .byte 0x00, 0x00, 0xff, 0x00, 0x00, 0x00, 0x01, 0x01, 0x00, 0x10, 0x00, 0x00, 0xe8, 0x03, 0x00, 0x00
//     .byte 0x00, 0x00, 0x00, 0x00, 0x00, 0x00, 0x00, 0x00, 0x00, 0x00, 0xff, 0x00, 0x00, 0x00, 0x01, 0x01
//     .byte 0x00, 0x10, 0x00, 0x00, 0xe8, 0x03, 0x00, 0x00, 0x00, 0x00, 0x00, 0x00, 0x00, 0x00, 0x00, 0x00
//     .byte 0x00, 0x00, 0xff, 0x00, 0x00, 0x00, 0x01, 0x01, 0x00, 0x10, 0x00, 0x00, 0xe8, 0x03, 0x00, 0x00
//     .byte 0x00, 0x00, 0x00, 0x00, 0x00, 0x00, 0x00, 0x00, 0x00, 0x00, 0xff, 0x00, 0x00, 0x00, 0x01, 0x01
//     .byte 0x00, 0x10, 0x00, 0x00, 0xe8, 0x03, 0x00, 0x00, 0x00, 0x00, 0x00, 0x00, 0x00, 0x00, 0x00, 0x00
//     .byte 0x00, 0x00, 0xff, 0x00, 0x00, 0x00, 0x01, 0x01, 0x00, 0x10, 0x00, 0x00, 0xe8, 0x03, 0x00, 0x00
//     .byte 0x00, 0x00, 0x00, 0x00, 0x00, 0x00, 0x00, 0x00, 0x00, 0x00, 0xff, 0x00, 0x00, 0x00, 0x01, 0x01
//     .byte 0x00, 0x10, 0x00, 0x00, 0x0c, 0x01, 0x00, 0x00, 0x08, 0x04, 0x50, 0x00, 0x00, 0x00, 0x00, 0x00
//     .byte 0x1e, 0x00, 0x00, 0x7f, 0x00, 0x00, 0x01, 0x01, 0x00, 0x10, 0x00, 0x00, 0x0c, 0x01, 0x00, 0x00
//     .byte 0x08, 0x04, 0x50, 0x00, 0x00, 0x00, 0x00, 0x00, 0x1e, 0x00, 0x00, 0x80, 0x00, 0x00, 0x01, 0x01
//     .byte 0x00, 0x10, 0x00, 0x00, 0x0c, 0x01, 0x00, 0x00, 0x00, 0x00, 0x50, 0x00, 0x00, 0x00, 0x00, 0x00
//     .byte 0x1e, 0x00, 0x00, 0x00, 0x00, 0x00, 0x01, 0x01, 0x00, 0x10, 0x00, 0x00, 0x0e, 0x01, 0x00, 0x00
//     .byte 0x09, 0x04, 0x64, 0x00, 0x00, 0x00, 0xcc, 0x01, 0x1e, 0x00, 0x00, 0x82, 0x9f, 0x00, 0x01, 0x01
//     .byte 0x00, 0x10, 0x00, 0x00, 0x0e, 0x01, 0x00, 0x00, 0x00, 0x00, 0x5a, 0x00, 0x00, 0x00, 0x00, 0x00
//     .byte 0x1e, 0x00, 0x00, 0x00, 0x00, 0x00, 0x01, 0x01, 0x00, 0x10, 0x00, 0x00, 0x10, 0x01, 0x00, 0x00
//     .byte 0x0a, 0x04, 0x6e, 0x00, 0x00, 0x00, 0x62, 0x03, 0x1e, 0x00, 0x00, 0x84, 0x9f, 0x00, 0x01, 0x01
//     .byte 0x00, 0x10, 0x00, 0x00, 0x10, 0x01, 0x00, 0x00, 0x00, 0x00, 0x6e, 0x00, 0x00, 0x00, 0x00, 0x00
//     .byte 0x1e, 0x00, 0x00, 0x00, 0x00, 0x00, 0x01, 0x01, 0x00, 0x10, 0x00, 0x00, 0x10, 0x01, 0x00, 0x00
//     .byte 0x00, 0x00, 0x6e, 0x00, 0x00, 0x00, 0x00, 0x00, 0x1e, 0x00, 0x00, 0x00, 0x00, 0x02, 0x01, 0x01
//     .byte 0x00, 0x10, 0x00, 0x00, 0x13, 0x01, 0x00, 0x00, 0x0c, 0x04, 0x00, 0x00, 0x00, 0x00, 0x00, 0x00
//     .byte 0x1e, 0x00, 0x00, 0x00, 0x00, 0x00, 0x01, 0x01, 0x00, 0x10, 0x00, 0x00, 0xe8, 0x03, 0x00, 0x00
//     .byte 0x00, 0x00, 0x00, 0x00, 0x00, 0x00, 0x00, 0x00, 0x00, 0x00, 0xff, 0x00, 0x00, 0x00, 0x01, 0x01
//     .byte 0x00, 0x10, 0x00, 0x00, 0x18, 0x01, 0x00, 0x00, 0x00, 0x00, 0x00, 0x00, 0x00, 0x00, 0x00, 0x00
//     .byte 0x1e, 0x00, 0x00, 0x00, 0x00, 0x00, 0x01, 0x01, 0x00, 0x10, 0x00, 0x00, 0x19, 0x01, 0x00, 0x00
//     .byte 0x00, 0x00, 0x00, 0x00, 0x00, 0x00, 0x00, 0x00, 0x1e, 0x00, 0x00, 0x00, 0x00, 0x00, 0x01, 0x01
//     .byte 0x00, 0x10, 0x00, 0x00, 0x1a, 0x01, 0x00, 0x00, 0x00, 0x00, 0x00, 0x00, 0x00, 0x00, 0x00, 0x00
//     .byte 0x1e, 0x00, 0x00, 0x00, 0x00, 0x00, 0x01, 0x01, 0x00, 0x10, 0x00, 0x00, 0x1b, 0x01, 0x00, 0x00
//     .byte 0x00, 0x00, 0x00, 0x00, 0x00, 0x00, 0x00, 0x00, 0x1e, 0x00, 0x00, 0x00, 0x00, 0x00, 0x01, 0x01
//     .byte 0x00, 0x10, 0x00, 0x00, 0x1c, 0x01, 0x00, 0x00, 0x00, 0x00, 0x00, 0x00, 0x00, 0x00, 0x00, 0x00
//     .byte 0x1e, 0x00, 0x00, 0x00, 0x00, 0x00, 0x01, 0x01, 0x00, 0x10, 0x00, 0x00, 0x1d, 0x01, 0x00, 0x00
//     .byte 0x00, 0x00, 0x00, 0x00, 0x00, 0x00, 0x00, 0x00, 0x1e, 0x00, 0x00, 0x00, 0x00, 0x00, 0x01, 0x01
//     .byte 0x00, 0x10, 0x00, 0x00, 0x1e, 0x01, 0x00, 0x00, 0x00, 0x00, 0x00, 0x00, 0x00, 0x00, 0x00, 0x00
//     .byte 0x1e, 0x00, 0x00, 0x00, 0x00, 0x00, 0x01, 0x01, 0x00, 0x10, 0x00, 0x00, 0x1f, 0x01, 0x00, 0x00
//     .byte 0x00, 0x00, 0x00, 0x00, 0x00, 0x00, 0x00, 0x00, 0x1e, 0x00, 0x00, 0x00, 0x00, 0x00, 0x01, 0x01
//     .byte 0x00, 0x10, 0x00, 0x00, 0x20, 0x01, 0x00, 0x00, 0x00, 0x00, 0x00, 0x00, 0x00, 0x00, 0x00, 0x00
//     .byte 0x1e, 0x00, 0x00, 0x00, 0x00, 0x00, 0x01, 0x01, 0x00, 0x10, 0x00, 0x00, 0x21, 0x01, 0x00, 0x00
//     .byte 0x00, 0x00, 0x00, 0x00, 0x00, 0x00, 0x00, 0x00, 0x1e, 0x00, 0x00, 0x00, 0x00, 0x00, 0x01, 0x01
//     .byte 0x00, 0x10, 0x00, 0x00, 0x22, 0x01, 0x00, 0x00, 0x00, 0x00, 0x00, 0x00, 0x00, 0x00, 0x00, 0x00
//     .byte 0x1e, 0x00, 0x00, 0x00, 0x00, 0x00, 0x01, 0x01, 0x00, 0x10, 0x00, 0x00, 0x23, 0x01, 0x00, 0x00
//     .byte 0x00, 0x00, 0x00, 0x00, 0x00, 0x00, 0x00, 0x00, 0x1e, 0x00, 0x00, 0x00, 0x00, 0x00, 0x01, 0x01
//     .byte 0x00, 0x10, 0x00, 0x00, 0x24, 0x01, 0x00, 0x00, 0x00, 0x00, 0x00, 0x00, 0x00, 0x00, 0x00, 0x00
//     .byte 0x1e, 0x00, 0x00, 0x00, 0x00, 0x00, 0x01, 0x01, 0x00, 0x10, 0x00, 0x00, 0x25, 0x01, 0x00, 0x00
//     .byte 0x00, 0x00, 0x00, 0x00, 0x00, 0x00, 0x00, 0x00, 0x1e, 0x00, 0x00, 0x00, 0x00, 0x00, 0x01, 0x01
//     .byte 0x00, 0x10, 0x00, 0x00, 0x26, 0x01, 0x00, 0x00, 0x00, 0x00, 0x00, 0x00, 0x00, 0x00, 0x00, 0x00
//     .byte 0x1e, 0x00, 0x00, 0x00, 0x00, 0x00, 0x01, 0x01, 0x00, 0x10, 0x00, 0x00, 0xe8, 0x03, 0x00, 0x00
//     .byte 0x00, 0x00, 0x00, 0x00, 0x00, 0x00, 0x00, 0x00, 0x00, 0x00, 0xff, 0x00, 0x00, 0x00, 0x01, 0x01
//     .byte 0x00, 0x10, 0x00, 0x00, 0xe8, 0x03, 0x00, 0x00, 0x00, 0x00, 0x00, 0x00, 0x00, 0x00, 0x00, 0x00
//     .byte 0x00, 0x00, 0xff, 0x00, 0x00, 0x00, 0x01, 0x01, 0x00, 0x10, 0x00, 0x00, 0x05, 0x01, 0x47, 0x00
//     .byte 0x00, 0x00, 0x1e, 0x00, 0x00, 0x00, 0x00, 0x00, 0x00, 0x00, 0x01, 0x00, 0x00, 0x00, 0x01, 0x01
//     .byte 0x00, 0x10, 0x00, 0x00, 0xe8, 0x03, 0x00, 0x00, 0x00, 0x00, 0x1e, 0x00, 0x00, 0x00, 0x00, 0x00
//     .byte 0x1e, 0x00, 0x00, 0x00, 0x00, 0x00, 0x01, 0x01, 0x00, 0x10, 0x00, 0x00, 0x05, 0x01, 0x47, 0x00
//     .byte 0x00, 0x00, 0x1e, 0x00, 0x00, 0x00, 0x00, 0x00, 0x00, 0x00, 0x00, 0x00, 0x00, 0x00, 0x01, 0x01
//     .byte 0x00, 0x10, 0x00, 0x00, 0xe8, 0x03, 0x00, 0x00, 0x00, 0x00, 0x00, 0x00, 0x00, 0x00, 0x00, 0x00
//     .byte 0x1e, 0x00, 0x00, 0x00, 0x00, 0x00, 0x01, 0x01, 0x00, 0x10, 0x00, 0x00, 0x05, 0x01, 0x47, 0x00
//     .byte 0x00, 0x00, 0x1e, 0x00, 0x00, 0x00, 0x00, 0x00, 0x00, 0x00, 0x00, 0x00, 0x00, 0x00, 0x01, 0x01
//     .byte 0x00, 0x10, 0x00, 0x00, 0xe8, 0x03, 0x00, 0x00, 0x00, 0x00, 0x00, 0x00, 0x00, 0x00, 0x00, 0x00
//     .byte 0x1e, 0x00, 0x00, 0x00, 0x00, 0x00, 0x01, 0x01, 0x00, 0x10, 0x00, 0x00, 0x2c, 0x01, 0x47, 0x00
//     .byte 0xe3, 0x03, 0x22, 0x00, 0x00, 0x00, 0x00, 0x00, 0x00, 0x00, 0x01, 0x00, 0x00, 0x02, 0x01, 0x01
//     .byte 0x00, 0x10, 0x00, 0x00, 0xe8, 0x03, 0x2a, 0x00, 0xe5, 0x03, 0x28, 0x00, 0x3c, 0x00, 0x00, 0x00
//     .byte 0x04, 0xcf, 0x07, 0x86, 0x00, 0x10, 0x01, 0x01, 0x00, 0x10, 0x00, 0x00, 0xe8, 0x03, 0x74, 0x00
//     .byte 0xe4, 0x03, 0x28, 0x00, 0x46, 0x00, 0x00, 0x00, 0x02, 0xd6, 0x04, 0x85, 0x00, 0x08, 0x01, 0x01
//     .byte 0x00, 0x10, 0x00, 0x00, 0xe8, 0x03, 0x5a, 0x00, 0xe6, 0x03, 0x1e, 0x00, 0x00, 0x00, 0x00, 0x00
//     .byte 0x07, 0x00, 0x09, 0x87, 0x88, 0x00, 0x01, 0x01, 0x00, 0x10, 0x00, 0x00, 0xe8, 0x03, 0x00, 0x00
//     .byte 0x00, 0x00, 0x00, 0x00, 0x00, 0x00, 0x00, 0x00, 0x1e, 0x00, 0x00, 0x00, 0x00, 0x00, 0x01, 0x01
//     .byte 0x00, 0x10, 0x00, 0x00, 0xe8, 0x03, 0x71, 0x00, 0xe4, 0x03, 0x28, 0x00, 0x46, 0x00, 0x00, 0x00
//     .byte 0x01, 0xea, 0x04, 0x85, 0x00, 0x08, 0x01, 0x01, 0x00, 0x10, 0x00, 0x00, 0x2d, 0x01, 0x74, 0x00
//     .byte 0xe4, 0x03, 0x28, 0x00, 0x46, 0x00, 0x00, 0x00, 0x02, 0xd6, 0x04, 0x85, 0x00, 0x0a, 0x01, 0x01
//     .byte 0x00, 0x10, 0x00, 0x00, 0xe8, 0x03, 0x6a, 0x00, 0xe7, 0x03, 0x28, 0x00, 0x1e, 0x00, 0x00, 0x00
//     .byte 0x06, 0xd9, 0x0a, 0x00, 0x00, 0x00, 0x01, 0x01, 0x00, 0x10, 0x00, 0x00, 0xe8, 0x03, 0x3d, 0x00
//     .byte 0xe5, 0x03, 0x28, 0x00, 0x3c, 0x00, 0x00, 0x00, 0x05, 0xcf, 0x07, 0x86, 0x00, 0x10, 0x01, 0x01
//     .byte 0x00, 0x10, 0x00, 0x00, 0xe8, 0x03, 0x3b, 0x00, 0xe5, 0x03, 0x28, 0x00, 0x3c, 0x00, 0x00, 0x00
//     .byte 0x03, 0xcf, 0x07, 0x86, 0x00, 0x10, 0x01, 0x01, 0x00, 0x10, 0x00, 0x00, 0xe8, 0x03, 0x00, 0x00
//     .byte 0x00, 0x00, 0x00, 0x00, 0x00, 0x00, 0x00, 0x00, 0x1e, 0x00, 0x00, 0x00, 0x00, 0x00, 0x01, 0x01
//     .byte 0x00, 0x10, 0x00, 0x00, 0xe8, 0x03, 0x47, 0x00, 0xe3, 0x03, 0x22, 0x00, 0x00, 0x00, 0x00, 0x00
//     .byte 0x00, 0x00, 0x01, 0x00, 0x00, 0x00, 0x01, 0x01, 0x00, 0x10, 0x00, 0x00, 0xe8, 0x03, 0xe7, 0x00
//     .byte 0xe3, 0x03, 0x1e, 0x00, 0x00, 0x00, 0x00, 0x00, 0x01, 0x00, 0x01, 0x00, 0x00, 0x00, 0x01, 0x01
//     .byte 0x00, 0x10, 0x00, 0x00, 0x2e, 0x01, 0x95, 0x00, 0xe9, 0x03, 0x14, 0x00, 0x00, 0x00, 0x12, 0x00
//     .byte 0x01, 0x00, 0x02, 0x00, 0xa2, 0x01, 0x01, 0x01, 0x00, 0x10, 0x00, 0x00, 0xe8, 0x03, 0x7d, 0x00
//     .byte 0xeb, 0x03, 0x68, 0x00, 0x00, 0x00, 0x68, 0x00, 0x05, 0xe3, 0x04, 0x89, 0x9f, 0x0c, 0x01, 0x01
//     .byte 0x00, 0x10, 0x00, 0x00, 0xe8, 0x03, 0xe7, 0x00, 0xf0, 0x03, 0x1c, 0x00, 0x00, 0x00, 0x1a, 0x00
//     .byte 0x08, 0x00, 0x0d, 0x00, 0x9d, 0x00, 0x01, 0x01, 0x00, 0x10, 0x00, 0x00, 0xe8, 0x03, 0x4b, 0x00
//     .byte 0x00, 0x00, 0x00, 0x00, 0x00, 0x00, 0x00, 0x00, 0x1f, 0x00, 0xff, 0x00, 0x00, 0x00, 0x01, 0x01
//     .byte 0x00, 0x10, 0x00, 0x00, 0xe8, 0x03, 0x00, 0x00, 0x00, 0x00, 0x00, 0x00, 0x00, 0x00, 0x00, 0x00
//     .byte 0x1e, 0x00, 0x00, 0x00, 0x00, 0x00, 0x01, 0x01, 0x00, 0x10, 0x00, 0x00, 0xe8, 0x03, 0x47, 0x00
//     .byte 0xe8, 0x03, 0x1e, 0x00, 0x00, 0x00, 0x00, 0x00, 0x00, 0x00, 0x01, 0x00, 0x00, 0x00, 0x01, 0x01
//     .byte 0x00, 0x10, 0x00, 0x00, 0xe8, 0x03, 0x2a, 0x02, 0xee, 0x03, 0x78, 0x00, 0x00, 0x00, 0x00, 0x00
//     .byte 0x06, 0xe2, 0x0b, 0x8a, 0x00, 0x00, 0x01, 0x01, 0x00, 0x10, 0x00, 0x00, 0x2f, 0x01, 0x47, 0x00
//     .byte 0xe8, 0x03, 0x22, 0x00, 0x00, 0x00, 0x12, 0x00, 0x00, 0x00, 0x01, 0x00, 0xa2, 0x01, 0x01, 0x01
//     .byte 0x00, 0x18, 0x00, 0x00, 0xe8, 0x03, 0x48, 0x00, 0xec, 0x03, 0x04, 0x00, 0x20, 0x00, 0x0a, 0x00
//     .byte 0x07, 0xd8, 0x09, 0x00, 0xa0, 0x0c, 0x01, 0x01, 0x00, 0x10, 0x00, 0x00, 0xe8, 0x03, 0x94, 0x00
//     .byte 0xea, 0x03, 0x16, 0x00, 0x00, 0x00, 0x14, 0x00, 0x03, 0x00, 0x03, 0x00, 0x9c, 0x00, 0x01, 0x01
//     .byte 0x00, 0x10, 0x00, 0x00, 0xe8, 0x03, 0x82, 0x00, 0xef, 0x03, 0x20, 0x00, 0x00, 0x00, 0x20, 0x00
//     .byte 0x04, 0x00, 0x0c, 0x00, 0xa2, 0x00, 0x01, 0x01, 0x00, 0x10, 0x00, 0x00, 0xe8, 0x03, 0x00, 0x00
//     .byte 0x00, 0x00, 0x00, 0x00, 0x00, 0x00, 0x00, 0x00, 0x1e, 0x00, 0x00, 0x00, 0x00, 0x00, 0x01, 0x01
//     .byte 0x00, 0x10, 0x00, 0x00, 0xe8, 0x03, 0x94, 0x00, 0xea, 0x03, 0x16, 0x00, 0x00, 0x00, 0x14, 0x00
//     .byte 0x03, 0x00, 0x03, 0x00, 0x9c, 0x00, 0x01, 0x01, 0x00, 0x10, 0x00, 0x00, 0x30, 0x01, 0x47, 0x00
//     .byte 0xfa, 0x03, 0x3e, 0x00, 0x00, 0x00, 0x00, 0x00, 0x01, 0x00, 0x01, 0x62, 0x63, 0x02, 0x01, 0x01
//     .byte 0x00, 0x10, 0x00, 0x00, 0xe8, 0x03, 0x4a, 0x00, 0xfc, 0x03, 0x50, 0x00, 0x32, 0x00, 0x00, 0x00
//     .byte 0x03, 0xe5, 0x09, 0x65, 0x00, 0x0c, 0x01, 0x01, 0x00, 0x10, 0x00, 0x00, 0xe8, 0x03, 0x03, 0x00
//     .byte 0xfb, 0x03, 0x28, 0x00, 0x46, 0x00, 0x00, 0x00, 0x05, 0xca, 0x0a, 0x64, 0x00, 0x14, 0x01, 0x01
//     .byte 0x00, 0x10, 0x00, 0x00, 0xe8, 0x03, 0x6a, 0x00, 0xfd, 0x03, 0x28, 0x00, 0x3c, 0x00, 0x00, 0x00
//     .byte 0x02, 0xd9, 0x0b, 0x66, 0x00, 0x00, 0x01, 0x01, 0x00, 0x10, 0x00, 0x00, 0xe8, 0x03, 0x71, 0x00
//     .byte 0xfb, 0x03, 0x20, 0x00, 0x44, 0x00, 0x00, 0x00, 0x04, 0xea, 0x04, 0x64, 0x00, 0x14, 0x01, 0x01
//     .byte 0x00, 0x10, 0x00, 0x00, 0xe8, 0x03, 0x00, 0x00, 0x00, 0x00, 0x00, 0x00, 0x00, 0x00, 0x00, 0x00
//     .byte 0x1e, 0x00, 0x00, 0x00, 0x00, 0x00, 0x01, 0x01, 0x00, 0x10, 0x00, 0x00, 0xe8, 0x03, 0x33, 0x02
//     .byte 0xfa, 0x03, 0x3e, 0x00, 0x00, 0x00, 0x00, 0x00, 0x01, 0x00, 0x01, 0x62, 0x63, 0x00, 0x01, 0x01
//     .byte 0x00, 0x10, 0x00, 0x00, 0x31, 0x01, 0x47, 0x00, 0xfe, 0x03, 0x36, 0x00, 0x00, 0x00, 0x00, 0x00
//     .byte 0x01, 0x00, 0x01, 0x67, 0x00, 0x02, 0x01, 0x01, 0x00, 0x10, 0x00, 0x00, 0xe8, 0x03, 0x09, 0x00
//     .byte 0x01, 0x04, 0x1e, 0x00, 0x3a, 0x00, 0x00, 0x00, 0x05, 0xcb, 0x07, 0x66, 0x00, 0x08, 0x01, 0x01
//     .byte 0x00, 0x10, 0x00, 0x00, 0xe8, 0x03, 0x34, 0x02, 0xff, 0x03, 0x4c, 0x00, 0x00, 0x00, 0x4e, 0x00
//     .byte 0x02, 0x00, 0x09, 0x68, 0x9f, 0x00, 0x01, 0x01, 0x00, 0x10, 0x00, 0x00, 0xe8, 0x03, 0x00, 0x00
//     .byte 0x00, 0x00, 0x00, 0x00, 0x00, 0x00, 0x00, 0x00, 0x1e, 0x00, 0x00, 0x00, 0x00, 0x00, 0x01, 0x01
//     .byte 0x00, 0x10, 0x00, 0x00, 0xe8, 0x03, 0x70, 0x00, 0xfb, 0x03, 0x46, 0x00, 0x44, 0x00, 0x00, 0x00
//     .byte 0x03, 0xd2, 0x0a, 0x64, 0x00, 0x14, 0x01, 0x01, 0x00, 0x10, 0x00, 0x00, 0xe8, 0x03, 0x71, 0x00
//     .byte 0xfb, 0x03, 0x28, 0x00, 0x46, 0x00, 0x00, 0x00, 0x04, 0xea, 0x04, 0x64, 0x00, 0x14, 0x01, 0x01
//     .byte 0x00, 0x10, 0x00, 0x00, 0x32, 0x01, 0x47, 0x00, 0xfe, 0x03, 0x36, 0x00, 0x00, 0x00, 0x00, 0x00
//     .byte 0x01, 0x00, 0x01, 0x67, 0x00, 0x02, 0x01, 0x01, 0x00, 0x10, 0x00, 0x00, 0xe8, 0x03, 0x71, 0x00
//     .byte 0xfb, 0x03, 0x28, 0x00, 0x46, 0x00, 0x00, 0x00, 0x07, 0xea, 0x04, 0x69, 0x00, 0x14, 0x01, 0x01
//     .byte 0x00, 0x10, 0x00, 0x00, 0xe8, 0x03, 0x2f, 0x01, 0x02, 0x04, 0x38, 0x00, 0x00, 0x00, 0x00, 0x00
//     .byte 0x02, 0x00, 0x09, 0x67, 0x00, 0x00, 0x01, 0x01, 0x00, 0x10, 0x00, 0x00, 0xe8, 0x03, 0x34, 0x02
//     .byte 0xff, 0x03, 0x4c, 0x00, 0x00, 0x00, 0x4e, 0x00, 0x03, 0x00, 0x0a, 0x6a, 0x9f, 0x00, 0x01, 0x01
//     .byte 0x00, 0x10, 0x00, 0x00, 0xe8, 0x03, 0x00, 0x00, 0x00, 0x00, 0x00, 0x00, 0x00, 0x00, 0x00, 0x00
//     .byte 0x1e, 0x00, 0x00, 0x00, 0x00, 0x00, 0x01, 0x01, 0x00, 0x10, 0x00, 0x00, 0xe8, 0x03, 0x6a, 0x00
//     .byte 0x00, 0x04, 0x28, 0x00, 0x3c, 0x00, 0x00, 0x00, 0x04, 0xd9, 0x0b, 0x6c, 0x00, 0x00, 0x01, 0x01
//     .byte 0x00, 0x10, 0x00, 0x00, 0x33, 0x01, 0x71, 0x00, 0xfb, 0x03, 0x28, 0x00, 0x46, 0x00, 0x00, 0x00
//     .byte 0x07, 0xea, 0x04, 0x69, 0x00, 0x16, 0x01, 0x01, 0x00, 0x10, 0x00, 0x00, 0xe8, 0x03, 0x2f, 0x01
//     .byte 0x02, 0x04, 0x38, 0x00, 0x00, 0x00, 0x00, 0x00, 0x02, 0x00, 0x09, 0x67, 0x00, 0x00, 0x01, 0x01
//     .byte 0x00, 0x10, 0x00, 0x00, 0xe8, 0x03, 0x09, 0x00, 0x01, 0x04, 0x1e, 0x00, 0x34, 0x00, 0x00, 0x00
//     .byte 0x06, 0xcb, 0x07, 0x66, 0x00, 0x08, 0x01, 0x01, 0x00, 0x10, 0x00, 0x00, 0xe8, 0x03, 0x34, 0x02
//     .byte 0xff, 0x03, 0x4c, 0x00, 0x00, 0x00, 0x4e, 0x00, 0x03, 0x00, 0x0a, 0x6a, 0x9f, 0x00, 0x01, 0x01
//     .byte 0x00, 0x10, 0x00, 0x00, 0xe8, 0x03, 0x00, 0x00, 0x00, 0x00, 0x00, 0x00, 0x00, 0x00, 0x00, 0x00
//     .byte 0x1e, 0x00, 0x00, 0x00, 0x00, 0x00, 0x01, 0x01, 0x00, 0x10, 0x00, 0x00, 0xe8, 0x03, 0x47, 0x00
//     .byte 0xff, 0x03, 0x00, 0x00, 0x00, 0x00, 0x00, 0x00, 0x00, 0x00, 0x01, 0x00, 0x00, 0x00, 0x01, 0x01
//     .byte 0x00, 0x10, 0x00, 0x00, 0xe8, 0x03, 0x03, 0x00, 0x03, 0x04, 0x28, 0x00, 0x34, 0x00, 0x00, 0x00
//     .byte 0x05, 0xca, 0x0c, 0x64, 0x00, 0x08, 0x01, 0x01, 0x00, 0x10, 0x00, 0x00, 0x34, 0x01, 0x75, 0x00
//     .byte 0xfb, 0x03, 0x28, 0x00, 0x3e, 0x00, 0x00, 0x00, 0x06, 0xec, 0x09, 0x69, 0x00, 0x16, 0x01, 0x01
//     .byte 0x00, 0x10, 0x00, 0x00, 0xe8, 0x03, 0x6a, 0x00, 0x00, 0x04, 0x28, 0x00, 0x3c, 0x00, 0x00, 0x00
//     .byte 0x03, 0xd9, 0x0b, 0x6c, 0x00, 0x00, 0x01, 0x01, 0x00, 0x10, 0x00, 0x00, 0xe8, 0x03, 0x34, 0x02
//     .byte 0xff, 0x03, 0x4c, 0x00, 0x00, 0x00, 0x4e, 0x00, 0x02, 0x00, 0x01, 0x6a, 0x9f, 0x00, 0x01, 0x01
//     .byte 0x00, 0x10, 0x00, 0x00, 0xe8, 0x03, 0x47, 0x00, 0xff, 0x03, 0x4c, 0x00, 0x00, 0x00, 0x00, 0x00
//     .byte 0x00, 0x00, 0x01, 0x00, 0x00, 0x00, 0x01, 0x01, 0x00, 0x10, 0x00, 0x00, 0xe8, 0x03, 0x31, 0x01
//     .byte 0xfb, 0x03, 0xf0, 0x00, 0x3c, 0x00, 0x3c, 0x00, 0x07, 0xf1, 0x0c, 0x8c, 0x8d, 0x00, 0x01, 0x01
//     .byte 0x00, 0x10, 0x00, 0x00, 0xe8, 0x03, 0x00, 0x00, 0x00, 0x00, 0x00, 0x00, 0x00, 0x00, 0x00, 0x00
//     .byte 0x1e, 0x00, 0x00, 0x00, 0x00, 0x00, 0x01, 0x01, 0x00, 0x10, 0x00, 0x00, 0xe8, 0x03, 0x30, 0x01
//     .byte 0x01, 0x04, 0x1c, 0x00, 0x34, 0x00, 0x00, 0x00, 0x08, 0xe4, 0x0a, 0x6c, 0x00, 0x0c, 0x01, 0x01
//     .byte 0x00, 0x10, 0x00, 0x00, 0x35, 0x01, 0x2f, 0x01, 0x02, 0x04, 0x38, 0x00, 0x00, 0x00, 0x00, 0x00
//     .byte 0x01, 0x00, 0x02, 0x67, 0x00, 0x02, 0x01, 0x01, 0x00, 0x10, 0x00, 0x00, 0xe8, 0x03, 0x71, 0x00
//     .byte 0xfb, 0x03, 0x28, 0x00, 0x44, 0x00, 0x00, 0x00, 0x04, 0xea, 0x04, 0x69, 0x00, 0x14, 0x01, 0x01
//     .byte 0x00, 0x10, 0x00, 0x00, 0xe8, 0x03, 0x2e, 0x01, 0x01, 0x04, 0x50, 0x00, 0x00, 0x00, 0x00, 0x00
//     .byte 0x09, 0x00, 0x0a, 0x66, 0x00, 0x00, 0x01, 0x01, 0x00, 0x10, 0x00, 0x00, 0xe8, 0x03, 0x75, 0x00
//     .byte 0xfb, 0x03, 0x28, 0x00, 0x3c, 0x00, 0x00, 0x00, 0x06, 0xec, 0x09, 0x69, 0x00, 0x14, 0x01, 0x01
//     .byte 0x00, 0x10, 0x00, 0x00, 0xe8, 0x03, 0x00, 0x00, 0x00, 0x00, 0x00, 0x00, 0x00, 0x00, 0x00, 0x00
//     .byte 0x1e, 0x00, 0x00, 0x00, 0x00, 0x00, 0x01, 0x01, 0x00, 0x10, 0x00, 0x00, 0xe8, 0x03, 0x47, 0x00
//     .byte 0xff, 0x03, 0x4c, 0x00, 0x00, 0x00, 0x00, 0x00, 0x00, 0x00, 0x01, 0x00, 0x00, 0x00, 0x01, 0x01
//     .byte 0x00, 0x10, 0x00, 0x00, 0xe8, 0x03, 0x03, 0x00, 0x03, 0x04, 0x28, 0x00, 0x44, 0x00, 0x00, 0x00
//     .byte 0x05, 0xca, 0x07, 0x64, 0x00, 0x08, 0x01, 0x01

// data_ov003_02131740:
//     .byte 0x00, 0x10, 0x00, 0x00, 0x00, 0x00, 0x3c, 0x00, 0x00, 0x00, 0x00, 0x00, 0x00, 0x00, 0xff, 0x00
//     .byte 0x00, 0x00, 0x00, 0x00, 0x00, 0x10, 0x00, 0x00, 0x01, 0x00, 0x2e, 0x00, 0x00, 0x00, 0xff, 0x01
//     .byte 0x00, 0x00, 0x00, 0x00, 0x9c, 0x30, 0x18, 0x00, 0x00, 0x10, 0x00, 0x00, 0x02, 0x00, 0x32, 0x00
//     .byte 0x1e, 0x00, 0x00, 0x02, 0x00, 0x00, 0x04, 0x32, 0x9d, 0x30, 0x18, 0x00, 0x00, 0x10, 0x00, 0x00
//     .byte 0x03, 0x00, 0x30, 0x00, 0x00, 0x00, 0x01, 0x02, 0x00, 0x90, 0x0a, 0x00, 0x00, 0x00, 0x18, 0x00
//     .byte 0x00, 0x10, 0x00, 0x00, 0x04, 0x00, 0x16, 0x00, 0x00, 0x00, 0x02, 0x02, 0x00, 0x0c, 0xff, 0x00
//     .byte 0x00, 0x00, 0x00, 0x00, 0x00, 0x10, 0x00, 0x00, 0x05, 0x00, 0x28, 0x00, 0x00, 0x00, 0x03, 0x02
//     .byte 0x00, 0x07, 0xff, 0x00, 0x08, 0x00, 0x00, 0x00, 0x00, 0x10, 0x00, 0x00, 0x06, 0x00, 0x26, 0x00
//     .byte 0x00, 0x00, 0x04, 0x02, 0x00, 0x05, 0xff, 0x00, 0x06, 0x00, 0x00, 0x00, 0x00, 0x10, 0x00, 0x00
//     .byte 0x07, 0x00, 0x0a, 0x00, 0x00, 0x00, 0x05, 0x02, 0x0c, 0x00, 0x10, 0x00, 0x9c, 0x0c, 0x14, 0x04
//     .byte 0x00, 0x10, 0x00, 0x00, 0x08, 0x00, 0x1e, 0x00, 0x00, 0x00, 0x06, 0x02, 0x0e, 0x00, 0x14, 0x00
//     .byte 0x9d, 0x1a, 0x14, 0x04, 0x00, 0x10, 0x00, 0x00, 0x09, 0x00, 0x5a, 0x00, 0x00, 0x00, 0x07, 0x02
//     .byte 0x00, 0x0e, 0x18, 0x00, 0x0f, 0x00, 0x00, 0x00, 0x00, 0x10, 0x00, 0x00, 0x0a, 0x00, 0x18, 0x00
//     .word data_020b0000
//     .byte 0x00, 0x00, 0xff, 0x00, 0x00, 0x00, 0x10, 0x04, 0x00, 0x10, 0x00, 0x00
//     .byte 0x0b, 0x00, 0x14, 0x00
//     .word data_020c0000
//     .byte 0x10, 0x00, 0xff, 0x00, 0x9e, 0x0c, 0x18, 0x00
//     .byte 0x00, 0x10, 0x00, 0x00, 0x0c, 0x00, 0x26, 0x00
//     .word data_020d0000
//     .byte 0x00, 0x0d, 0xff, 0x00
//     .byte 0x00, 0x00, 0x00, 0x00, 0x00, 0x10, 0x00, 0x00, 0x0d, 0x00, 0x46, 0x00
//     .word data_020e0000
//     .byte 0x00, 0x8e, 0xff, 0x00, 0x8f, 0x00, 0x00, 0x00, 0x00, 0x10, 0x00, 0x00, 0x0e, 0x00, 0x32, 0x00
//     .byte 0x00, 0x00, 0x08, 0x02, 0x10, 0x00, 0x1c, 0x00, 0x00, 0x00, 0x18, 0x00, 0x00, 0x10, 0x00, 0x00
//     .byte 0x0f, 0x00, 0x36, 0x00
//     .word data_02090000
//     .byte 0x14, 0x00, 0x20, 0x00, 0x00, 0x00, 0x18, 0x00
//     .byte 0x00, 0x10, 0x00, 0x00, 0x10, 0x00, 0x38, 0x00
//     .word data_020a0000
//     .byte 0x00, 0x01, 0x24, 0x00
//     .byte 0x02, 0x00, 0x00, 0x00, 0x00, 0x10, 0x00, 0x00, 0x11, 0x00, 0x12, 0x00
//     .word data_020f0000
//     .byte 0x00, 0x00, 0x28, 0x00, 0x9c, 0x06, 0x10, 0x00, 0x00, 0x10, 0x00, 0x00, 0x12, 0x00, 0x1a, 0x00
//     .word data_02100000
//     .byte 0x14, 0x00, 0x2c, 0x00, 0x9d, 0x0a, 0x14, 0x00, 0x00, 0x10, 0x00, 0x00
//     .byte 0x13, 0x00, 0x72, 0x00
//     .word data_02110028
//     .byte 0x00, 0x91, 0x30, 0x64, 0x92, 0x00, 0x10, 0x00
//     .byte 0x00, 0x10, 0x00, 0x00, 0x14, 0x00, 0x6e, 0x00, 0x3c, 0x00, 0x3a, 0x02, 0x00, 0x0a, 0x34, 0x50
//     .byte 0x0b, 0x00, 0x10, 0x00, 0x00, 0x10, 0x00, 0x00, 0x15, 0x00, 0x24, 0x00
//     .word data_02120000
//     .byte 0x00, 0x00, 0x38, 0x00, 0x00, 0x00, 0x18, 0x00, 0x00, 0x10, 0x00, 0x00, 0x16, 0x00, 0x24, 0x00
//     .word .L_02130000
//     .byte 0x28, 0x00, 0x3c, 0x00, 0x00, 0x00, 0x18, 0x00, 0x00, 0x10, 0x00, 0x00
//     .byte 0x17, 0x00, 0x24, 0x00
//     .word .L_02130000
//     .byte 0x24, 0x00, 0x40, 0x00, 0x00, 0x00, 0x18, 0x00
//     .byte 0x00, 0x10, 0x00, 0x00, 0x18, 0x00, 0x1c, 0x00
//     .word data_ov003_02150000
//     .byte 0x0c, 0x00, 0xff, 0x00
//     .byte 0x00, 0x00, 0x18, 0x00, 0x00, 0x10, 0x00, 0x00, 0x19, 0x00, 0x1e, 0x00, 0x00, 0x00, 0x17, 0x02
//     .byte 0x08, 0x00, 0xff, 0x00, 0x00, 0x00, 0x10, 0x00, 0x00, 0x10, 0x00, 0x00, 0x1a, 0x00, 0x28, 0x00
//     .word data_ov016_02180000
//     .byte 0x00, 0x00, 0xff, 0x00, 0x00, 0x00, 0x10, 0x00, 0x00, 0x10, 0x00, 0x00
//     .byte 0x1b, 0x00, 0x24, 0x00, 0x00, 0x00, 0x19, 0x02, 0x0c, 0x00, 0xff, 0x00, 0x00, 0x00, 0x10, 0x00
//     .byte 0x00, 0x10, 0x00, 0x00, 0x1c, 0x00, 0x28, 0x00, 0x00, 0x00, 0x1a, 0x02, 0x10, 0x00, 0xff, 0x00
//     .word data_02100000
//     .byte 0x00, 0x10, 0x00, 0x00, 0x1d, 0x00, 0x34, 0x00, 0x00, 0x00, 0x1b, 0x02
//     .byte 0x10, 0x00, 0xff, 0x00, 0x00, 0x00, 0x08, 0x00, 0x00, 0x10, 0x00, 0x00, 0x1e, 0x00, 0x28, 0x00
//     .byte 0x00, 0x00, 0x1c, 0x02, 0x00, 0x00, 0xff, 0x00
//     .word data_02090000
//     .byte 0x00, 0x10, 0x00, 0x00
//     .byte 0x1f, 0x00, 0x28, 0x00, 0x00, 0x00, 0xf7, 0x01, 0x00, 0x00, 0xff, 0x00, 0x00, 0x00, 0x18, 0x00
//     .byte 0x00, 0x10, 0x00, 0x00, 0x20, 0x00, 0x26, 0x00, 0x00, 0x00, 0xf7, 0x01, 0x0c, 0x00, 0xff, 0x00
//     .byte 0x00, 0x00, 0x18, 0x00, 0x00, 0x10, 0x00, 0x00, 0x21, 0x00, 0x0a, 0x00, 0x00, 0x00, 0x3f, 0x02
//     .byte 0x00, 0x00, 0xff, 0x00
//     .word data_ov016_02180000
//     .byte 0x00, 0x10, 0x00, 0x00, 0x22, 0x00, 0x32, 0x00
//     .byte 0x00, 0x00, 0x40, 0x02, 0x00, 0x01, 0xff, 0x00, 0x00, 0x00, 0x00, 0x00, 0x00, 0x10, 0x00, 0x00
//     .byte 0x23, 0x00, 0x3c, 0x00, 0x00, 0x00, 0x2e, 0x02, 0x00, 0x97, 0xff, 0x00, 0x00, 0x00, 0x00, 0x00
//     .byte 0x00, 0x10, 0x00, 0x00, 0x24, 0x00, 0x0e, 0x00, 0x00, 0x00, 0x36, 0x02, 0x00, 0x00, 0xff, 0x00
//     .byte 0x9e, 0x0c, 0x10, 0x00, 0x00, 0x10, 0x00, 0x00, 0x25, 0x00, 0x0c, 0x00, 0x00, 0x00, 0x38, 0x02
//     .byte 0x00, 0x00, 0xff, 0x00, 0x00, 0x00, 0x10, 0x00, 0x00, 0x10, 0x00, 0x00, 0x26, 0x00, 0x0a, 0x00
//     .byte 0x00, 0x00, 0x39, 0x02, 0x00, 0x00, 0xff, 0x00, 0x00, 0x00, 0x10, 0x00, 0x00, 0x10, 0x00, 0x00
//     .byte 0x27, 0x00, 0x14, 0x00, 0x00, 0x00, 0x37, 0x02, 0x00, 0x93, 0x44, 0x00, 0x94, 0x00, 0x00, 0x00
//     .byte 0x00, 0x10, 0x00, 0x00, 0x28, 0x00, 0x19, 0x00, 0x00, 0x00, 0x33, 0x02, 0x00, 0x98, 0x48, 0x00
//     .byte 0x99, 0x00, 0x00, 0x00, 0x00, 0x10, 0x00, 0x00, 0x29, 0x00, 0xa0, 0x00, 0x00, 0x00, 0x35, 0x02
//     .byte 0x00, 0x10, 0x4c, 0x00, 0x11, 0x78, 0x00, 0x00, 0x00, 0x10, 0x00, 0x00, 0x2a, 0x00, 0xf0, 0x00
//     .byte 0x00, 0x00, 0x34, 0x02, 0x00, 0x8b, 0x51, 0x00, 0x8d, 0x00, 0x00, 0x00, 0x00, 0x10, 0x00, 0x00
//     .byte 0x2b, 0x00, 0x3c, 0x00, 0x00, 0x00, 0x32, 0x02, 0x00, 0x00, 0x55, 0x00, 0x00, 0x00, 0x00, 0x00
//     .byte 0x00, 0x10, 0x00, 0x00, 0x2c, 0x00, 0x24, 0x00, 0x00, 0x00, 0x41, 0x02, 0x00, 0x00, 0xff, 0x00
//     .byte 0x00, 0x00, 0x00, 0x00, 0x00, 0x10, 0x00, 0x00, 0x65, 0x00, 0x2c, 0x00, 0x00, 0x00, 0x1c, 0x02
//     .byte 0x00, 0x00, 0xff, 0x00
//     .word data_02090000
//     .byte 0x00, 0x10, 0x00, 0x00, 0x66, 0x00, 0x28, 0x00
//     .byte 0x00, 0x00, 0x2f, 0x02, 0x00, 0x00, 0xff, 0x00
//     .word data_02100000
//     .byte 0x00, 0x10, 0x00, 0x00
//     .byte 0x67, 0x00, 0x1a, 0x00, 0x00, 0x00, 0x1d, 0x02, 0x00, 0x00, 0xff, 0x00, 0x00, 0x00, 0x10, 0x00
//     .byte 0x00, 0x10, 0x00, 0x00, 0x68, 0x00, 0x28, 0x00, 0x00, 0x00, 0xf6, 0x01, 0x00, 0x00, 0xff, 0x00
//     .byte 0x00, 0x00, 0x18, 0x00, 0x00, 0x10, 0x00, 0x00, 0x69, 0x00, 0x26, 0x00, 0x00, 0x00, 0xf6, 0x01
//     .byte 0x0c, 0x00, 0xff, 0x00, 0x00, 0x00, 0x18, 0x00, 0x00, 0x10, 0x00, 0x00, 0x6a, 0x00, 0x26, 0x00
//     .byte 0x00, 0x00, 0xfa, 0x01, 0x0c, 0x00, 0xff, 0x00, 0x00, 0x00, 0x18, 0x00, 0x00, 0x10, 0x00, 0x00
//     .byte 0x6b, 0x00, 0x28, 0x00, 0x00, 0x00, 0x20, 0x02, 0x00, 0x00, 0xff, 0x00, 0x00, 0x00, 0x18, 0x00
//     .byte 0x00, 0x10, 0x00, 0x00, 0x6c, 0x00, 0x3c, 0x00, 0x00, 0x00, 0x23, 0x02, 0x00, 0x00, 0xff, 0x00
//     .byte 0x00, 0x00, 0x00, 0x00, 0x00, 0x10, 0x00, 0x00, 0x6d, 0x00, 0x0e, 0x00, 0x00, 0x00, 0xf5, 0x01
//     .byte 0x00, 0x00, 0xff, 0x00
//     .word data_02100000
//     .byte 0x00, 0x10, 0x00, 0x00, 0x6e, 0x00, 0x18, 0x00
//     .byte 0x00, 0x00, 0xf5, 0x01, 0x00, 0x00, 0xff, 0x00
//     .word data_02100000
//     .byte 0x00, 0x10, 0x00, 0x00
//     .byte 0x6f, 0x00, 0x1e, 0x00, 0x00, 0x00, 0xf5, 0x01, 0x00, 0x00, 0xff, 0x00
//     .word data_02100000
//     .byte 0x00, 0x10, 0x00, 0x00, 0x70, 0x00, 0x18, 0x00, 0x00, 0x00, 0xf5, 0x01, 0x18, 0x00, 0xff, 0x00
//     .word data_02100000
//     .byte 0x00, 0x10, 0x00, 0x00, 0x71, 0x00, 0x1e, 0x00, 0x00, 0x00, 0xf5, 0x01
//     .byte 0x1e, 0x00, 0xff, 0x00
//     .word data_02100000
//     .byte 0x00, 0x10, 0x00, 0x00, 0x72, 0x00, 0x32, 0x00
//     .byte 0x00, 0x00, 0x29, 0x02, 0x00, 0x00, 0x59, 0x00, 0x00, 0x00, 0x18, 0x00, 0x00, 0x10, 0x00, 0x00
//     .byte 0x73, 0x00, 0x48, 0x00, 0x00, 0x00, 0x29, 0x02, 0x00, 0x00, 0x5d, 0x00, 0x00, 0x00, 0x18, 0x00
//     .byte 0x00, 0x10, 0x00, 0x00, 0x74, 0x00, 0x1e, 0x00, 0x00, 0x00, 0xf5, 0x01, 0x1e, 0x00, 0x5d, 0x00
//     .word data_02100000
//     .byte 0x00, 0x10, 0x00, 0x00, 0x75, 0x00, 0x48, 0x00, 0x00, 0x00, 0x29, 0x02
//     .byte 0x1e, 0x00, 0x5d, 0x00, 0x00, 0x00, 0x18, 0x00, 0x00, 0x10, 0x00, 0x00, 0xc9, 0x00, 0x3c, 0x00
//     .byte 0x00, 0x00, 0x61, 0x02, 0x00, 0x00, 0xff, 0x00, 0x00, 0x00, 0x00, 0x00, 0x00, 0x10, 0x00, 0x00
//     .byte 0xca, 0x00, 0x3c, 0x00, 0x00, 0x00, 0x62, 0x02, 0x00, 0x00, 0xff, 0x00, 0x00, 0x00, 0x00, 0x00
//     .byte 0x00, 0x10, 0x00, 0x00, 0xcb, 0x00, 0x3c, 0x00, 0x00, 0x00, 0x63, 0x02, 0x00, 0x00, 0xff, 0x00
//     .byte 0x00, 0x00, 0x00, 0x00, 0x00, 0x10, 0x00, 0x00, 0xcc, 0x00, 0x3c, 0x00, 0x00, 0x00, 0x64, 0x02
//     .byte 0x00, 0x00, 0xff, 0x00, 0x00, 0x00, 0x00, 0x00, 0x00, 0x10, 0x00, 0x00, 0xcd, 0x00, 0x3c, 0x00
//     .byte 0x00, 0x00, 0x65, 0x02, 0x00, 0x00, 0xff, 0x00, 0x00, 0x00, 0x00, 0x00, 0x00, 0x10, 0x00, 0x00
//     .byte 0xce, 0x00, 0x3c, 0x00, 0x00, 0x00, 0x66, 0x02, 0x00, 0x00, 0xff, 0x00, 0x00, 0x00, 0x00, 0x00
//     .byte 0x00, 0x10, 0x00, 0x00, 0xcf, 0x00, 0x3c, 0x00, 0x00, 0x00, 0x67, 0x02, 0x00, 0x00, 0xff, 0x00
//     .byte 0x00, 0x00, 0x00, 0x00, 0x00, 0x10, 0x00, 0x00, 0xd0, 0x00, 0x3c, 0x00, 0x00, 0x00, 0x75, 0x02
//     .byte 0x00, 0x00, 0xff, 0x00, 0x00, 0x00, 0x00, 0x00, 0x00, 0x10, 0x00, 0x00, 0xd1, 0x00, 0x3c, 0x00
//     .byte 0x00, 0x00, 0x76, 0x02, 0x00, 0x00, 0xff, 0x00, 0x00, 0x00, 0x00, 0x00, 0x00, 0x10, 0x00, 0x00
//     .byte 0xd2, 0x00, 0x3c, 0x00, 0x00, 0x00, 0x77, 0x02, 0x00, 0x00, 0xff, 0x00, 0x00, 0x00, 0x00, 0x00
//     .byte 0x00, 0x10, 0x00, 0x00, 0xd3, 0x00, 0x3c, 0x00, 0x00, 0x00, 0x78, 0x02, 0x00, 0x00, 0xff, 0x00
//     .byte 0x00, 0x00, 0x00, 0x00, 0x00, 0x10, 0x00, 0x00, 0xd4, 0x00, 0x3c, 0x00, 0x00, 0x00, 0x79, 0x02
//     .byte 0x00, 0x00, 0xff, 0x00, 0x00, 0x00, 0x00, 0x00, 0x00, 0x10, 0x00, 0x00, 0xd5, 0x00, 0x3c, 0x00
//     .byte 0x00, 0x00, 0x7a, 0x02, 0x00, 0x00, 0xff, 0x00, 0x00, 0x00, 0x00, 0x00, 0x00, 0x10, 0x00, 0x00
//     .byte 0xd6, 0x00, 0x3c, 0x00, 0x00, 0x00, 0x7b, 0x02, 0x00, 0x00, 0xff, 0x00, 0x00, 0x00, 0x00, 0x00
//     .byte 0x00, 0x10, 0x00, 0x00, 0xd7, 0x00, 0x3c, 0x00, 0x00, 0x00, 0x00, 0x00, 0x00, 0x00, 0xff, 0x00
//     .byte 0x00, 0x00, 0x00, 0x00, 0x00, 0x10, 0x00, 0x00, 0xd8, 0x00, 0x3c, 0x00, 0x00, 0x00, 0x6a, 0x02
//     .byte 0x1e, 0x00, 0xff, 0x00, 0x00, 0x00, 0x00, 0x00, 0x00, 0x10, 0x00, 0x00, 0xd9, 0x00, 0x3c, 0x00
//     .byte 0x00, 0x00, 0x32, 0x02, 0x00, 0x00, 0xff, 0x00, 0x00, 0x00, 0x00, 0x00, 0x00, 0x10, 0x00, 0x00
//     .byte 0xda, 0x00, 0x3c, 0x00, 0x00, 0x00, 0x70, 0x02, 0x00, 0x00, 0xff, 0x00, 0x00, 0x00, 0x00, 0x00
//     .byte 0x00, 0x10, 0x00, 0x00, 0xdb, 0x00, 0x3c, 0x00, 0x00, 0x00, 0x6d, 0x02, 0x00, 0x00, 0xff, 0x00
//     .byte 0x00, 0x00, 0x00, 0x00, 0x00, 0x10, 0x00, 0x00, 0xdc, 0x00, 0x3c, 0x00, 0x00, 0x00, 0x6e, 0x02
//     .byte 0x00, 0x00, 0xff, 0x00, 0x00, 0x00, 0x00, 0x00, 0x00, 0x10, 0x00, 0x00, 0xdd, 0x00, 0x3c, 0x00
//     .byte 0x00, 0x00, 0x6f, 0x02, 0x00, 0x00, 0xff, 0x00, 0x00, 0x00, 0x00, 0x00, 0x00, 0x10, 0x00, 0x00
//     .byte 0xde, 0x00, 0x3c, 0x00, 0x00, 0x00, 0x00, 0x00, 0x00, 0x00, 0xff, 0x00, 0x00, 0x00, 0x00, 0x00
//     .byte 0x00, 0x10, 0x00, 0x00, 0xdf, 0x00, 0x3c, 0x00, 0x00, 0x00, 0x8a, 0x02, 0x00, 0x00, 0xff, 0x00
//     .byte 0x00, 0x00, 0x00, 0x00, 0x00, 0x10, 0x00, 0x00, 0xe0, 0x00, 0x3c, 0x00, 0x00, 0x00, 0x00, 0x00
//     .byte 0x00, 0x00, 0xff, 0x00, 0x00, 0x00, 0x00, 0x00, 0x00, 0x10, 0x00, 0x00, 0xe1, 0x00, 0x3c, 0x00
//     .byte 0x00, 0x00, 0x00, 0x00, 0x00, 0x00, 0xff, 0x00, 0x00, 0x00, 0x00, 0x00, 0x00, 0x10, 0x00, 0x00
//     .byte 0xe2, 0x00, 0x3c, 0x00, 0x00, 0x00, 0x00, 0x00, 0x00, 0x00, 0xff, 0x00, 0x00, 0x00, 0x00, 0x00
//     .byte 0x00, 0x10, 0x00, 0x00, 0xe3, 0x00, 0x3c, 0x00, 0x00, 0x00, 0x8e, 0x02, 0x00, 0x00, 0xff, 0x00
//     .byte 0x00, 0x00, 0x00, 0x00, 0x00, 0x10, 0x00, 0x00, 0xe4, 0x00, 0x3c, 0x00, 0x00, 0x00, 0x8b, 0x02
//     .byte 0x00, 0x00, 0xff, 0x00, 0x00, 0x00, 0x00, 0x00, 0x00, 0x10, 0x00, 0x00, 0xe5, 0x00, 0x3c, 0x00
//     .byte 0x00, 0x00, 0x00, 0x00, 0x00, 0x00, 0xff, 0x00, 0x00, 0x00, 0x00, 0x00, 0x00, 0x10, 0x00, 0x00
//     .byte 0xe6, 0x00, 0x3c, 0x00, 0x00, 0x00, 0x00, 0x00, 0x00, 0x00, 0xff, 0x00, 0x00, 0x00, 0x00, 0x00
//     .byte 0x00, 0x10, 0x00, 0x00, 0xe7, 0x00, 0x3c, 0x00, 0x00, 0x00, 0x00, 0x00, 0x00, 0x00, 0xff, 0x00
//     .byte 0x00, 0x00, 0x00, 0x00, 0x00, 0x10, 0x00, 0x00, 0xe8, 0x00, 0x3c, 0x00, 0x00, 0x00, 0x00, 0x00
//     .byte 0x00, 0x00, 0xff, 0x00, 0x00, 0x00, 0x00, 0x00, 0x00, 0x10, 0x00, 0x00, 0xe9, 0x00, 0x3c, 0x00
//     .byte 0x00, 0x00, 0x00, 0x00, 0x00, 0x00, 0xff, 0x00, 0x00, 0x00, 0x00, 0x00, 0x00, 0x10, 0x00, 0x00
//     .byte 0xea, 0x00, 0x3c, 0x00, 0x00, 0x00, 0x8c, 0x02, 0x00, 0x00, 0xff, 0x00, 0x00, 0x00, 0x00, 0x00
//     .byte 0x00, 0x10, 0x00, 0x00, 0xeb, 0x00, 0x3c, 0x00, 0x00, 0x00, 0x00, 0x00, 0x00, 0x00, 0xff, 0x00
//     .byte 0x00, 0x00, 0x00, 0x00, 0x00, 0x10, 0x00, 0x00, 0xec, 0x00, 0x3c, 0x00, 0x00, 0x00, 0x8d, 0x02
//     .byte 0x00, 0x00, 0xff, 0x00, 0x00, 0x00, 0x00, 0x00, 0x00, 0x10, 0x00, 0x00, 0xed, 0x00, 0x3c, 0x00
//     .byte 0x00, 0x00, 0x00, 0x00, 0x00, 0x00, 0xff, 0x00, 0x00, 0x00, 0x00, 0x00, 0x00, 0x10, 0x00, 0x00
//     .byte 0xee, 0x00, 0x3c, 0x00, 0x00, 0x00, 0x00, 0x00, 0x00, 0x00, 0xff, 0x00, 0x00, 0x00, 0x00, 0x00
//     .byte 0x00, 0x10, 0x00, 0x00, 0xef, 0x00, 0x3c, 0x00, 0x00, 0x00, 0x00, 0x00, 0x00, 0x00, 0xff, 0x00
//     .byte 0x00, 0x00, 0x00, 0x00, 0x00, 0x10, 0x00, 0x00, 0xf0, 0x00, 0x3c, 0x00, 0x00, 0x00, 0x00, 0x00
//     .byte 0x00, 0x00, 0xff, 0x00, 0x00, 0x00, 0x00, 0x00, 0x00, 0x10, 0x00, 0x00, 0xf1, 0x00, 0x3c, 0x00
//     .byte 0x00, 0x00, 0x34, 0x02, 0x00, 0x00, 0xff, 0x00, 0x00, 0x00, 0x00, 0x00, 0x00, 0x10, 0x00, 0x00
//     .byte 0x2d, 0x01, 0x0c, 0x00, 0x00, 0x00, 0x9a, 0x01, 0x00, 0x00, 0xff, 0x00, 0x00, 0x00, 0x08, 0x02
//     .byte 0x00, 0x10, 0x00, 0x00, 0x2e, 0x01, 0x0c, 0x00, 0x00, 0x00, 0x9b, 0x01, 0x00, 0x00, 0xff, 0x00
//     .byte 0x00, 0x00, 0x08, 0x02, 0x00, 0x10, 0x00, 0x00, 0x2f, 0x01, 0x08, 0x00, 0x00, 0x00, 0x9c, 0x01
//     .byte 0x00, 0x00, 0xff, 0x00, 0x00, 0x00, 0x10, 0x00, 0x00, 0x10, 0x00, 0x00, 0x30, 0x01, 0x06, 0x00
//     .byte 0x00, 0x00, 0x9d, 0x01, 0x00, 0x00, 0xff, 0x00
//     .word data_02100000
//     .byte 0x00, 0x10, 0x00, 0x00
//     .byte 0x31, 0x01, 0x08, 0x00, 0x00, 0x00, 0x9e, 0x01, 0x00, 0x00, 0xff, 0x00
//     .word data_02100000
//     .byte 0x00, 0x10, 0x00, 0x00, 0x32, 0x01, 0x08, 0x00, 0x00, 0x00, 0x9f, 0x01, 0x00, 0x00, 0xff, 0x00
//     .word data_02100000
//     .byte 0x00, 0x10, 0x00, 0x00, 0x33, 0x01, 0x08, 0x00, 0x00, 0x00, 0xa0, 0x01
//     .byte 0x00, 0x00, 0xff, 0x00
//     .word data_02100000
//     .byte 0x00, 0x10, 0x00, 0x00, 0x34, 0x01, 0x0a, 0x00
//     .byte 0x00, 0x00, 0xa1, 0x01, 0x00, 0x00, 0xff, 0x00, 0x00, 0x00, 0x08, 0x00, 0x00, 0x10, 0x00, 0x00
//     .byte 0x35, 0x01, 0x0a, 0x00, 0x00, 0x00, 0xa2, 0x01, 0x00, 0x00, 0xff, 0x00, 0x00, 0x00, 0x10, 0x00
//     .byte 0x00, 0x10, 0x00, 0x00, 0x36, 0x01, 0x06, 0x00, 0x00, 0x00, 0xa3, 0x01, 0x00, 0x00, 0xff, 0x00
//     .word data_02100000
//     .byte 0x00, 0x10, 0x00, 0x00, 0x37, 0x01, 0x0a, 0x00, 0x00, 0x00, 0xa4, 0x01
//     .byte 0x00, 0x00, 0xff, 0x00, 0x00, 0x00, 0x10, 0x00, 0x00, 0x10, 0x00, 0x00, 0x38, 0x01, 0x12, 0x00
//     .byte 0x00, 0x00, 0xa5, 0x01, 0x00, 0x00, 0xff, 0x00, 0x00, 0x00, 0x10, 0x00, 0x00, 0x10, 0x00, 0x00
//     .byte 0x39, 0x01, 0x0c, 0x00, 0x00, 0x00, 0xa6, 0x01, 0x00, 0x00, 0xff, 0x00, 0x00, 0x00, 0x08, 0x02
//     .byte 0x00, 0x10, 0x00, 0x00, 0x3a, 0x01, 0x08, 0x00, 0x00, 0x00, 0xa7, 0x01, 0x00, 0x00, 0xff, 0x00
//     .byte 0x00, 0x00, 0x08, 0x02, 0x00, 0x10, 0x00, 0x00, 0x3b, 0x01, 0x08, 0x00, 0x00, 0x00, 0xa8, 0x01
//     .byte 0x00, 0x00, 0xff, 0x00
//     .word data_02100000
//     .byte 0x00, 0x10, 0x00, 0x00, 0x3c, 0x01, 0x0a, 0x00
//     .byte 0x00, 0x00, 0xa9, 0x01, 0x00, 0x00, 0xff, 0x00, 0x00, 0x00, 0x10, 0x00, 0x00, 0x10, 0x00, 0x00
//     .byte 0x3d, 0x01, 0x08, 0x00, 0x00, 0x00, 0xaa, 0x01, 0x00, 0x00, 0xff, 0x00, 0x00, 0x00, 0x10, 0x00
//     .byte 0x00, 0x10, 0x00, 0x00, 0x3e, 0x01, 0x08, 0x00, 0x00, 0x00, 0xab, 0x01, 0x00, 0x00, 0xff, 0x00
//     .byte 0x00, 0x00, 0x08, 0x02, 0x00, 0x10, 0x00, 0x00, 0x3f, 0x01, 0x0e, 0x00, 0x00, 0x00, 0xac, 0x01
//     .byte 0x00, 0x00, 0xff, 0x00, 0x00, 0x00, 0x18, 0x00, 0x00, 0x10, 0x00, 0x00, 0x40, 0x01, 0x08, 0x00
//     .byte 0x00, 0x00, 0xad, 0x01, 0x00, 0x00, 0xff, 0x00, 0x00, 0x00, 0x10, 0x00, 0x00, 0x10, 0x00, 0x00
//     .byte 0x41, 0x01, 0x0c, 0x00, 0x00, 0x00, 0xae, 0x01, 0x00, 0x00, 0xff, 0x00
//     .word data_02100000
//     .byte 0x00, 0x10, 0x00, 0x00, 0x42, 0x01, 0x10, 0x00, 0x00, 0x00, 0xaf, 0x01, 0x00, 0x00, 0xff, 0x00
//     .word data_02100000
//     .byte 0x00, 0x10, 0x00, 0x00, 0x43, 0x01, 0x0c, 0x00, 0x00, 0x00, 0xb0, 0x01
//     .byte 0x00, 0x00, 0xff, 0x00, 0x00, 0x00, 0x08, 0x04, 0x00, 0x10, 0x00, 0x00, 0x44, 0x01, 0x0e, 0x00
//     .byte 0x00, 0x00, 0xb1, 0x01, 0x00, 0x00, 0xff, 0x00
//     .word data_02100000
//     .byte 0x00, 0x10, 0x00, 0x00
//     .byte 0x45, 0x01, 0x08, 0x00, 0x00, 0x00, 0xb2, 0x01, 0x00, 0x00, 0xff, 0x00
//     .word data_02100000
//     .byte 0x00, 0x10, 0x00, 0x00, 0x46, 0x01, 0x0c, 0x00, 0x00, 0x00, 0xb3, 0x01, 0x00, 0x00, 0xff, 0x00
//     .word data_02100000
//     .byte 0x00, 0x10, 0x00, 0x00, 0x47, 0x01, 0x08, 0x00, 0x00, 0x00, 0xb4, 0x01
//     .byte 0x00, 0x00, 0xff, 0x00
//     .word data_02100000
//     .byte 0x00, 0x10, 0x00, 0x00, 0x48, 0x01, 0x0c, 0x00
//     .byte 0x00, 0x00, 0xb5, 0x01, 0x00, 0x00, 0xff, 0x00
//     .word data_02100000
//     .byte 0x00, 0x10, 0x00, 0x00
//     .byte 0x49, 0x01, 0x0a, 0x00, 0x00, 0x00, 0xb6, 0x01, 0x00, 0x00, 0xff, 0x00, 0x00, 0x00, 0x08, 0x02
//     .byte 0x00, 0x10, 0x00, 0x00, 0x4a, 0x01, 0x0a, 0x00, 0x00, 0x00, 0xb7, 0x01, 0x00, 0x00, 0xff, 0x00
//     .byte 0x00, 0x00, 0x08, 0x02, 0x00, 0x10, 0x00, 0x00, 0x4b, 0x01, 0x0a, 0x00, 0x00, 0x00, 0xb8, 0x01
//     .byte 0x00, 0x00, 0xff, 0x00
//     .word data_02100000
//     .byte 0x00, 0x10, 0x00, 0x00, 0x4c, 0x01, 0x0a, 0x00
//     .byte 0x00, 0x00, 0xb9, 0x01, 0x00, 0x00, 0xff, 0x00, 0x00, 0x00, 0x08, 0x02, 0x00, 0x10, 0x00, 0x00
//     .byte 0x4d, 0x01, 0x0a, 0x00, 0x00, 0x00, 0xba, 0x01, 0x00, 0x00, 0xff, 0x00
//     .word data_02100000
//     .byte 0x00, 0x10, 0x00, 0x00, 0x4e, 0x01, 0x0c, 0x00, 0x00, 0x00, 0xbb, 0x01, 0x00, 0x00, 0xff, 0x00
//     .word data_02100000
//     .byte 0x00, 0x10, 0x00, 0x00, 0x4f, 0x01, 0x0a, 0x00, 0x00, 0x00, 0xbc, 0x01
//     .byte 0x00, 0x00, 0xff, 0x00, 0x00, 0x00, 0x08, 0x02, 0x00, 0x10, 0x00, 0x00, 0x50, 0x01, 0x0a, 0x00
//     .byte 0x00, 0x00, 0xbd, 0x01, 0x00, 0x00, 0xff, 0x00
//     .word data_02100000
//     .byte 0x00, 0x10, 0x00, 0x00
//     .byte 0x51, 0x01, 0x0c, 0x00, 0x00, 0x00, 0xbe, 0x01, 0x00, 0x00, 0xff, 0x00
//     .word data_02100000
//     .byte 0x00, 0x10, 0x00, 0x00, 0x52, 0x01, 0x0c, 0x00, 0x00, 0x00, 0xbf, 0x01, 0x00, 0x00, 0xff, 0x00
//     .word data_02100000
//     .byte 0x00, 0x10, 0x00, 0x00, 0x53, 0x01, 0x08, 0x00, 0x00, 0x00, 0xc0, 0x01
//     .byte 0x10, 0x00, 0xff, 0x00
//     .word data_02100000
//     .byte 0x00, 0x10, 0x00, 0x00, 0x54, 0x01, 0x0a, 0x00
//     .byte 0x00, 0x00, 0xc1, 0x01, 0x12, 0x00, 0xff, 0x00, 0x00, 0x00, 0x08, 0x01, 0x00, 0x10, 0x00, 0x00
//     .byte 0x55, 0x01, 0x08, 0x00, 0x00, 0x00, 0xc2, 0x01, 0x00, 0x00, 0xff, 0x00
//     .word data_02100000
//     .byte 0x00, 0x10, 0x00, 0x00, 0x56, 0x01, 0x08, 0x00, 0x00, 0x00, 0xc3, 0x01, 0x00, 0x00, 0xff, 0x00
//     .word data_02100000
//     .byte 0x00, 0x10, 0x00, 0x00, 0x57, 0x01, 0x06, 0x00, 0x00, 0x00, 0xc4, 0x01
//     .byte 0x00, 0x00, 0xff, 0x00
//     .word data_02100000
//     .byte 0x00, 0x10, 0x00, 0x00, 0x58, 0x01, 0x3c, 0x00
//     .byte 0x00, 0x00, 0x00, 0x00, 0x00, 0x00, 0xff, 0x00, 0x00, 0x00, 0x00, 0x00, 0x00, 0x10, 0x00, 0x00
//     .byte 0x59, 0x01, 0x08, 0x00, 0x00, 0x00, 0xc6, 0x01, 0x00, 0x00, 0xff, 0x00
//     .word data_02100000
//     .byte 0x00, 0x10, 0x00, 0x00, 0x91, 0x01, 0x24, 0x00, 0x00, 0x00, 0x19, 0x02, 0x0c, 0x00, 0x97, 0x00
//     .byte 0x00, 0x00, 0x10, 0x00, 0x00, 0x10, 0x00, 0x00, 0x92, 0x01, 0x28, 0x00, 0x00, 0x00, 0x6a, 0x01
//     .byte 0x00, 0x03, 0xff, 0x00, 0x04, 0x00, 0x00, 0x00, 0x00, 0x10, 0x00, 0x00, 0x93, 0x01, 0x82, 0x00
//     .byte 0x00, 0x00, 0x68, 0x01, 0x00, 0x00, 0xff, 0x00, 0x00, 0x00, 0x00, 0x00, 0x00, 0x10, 0x00, 0x00
//     .byte 0x94, 0x01, 0x3c, 0x00, 0x00, 0x00, 0x03, 0x02, 0x00, 0x00, 0xff, 0x00, 0x00, 0x00, 0x00, 0x00
//     .byte 0x00, 0x10, 0x00, 0x00, 0x95, 0x01, 0x3c, 0x00
//     .word data_02090000
//     .byte 0x00, 0x00, 0xff, 0x00
//     .byte 0x00, 0x00, 0x00, 0x00, 0x00, 0x10, 0x00, 0x00, 0x96, 0x01, 0x3c, 0x00
//     .word data_ov016_02180000
//     .byte 0x00, 0x00, 0xff, 0x00, 0x00, 0x00, 0x00, 0x00, 0x00, 0x10, 0x00, 0x00, 0x97, 0x01, 0x3c, 0x00
//     .byte 0x00, 0x00, 0x03, 0x02, 0x00, 0x00, 0xff, 0x00, 0x00, 0x00, 0x00, 0x00, 0x00, 0x10, 0x00, 0x00
//     .byte 0x98, 0x01, 0x3c, 0x00
//     .word data_020c0000
//     .byte 0x00, 0x00, 0xff, 0x00, 0x00, 0x00, 0x00, 0x00
//     .byte 0x00, 0x10, 0x00, 0x00, 0x99, 0x01, 0x3c, 0x00, 0x00, 0x00, 0x19, 0x02, 0x00, 0x00, 0xff, 0x00
//     .byte 0x00, 0x00, 0x00, 0x00, 0x00, 0x10, 0x00, 0x00, 0x9a, 0x01, 0x3c, 0x00, 0x00, 0x00, 0x05, 0x02
//     .byte 0x00, 0x00, 0xff, 0x00, 0x00, 0x00, 0x00, 0x00, 0x00, 0x10, 0x00, 0x00, 0x9b, 0x01, 0x3c, 0x00
//     .byte 0x00, 0x00, 0xf5, 0x01, 0x00, 0x00, 0xff, 0x00, 0x00, 0x00, 0x00, 0x00, 0x00, 0x10, 0x00, 0x00
//     .byte 0x9c, 0x01, 0x3c, 0x00, 0x00, 0x00, 0x32, 0x02, 0x00, 0x00, 0xff, 0x00, 0x00, 0x00, 0x00, 0x00
//     .byte 0x00, 0x10, 0x00, 0x00, 0x9d, 0x01, 0x3c, 0x00, 0x00, 0x00, 0x00, 0x00, 0x00, 0x00, 0xff, 0x00
//     .byte 0x00, 0x00, 0x00, 0x00, 0x00, 0x10, 0x00, 0x00, 0x9e, 0x01, 0x3c, 0x00, 0x00, 0x00, 0x02, 0x02
//     .byte 0x00, 0x00, 0xff, 0x00, 0x00, 0x00, 0x00, 0x00, 0x00, 0x10, 0x00, 0x00, 0x9f, 0x01, 0x3c, 0x00
//     .word data_ov003_02150000
//     .byte 0x00, 0x00, 0xff, 0x00, 0x00, 0x00, 0x00, 0x00, 0x00, 0x10, 0x00, 0x00
//     .byte 0xa0, 0x01, 0x0c, 0x00, 0x00, 0x00, 0x00, 0x00, 0x00, 0x00, 0xff, 0x00, 0x00, 0x00, 0x10, 0x00
//     .byte 0x00, 0x10, 0x00, 0x00, 0xa1, 0x01, 0x19, 0x00, 0x00, 0x00, 0x00, 0x00, 0x00, 0x00, 0x69, 0x00
//     .byte 0x00, 0x00, 0x00, 0x00, 0x00, 0x10, 0x00, 0x00, 0xf5, 0x01, 0x26, 0x00, 0x00, 0x00, 0xf7, 0x01
//     .byte 0x0c, 0x00, 0x73, 0x00, 0x00, 0x00, 0x18, 0x00, 0x00, 0x10, 0x00, 0x00, 0xf6, 0x01, 0x10, 0x00
//     .byte 0x00, 0x00, 0xeb, 0x01, 0x00, 0x00, 0x77, 0x00, 0x00, 0x00, 0x00, 0x00, 0x00, 0x10, 0x00, 0x00
//     .byte 0xf7, 0x01, 0x1c, 0x00
//     .word data_ov003_02150000
//     .byte 0x0c, 0x00, 0x7f, 0x00, 0x00, 0x00, 0x18, 0x00
//     .byte 0x00, 0x10, 0x00, 0x00, 0xf8, 0x01, 0x18, 0x00, 0x00, 0x00, 0xea, 0x01, 0x00, 0xa0, 0x61, 0x00
//     .byte 0x00, 0x00, 0x00, 0x00, 0x00, 0x10, 0x00, 0x00, 0xf9, 0x01, 0x12, 0x00, 0x00, 0x00, 0xf8, 0x01
//     .byte 0x00, 0x00, 0x8b, 0x00, 0x00, 0x00, 0x00, 0x00, 0x00, 0x10, 0x00, 0x00, 0xfa, 0x01, 0x28, 0x00
//     .byte 0x00, 0x00, 0x1a, 0x02, 0x10, 0x00, 0x83, 0x00
//     .word data_02100000
//     .byte 0x00, 0x10, 0x00, 0x00
//     .byte 0xfb, 0x01, 0x24, 0x00
//     .word data_02120000
//     .byte 0x00, 0x00, 0x7b, 0x00, 0x00, 0x00, 0x18, 0x00
//     .byte 0x00, 0x10, 0x00, 0x00, 0xfc, 0x01, 0x14, 0x00, 0x00, 0x00, 0xec, 0x01, 0x00, 0x00, 0x6f, 0x00
//     .byte 0x00, 0x00, 0x00, 0x00, 0x00, 0x10, 0x00, 0x00, 0xfd, 0x01, 0x12, 0x00, 0x00, 0x00, 0x20, 0x02
//     .byte 0x00, 0x00, 0x87, 0x00, 0x00, 0x00, 0x00, 0x00, 0x00, 0x10, 0x00, 0x00, 0x59, 0x02, 0x10, 0x00
//     .byte 0x00, 0x00, 0x8a, 0x02, 0x0e, 0x00, 0xff, 0x00
//     .word data_02100000
//     .byte 0x00, 0x10, 0x00, 0x00
//     .byte 0x5a, 0x02, 0x3c, 0x00, 0x00, 0x00, 0x70, 0x02, 0x00, 0x00, 0xff, 0x00, 0x00, 0x00, 0x00, 0x00
//     .byte 0x00, 0x10, 0x00, 0x00, 0x5b, 0x02, 0x1e, 0x00, 0x00, 0x00, 0x54, 0x04, 0x00, 0x12, 0xff, 0x00
//     .byte 0x00, 0x00, 0x00, 0x00, 0x00, 0x10, 0x00, 0x00, 0x5c, 0x02, 0x5a, 0x00, 0x00, 0x00, 0xd7, 0x01
//     .byte 0x00, 0x13, 0xff, 0x00, 0x13, 0x00, 0x00, 0x00, 0x00, 0x10, 0x00, 0x00, 0x5d, 0x02, 0x0c, 0x00
//     .byte 0x00, 0x00, 0xd6, 0x01, 0x00, 0x96, 0x65, 0x00, 0x00, 0x00, 0x00, 0x00, 0x00, 0x10, 0x00, 0x00
//     .byte 0x5e, 0x02, 0x3c, 0x00, 0x00, 0x00, 0xd9, 0x01, 0x00, 0x00, 0xff, 0x00, 0x00, 0x00, 0x00, 0x00
//     .byte 0x00, 0x10, 0x00, 0x00, 0x5f, 0x02, 0x3c, 0x00, 0x00, 0x00, 0x68, 0x01, 0x00, 0x00, 0xff, 0x00
//     .byte 0x00, 0x00, 0x00, 0x00, 0x00, 0x10, 0x00, 0x00, 0x60, 0x02, 0x0c, 0x00, 0x00, 0x00, 0xda, 0x01
//     .byte 0x00, 0x00, 0x8f, 0x00, 0x00, 0x00, 0x00, 0x00, 0x00, 0x10, 0x00, 0x00, 0x61, 0x02, 0x28, 0x00
//     .byte 0x00, 0x00, 0xdb, 0x01, 0x00, 0x95, 0xff, 0x00, 0x00, 0x00, 0x00, 0x00, 0x00, 0x10, 0x00, 0x00
//     .byte 0x62, 0x02, 0x28, 0x00, 0x00, 0x00, 0xdc, 0x01, 0x00, 0x00, 0xff, 0x00, 0x00, 0x00, 0x00, 0x00
//     .byte 0x00, 0x10, 0x00, 0x00, 0x63, 0x02, 0x32, 0x00, 0x00, 0x00, 0xd8, 0x01, 0x00, 0x00, 0xff, 0x00
//     .byte 0x00, 0x00, 0x00, 0x00, 0x00, 0x10, 0x00, 0x00, 0x64, 0x02, 0x3c, 0x00, 0x00, 0x00, 0xf8, 0x01
//     .byte 0x00, 0x00, 0xff, 0x00, 0x00, 0x00, 0x00, 0x00, 0x00, 0x10, 0x00, 0x00, 0xbd, 0x02, 0x18, 0x00
//     .byte 0x00, 0x00, 0xca, 0x01, 0x00, 0x00, 0xff, 0x00, 0x00, 0x00, 0x08, 0x02, 0x00, 0x10, 0x00, 0x00
//     .byte 0xbe, 0x02, 0x3c, 0x00, 0x00, 0x00, 0xc8, 0x01, 0x00, 0x00, 0xff, 0x00, 0x00, 0x00, 0x00, 0x00
//     .byte 0x00, 0x10, 0x00, 0x00, 0xbf, 0x02, 0x18, 0x00, 0x00, 0x00, 0xc7, 0x01, 0x00, 0x00, 0xff, 0x00
//     .byte 0x00, 0x00, 0x08, 0x02, 0x00, 0x10, 0x00, 0x00, 0xc0, 0x02, 0x3c, 0x00, 0x00, 0x00, 0xcc, 0x01
//     .byte 0x00, 0x00, 0xff, 0x00, 0x00, 0x00, 0x00, 0x00, 0x00, 0x10, 0x00, 0x00, 0xc1, 0x02, 0x3c, 0x00
//     .byte 0x00, 0x00, 0x00, 0x00, 0x00, 0x00, 0xff, 0x00, 0x00, 0x00, 0x00, 0x00, 0x00, 0x10, 0x00, 0x00
//     .byte 0xc2, 0x02, 0x3c, 0x00, 0x00, 0x00, 0x00, 0x00, 0x00, 0x00, 0xff, 0x00, 0x00, 0x00, 0x00, 0x00
//     .byte 0x00, 0x10, 0x00, 0x00, 0xc3, 0x02, 0x3c, 0x00, 0x00, 0x00, 0xce, 0x01, 0x00, 0x00, 0xff, 0x00
//     .byte 0x00, 0x00, 0x00, 0x00, 0x00, 0x10, 0x00, 0x00, 0xc4, 0x02, 0x3c, 0x00, 0x00, 0x00, 0x81, 0x02
//     .byte 0x00, 0x00, 0xff, 0x00, 0x00, 0x00, 0x00, 0x00, 0x00, 0x10, 0x00, 0x00, 0x21, 0x03, 0x3c, 0x00
//     .byte 0x00, 0x00, 0x00, 0x00, 0x00, 0x00, 0xff, 0x00, 0x00, 0x00, 0x00, 0x00, 0x00, 0x10, 0x00, 0x00
//     .byte 0x22, 0x03, 0x0a, 0x00, 0x00, 0x00, 0xe0, 0x01, 0x00, 0x00, 0xff, 0x00, 0x00, 0x00, 0x18, 0x00
//     .byte 0x00, 0x10, 0x00, 0x00, 0x23, 0x03, 0x3c, 0x00, 0x00, 0x00, 0x00, 0x00, 0x00, 0x00, 0xff, 0x00
//     .byte 0x00, 0x00, 0x00, 0x00, 0x00, 0x10, 0x00, 0x00, 0x24, 0x03, 0x3c, 0x00, 0x00, 0x00, 0x00, 0x00
//     .byte 0x00, 0x00, 0xff, 0x00, 0x00, 0x00, 0x00, 0x00, 0x00, 0x10, 0x00, 0x00, 0x25, 0x03, 0x3c, 0x00
//     .byte 0x00, 0x00, 0x00, 0x00, 0x00, 0x00, 0xff, 0x00, 0x00, 0x00, 0x00, 0x00, 0x00, 0x10, 0x00, 0x00
//     .byte 0x26, 0x03, 0x10, 0x00, 0x00, 0x00, 0xe1, 0x01, 0x00, 0x00, 0xff, 0x00, 0x00, 0x00, 0x08, 0x02
//     .byte 0x00, 0x10, 0x00, 0x00, 0x27, 0x03, 0x28, 0x00, 0x00, 0x00, 0xe2, 0x01, 0x00, 0x9b, 0xff, 0x00
//     .byte 0x00, 0x00, 0x00, 0x00, 0xa4, 0x00, 0x01, 0x00

//"battleMapData" data_ov003_02130e9c: 
//     .byte 0x05, 0x0a, 0x0c, 0x62, 0x74, 0x6c, 0x5f, 0x70, 0x6c, 0x5f, 0x64, 0x00, 0x00, 0x00, 0x00, 0x00
//     .byte 0x1d, 0x11, 0x09, 0x62, 0x74, 0x6c, 0x5f, 0x70, 0x6c, 0x5f, 0x65, 0x00, 0x00, 0x00, 0x00, 0x00
//     .byte 0x01, 0x05, 0x09, 0x62, 0x74, 0x6c, 0x5f, 0x70, 0x6c, 0x5f, 0x6e, 0x00, 0x00, 0x00, 0x00, 0x00
//     .byte 0x11, 0x05, 0x14, 0x62, 0x74, 0x6c, 0x5f, 0x70, 0x6c, 0x5f, 0x64, 0x6b, 0x00, 0x00, 0x00, 0x00
//     .byte 0x0d, 0x11, 0x19, 0x62, 0x74, 0x6c, 0x5f, 0x73, 0x64, 0x5f, 0x64, 0x00, 0x00, 0x00, 0x00, 0x00
//     .byte 0x0f, 0x0b, 0x09, 0x62, 0x74, 0x6c, 0x5f, 0x73, 0x64, 0x5f, 0x65, 0x00, 0x00, 0x00, 0x00, 0x00
//     .byte 0x02, 0x06, 0x11, 0x62, 0x74, 0x6c, 0x5f, 0x73, 0x64, 0x5f, 0x6e, 0x00, 0x00, 0x00, 0x00, 0x00
//     .byte 0x05, 0x0a, 0x0c, 0x62, 0x74, 0x6c, 0x5f, 0x6d, 0x74, 0x5f, 0x64, 0x00, 0x00, 0x00, 0x00, 0x00
//     .byte 0x1f, 0x10, 0x0b, 0x62, 0x74, 0x6c, 0x5f, 0x6d, 0x74, 0x5f, 0x65, 0x00, 0x00, 0x00, 0x00, 0x00
//     .byte 0x04, 0x05, 0x0a, 0x62, 0x74, 0x6c, 0x5f, 0x6d, 0x74, 0x5f, 0x6e, 0x00, 0x00, 0x00, 0x00, 0x00
//     .byte 0x05, 0x0a, 0x0c, 0x62, 0x74, 0x6c, 0x5f, 0x73, 0x65, 0x5f, 0x64, 0x00, 0x00, 0x00, 0x00, 0x00
//     .byte 0x1f, 0x0e, 0x07, 0x62, 0x74, 0x6c, 0x5f, 0x73, 0x65, 0x5f, 0x65, 0x00, 0x00, 0x00, 0x00, 0x00
//     .byte 0x02, 0x04, 0x0c, 0x62, 0x74, 0x6c, 0x5f, 0x73, 0x65, 0x5f, 0x6e, 0x00, 0x00, 0x00, 0x00, 0x00
//     .byte 0x09, 0x0b, 0x0b, 0x62, 0x74, 0x6c, 0x5f, 0x70, 0x6f, 0x5f, 0x64, 0x00, 0x00, 0x00, 0x00, 0x00
//     .byte 0x0f, 0x0a, 0x09, 0x62, 0x74, 0x6c, 0x5f, 0x70, 0x6f, 0x5f, 0x65, 0x00, 0x00, 0x00, 0x00, 0x00
//     .byte 0x04, 0x03, 0x04, 0x62, 0x74, 0x6c, 0x5f, 0x70, 0x6f, 0x5f, 0x6e, 0x00, 0x00, 0x00, 0x00, 0x00
//     .byte 0x0c, 0x04, 0x0e, 0x62, 0x74, 0x6c, 0x5f, 0x70, 0x6f, 0x5f, 0x64, 0x6b, 0x00, 0x00, 0x00, 0x00
//     .byte 0x02, 0x0a, 0x04, 0x62, 0x74, 0x6c, 0x5f, 0x77, 0x64, 0x5f, 0x64, 0x00, 0x00, 0x00, 0x00, 0x00
//     .byte 0x0a, 0x08, 0x02, 0x62, 0x74, 0x6c, 0x5f, 0x77, 0x64, 0x5f, 0x65, 0x00, 0x00, 0x00, 0x00, 0x00
//     .byte 0x01, 0x07, 0x04, 0x62, 0x74, 0x6c, 0x5f, 0x77, 0x64, 0x5f, 0x6e, 0x00, 0x00, 0x00, 0x00, 0x00
//     .byte 0x0b, 0x03, 0x0c, 0x62, 0x74, 0x6c, 0x5f, 0x77, 0x64, 0x5f, 0x64, 0x6b, 0x00, 0x00, 0x00, 0x00
//     .byte 0x05, 0x0a, 0x0c, 0x62, 0x74, 0x6c, 0x64, 0x6f, 0x75, 0x67, 0x75, 0x5f, 0x64, 0x00, 0x00, 0x00
//     .byte 0x1d, 0x11, 0x09, 0x62, 0x74, 0x6c, 0x64, 0x6f, 0x75, 0x67, 0x75, 0x5f, 0x65, 0x00, 0x00, 0x00
//     .byte 0x01, 0x05, 0x09, 0x62, 0x74, 0x6c, 0x64, 0x6f, 0x75, 0x67, 0x75, 0x5f, 0x6e, 0x00, 0x00, 0x00
//     .byte 0x05, 0x0a, 0x0c, 0x62, 0x74, 0x6c, 0x79, 0x61, 0x64, 0x6f, 0x5f, 0x64, 0x00, 0x00, 0x00, 0x00
//     .byte 0x1d, 0x11, 0x09, 0x62, 0x74, 0x6c, 0x79, 0x61, 0x64, 0x6f, 0x5f, 0x65, 0x00, 0x00, 0x00, 0x00
//     .byte 0x01, 0x05, 0x09, 0x62, 0x74, 0x6c, 0x79, 0x61, 0x64, 0x6f, 0x5f, 0x6e, 0x00, 0x00, 0x00, 0x00
//     .byte 0x07, 0x05, 0x03, 0x62, 0x74, 0x6c, 0x64, 0x61, 0x31, 0x00, 0x00, 0x00, 0x00, 0x00, 0x00, 0x00
//     .byte 0x01, 0x03, 0x04, 0x62, 0x74, 0x6c, 0x64, 0x62, 0x31, 0x00, 0x00, 0x00, 0x00, 0x00, 0x00, 0x00
//     .byte 0x05, 0x04, 0x02, 0x62, 0x74, 0x6c, 0x64, 0x63, 0x31, 0x00, 0x00, 0x00, 0x00, 0x00, 0x00, 0x00
//     .byte 0x05, 0x07, 0x06, 0x62, 0x74, 0x6c, 0x64, 0x63, 0x32, 0x00, 0x00, 0x00, 0x00, 0x00, 0x00, 0x00
//     .byte 0x02, 0x08, 0x07, 0x62, 0x74, 0x6c, 0x64, 0x64, 0x31, 0x00, 0x00, 0x00, 0x00, 0x00, 0x00, 0x00
//     .byte 0x00, 0x0b, 0x0c, 0x62, 0x74, 0x6c, 0x64, 0x65, 0x31, 0x00, 0x00, 0x00, 0x00, 0x00, 0x00, 0x00
//     .byte 0x09, 0x07, 0x04, 0x62, 0x74, 0x6c, 0x64, 0x67, 0x31, 0x00, 0x00, 0x00, 0x00, 0x00, 0x00, 0x00
//     .byte 0x03, 0x06, 0x04, 0x62, 0x74, 0x6c, 0x64, 0x68, 0x31, 0x00, 0x00, 0x00, 0x00, 0x00, 0x00, 0x00
//     .byte 0x00, 0x0b, 0x11, 0x62, 0x74, 0x6c, 0x64, 0x69, 0x31, 0x00, 0x00, 0x00, 0x00, 0x00, 0x00, 0x00
//     .byte 0x06, 0x05, 0x03, 0x62, 0x74, 0x6c, 0x64, 0x6a, 0x31, 0x00, 0x00, 0x00, 0x00, 0x00, 0x00, 0x00
//     .byte 0x01, 0x07, 0x09, 0x62, 0x74, 0x6c, 0x64, 0x6b, 0x31, 0x00, 0x00, 0x00, 0x00, 0x00, 0x00, 0x00
//     .byte 0x00, 0x08, 0x09, 0x62, 0x74, 0x6c, 0x64, 0x6c, 0x31, 0x00, 0x00, 0x00, 0x00, 0x00, 0x00, 0x00
//     .byte 0x02, 0x05, 0x06, 0x62, 0x74, 0x6c, 0x64, 0x6c, 0x32, 0x00, 0x00, 0x00, 0x00, 0x00, 0x00, 0x00
//     .byte 0x07, 0x07, 0x05, 0x62, 0x74, 0x6c, 0x64, 0x6d, 0x31, 0x00, 0x00, 0x00, 0x00, 0x00, 0x00, 0x00
//     .byte 0x03, 0x04, 0x04, 0x62, 0x74, 0x6c, 0x64, 0x6e, 0x31, 0x00, 0x00, 0x00, 0x00, 0x00, 0x00, 0x00
//     .byte 0x06, 0x04, 0x02, 0x62, 0x74, 0x6c, 0x64, 0x6f, 0x31, 0x00, 0x00, 0x00, 0x00, 0x00, 0x00, 0x00
//     .byte 0x06, 0x04, 0x02, 0x62, 0x74, 0x6c, 0x64, 0x70, 0x31, 0x00, 0x00, 0x00, 0x00, 0x00, 0x00, 0x00
//     .byte 0x05, 0x06, 0x06, 0x62, 0x74, 0x6c, 0x64, 0x70, 0x32, 0x00, 0x00, 0x00, 0x00, 0x00, 0x00, 0x00
//     .byte 0x00, 0x00, 0x00, 0x62, 0x74, 0x6c, 0x64, 0x70, 0x33, 0x00, 0x00, 0x00, 0x00, 0x00, 0x00, 0x00
//     .byte 0x07, 0x06, 0x03, 0x62, 0x74, 0x6c, 0x64, 0x70, 0x34, 0x00, 0x00, 0x00, 0x00, 0x00, 0x00, 0x00
//     .byte 0x05, 0x02, 0x00, 0x62, 0x74, 0x6c, 0x64, 0x70, 0x35, 0x5f, 0x64, 0x00, 0x00, 0x00, 0x00, 0x00
//     .byte 0x05, 0x02, 0x00, 0x62, 0x74, 0x6c, 0x64, 0x70, 0x35, 0x5f, 0x65, 0x00, 0x00, 0x00, 0x00, 0x00
//     .byte 0x05, 0x02, 0x00, 0x62, 0x74, 0x6c, 0x64, 0x70, 0x35, 0x5f, 0x6e, 0x00, 0x00, 0x00, 0x00, 0x00
//     .byte 0x06, 0x07, 0x07, 0x62, 0x74, 0x6c, 0x64, 0x70, 0x36, 0x00, 0x00, 0x00, 0x00, 0x00, 0x00, 0x00
//     .byte 0x00, 0x00, 0x00, 0x62, 0x74, 0x6c, 0x64, 0x70, 0x37, 0x00, 0x00, 0x00, 0x00, 0x00, 0x00, 0x00
//     .byte 0x0c, 0x0d, 0x0a, 0x62, 0x74, 0x6c, 0x64, 0x70, 0x38, 0x5f, 0x64, 0x00, 0x00, 0x00, 0x00, 0x00
//     .byte 0x0c, 0x0d, 0x0a, 0x62, 0x74, 0x6c, 0x64, 0x70, 0x38, 0x5f, 0x65, 0x00, 0x00, 0x00, 0x00, 0x00
//     .byte 0x0c, 0x0d, 0x0a, 0x62, 0x74, 0x6c, 0x64, 0x70, 0x38, 0x5f, 0x6e, 0x00, 0x00, 0x00, 0x00, 0x00
//     .byte 0x07, 0x04, 0x01, 0x62, 0x74, 0x6c, 0x64, 0x70, 0x39, 0x5f, 0x64, 0x00, 0x00, 0x00, 0x00, 0x00
//     .byte 0x07, 0x04, 0x01, 0x62, 0x74, 0x6c, 0x64, 0x70, 0x39, 0x5f, 0x65, 0x00, 0x00, 0x00, 0x00, 0x00
//     .byte 0x07, 0x04, 0x01, 0x62, 0x74, 0x6c, 0x64, 0x70, 0x39, 0x5f, 0x6e, 0x00, 0x00, 0x00, 0x00, 0x00
//     .byte 0x0b, 0x08, 0x13, 0x62, 0x74, 0x6c, 0x64, 0x70, 0x6f, 0x75, 0x31, 0x00, 0x00, 0x00, 0x00, 0x00
//     .byte 0x0b, 0x08, 0x13, 0x62, 0x74, 0x6c, 0x64, 0x70, 0x6f, 0x75, 0x32, 0x00, 0x00, 0x00, 0x00, 0x00
//     .byte 0x0b, 0x08, 0x13, 0x62, 0x74, 0x6c, 0x64, 0x70, 0x6f, 0x75, 0x33, 0x00, 0x00, 0x00, 0x00, 0x00
//     .byte 0x0b, 0x08, 0x13, 0x62, 0x74, 0x6c, 0x64, 0x70, 0x6f, 0x75, 0x34, 0x00, 0x00, 0x00, 0x00, 0x00
//     .byte 0x0b, 0x08, 0x13, 0x62, 0x74, 0x6c, 0x64, 0x70, 0x6f, 0x75, 0x35, 0x00, 0x00, 0x00, 0x00, 0x00
//     .byte 0x0b, 0x08, 0x13, 0x62, 0x74, 0x6c, 0x64, 0x70, 0x6f, 0x75, 0x36, 0x00, 0x00, 0x00, 0x00, 0x00
//     .byte 0x0b, 0x08, 0x13, 0x62, 0x74, 0x6c, 0x64, 0x70, 0x6f, 0x75, 0x37, 0x00, 0x00, 0x00, 0x00, 0x00
//     .byte 0x0b, 0x08, 0x13, 0x62, 0x74, 0x6c, 0x64, 0x70, 0x6f, 0x75, 0x38, 0x00, 0x00, 0x00, 0x00, 0x00
//     .byte 0x0b, 0x08, 0x13, 0x62, 0x74, 0x6c, 0x64, 0x70, 0x6f, 0x75, 0x39, 0x00, 0x00, 0x00, 0x00, 0x00
//     .byte 0x01, 0x06, 0x04, 0x62, 0x74, 0x6c, 0x74, 0x61, 0x31, 0x5f, 0x64, 0x00, 0x00, 0x00, 0x00, 0x00
//     .byte 0x05, 0x05, 0x03, 0x62, 0x74, 0x6c, 0x74, 0x61, 0x31, 0x5f, 0x65, 0x00, 0x00, 0x00, 0x00, 0x00
//     .byte 0x02, 0x03, 0x02, 0x62, 0x74, 0x6c, 0x74, 0x61, 0x31, 0x5f, 0x6e, 0x00, 0x00, 0x00, 0x00, 0x00
//     .byte 0x01, 0x04, 0x05, 0x62, 0x74, 0x6c, 0x74, 0x61, 0x32, 0x00, 0x00, 0x00, 0x00, 0x00, 0x00, 0x00
//     .byte 0x05, 0x09, 0x07, 0x62, 0x74, 0x6c, 0x74, 0x62, 0x31, 0x5f, 0x64, 0x00, 0x00, 0x00, 0x00, 0x00
//     .byte 0x06, 0x05, 0x05, 0x62, 0x74, 0x6c, 0x74, 0x62, 0x31, 0x5f, 0x65, 0x00, 0x00, 0x00, 0x00, 0x00
//     .byte 0x02, 0x04, 0x05, 0x62, 0x74, 0x6c, 0x74, 0x62, 0x31, 0x5f, 0x6e, 0x00, 0x00, 0x00, 0x00, 0x00
//     .byte 0x07, 0x07, 0x06, 0x62, 0x74, 0x6c, 0x74, 0x63, 0x31, 0x5f, 0x64, 0x00, 0x00, 0x00, 0x00, 0x00
//     .byte 0x0a, 0x07, 0x05, 0x62, 0x74, 0x6c, 0x74, 0x63, 0x31, 0x5f, 0x65, 0x00, 0x00, 0x00, 0x00, 0x00
//     .byte 0x06, 0x04, 0x04, 0x62, 0x74, 0x6c, 0x74, 0x63, 0x31, 0x5f, 0x6e, 0x00, 0x00, 0x00, 0x00, 0x00
//     .byte 0x06, 0x04, 0x04, 0x62, 0x74, 0x6c, 0x74, 0x63, 0x31, 0x5f, 0x64, 0x6b, 0x00, 0x00, 0x00, 0x00
//     .byte 0x0a, 0x03, 0x11, 0x62, 0x74, 0x6c, 0x74, 0x63, 0x32, 0x5f, 0x64, 0x00, 0x00, 0x00, 0x00, 0x00
//     .byte 0x0a, 0x03, 0x11, 0x62, 0x74, 0x6c, 0x74, 0x63, 0x32, 0x5f, 0x65, 0x00, 0x00, 0x00, 0x00, 0x00
//     .byte 0x0a, 0x03, 0x11, 0x62, 0x74, 0x6c, 0x74, 0x63, 0x32, 0x5f, 0x6e, 0x00, 0x00, 0x00, 0x00, 0x00
//     .byte 0x10, 0x0b, 0x04, 0x62, 0x74, 0x6c, 0x74, 0x64, 0x31, 0x5f, 0x64, 0x00, 0x00, 0x00, 0x00, 0x00
//     .byte 0x11, 0x0a, 0x05, 0x62, 0x74, 0x6c, 0x74, 0x64, 0x31, 0x5f, 0x65, 0x00, 0x00, 0x00, 0x00, 0x00
//     .byte 0x05, 0x06, 0x07, 0x62, 0x74, 0x6c, 0x74, 0x64, 0x31, 0x5f, 0x6e, 0x00, 0x00, 0x00, 0x00, 0x00
//     .byte 0x03, 0x12, 0x1e, 0x62, 0x74, 0x6c, 0x74, 0x64, 0x32, 0x5f, 0x64, 0x00, 0x00, 0x00, 0x00, 0x00
//     .byte 0x1f, 0x10, 0x05, 0x62, 0x74, 0x6c, 0x74, 0x64, 0x32, 0x5f, 0x65, 0x00, 0x00, 0x00, 0x00, 0x00
//     .byte 0x02, 0x0a, 0x19, 0x62, 0x74, 0x6c, 0x74, 0x64, 0x32, 0x5f, 0x6e, 0x00, 0x00, 0x00, 0x00, 0x00
//     .byte 0x02, 0x06, 0x08, 0x62, 0x74, 0x6c, 0x74, 0x65, 0x31, 0x5f, 0x64, 0x00, 0x00, 0x00, 0x00, 0x00
//     .byte 0x05, 0x05, 0x07, 0x62, 0x74, 0x6c, 0x74, 0x65, 0x31, 0x5f, 0x65, 0x00, 0x00, 0x00, 0x00, 0x00
//     .byte 0x02, 0x06, 0x0a, 0x62, 0x74, 0x6c, 0x74, 0x65, 0x31, 0x5f, 0x6e, 0x00, 0x00, 0x00, 0x00, 0x00
//     .byte 0x02, 0x0a, 0x0c, 0x62, 0x74, 0x6c, 0x73, 0x6a, 0x31, 0x5f, 0x64, 0x00, 0x00, 0x00, 0x00, 0x00
//     .byte 0x0a, 0x06, 0x03, 0x62, 0x74, 0x6c, 0x73, 0x6a, 0x31, 0x5f, 0x65, 0x00, 0x00, 0x00, 0x00, 0x00
//     .byte 0x04, 0x06, 0x0a, 0x62, 0x74, 0x6c, 0x73, 0x6a, 0x31, 0x5f, 0x6e, 0x00, 0x00, 0x00, 0x00, 0x00
//     .byte 0x04, 0x05, 0x04, 0x62, 0x74, 0x6c, 0x73, 0x6c, 0x31, 0x00, 0x00, 0x00, 0x00, 0x00, 0x00, 0x00
//     .byte 0x07, 0x06, 0x05, 0x62, 0x74, 0x6c, 0x73, 0x6e, 0x31, 0x00, 0x00, 0x00, 0x00, 0x00, 0x00, 0x00
//     .byte 0x0b, 0x09, 0x06, 0x62, 0x74, 0x6c, 0x73, 0x6f, 0x31, 0x00, 0x00, 0x00, 0x00, 0x00, 0x00, 0x00
//     .byte 0x06, 0x06, 0x05, 0x62, 0x74, 0x6c, 0x73, 0x70, 0x31, 0x00, 0x00, 0x00, 0x00, 0x00, 0x00, 0x00
//     .byte 0x01, 0x00, 0x02, 0x62, 0x74, 0x6c, 0x73, 0x71, 0x31, 0x00, 0x00, 0x00, 0x00, 0x00, 0x00, 0x00
//     .byte 0x01, 0x00, 0x03, 0x62, 0x74, 0x6c, 0x73, 0x72, 0x31, 0x00, 0x00, 0x00, 0x00, 0x00, 0x00, 0x00
//     .byte 0x03, 0x0a, 0x09, 0x62, 0x74, 0x6c, 0x63, 0x62, 0x31, 0x5f, 0x64, 0x00, 0x00, 0x00, 0x00, 0x00
//     .byte 0x0e, 0x07, 0x05, 0x62, 0x74, 0x6c, 0x63, 0x62, 0x31, 0x5f, 0x65, 0x00, 0x00, 0x00, 0x00, 0x00
//     .byte 0x03, 0x04, 0x09, 0x62, 0x74, 0x6c, 0x63, 0x62, 0x31, 0x5f, 0x6e, 0x00, 0x00, 0x00, 0x00, 0x00
//     .byte 0x03, 0x05, 0x06, 0x62, 0x74, 0x6c, 0x63, 0x62, 0x32, 0x5f, 0x64, 0x00, 0x00, 0x00, 0x00, 0x00
//     .byte 0x03, 0x05, 0x06, 0x62, 0x74, 0x6c, 0x63, 0x62, 0x32, 0x5f, 0x65, 0x00, 0x00, 0x00, 0x00, 0x00
//     .byte 0x03, 0x05, 0x06, 0x62, 0x74, 0x6c, 0x63, 0x62, 0x32, 0x5f, 0x6e, 0x00, 0x00, 0x00, 0x00, 0x00
//     .byte 0x04, 0x10, 0x18, 0x62, 0x74, 0x6c, 0x63, 0x63, 0x31, 0x5f, 0x64, 0x00, 0x00, 0x00, 0x00, 0x00
//     .byte 0x1f, 0x0f, 0x06, 0x62, 0x74, 0x6c, 0x63, 0x63, 0x31, 0x5f, 0x65, 0x00, 0x00, 0x00, 0x00, 0x00
//     .byte 0x06, 0x05, 0x03, 0x62, 0x74, 0x6c, 0x63, 0x63, 0x32, 0x00, 0x00, 0x00, 0x00, 0x00, 0x00, 0x00
//     .byte 0x04, 0x05, 0x05, 0x62, 0x74, 0x6c, 0x63, 0x65, 0x31, 0x00, 0x00, 0x00, 0x00, 0x00, 0x00, 0x00
//     .byte 0x0c, 0x0c, 0x09, 0x62, 0x74, 0x6c, 0x63, 0x6a, 0x31, 0x5f, 0x64, 0x00, 0x00, 0x00, 0x00, 0x00
//     .byte 0x12, 0x0d, 0x08, 0x62, 0x74, 0x6c, 0x63, 0x6a, 0x31, 0x5f, 0x65, 0x00, 0x00, 0x00, 0x00, 0x00
//     .byte 0x09, 0x08, 0x0b, 0x62, 0x74, 0x6c, 0x63, 0x6a, 0x31, 0x5f, 0x6e, 0x00, 0x00, 0x00, 0x00, 0x00
//     .byte 0x04, 0x07, 0x07, 0x62, 0x74, 0x6c, 0x63, 0x6a, 0x32, 0x5f, 0x64, 0x00, 0x00, 0x00, 0x00, 0x00
//     .byte 0x0f, 0x0b, 0x09, 0x62, 0x74, 0x6c, 0x63, 0x6a, 0x32, 0x5f, 0x65, 0x00, 0x00, 0x00, 0x00, 0x00
//     .byte 0x03, 0x05, 0x07, 0x62, 0x74, 0x6c, 0x63, 0x6a, 0x32, 0x5f, 0x6e, 0x00, 0x00, 0x00, 0x00, 0x00
//     .byte 0x0d, 0x0e, 0x0d, 0x62, 0x74, 0x6c, 0x63, 0x6a, 0x33, 0x5f, 0x64, 0x00, 0x00, 0x00, 0x00, 0x00
//     .byte 0x0f, 0x0b, 0x09, 0x62, 0x74, 0x6c, 0x63, 0x6a, 0x33, 0x5f, 0x65, 0x00, 0x00, 0x00, 0x00, 0x00
//     .byte 0x03, 0x05, 0x07, 0x62, 0x74, 0x6c, 0x63, 0x6a, 0x33, 0x5f, 0x6e, 0x00, 0x00, 0x00, 0x00, 0x00
//     .byte 0x07, 0x09, 0x08, 0x62, 0x74, 0x6c, 0x63, 0x6a, 0x34, 0x5f, 0x64, 0x00, 0x00, 0x00, 0x00, 0x00
//     .byte 0x07, 0x09, 0x08, 0x62, 0x74, 0x6c, 0x63, 0x6a, 0x34, 0x5f, 0x65, 0x00, 0x00, 0x00, 0x00, 0x00
//     .byte 0x07, 0x09, 0x08, 0x62, 0x74, 0x6c, 0x63, 0x6a, 0x34, 0x5f, 0x6e, 0x00, 0x00, 0x00, 0x00, 0x00
//     .byte 0x0d, 0x12, 0x1b, 0x62, 0x74, 0x6c, 0x63, 0x6a, 0x35, 0x5f, 0x64, 0x00, 0x00, 0x00, 0x00, 0x00
//     .byte 0x1f, 0x0f, 0x04, 0x62, 0x74, 0x6c, 0x63, 0x6a, 0x35, 0x5f, 0x65, 0x00, 0x00, 0x00, 0x00, 0x00
//     .byte 0x07, 0x08, 0x1d, 0x62, 0x74, 0x6c, 0x63, 0x6a, 0x35, 0x5f, 0x6e, 0x00, 0x00, 0x00, 0x00, 0x00
//     .byte 0x02, 0x04, 0x05, 0x62, 0x74, 0x6c, 0x63, 0x6c, 0x31, 0x00, 0x00, 0x00, 0x00, 0x00, 0x00, 0x00
//     .byte 0x04, 0x03, 0x02, 0x62, 0x74, 0x6c, 0x63, 0x6c, 0x32, 0x00, 0x00, 0x00, 0x00, 0x00, 0x00, 0x00
//     .byte 0x06, 0x04, 0x03, 0x62, 0x74, 0x6c, 0x63, 0x6d, 0x31, 0x00, 0x00, 0x00, 0x00, 0x00, 0x00, 0x00
//     .byte 0x07, 0x05, 0x02, 0x62, 0x74, 0x6c, 0x63, 0x6d, 0x32, 0x00, 0x00, 0x00, 0x00, 0x00, 0x00, 0x00
//     .byte 0x09, 0x0a, 0x09, 0x62, 0x74, 0x6c, 0x63, 0x6d, 0x33, 0x00, 0x00, 0x00, 0x00, 0x00, 0x00, 0x00
//     .byte 0x06, 0x0b, 0x19, 0x62, 0x74, 0x6c, 0x6d, 0x63, 0x31, 0x5f, 0x64, 0x00, 0x00, 0x00, 0x00, 0x00
//     .byte 0x06, 0x0b, 0x19, 0x62, 0x74, 0x6c, 0x6d, 0x63, 0x31, 0x5f, 0x65, 0x00, 0x00, 0x00, 0x00, 0x00
//     .byte 0x06, 0x0b, 0x19, 0x62, 0x74, 0x6c, 0x6d, 0x63, 0x31, 0x5f, 0x6e, 0x00, 0x00, 0x00, 0x00, 0x00
//     .byte 0x0d, 0x12, 0x1b, 0x62, 0x74, 0x6c, 0x6d, 0x63, 0x32, 0x5f, 0x64, 0x00, 0x00, 0x00, 0x00, 0x00
//     .byte 0x1f, 0x10, 0x05, 0x62, 0x74, 0x6c, 0x6d, 0x63, 0x32, 0x5f, 0x65, 0x00, 0x00, 0x00, 0x00, 0x00
//     .byte 0x05, 0x09, 0x14, 0x62, 0x74, 0x6c, 0x6d, 0x63, 0x32, 0x5f, 0x6e, 0x00, 0x00, 0x00, 0x00, 0x00
//     .byte 0x0b, 0x0b, 0x08, 0x62, 0x74, 0x6c, 0x6d, 0x71, 0x31, 0x5f, 0x64, 0x00, 0x00, 0x00, 0x00, 0x00
//     .byte 0x13, 0x0c, 0x06, 0x62, 0x74, 0x6c, 0x6d, 0x71, 0x31, 0x5f, 0x65, 0x00, 0x00, 0x00, 0x00, 0x00
//     .byte 0x04, 0x08, 0x09, 0x62, 0x74, 0x6c, 0x6d, 0x71, 0x31, 0x5f, 0x6e, 0x00, 0x00, 0x00, 0x00, 0x00
//     .byte 0x7c, 0x31, 0x01, 0x00

THUMB void status::ExcelParamBis::setupBattle(status::ExcelParam *setup)
{
  setup->monsterAnim_ =  (param::MonsterAnim *)&data_ov003_021326f8;
  setup->effect_ = (param::EffectParam *)&data_ov003_02131740;
  setup->battleMapData_ = (param::BattleMap *)&data_ov003_02130e9c;
}


THUMB void status::ExcelParamBis::cleanupBattle(status::ExcelParam *clean)
{
  clean->monsterAnim_ = 0;
  clean->effect_ = 0;
  clean->battleMapData_ = 0;
}


THUMB void status::ExcelParamBis::setupBattleInitialize(status::ExcelParam *clean)
{
  return;
}



THUMB void status::ExcelParamBis::cleanupBattleInitialize(status::ExcelParam *clean)
{
  return;
}

