#include "ov001/window/UnkFieldMap.hpp"
#include "ov001/fld/FieldPlayerManager.hpp"
#include "ov001/fld/FieldSystem.hpp"
#include "main/data/DataObject.hpp"
#include "main/data/FileLoader.hpp"
#include "main/dss/DssUtils.hpp"
#include "main/status/GameFlag.hpp"
#include "main/status/StoryStatus.hpp"
#include "nitro/os.hpp"

// unreferenced; needed for the data layout (stripped by the linker)
static int s_unused0;

// blocks of the map pieces replaced by the files of the story events
static const dss::Vector2<int> s_surechigaiBlock[4] = {
    dss::Vector2<int>(7, 8), dss::Vector2<int>(8, 8), dss::Vector2<int>(7, 9), dss::Vector2<int>(8, 9)
};

// TextureObject file of the field map sprite, its texture is rebuilt from data/field/large/largemap.bin
static const unsigned char s_texture_0214e0a8[0x10270] = {
    0x54, 0x65, 0x78, 0x74, 0x75, 0x72, 0x65, 0x4f, 0x62, 0x6a, 0x65, 0x63, 0x74, 0x00, 0x00, 0x00,
    0x00, 0x00, 0x01, 0x00, 0x00, 0x00, 0x00, 0x00, 0x00, 0x00, 0x00, 0x00, 0x00, 0x00, 0x00, 0x00,
    0x04, 0x00, 0x00, 0x00, 0x05, 0x00, 0x00, 0x00, 0x05, 0x00, 0x00, 0x00, 0x00, 0x00, 0x00, 0x00,
    0x00, 0x00, 0x01, 0x00, 0x70, 0x00, 0x00, 0x00, 0x00, 0x02, 0x00, 0x00, 0x70, 0x00, 0x01, 0x00,
    0x00, 0x00, 0x00, 0x00, 0x00, 0x00, 0x00, 0x00, 0x00, 0x00, 0x00, 0x00, 0x00, 0x00, 0x00, 0x00,
    0x00, 0x00, 0x00, 0x00, 0x00, 0x00, 0x00, 0x00, 0x00, 0x00, 0x00, 0x00, 0x00, 0x00, 0x00, 0x00,
    0x00, 0x00, 0x00, 0x00, 0x00, 0x00, 0x00, 0x00, 0x00, 0x00, 0x00, 0x00, 0x00, 0x00, 0x00, 0x00,
    0x9e, 0x9b, 0x9b, 0x97, 0x97, 0x95, 0x95, 0x93, 0x93, 0x93, 0x93, 0x93, 0x95, 0x95, 0x95, 0x93,
    0x8b, 0x8c, 0x86, 0x86, 0x83, 0xf0, 0xf0, 0xf0, 0x81, 0x83, 0x86, 0x86, 0x86, 0x83, 0x83, 0x86,
    0x8b, 0x8b, 0x8b, 0x8b, 0x8b, 0x8b, 0x92, 0x95, 0x97, 0x97, 0x97, 0x95, 0x92, 0x8b, 0x93, 0x8b,
    0x8b, 0x8b, 0x8b, 0x8b, 0x86, 0x83, 0x81, 0x81, 0xf0, 0xf0, 0xf0, 0x81, 0x81, 0x81, 0x83, 0x86,
    0xf0, 0x83, 0x81, 0xf0, 0x81, 0x81, 0x81, 0xf0, 0xf0, 0xf0, 0x7d, 0xf0, 0xf0, 0x80, 0xf0, 0x78,
    0x78, 0x74, 0x72, 0x73, 0x73, 0x74, 0x78, 0x72, 0x72, 0x6e, 0x6e, 0x6e, 0x6e, 0x6e, 0x6e, 0x6e,
    0x6b, 0x69, 0x69, 0x66, 0x69, 0x6b, 0x6b, 0x6b, 0x6b, 0x6b, 0x6e, 0x6e, 0x72, 0x72, 0x6e, 0x6e,
    0x6e, 0x6e, 0x6e, 0x6e, 0x6e, 0x6e, 0x6e, 0x6e, 0x6e, 0x6b, 0x6b, 0x6e, 0x6e, 0x6e, 0x6e, 0x6e,
    0x6e, 0x6e, 0x6e, 0x6e, 0x73, 0x73, 0x73, 0x74, 0x79, 0x79, 0x79, 0x7c, 0x7c, 0x79, 0x74, 0x74,
    0x74, 0x79, 0x74, 0x79, 0x74, 0x74, 0x74, 0x74, 0x74, 0x73, 0x73, 0x73, 0x73, 0x73, 0x6e, 0x6e,
    0x6e, 0x6e, 0x6e, 0x6e, 0x6e, 0x6e, 0x6e, 0x6e, 0x6e, 0x6e, 0x6e, 0x73, 0x6e, 0x6e, 0x6e, 0x6e,
    0x6e, 0x6e, 0x6e, 0x6e, 0x6b, 0x6b, 0x6b, 0x6b, 0x6e, 0x6b, 0x6b, 0x6b, 0x6b, 0x6b, 0x69, 0x66,
    0x64, 0x64, 0xfc, 0xfc, 0xfc, 0xe3, 0xe3, 0xe3, 0xe3, 0xe3, 0xe3, 0xe3, 0xe3, 0xe3, 0xe3, 0xe3,
    0xe3, 0xe3, 0xe3, 0xe3, 0xe3, 0xe3, 0xe3, 0xe1, 0xe1, 0xe3, 0xe3, 0xe3, 0xfc, 0x64, 0x64, 0x64,
    0x66, 0x66, 0x69, 0x69, 0x6b, 0x6e, 0x6e, 0x6e, 0x74, 0x74, 0x7c, 0x7c, 0x80, 0x80, 0x80, 0x83,
    0x88, 0x88, 0x88, 0x88, 0x88, 0x88, 0x8c, 0x8c, 0x8c, 0x8c, 0x93, 0x8c, 0x88, 0x88, 0x88, 0x86,
    0x9e, 0x9e, 0x9e, 0x9e, 0x9b, 0x97, 0x95, 0x93, 0x93, 0x95, 0x95, 0x97, 0x97, 0x97, 0x9b, 0x97,
    0x97, 0x95, 0x93, 0x93, 0x8b, 0x86, 0x86, 0x83, 0x81, 0x83, 0x86, 0x8c, 0x86, 0x86, 0x86, 0x86,
    0x8b, 0x92, 0x95, 0x8b, 0x8b, 0x8b, 0x92, 0x92, 0x95, 0x95, 0x97, 0x93, 0x92, 0x95, 0x86, 0x8c,
    0x8b, 0x8b, 0x93, 0x8b, 0x86, 0x83, 0x83, 0x83, 0x83, 0xf0, 0xf0, 0xf0, 0x81, 0x83, 0x81, 0x83,
    0x83, 0xf0, 0xf0, 0xf0, 0xf0, 0x7d, 0x7d, 0x7d, 0x78, 0x78, 0x78, 0x78, 0x76, 0x78, 0x7d, 0x74,
    0x78, 0x74, 0x72, 0x6e, 0x72, 0x72, 0x6e, 0x6e, 0x6e, 0x6e, 0x6e, 0x6e, 0x6e, 0x6e, 0x6b, 0x6b,
    0x6b, 0x6b, 0x69, 0x69, 0x69, 0x69, 0x6b, 0x69, 0x69, 0x6b, 0x6e, 0x6e, 0x6e, 0x73, 0x73, 0x6e,
    0x6e, 0x6e, 0x6e, 0x73, 0x6e, 0x73, 0x73, 0x73, 0x6e, 0x6b, 0x6e, 0x6e, 0x6e, 0x74, 0x6e, 0x6e,
    0x6e, 0x6e, 0x73, 0x6e, 0x74, 0x74, 0x74, 0x74, 0x74, 0x74, 0x74, 0x79, 0x7c, 0x79, 0x74, 0x79,
    0x7c, 0x79, 0x79, 0x79, 0x79, 0x79, 0x79, 0x7c, 0x79, 0x79, 0x74, 0x74, 0x74, 0x74, 0x74, 0x74,
    0x73, 0x73, 0x73, 0x73, 0x6e, 0x74, 0x74, 0x73, 0x74, 0x74, 0x73, 0x73, 0x73, 0x73, 0x6e, 0x73,
    0x6e, 0x6e, 0x6e, 0x6e, 0x6e, 0x6b, 0x6e, 0x6e, 0x6e, 0x6e, 0x6e, 0x6b, 0x6e, 0x6e, 0x6b, 0x6b,
    0x69, 0x66, 0x64, 0x64, 0xfc, 0xfc, 0xfc, 0xfc, 0xe3, 0xfc, 0xfc, 0xfc, 0xe3, 0xe3, 0xe3, 0xe3,
    0xe3, 0xe3, 0xe3, 0xe3, 0xe3, 0xe3, 0xe3, 0xe3, 0xe3, 0xe3, 0xe3, 0xfc, 0xfc, 0xfc, 0x64, 0x64,
    0x64, 0x66, 0x69, 0x69, 0x6b, 0x6e, 0x6e, 0x6e, 0x73, 0x74, 0x79, 0x7c, 0x7c, 0x80, 0x80, 0x83,
    0x88, 0x8c, 0x8c, 0x8c, 0x8c, 0x8c, 0x8c, 0x8c, 0x8c, 0x93, 0x93, 0x93, 0x93, 0x8c, 0x8c, 0x8c,
    0xa1, 0xa1, 0xa1, 0x9e, 0x9b, 0x9b, 0x97, 0x97, 0x95, 0x95, 0x93, 0x97, 0x9b, 0x97, 0x99, 0x97,
    0x97, 0x97, 0x95, 0x92, 0x93, 0x95, 0x8c, 0x86, 0x86, 0x86, 0x86, 0x8b, 0x8b, 0x86, 0x86, 0x86,
    0x8b, 0x93, 0x95, 0x8b, 0x8b, 0x8b, 0x8b, 0x92, 0x93, 0x97, 0x97, 0x97, 0x95, 0x93, 0x86, 0x8b,
    0x8b, 0x92, 0x95, 0x93, 0x93, 0x86, 0x86, 0x86, 0x86, 0x83, 0x83, 0x83, 0x81, 0x81, 0xf0, 0x81,
    0x81, 0xf0, 0x78, 0x76, 0x78, 0x78, 0x78, 0x7d, 0x78, 0x78, 0x78, 0x78, 0x78, 0x78, 0x78, 0x7d,
    0x7d, 0x78, 0x76, 0x72, 0x6e, 0x72, 0x6e, 0x6b, 0x6e, 0x6e, 0x6e, 0x6e, 0x6e, 0x6e, 0x6e, 0x6e,
    0x6e, 0x6b, 0x6e, 0x6e, 0x69, 0x69, 0x69, 0x66, 0x66, 0x69, 0x69, 0x6e, 0x6e, 0x6e, 0x6e, 0x6e,
    0x6e, 0x6e, 0x6e, 0x6e, 0x6e, 0x6e, 0x73, 0x73, 0x6e, 0x6e, 0x6b, 0x6e, 0x73, 0x6e, 0x73, 0x6e,
    0x6e, 0x6e, 0x6e, 0x73, 0x74, 0x74, 0x79, 0x79, 0x79, 0x79, 0x7c, 0x79, 0x7c, 0x7c, 0x80, 0x7c,
    0x79, 0x79, 0x79, 0x79, 0x7c, 0x7c, 0x7c, 0x80, 0x7c, 0x7c, 0x79, 0x79, 0x74, 0x79, 0x79, 0x79,
    0x79, 0x74, 0x74, 0x74, 0x74, 0x74, 0x79, 0x74, 0x79, 0x79, 0x79, 0x74, 0x74, 0x74, 0x73, 0x73,
    0x6e, 0x73, 0x6e, 0x6e, 0x6e, 0x6e, 0x6e, 0x6e, 0x6e, 0x6e, 0x6e, 0x6b, 0x6b, 0x6b, 0x69, 0x66,
    0x66, 0x69, 0x69, 0x66, 0x64, 0x64, 0x64, 0xfc, 0xfc, 0xfc, 0x64, 0x64, 0x64, 0xfc, 0xfc, 0xe3,
    0xfc, 0xe3, 0xe3, 0xe3, 0xe3, 0xe3, 0xfc, 0xfc, 0xfc, 0xfc, 0xfc, 0xfc, 0xfc, 0xfc, 0x64, 0x64,
    0x64, 0x64, 0x66, 0x69, 0x69, 0x6b, 0x6e, 0x6e, 0x6e, 0x73, 0x79, 0x79, 0x80, 0x80, 0x83, 0x83,
    0x88, 0x88, 0x8c, 0x8c, 0x93, 0x93, 0x8c, 0x8c, 0x93, 0x93, 0x8c, 0x93, 0x93, 0x93, 0x93, 0x93,
    0xa3, 0xa1, 0xa1, 0x9e, 0x9e, 0x9e, 0x9b, 0x9b, 0x97, 0x93, 0x97, 0x95, 0x97, 0x97, 0x97, 0x97,
    0x97, 0x97, 0x93, 0x93, 0x93, 0x92, 0x8b, 0x86, 0x86, 0x86, 0x86, 0x8b, 0x8b, 0x86, 0x86, 0x86,
    0x86, 0x8b, 0x93, 0x92, 0x8b, 0x8b, 0x8b, 0x8b, 0x93, 0x95, 0x97, 0x97, 0x95, 0x8b, 0x86, 0x86,
    0x8b, 0x93, 0x93, 0x95, 0x93, 0x93, 0x8b, 0x8b, 0x86, 0x86, 0x86, 0x8b, 0x83, 0x81, 0x81, 0x81,
    0x81, 0xf0, 0x78, 0x76, 0x76, 0x76, 0x78, 0xf0, 0x7d, 0x7d, 0x78, 0x78, 0x78, 0x78, 0x78, 0x7d,
    0x7d, 0x7d, 0x76, 0x72, 0x6e, 0x6e, 0x6b, 0x6b, 0x6e, 0x6e, 0x6e, 0x6e, 0x6e, 0x73, 0x6e, 0x6e,
    0x6e, 0x6b, 0x6e, 0x6e, 0x6b, 0x6b, 0x6b, 0x69, 0x69, 0x6b, 0x69, 0x6e, 0x73, 0x6e, 0x6e, 0x6e,
    0x6e, 0x6e, 0x6e, 0x6e, 0x73, 0x6e, 0x6e, 0x6e, 0x73, 0x6e, 0x6e, 0x6e, 0x73, 0x73, 0x74, 0x74,
    0x73, 0x6e, 0x6e, 0x6e, 0x74, 0x79, 0x7c, 0x7c, 0x7c, 0x80, 0x7c, 0x7c, 0x7c, 0x7c, 0x80, 0x80,
    0x7c, 0x80, 0x80, 0x80, 0x7c, 0x80, 0x80, 0x83, 0x83, 0x80, 0x80, 0x7c, 0x7c, 0x7c, 0x7c, 0x7c,
    0x7c, 0x79, 0x79, 0x79, 0x79, 0x7c, 0x79, 0x7c, 0x79, 0x7c, 0x7c, 0x79, 0x79, 0x79, 0x79, 0x73,
    0x73, 0x73, 0x6e, 0x6e, 0x6e, 0x6e, 0x6e, 0x6e, 0x6e, 0x6e, 0x6b, 0x6e, 0x6b, 0x6b, 0x69, 0x69,
    0x66, 0x69, 0x69, 0x66, 0x64, 0x64, 0x64, 0x64, 0x64, 0x64, 0x64, 0x64, 0x64, 0xfc, 0xfc, 0xe3,
    0xfc, 0xe3, 0xfc, 0xfc, 0xe3, 0xe3, 0xfc, 0xe3, 0xfc, 0xfc, 0xfc, 0xfc, 0xfc, 0xfc, 0xe3, 0x64,
    0x64, 0x64, 0x64, 0x66, 0x69, 0x69, 0x6b, 0x6e, 0x6e, 0x73, 0x74, 0x79, 0x7c, 0x80, 0x80, 0x83,
    0x83, 0x88, 0x88, 0x8c, 0x8c, 0x8c, 0x93, 0x93, 0x93, 0x95, 0x95, 0x95, 0x95, 0x95, 0x8c, 0x93,
    0xa3, 0xa1, 0xa1, 0xa1, 0x9e, 0x9e, 0x9e, 0x9e, 0x9b, 0x97, 0x97, 0x95, 0x93, 0x93, 0x95, 0x97,
    0x97, 0x97, 0x95, 0x93, 0x8b, 0x8b, 0x86, 0x86, 0x86, 0x86, 0x86, 0x86, 0x8b, 0x8b, 0x86, 0x86,
    0x86, 0x86, 0x86, 0x8b, 0x8b, 0x92, 0x8b, 0x8b, 0x8b, 0x93, 0x95, 0x97, 0x95, 0x92, 0x8b, 0x8b,
    0x86, 0x8b, 0x92, 0x92, 0x8b, 0x95, 0x92, 0x8b, 0x86, 0x86, 0x86, 0x86, 0x83, 0x86, 0x83, 0xf0,
    0xf0, 0xf0, 0x7d, 0x78, 0x78, 0x78, 0x78, 0x7d, 0xf0, 0x7d, 0x78, 0x78, 0x78, 0x76, 0x76, 0x78,
    0xf0, 0xf0, 0x78, 0x72, 0x72, 0x6e, 0x6e, 0x6e, 0x6b, 0x6b, 0x6b, 0x6b, 0x6e, 0x6e, 0x6e, 0x6d,
    0x6e, 0x6b, 0x6e, 0x6e, 0x6b, 0x6b, 0x6e, 0x6e, 0x6e, 0x6e, 0x6e, 0x6b, 0x6e, 0x6e, 0x6e, 0x6b,
    0x6b, 0x6e, 0x6e, 0x6e, 0x6e, 0x6b, 0x6b, 0x6e, 0x6e, 0x6e, 0x6e, 0x6e, 0x6e, 0x73, 0x74, 0x79,
    0x79, 0x79, 0x74, 0x74, 0x74, 0x79, 0x7c, 0x80, 0x80, 0x80, 0x80, 0x7c, 0x7c, 0x79, 0x7c, 0x80,
    0x80, 0x80, 0x80, 0x83, 0x83, 0x83, 0x83, 0x83, 0x88, 0x88, 0x88, 0x83, 0x80, 0x80, 0x80, 0x80,
    0x80, 0x80, 0x80, 0x7c, 0x7c, 0x7c, 0x7c, 0x7c, 0x7c, 0x7c, 0x7c, 0x7c, 0x7c, 0x79, 0x79, 0x79,
    0x74, 0x73, 0x73, 0x73, 0x6e, 0x73, 0x6e, 0x6e, 0x6e, 0x6e, 0x6e, 0x6b, 0x6b, 0x6b, 0x6b, 0x69,
    0x66, 0x66, 0x69, 0x66, 0x66, 0x64, 0x64, 0x64, 0x64, 0xe3, 0xfc, 0xe3, 0x64, 0x64, 0xfc, 0xfc,
    0xe3, 0xe3, 0xfc, 0xe3, 0xe3, 0xe3, 0xe3, 0xe3, 0xfc, 0xfc, 0xfc, 0xfc, 0xfc, 0xfc, 0x64, 0x64,
    0x23, 0x64, 0x64, 0x66, 0x66, 0x69, 0x6b, 0x6e, 0x6e, 0x6e, 0x73, 0x74, 0x79, 0x80, 0x80, 0x80,
    0x83, 0x88, 0x88, 0x88, 0x8c, 0x8c, 0x93, 0x93, 0x8c, 0x95, 0x97, 0x97, 0x97, 0x97, 0x95, 0x95,
    0xa1, 0xa1, 0xa1, 0xa1, 0x9e, 0x9e, 0x9e, 0x9e, 0x9b, 0x9b, 0x97, 0x97, 0x95, 0x93, 0x95, 0x97,
    0x97, 0x97, 0x97, 0x95, 0x92, 0x95, 0x95, 0x8b, 0x8b, 0x8b, 0x8c, 0x86, 0x8b, 0x8b, 0x8b, 0x8b,
    0x8b, 0x8b, 0x8b, 0x8b, 0x92, 0x92, 0x92, 0x95, 0x92, 0x92, 0x95, 0x99, 0x97, 0x99, 0x97, 0x8b,
    0x86, 0x86, 0x86, 0x86, 0x8c, 0x93, 0x93, 0x8b, 0x8b, 0x8b, 0x86, 0x8b, 0x86, 0x83, 0x81, 0x81,
    0xf0, 0xf0, 0xf0, 0x7d, 0x78, 0x76, 0x76, 0x76, 0x7d, 0x7d, 0xf0, 0xf0, 0xf0, 0x7d, 0x7d, 0xf0,
    0x81, 0x81, 0xf0, 0x78, 0x76, 0x73, 0x73, 0x6e, 0x6e, 0x6e, 0x6e, 0x6e, 0x6e, 0x6e, 0x6e, 0x72,
    0x6e, 0x6e, 0x6e, 0x6e, 0x6e, 0x6b, 0x6b, 0x6b, 0x6e, 0x6b, 0x6b, 0x6b, 0x69, 0x6b, 0x6e, 0x6b,
    0x6b, 0x6e, 0x6e, 0x6e, 0x6e, 0x6e, 0x6e, 0x6e, 0x6e, 0x6e, 0x6e, 0x73, 0x73, 0x6e, 0x6e, 0x73,
    0x74, 0x79, 0x74, 0x74, 0x74, 0x74, 0x79, 0x79, 0x7c, 0x7c, 0x80, 0x80, 0x7c, 0x79, 0x79, 0x80,
    0x80, 0x80, 0x83, 0x88, 0x88, 0x88, 0x88, 0x88, 0x88, 0x8c, 0x88, 0x8c, 0x88, 0x88, 0x83, 0x83,
    0x83, 0x83, 0x80, 0x80, 0x80, 0x80, 0x7c, 0x80, 0x80, 0x7c, 0x80, 0x7c, 0x7c, 0x7c, 0x7c, 0x79,
    0x79, 0x74, 0x74, 0x73, 0x73, 0x6e, 0x73, 0x6e, 0x73, 0x6e, 0x6e, 0x6b, 0x69, 0x69, 0x69, 0x66,
    0x64, 0x64, 0x66, 0x64, 0x64, 0x64, 0x23, 0x64, 0xe3, 0xfc, 0xfc, 0xfc, 0xfc, 0x64, 0x64, 0x64,
    0xfc, 0xfc, 0xfc, 0xfc, 0xe3, 0xe3, 0xe3, 0xe3, 0xfc, 0xfc, 0xfc, 0xfc, 0xfc, 0xfc, 0x64, 0x64,
    0x64, 0x64, 0x64, 0x64, 0x66, 0x69, 0x69, 0x6b, 0x6e, 0x6e, 0x73, 0x74, 0x79, 0x7c, 0x80, 0x80,
    0x83, 0x83, 0x88, 0x88, 0x88, 0x8c, 0x93, 0x93, 0x95, 0x93, 0x97, 0x97, 0x97, 0x97, 0x97, 0x97,
    0x9e, 0xa1, 0x9e, 0xa1, 0xa1, 0xa1, 0x9e, 0x9e, 0x9e, 0x9e, 0x9b, 0x97, 0x97, 0x97, 0x93, 0x95,
    0x93, 0x95, 0x93, 0x95, 0x93, 0x93, 0x95, 0x92, 0x8b, 0x86, 0x86, 0x86, 0x86, 0x86, 0x8b, 0x8b,
    0x8b, 0x8b, 0x86, 0x86, 0x86, 0x86, 0x86, 0x86, 0x86, 0x86, 0x86, 0x86, 0x8b, 0x93, 0x8b, 0x8b,
    0x8b, 0x86, 0x86, 0x86, 0x86, 0x8c, 0x93, 0x92, 0x92, 0x8b, 0x8b, 0x86, 0x83, 0x83, 0x83, 0xf0,
    0x7d, 0x7d, 0x7d, 0x78, 0x78, 0x78, 0x76, 0x76, 0x78, 0x78, 0x7d, 0x7d, 0x7d, 0x78, 0x78, 0x78,
    0x78, 0x78, 0x78, 0x78, 0x78, 0x76, 0x72, 0x72, 0x6e, 0x6b, 0x6e, 0x72, 0x72, 0x6e, 0x72, 0x6e,
    0x6e, 0x6e, 0x6e, 0x6b, 0x6e, 0x6e, 0x6e, 0x6e, 0x6e, 0x6e, 0x6e, 0x6e, 0x6e, 0x6e, 0x6e, 0x6e,
    0x6e, 0x6e, 0x6e, 0x6e, 0x73, 0x73, 0x74, 0x6e, 0x6e, 0x6e, 0x73, 0x73, 0x73, 0x73, 0x73, 0x6e,
    0x73, 0x74, 0x79, 0x7c, 0x79, 0x79, 0x7c, 0x79, 0x7c, 0x80, 0x80, 0x80, 0x80, 0x80, 0x80, 0x80,
    0x80, 0x80, 0x83, 0x88, 0x88, 0x88, 0x88, 0x88, 0x88, 0x8c, 0x8c, 0x8c, 0x8c, 0x8c, 0x88, 0x83,
    0x83, 0x83, 0x83, 0x83, 0x83, 0x83, 0x80, 0x80, 0x80, 0x80, 0x80, 0x7c, 0x80, 0x7c, 0x80, 0x7c,
    0x7c, 0x7c, 0x79, 0x74, 0x74, 0x73, 0x73, 0x73, 0x6e, 0x6e, 0x6e, 0x6e, 0x69, 0x66, 0x66, 0x66,
    0x66, 0x66, 0x66, 0x64, 0x64, 0x64, 0xe3, 0xfc, 0xfc, 0xe3, 0xe3, 0xfc, 0xe3, 0xfc, 0xfc, 0xfc,
    0xfc, 0x64, 0xfc, 0xfc, 0xe3, 0xe3, 0xe3, 0xfc, 0xfc, 0xfc, 0xfc, 0xfc, 0x64, 0x64, 0x64, 0x64,
    0x64, 0x64, 0x64, 0x64, 0x64, 0x66, 0x69, 0x6b, 0x6b, 0x6e, 0x6e, 0x73, 0x79, 0x79, 0x7c, 0x80,
    0x80, 0x80, 0x83, 0x88, 0x88, 0x8c, 0x8c, 0x93, 0x93, 0x95, 0x97, 0x97, 0x97, 0x9b, 0x9b, 0x9b,
    0xa1, 0x9e, 0x9e, 0x9e, 0xa1, 0xa3, 0xa1, 0xa1, 0x9e, 0x9e, 0x9e, 0x9b, 0x9b, 0x97, 0x97, 0x97,
    0x93, 0x93, 0x95, 0x93, 0x93, 0x97, 0x92, 0x92, 0x95, 0x92, 0x8b, 0x86, 0x8b, 0x8b, 0x92, 0x92,
    0x8b, 0x8b, 0x86, 0x86, 0x86, 0x86, 0x84, 0x83, 0x81, 0xf0, 0xf0, 0x83, 0x86, 0x86, 0x86, 0x8b,
    0x8b, 0x8b, 0x86, 0x86, 0x86, 0x86, 0x8c, 0x8b, 0x8b, 0x8b, 0x86, 0x86, 0x83, 0x83, 0x83, 0x83,
    0xf0, 0xf0, 0x7d, 0x78, 0x7d, 0x78, 0x76, 0x76, 0x76, 0x78, 0x7d, 0x7d, 0xf0, 0x7d, 0xf0, 0x7d,
    0x78, 0x74, 0x74, 0x78, 0x78, 0x76, 0x72, 0x72, 0x72, 0x72, 0x72, 0x72, 0x72, 0x72, 0x72, 0x6e,
    0x6e, 0x6e, 0x6b, 0x6e, 0x6e, 0x72, 0x6e, 0x73, 0x73, 0x74, 0x74, 0x73, 0x6e, 0x72, 0x6e, 0x6e,
    0x6e, 0x73, 0x6e, 0x73, 0x73, 0x73, 0x74, 0x73, 0x73, 0x73, 0x73, 0x74, 0x74, 0x74, 0x73, 0x73,
    0x74, 0x79, 0x7c, 0x7c, 0x80, 0x80, 0x80, 0x80, 0x80, 0x80, 0x83, 0x83, 0x83, 0x83, 0x83, 0x83,
    0x80, 0x83, 0x83, 0x88, 0x88, 0x8c, 0x8c, 0x8c, 0x8c, 0x8c, 0x8c, 0x93, 0x93, 0x8c, 0x8c, 0x88,
    0x88, 0x88, 0x88, 0x88, 0x88, 0x88, 0x83, 0x83, 0x80, 0x80, 0x80, 0x80, 0x80, 0x80, 0x80, 0x7c,
    0x7c, 0x7c, 0x7c, 0x79, 0x74, 0x74, 0x74, 0x73, 0x73, 0x73, 0x6e, 0x6e, 0x6b, 0x66, 0x66, 0x66,
    0x66, 0x66, 0x64, 0x64, 0x64, 0xfc, 0xfc, 0xfc, 0xfc, 0xe3, 0xe3, 0xe3, 0xe3, 0xe3, 0xfc, 0xe3,
    0xfc, 0xfc, 0xfc, 0xfc, 0xe3, 0xe1, 0xe1, 0xe3, 0xe3, 0xfc, 0xfc, 0xfc, 0x64, 0xfc, 0xe3, 0x23,
    0x64, 0x64, 0x23, 0x64, 0x64, 0x66, 0x69, 0x69, 0x6e, 0x6e, 0x73, 0x74, 0x74, 0x79, 0x7c, 0x7c,
    0x80, 0x83, 0x83, 0x88, 0x88, 0x88, 0x8c, 0x8c, 0x93, 0x93, 0x95, 0x97, 0x97, 0x9b, 0x9b, 0x9b,
    0xa1, 0x9e, 0x9e, 0x9e, 0x9e, 0xa3, 0xa3, 0xa1, 0xa1, 0x9e, 0x9e, 0x9e, 0x9b, 0x9b, 0x97, 0x97,
    0x95, 0x97, 0x97, 0x97, 0x97, 0x95, 0x93, 0x92, 0x99, 0x99, 0x97, 0x95, 0x8b, 0x93, 0x92, 0x8b,
    0x8b, 0x86, 0x84, 0x86, 0x86, 0x84, 0x84, 0x81, 0xf0, 0xf0, 0xf0, 0x81, 0x86, 0x86, 0x8b, 0x8b,
    0x86, 0x86, 0x83, 0x83, 0x83, 0x83, 0x83, 0x86, 0x86, 0x86, 0x86, 0x86, 0x86, 0x83, 0x83, 0x81,
    0x81, 0xf0, 0x7d, 0x7d, 0x7d, 0x78, 0x76, 0x76, 0x76, 0x78, 0xf0, 0x83, 0x88, 0x86, 0x86, 0x83,
    0xf0, 0x7d, 0x78, 0x78, 0x78, 0x76, 0x78, 0x76, 0x78, 0x74, 0x72, 0x73, 0x74, 0x76, 0x73, 0x72,
    0x6e, 0x6e, 0x6e, 0x6b, 0x6b, 0x6e, 0x72, 0x73, 0x74, 0x79, 0x79, 0x74, 0x74, 0x74, 0x6e, 0x6e,
    0x73, 0x74, 0x73, 0x73, 0x73, 0x74, 0x74, 0x79, 0x79, 0x79, 0x74, 0x74, 0x79, 0x74, 0x74, 0x74,
    0x79, 0x7c, 0x7c, 0x7c, 0x80, 0x80, 0x83, 0x80, 0x80, 0x80, 0x80, 0x88, 0x88, 0x88, 0x88, 0x83,
    0x83, 0x83, 0x88, 0x88, 0x88, 0x8c, 0x8c, 0x8c, 0x8c, 0x93, 0x93, 0x8c, 0x8c, 0x8c, 0x8c, 0x8c,
    0x88, 0x88, 0x88, 0x88, 0x88, 0x88, 0x88, 0x83, 0x83, 0x83, 0x80, 0x80, 0x80, 0x80, 0x80, 0x80,
    0x80, 0x7c, 0x7c, 0x7c, 0x79, 0x79, 0x74, 0x74, 0x73, 0x73, 0x73, 0x6e, 0x6e, 0x69, 0x66, 0x66,
    0x64, 0x66, 0x64, 0x64, 0xe3, 0xfc, 0xe3, 0xe3, 0xfc, 0xe3, 0xe3, 0xe3, 0xe3, 0xe1, 0xe3, 0xfc,
    0xfc, 0xfc, 0xfc, 0xfc, 0xfc, 0xe3, 0xe3, 0xe3, 0xe3, 0xfc, 0xfc, 0xfc, 0xfc, 0xfc, 0x64, 0x64,
    0x64, 0x64, 0x64, 0x64, 0x64, 0x64, 0x66, 0x69, 0x6b, 0x6e, 0x73, 0x73, 0x79, 0x79, 0x79, 0x7c,
    0x80, 0x80, 0x80, 0x88, 0x88, 0x88, 0x8c, 0x93, 0x93, 0x95, 0x93, 0x97, 0x9b, 0x9b, 0x9e, 0x9e,
    0xa1, 0x9e, 0x9e, 0x9e, 0x9e, 0xa1, 0xa3, 0xa9, 0xa3, 0xa1, 0x9e, 0x9e, 0x9b, 0x9b, 0x9b, 0x97,
    0x97, 0x97, 0x95, 0x97, 0x97, 0x95, 0x97, 0x92, 0x8b, 0x95, 0x99, 0x99, 0x92, 0x8b, 0x8b, 0x86,
    0x86, 0x86, 0x86, 0x86, 0x84, 0x84, 0x81, 0xf0, 0x7d, 0x78, 0x78, 0x7d, 0xf0, 0x83, 0x86, 0x86,
    0x86, 0x86, 0x83, 0x83, 0x83, 0x83, 0x83, 0x86, 0x86, 0x86, 0x86, 0x86, 0x86, 0x83, 0x83, 0x81,
    0x81, 0x81, 0x7d, 0x7d, 0xf0, 0x7d, 0x78, 0x7d, 0x7d, 0x83, 0x86, 0x8c, 0x8c, 0x8c, 0x8c, 0x86,
    0x80, 0x7d, 0x78, 0x73, 0x73, 0x76, 0x72, 0x72, 0x6e, 0x72, 0x72, 0x73, 0x74, 0x76, 0x76, 0x74,
    0x6e, 0x6e, 0x6e, 0x6b, 0x69, 0x69, 0x6e, 0x6e, 0x73, 0x74, 0x74, 0x73, 0x74, 0x73, 0x74, 0x73,
    0x74, 0x74, 0x74, 0x74, 0x74, 0x74, 0x74, 0x7c, 0x7c, 0x7c, 0x79, 0x79, 0x74, 0x79, 0x74, 0x79,
    0x79, 0x7c, 0x7c, 0x7c, 0x80, 0x80, 0x80, 0x83, 0x83, 0x88, 0x88, 0x88, 0x88, 0x8c, 0x8c, 0x8c,
    0x88, 0x88, 0x8c, 0x88, 0x8c, 0x8c, 0x8c, 0x93, 0x8c, 0x8c, 0x93, 0x93, 0x8c, 0x93, 0x8c, 0x8c,
    0x88, 0x88, 0x88, 0x88, 0x88, 0x88, 0x88, 0x88, 0x88, 0x83, 0x88, 0x83, 0x80, 0x80, 0x80, 0x80,
    0x80, 0x7c, 0x7c, 0x7c, 0x7c, 0x79, 0x79, 0x74, 0x73, 0x73, 0x73, 0x73, 0x6e, 0x6e, 0x69, 0x69,
    0x66, 0x66, 0x66, 0x66, 0x64, 0xfc, 0xfc, 0xe3, 0xe3, 0xe3, 0xe3, 0xe3, 0xe3, 0xe3, 0xe3, 0xe3,
    0xe3, 0xe3, 0xe3, 0xe3, 0xe3, 0xe3, 0xe3, 0xe1, 0xe1, 0xe3, 0xfc, 0xfc, 0xfc, 0xfc, 0xfc, 0x64,
    0x64, 0x64, 0x64, 0x64, 0x23, 0x64, 0x66, 0x69, 0x6b, 0x6e, 0x73, 0x74, 0x74, 0x7c, 0x7c, 0x7c,
    0x7c, 0x80, 0x80, 0x83, 0x88, 0x88, 0x88, 0x8c, 0x93, 0x8c, 0x97, 0x97, 0x9b, 0x9b, 0x9b, 0x9e,
    0xa1, 0x9e, 0x9e, 0x9b, 0x9b, 0x9e, 0xa1, 0xa9, 0xa9, 0xa9, 0xa1, 0xa1, 0x9e, 0x9b, 0x97, 0x97,
    0x97, 0x97, 0x99, 0x99, 0x99, 0x9b, 0x99, 0x97, 0x97, 0x99, 0x99, 0x9c, 0x99, 0x99, 0x92, 0x8b,
    0x8b, 0x8b, 0x8b, 0x86, 0x86, 0x86, 0x81, 0xf0, 0xf0, 0xf0, 0xf0, 0x78, 0x7d, 0xf0, 0x83, 0x86,
    0x8b, 0x86, 0x86, 0x86, 0x86, 0x83, 0x81, 0x81, 0x86, 0x86, 0x86, 0x86, 0x86, 0x83, 0x83, 0x81,
    0x81, 0xf0, 0xf0, 0xf0, 0x7d, 0x7d, 0x78, 0x78, 0x78, 0xf0, 0xf0, 0x81, 0x83, 0x83, 0x88, 0x88,
    0x83, 0x80, 0x7d, 0x78, 0x76, 0x76, 0x72, 0x72, 0x72, 0x72, 0x72, 0x76, 0x79, 0x78, 0x78, 0x78,
    0x78, 0x73, 0x6e, 0x6e, 0x6e, 0x6e, 0x6e, 0x6e, 0x73, 0x73, 0x74, 0x74, 0x74, 0x74, 0x74, 0x74,
    0x74, 0x74, 0x74, 0x74, 0x74, 0x79, 0x79, 0x7c, 0x7c, 0x7c, 0x7c, 0x7c, 0x79, 0x7c, 0x7c, 0x7c,
    0x7c, 0x80, 0x80, 0x83, 0x80, 0x83, 0x83, 0x88, 0x88, 0x88, 0x88, 0x88, 0x8c, 0x8c, 0x8c, 0x8c,
    0x93, 0x93, 0x8c, 0x93, 0x93, 0x93, 0x93, 0x8c, 0x93, 0x93, 0x93, 0x93, 0x93, 0x93, 0x93, 0x8c,
    0x8c, 0x88, 0x88, 0x88, 0x88, 0x88, 0x88, 0x88, 0x88, 0x88, 0x88, 0x83, 0x83, 0x80, 0x83, 0x83,
    0x80, 0x80, 0x7c, 0x7c, 0x7c, 0x7c, 0x79, 0x74, 0x74, 0x73, 0x73, 0x73, 0x73, 0x6e, 0x6e, 0x6b,
    0x6b, 0x69, 0x69, 0x66, 0x64, 0x64, 0xfc, 0xe3, 0xe3, 0xe3, 0xe3, 0xe1, 0xe3, 0xe3, 0xe3, 0xe3,
    0xe3, 0xe3, 0xe3, 0xe3, 0xfc, 0xfc, 0xe3, 0xe3, 0xe1, 0xe3, 0xe3, 0xfc, 0x64, 0x64, 0x64, 0x64,
    0x64, 0x23, 0x64, 0x64, 0x64, 0x64, 0x66, 0x69, 0x6b, 0x6e, 0x73, 0x74, 0x79, 0x7c, 0x7c, 0x80,
    0x7c, 0x80, 0x80, 0x83, 0x88, 0x88, 0x88, 0x8c, 0x8c, 0x95, 0x97, 0x97, 0x9b, 0x9b, 0x9b, 0x9e,
    0xa1, 0xa1, 0x9e, 0x9e, 0x9e, 0x9e, 0xa1, 0xa9, 0xac, 0xac, 0xa9, 0xa1, 0xa1, 0x9e, 0x9b, 0x9b,
    0x9b, 0x99, 0x99, 0x99, 0x99, 0x99, 0x97, 0x95, 0x93, 0x95, 0x97, 0x99, 0x99, 0x9c, 0x99, 0x92,
    0x8b, 0x86, 0x86, 0x84, 0x83, 0x81, 0xf0, 0xf0, 0xf0, 0xf0, 0xf0, 0x7d, 0x7d, 0x7d, 0xf0, 0x81,
    0x86, 0x8b, 0x8b, 0x8b, 0x86, 0x83, 0x83, 0x83, 0x83, 0x83, 0x86, 0x86, 0x86, 0x86, 0x83, 0x81,
    0x7d, 0xf0, 0x7d, 0x78, 0x78, 0x78, 0x76, 0x76, 0x76, 0x78, 0x78, 0x78, 0xf0, 0xf0, 0x83, 0x88,
    0x88, 0x86, 0x83, 0x81, 0xf0, 0x78, 0x76, 0x72, 0x76, 0x72, 0x72, 0x76, 0x78, 0x78, 0x78, 0x78,
    0x76, 0x73, 0x6e, 0x6e, 0x6b, 0x6b, 0x6e, 0x73, 0x6e, 0x73, 0x74, 0x74, 0x74, 0x79, 0x79, 0x74,
    0x79, 0x79, 0x79, 0x79, 0x79, 0x79, 0x7c, 0x7c, 0x80, 0x80, 0x80, 0x80, 0x79, 0x7c, 0x7c, 0x80,
    0x80, 0x80, 0x83, 0x88, 0x83, 0x83, 0x83, 0x88, 0x88, 0x8c, 0x8c, 0x8c, 0x93, 0x8c, 0x93, 0x93,
    0x93, 0x93, 0x93, 0x93, 0x93, 0x95, 0x95, 0x93, 0x95, 0x95, 0x95, 0x93, 0x93, 0x8c, 0x93, 0x93,
    0x93, 0x8c, 0x8c, 0x8c, 0x8c, 0x88, 0x8c, 0x8c, 0x88, 0x88, 0x88, 0x88, 0x88, 0x83, 0x83, 0x80,
    0x80, 0x80, 0x80, 0x7c, 0x7c, 0x7c, 0x79, 0x79, 0x74, 0x73, 0x73, 0x73, 0x73, 0x73, 0x6e, 0x6b,
    0x6b, 0x69, 0x69, 0x66, 0x66, 0x66, 0x64, 0x64, 0xfc, 0xe3, 0xfc, 0xfc, 0xe3, 0xe3, 0xe3, 0xe3,
    0xfc, 0xe3, 0xfc, 0xfc, 0xfc, 0xfc, 0x64, 0x64, 0xfc, 0xfc, 0xfc, 0x64, 0x64, 0x66, 0x64, 0x64,
    0x66, 0x64, 0x64, 0x64, 0x64, 0x66, 0x66, 0x69, 0x6b, 0x6e, 0x73, 0x73, 0x79, 0x7c, 0x7c, 0x7c,
    0x80, 0x80, 0x80, 0x83, 0x88, 0x88, 0x8c, 0x8c, 0x8c, 0x93, 0x97, 0x97, 0x9b, 0x9b, 0x9e, 0x9e,
    0xa1, 0x9e, 0x9e, 0x9e, 0x9e, 0x9e, 0x9e, 0xa9, 0xa9, 0xac, 0xac, 0xa9, 0xa1, 0x9e, 0x9e, 0x9f,
    0x9e, 0x99, 0x99, 0x99, 0x99, 0x99, 0x97, 0x97, 0x92, 0x95, 0x93, 0x99, 0x99, 0x99, 0x99, 0x92,
    0x92, 0x8b, 0x84, 0x81, 0x83, 0x83, 0xf0, 0x78, 0x78, 0x78, 0x76, 0x78, 0x78, 0x76, 0xf0, 0xf0,
    0x81, 0x86, 0x92, 0x92, 0x8b, 0x86, 0x86, 0x86, 0x86, 0x83, 0x83, 0x86, 0x86, 0x8b, 0x86, 0x83,
    0xf0, 0xf0, 0xf0, 0x7d, 0x78, 0x7d, 0x78, 0x78, 0x78, 0x78, 0x7d, 0x7d, 0xf0, 0x83, 0x86, 0x88,
    0x93, 0x8b, 0x8c, 0x86, 0x81, 0x7d, 0x78, 0x76, 0x76, 0x72, 0x72, 0x72, 0x72, 0x72, 0x74, 0x74,
    0x74, 0x72, 0x6e, 0x6e, 0x69, 0x69, 0x6e, 0x6e, 0x6e, 0x74, 0x74, 0x74, 0x74, 0x79, 0x7c, 0x74,
    0x79, 0x79, 0x74, 0x79, 0x7c, 0x7c, 0x79, 0x7c, 0x80, 0x80, 0x80, 0x80, 0x80, 0x7c, 0x7c, 0x80,
    0x83, 0x88, 0x88, 0x88, 0x88, 0x88, 0x88, 0x88, 0x88, 0x88, 0x8c, 0x93, 0x93, 0x93, 0x93, 0x93,
    0x8c, 0x8c, 0x93, 0x93, 0x97, 0x97, 0x97, 0x95, 0x93, 0x95, 0x97, 0x97, 0x97, 0x97, 0x97, 0x97,
    0x93, 0x93, 0x93, 0x8c, 0x93, 0x8c, 0x8c, 0x8c, 0x8c, 0x8c, 0x88, 0x88, 0x88, 0x88, 0x88, 0x83,
    0x80, 0x83, 0x80, 0x80, 0x7c, 0x7c, 0x7c, 0x79, 0x74, 0x73, 0x73, 0x73, 0x73, 0x73, 0x6e, 0x6e,
    0x6b, 0x69, 0x69, 0x66, 0x66, 0x69, 0x69, 0x69, 0x64, 0xfc, 0xfc, 0x64, 0xfc, 0xe3, 0xfc, 0xfc,
    0xfc, 0xfc, 0xfc, 0xfc, 0xfc, 0xfc, 0x64, 0x64, 0x64, 0x64, 0x64, 0x64, 0x64, 0x64, 0x69, 0x69,
    0x66, 0x69, 0x69, 0x69, 0x69, 0x69, 0x69, 0x6b, 0x6b, 0x6e, 0x73, 0x74, 0x79, 0x7c, 0x7c, 0x80,
    0x80, 0x80, 0x80, 0x83, 0x88, 0x88, 0x8c, 0x93, 0x93, 0x95, 0x97, 0x97, 0x9b, 0x9b, 0x9e, 0x9e,
    0xa1, 0xa1, 0x9e, 0x9e, 0x9e, 0x9e, 0x9e, 0x9e, 0xa9, 0xac, 0xa9, 0xa9, 0xa9, 0xa9, 0xa9, 0xa3,
    0xa1, 0x9e, 0x99, 0x99, 0x99, 0x99, 0x99, 0x99, 0x95, 0x92, 0x92, 0x92, 0x95, 0x99, 0x99, 0x92,
    0x92, 0x8b, 0x8b, 0x8b, 0xf4, 0x84, 0x81, 0xf0, 0x7d, 0xf0, 0xf0, 0x7d, 0x78, 0x78, 0x7d, 0xf0,
    0x7d, 0xf0, 0x86, 0x93, 0x8b, 0x8b, 0x8b, 0x8c, 0x86, 0x86, 0x81, 0x83, 0x81, 0x83, 0x86, 0x83,
    0xf0, 0x81, 0xf0, 0x7d, 0x7d, 0x7d, 0x7d, 0x7d, 0x7d, 0x78, 0x7d, 0xf0, 0x80, 0x80, 0x81, 0x83,
    0x86, 0x8c, 0x8c, 0x86, 0x83, 0x83, 0xf0, 0x7d, 0x78, 0x76, 0x76, 0x73, 0x76, 0x7d, 0xf0, 0xf0,
    0x79, 0x74, 0x74, 0x74, 0x73, 0x6e, 0x73, 0x73, 0x74, 0x74, 0x74, 0x79, 0x79, 0x7c, 0x79, 0x79,
    0x79, 0x79, 0x7c, 0x7c, 0x7c, 0x7c, 0x80, 0x80, 0x80, 0x80, 0x80, 0x83, 0x80, 0x83, 0x83, 0x83,
    0x83, 0x88, 0x8c, 0x8c, 0x93, 0x8c, 0x8c, 0x8c, 0x8c, 0x93, 0x93, 0x93, 0x8c, 0x97, 0x97, 0x93,
    0x93, 0x93, 0x8c, 0x97, 0x97, 0x97, 0x97, 0x97, 0x97, 0x97, 0x97, 0x97, 0x97, 0x9b, 0x9b, 0x9b,
    0x97, 0x97, 0x93, 0x97, 0x93, 0x93, 0x93, 0x93, 0x93, 0x93, 0x8c, 0x8c, 0x88, 0x88, 0x88, 0x88,
    0x83, 0x83, 0x80, 0x80, 0x7c, 0x7c, 0x7c, 0x79, 0x79, 0x74, 0x74, 0x73, 0x74, 0x74, 0x73, 0x6e,
    0x6e, 0x69, 0x69, 0x66, 0x66, 0x66, 0x69, 0x66, 0x66, 0x64, 0x64, 0xfc, 0xfc, 0xfc, 0xe3, 0xfc,
    0xfc, 0xfc, 0xfc, 0xfc, 0xfc, 0xfc, 0xfc, 0xfc, 0x64, 0x64, 0x64, 0x64, 0x23, 0x66, 0x69, 0x69,
    0x69, 0x69, 0x69, 0x69, 0x69, 0x69, 0x6b, 0x6e, 0x6e, 0x6e, 0x74, 0x79, 0x7c, 0x7c, 0x80, 0x80,
    0x83, 0x83, 0x83, 0x88, 0x88, 0x8c, 0x8c, 0x93, 0x93, 0x95, 0x97, 0x97, 0x9b, 0x9b, 0x9e, 0x9e,
    0xa9, 0xa1, 0xa1, 0x9e, 0x9e, 0x9e, 0x9e, 0x9e, 0xa1, 0xa9, 0xac, 0xac, 0xa9, 0xa9, 0xa9, 0xa9,
    0xa3, 0x9f, 0x9c, 0x9c, 0x99, 0x97, 0x99, 0x97, 0x92, 0x92, 0x92, 0x8b, 0x8b, 0x92, 0x99, 0x92,
    0x92, 0x8b, 0x92, 0x8b, 0x8b, 0x86, 0xf4, 0x84, 0x81, 0xf0, 0xf0, 0x7d, 0x7d, 0x7d, 0xf0, 0x78,
    0x78, 0xf0, 0x83, 0x86, 0x8b, 0x8b, 0x93, 0x86, 0x83, 0x81, 0xf0, 0x7d, 0xf0, 0xf0, 0x81, 0x83,
    0xf0, 0xf0, 0xf0, 0x7d, 0x7d, 0x7d, 0x7d, 0x78, 0xf0, 0x7d, 0x7d, 0x7d, 0xf0, 0x81, 0x81, 0x83,
    0x83, 0x86, 0x86, 0x86, 0x86, 0x86, 0x81, 0xf0, 0x78, 0x76, 0x78, 0x78, 0x78, 0x78, 0xf0, 0x7d,
    0x78, 0x74, 0x79, 0x79, 0x79, 0x79, 0x74, 0x74, 0x79, 0x7c, 0x7c, 0x7c, 0x7c, 0x7c, 0x7c, 0x7c,
    0x7c, 0x7c, 0x7c, 0x7c, 0x80, 0x7c, 0x80, 0x80, 0x80, 0x80, 0x80, 0x83, 0x83, 0x83, 0x88, 0x88,
    0x88, 0x8c, 0x8c, 0x93, 0x95, 0x93, 0x93, 0x95, 0x95, 0x93, 0x93, 0x95, 0x97, 0x97, 0x97, 0x95,
    0x8c, 0x93, 0x95, 0x97, 0x9b, 0x9b, 0x9b, 0x97, 0x9b, 0x9b, 0x9b, 0x9b, 0x9b, 0x9e, 0x9e, 0x9e,
    0x9e, 0x9b, 0x97, 0x97, 0x95, 0x95, 0x95, 0x8c, 0x93, 0x93, 0x93, 0x8c, 0x8c, 0x8c, 0x88, 0x88,
    0x88, 0x83, 0x80, 0x80, 0x80, 0x7c, 0x7c, 0x7c, 0x79, 0x79, 0x79, 0x74, 0x74, 0x74, 0x74, 0x73,
    0x6e, 0x6b, 0x69, 0x69, 0x66, 0x69, 0x66, 0x66, 0x69, 0x64, 0x64, 0x64, 0xfc, 0xfc, 0xfc, 0xfc,
    0xfc, 0xfc, 0xfc, 0xfc, 0xfc, 0xfc, 0xfc, 0xe3, 0xe3, 0x64, 0x64, 0x64, 0x64, 0x66, 0x66, 0x69,
    0x69, 0x6b, 0x6b, 0x69, 0x69, 0x6b, 0x6b, 0x6e, 0x6e, 0x73, 0x79, 0x7c, 0x7c, 0x80, 0x80, 0x83,
    0x88, 0x88, 0x88, 0x88, 0x8c, 0x93, 0x93, 0x93, 0x97, 0x97, 0x9b, 0x9b, 0x9b, 0x9e, 0x9e, 0x9e,
    0xa9, 0xa9, 0xa9, 0xa1, 0x9e, 0x9e, 0x9e, 0x9e, 0xa1, 0xa1, 0xa9, 0xac, 0xac, 0xa9, 0xa3, 0xa3,
    0xa9, 0xa3, 0xa3, 0x9f, 0x9c, 0x99, 0x9c, 0x99, 0x9c, 0x9c, 0x99, 0x99, 0x95, 0x92, 0x97, 0x97,
    0x92, 0x97, 0x92, 0x8b, 0x8b, 0x8b, 0x8b, 0x84, 0x84, 0x84, 0xf0, 0xf0, 0x81, 0x81, 0xf0, 0xf0,
    0xf0, 0xf0, 0x81, 0x83, 0x86, 0x86, 0x86, 0x83, 0xf0, 0x7d, 0x7d, 0x7d, 0x7d, 0x7d, 0xf0, 0x81,
    0xf0, 0xf0, 0x7d, 0x7d, 0x7d, 0x7d, 0x7d, 0x7d, 0x7d, 0x78, 0x78, 0x7d, 0xf0, 0xf0, 0x83, 0x83,
    0x83, 0x83, 0x83, 0x86, 0x86, 0x86, 0x83, 0xf0, 0x7d, 0x78, 0x76, 0x78, 0x78, 0x78, 0x7d, 0x7c,
    0x78, 0x7c, 0x7c, 0x7c, 0x7c, 0x7c, 0x7c, 0x79, 0x79, 0x7c, 0x7c, 0x7c, 0x80, 0x80, 0x80, 0x80,
    0x7c, 0x7c, 0x7c, 0x80, 0x80, 0x80, 0x80, 0x83, 0x80, 0x83, 0x83, 0x88, 0x88, 0x88, 0x8c, 0x93,
    0x93, 0x93, 0x93, 0x97, 0x97, 0x97, 0x97, 0x97, 0x9b, 0x97, 0x97, 0x97, 0x9b, 0x9b, 0x97, 0x9b,
    0x97, 0x97, 0x97, 0x9b, 0x9b, 0x9e, 0x9e, 0x9b, 0x9e, 0x9b, 0x9b, 0x9e, 0x9e, 0x9e, 0xa1, 0x9e,
    0x9e, 0x9e, 0x9e, 0x9b, 0x97, 0x97, 0x97, 0x97, 0x97, 0x95, 0x93, 0x95, 0x93, 0x93, 0x8c, 0x8c,
    0x88, 0x88, 0x83, 0x83, 0x80, 0x80, 0x7c, 0x7c, 0x7c, 0x7c, 0x79, 0x79, 0x74, 0x74, 0x74, 0x74,
    0x73, 0x73, 0x6e, 0x6b, 0x6b, 0x69, 0x66, 0x66, 0x69, 0x69, 0x66, 0x64, 0x64, 0x64, 0x64, 0x64,
    0xfc, 0xfc, 0xfc, 0xfc, 0xfc, 0xfc, 0xfc, 0xfc, 0x64, 0x64, 0x64, 0x64, 0x64, 0x66, 0x66, 0x69,
    0x69, 0x6b, 0x69, 0x6b, 0x6b, 0x6b, 0x6e, 0x73, 0x6e, 0x74, 0x79, 0x7c, 0x80, 0x80, 0x83, 0x88,
    0x88, 0x8c, 0x88, 0x8c, 0x93, 0x93, 0x97, 0x97, 0x9b, 0x9b, 0x9b, 0x9e, 0x9e, 0x9e, 0x9e, 0x9e,
    0xa9, 0xa9, 0xa9, 0xa1, 0xa1, 0x9e, 0x9e, 0x9e, 0xa1, 0xa1, 0xa9, 0xa9, 0xac, 0xa9, 0xa9, 0xa9,
    0xa9, 0xa3, 0xa3, 0x9f, 0x9f, 0x9f, 0x9c, 0x9c, 0x9c, 0x9c, 0x9f, 0x9c, 0x99, 0x97, 0x92, 0x92,
    0x97, 0x97, 0x8b, 0x8b, 0x8b, 0x8b, 0x86, 0xf4, 0x84, 0x84, 0x84, 0x84, 0x84, 0x84, 0x84, 0x84,
    0x86, 0x83, 0x81, 0x81, 0x83, 0x86, 0x83, 0x83, 0xf0, 0x7d, 0x78, 0x78, 0x78, 0x78, 0x78, 0x78,
    0x7d, 0x7d, 0x7d, 0x78, 0x78, 0x78, 0x78, 0x7d, 0xf0, 0x78, 0x78, 0x7d, 0xf0, 0xf0, 0x80, 0x86,
    0x83, 0x83, 0x83, 0x83, 0x88, 0x8c, 0x86, 0x83, 0xf0, 0x7d, 0x7d, 0x7d, 0x7d, 0x80, 0x80, 0xf0,
    0xf0, 0x80, 0x7c, 0xf0, 0xf0, 0x80, 0x80, 0x7c, 0x7c, 0x7c, 0x80, 0x80, 0x80, 0x80, 0x80, 0x80,
    0x7c, 0x80, 0x80, 0x80, 0x80, 0x83, 0x88, 0x88, 0x8c, 0x88, 0x88, 0x88, 0x88, 0x8c, 0x93, 0x95,
    0x97, 0x97, 0x97, 0x97, 0x9b, 0x9e, 0x9e, 0x9b, 0x9e, 0x9e, 0x9e, 0x9e, 0x9e, 0x9e, 0x9e, 0x9b,
    0x9b, 0x9b, 0x9b, 0x9b, 0x9b, 0x9e, 0x9e, 0xa1, 0xa1, 0xa1, 0x9e, 0x9e, 0x9e, 0xa1, 0xa1, 0xa1,
    0xa1, 0xa1, 0xa1, 0x9e, 0x9b, 0x9b, 0x9b, 0x9b, 0x9b, 0x97, 0x97, 0x97, 0x97, 0x97, 0x95, 0x93,
    0x8c, 0x88, 0x88, 0x83, 0x83, 0x83, 0x83, 0x80, 0x80, 0x80, 0x7c, 0x79, 0x7c, 0x74, 0x74, 0x73,
    0x73, 0x73, 0x6e, 0x6b, 0x69, 0x69, 0x69, 0x69, 0x69, 0x69, 0x66, 0x64, 0x64, 0x64, 0x64, 0x64,
    0x64, 0x64, 0x64, 0x64, 0xfc, 0xfc, 0x64, 0x64, 0xe3, 0x64, 0x64, 0x64, 0x66, 0x66, 0x66, 0x66,
    0x69, 0x6b, 0x6b, 0x6b, 0x6b, 0x6b, 0x6e, 0x6e, 0x73, 0x74, 0x79, 0x7c, 0x80, 0x83, 0x83, 0x88,
    0x88, 0x8c, 0x93, 0x93, 0x97, 0x97, 0x9b, 0x9e, 0x9e, 0xa1, 0xa1, 0x9e, 0xa1, 0xa1, 0xa1, 0x9e,
    0xa9, 0xa9, 0xa9, 0xa9, 0xa1, 0xa1, 0xa1, 0xa1, 0xa1, 0xa9, 0xa9, 0xac, 0xac, 0xac, 0xaf, 0xac,
    0xa9, 0xa9, 0xa3, 0xa3, 0x9f, 0xa3, 0x9f, 0xa3, 0x9f, 0x9f, 0x9f, 0xa2, 0x9f, 0x9c, 0x99, 0x95,
    0x99, 0x99, 0x99, 0x92, 0x92, 0x8b, 0x8b, 0x8b, 0x8b, 0x84, 0x84, 0x84, 0x86, 0x86, 0x84, 0x84,
    0xf4, 0x86, 0xf0, 0xf0, 0x81, 0xf0, 0xf0, 0x81, 0xf0, 0xf0, 0x7d, 0x78, 0x76, 0x76, 0x78, 0x78,
    0x78, 0xf0, 0x7d, 0x7d, 0x7d, 0xf0, 0x7d, 0x7d, 0x7d, 0x7d, 0x7d, 0x78, 0x78, 0x7d, 0x7d, 0xf0,
    0xf0, 0xf0, 0x80, 0x81, 0x81, 0x81, 0x81, 0x81, 0xf0, 0x7d, 0x78, 0x7d, 0x7d, 0x80, 0x80, 0x80,
    0x83, 0x83, 0x80, 0x80, 0x80, 0x80, 0x80, 0x80, 0x80, 0x80, 0x80, 0x80, 0x80, 0x88, 0x83, 0x83,
    0x83, 0x80, 0x83, 0x83, 0x83, 0x88, 0x88, 0x88, 0x8c, 0x88, 0x8c, 0x8c, 0x93, 0x93, 0x93, 0x93,
    0x97, 0x9e, 0x9e, 0x9e, 0x9e, 0x9e, 0x9e, 0xa1, 0xa1, 0xa1, 0x9e, 0xa1, 0xa1, 0xa1, 0xa1, 0xa1,
    0xa1, 0xa1, 0xa1, 0xa1, 0xa1, 0xa1, 0xa1, 0xa1, 0xa1, 0xa1, 0xa1, 0xa1, 0xa1, 0xa1, 0xa1, 0xa9,
    0xa9, 0xa9, 0xa1, 0xa1, 0x9e, 0xa1, 0xa1, 0x9e, 0x9e, 0x9e, 0x9e, 0x9b, 0x9b, 0x9b, 0x9b, 0x97,
    0x95, 0x93, 0x8c, 0x8c, 0x88, 0x88, 0x88, 0x83, 0x83, 0x83, 0x80, 0x7c, 0x79, 0x74, 0x74, 0x73,
    0x73, 0x73, 0x6e, 0x6e, 0x6b, 0x69, 0x69, 0x69, 0x66, 0x66, 0x66, 0x64, 0x64, 0x23, 0x64, 0x64,
    0x64, 0x64, 0x64, 0x64, 0x64, 0x64, 0x64, 0x64, 0x64, 0x64, 0x23, 0x66, 0x66, 0x69, 0x69, 0x6b,
    0x6b, 0x6b, 0x6e, 0x6e, 0x6e, 0x6e, 0x6e, 0x73, 0x74, 0x79, 0x7c, 0x80, 0x80, 0x83, 0x88, 0x88,
    0x8c, 0x93, 0x93, 0x97, 0x97, 0x9b, 0x9e, 0x9e, 0xa1, 0xa1, 0xa1, 0xa9, 0xa1, 0xa9, 0xa9, 0xa1,
    0xac, 0xa9, 0xa9, 0xa9, 0xa9, 0xa9, 0xa9, 0xa9, 0xa9, 0xa9, 0xa9, 0xa9, 0xa9, 0xac, 0xac, 0xac,
    0xa9, 0xa3, 0x9f, 0x9c, 0x9c, 0x9c, 0x9f, 0x9f, 0x9f, 0x9f, 0x9f, 0x9c, 0x9c, 0x99, 0x9c, 0x99,
    0x99, 0x99, 0x99, 0x92, 0x92, 0x92, 0x8b, 0x8b, 0x8b, 0x8b, 0x86, 0x86, 0x84, 0x84, 0x84, 0x84,
    0x83, 0xf0, 0xf0, 0x81, 0xf0, 0xf0, 0xf0, 0xf0, 0xf0, 0xf0, 0x7d, 0x78, 0x76, 0x76, 0x78, 0x78,
    0x78, 0x7d, 0x7d, 0x7d, 0x7d, 0xf0, 0xf0, 0x7d, 0x7d, 0x7d, 0xf0, 0x7d, 0xf0, 0xf0, 0x80, 0x81,
    0x81, 0xf0, 0x81, 0x80, 0x80, 0x80, 0xf0, 0xf0, 0xf0, 0x7d, 0x7d, 0xf0, 0x7c, 0x80, 0x83, 0x83,
    0x83, 0x83, 0x88, 0x83, 0x83, 0x83, 0x83, 0x80, 0x80, 0x83, 0x83, 0x88, 0x88, 0x8c, 0x8c, 0x88,
    0x88, 0x83, 0x88, 0x88, 0x88, 0x88, 0x8c, 0x93, 0x93, 0x93, 0x93, 0x93, 0x95, 0x97, 0x97, 0x97,
    0x9b, 0x9e, 0x9e, 0x9e, 0xa1, 0x9e, 0xa1, 0xa9, 0xa9, 0xa9, 0xa9, 0xa9, 0xa9, 0xa9, 0xa9, 0xac,
    0xa9, 0xa9, 0xa9, 0xa9, 0xac, 0xa9, 0xa9, 0xa9, 0xa9, 0xa9, 0xa9, 0xa4, 0xa9, 0xa9, 0xa9, 0xa9,
    0xa9, 0xa9, 0xa9, 0xa9, 0xa9, 0xa1, 0xa9, 0xa1, 0xa1, 0xa1, 0xa1, 0x9e, 0x9e, 0x9e, 0x9e, 0x9e,
    0x9b, 0x97, 0x97, 0x93, 0x8c, 0x8c, 0x8c, 0x88, 0x88, 0x83, 0x80, 0x80, 0x7c, 0x79, 0x74, 0x73,
    0x73, 0x73, 0x73, 0x6e, 0x6e, 0x6b, 0x69, 0x66, 0x66, 0x66, 0x64, 0x64, 0x64, 0x64, 0x64, 0x64,
    0x66, 0x64, 0x64, 0x64, 0x64, 0x66, 0x66, 0x66, 0x64, 0x66, 0x66, 0x66, 0x66, 0x69, 0x6b, 0x6b,
    0x6e, 0x6e, 0x6e, 0x73, 0x6e, 0x6e, 0x73, 0x73, 0x74, 0x79, 0x79, 0x80, 0x80, 0x83, 0x88, 0x88,
    0x93, 0x93, 0x97, 0x97, 0x97, 0x9b, 0x9e, 0x9e, 0xa1, 0xa1, 0xa9, 0xa1, 0xa1, 0xa1, 0xa9, 0xa9,
    0xa9, 0xa9, 0xa9, 0xa9, 0xa9, 0xac, 0xa9, 0xa9, 0xa9, 0xa9, 0xa9, 0xa9, 0xa9, 0xa9, 0xa9, 0xa9,
    0xa9, 0xa3, 0x9f, 0x99, 0x99, 0x99, 0x99, 0x9c, 0x9c, 0x99, 0x9c, 0x9c, 0x9c, 0x9c, 0x9c, 0x99,
    0x9c, 0x9c, 0x99, 0x99, 0x99, 0x97, 0x92, 0x92, 0x92, 0x92, 0x92, 0x8b, 0x8b, 0x84, 0x86, 0x86,
    0x84, 0x83, 0x81, 0xf0, 0xf0, 0xf0, 0xf0, 0xf0, 0xf0, 0xf0, 0xf0, 0x7d, 0x78, 0x76, 0x76, 0x78,
    0x78, 0x7d, 0x7d, 0xf0, 0xf0, 0x81, 0xf0, 0x81, 0xf0, 0x83, 0x86, 0x83, 0x86, 0x83, 0x83, 0x83,
    0x88, 0x83, 0x88, 0x83, 0x83, 0x83, 0xf0, 0x7d, 0x80, 0x80, 0x83, 0x80, 0x80, 0x80, 0x80, 0x88,
    0x88, 0x88, 0x8c, 0x88, 0x88, 0x83, 0x88, 0x88, 0x88, 0x88, 0x88, 0x88, 0x8c, 0x8c, 0x93, 0x93,
    0x8c, 0x88, 0x88, 0x88, 0x88, 0x8c, 0x93, 0x95, 0x97, 0x97, 0x97, 0x97, 0x97, 0x9b, 0x9e, 0xa1,
    0x9e, 0x9e, 0xa1, 0xa1, 0xa1, 0xa1, 0xa1, 0xa9, 0xac, 0xac, 0xac, 0xac, 0xac, 0xac, 0xac, 0xac,
    0xaf, 0xa8, 0xa8, 0xa8, 0xa8, 0xa8, 0xa8, 0xac, 0xac, 0xac, 0xac, 0xac, 0xa8, 0xaf, 0xa8, 0xa8,
    0xa8, 0xa8, 0xac, 0xa8, 0xac, 0xac, 0xa9, 0xa9, 0xa9, 0xa9, 0xa9, 0xa1, 0xa1, 0xa1, 0xa1, 0xa1,
    0x9e, 0x9b, 0x9b, 0x97, 0x97, 0x97, 0x95, 0x93, 0x93, 0x88, 0x83, 0x83, 0x80, 0x7c, 0x7c, 0x79,
    0x74, 0x74, 0x73, 0x73, 0x6e, 0x6b, 0x6b, 0x6b, 0x69, 0x69, 0x69, 0x66, 0x64, 0x66, 0x66, 0x64,
    0x64, 0x66, 0x66, 0x69, 0x69, 0x6b, 0x6b, 0x69, 0x69, 0x6b, 0x6b, 0x69, 0x69, 0x69, 0x6b, 0x6e,
    0x6e, 0x6e, 0x6e, 0x6e, 0x6e, 0x6e, 0x6e, 0x73, 0x74, 0x79, 0x7c, 0x80, 0x80, 0x88, 0x88, 0x8c,
    0x93, 0x97, 0x9b, 0x9b, 0x9e, 0x9b, 0x9e, 0xa1, 0xa9, 0xa9, 0xa9, 0xa9, 0xa9, 0xa9, 0xa9, 0xa9,
    0xac, 0xa9, 0xa9, 0xa9, 0xa9, 0xac, 0xac, 0xac, 0xac, 0xa9, 0xa9, 0xa9, 0xa9, 0xa9, 0xac, 0xa9,
    0xa9, 0xa9, 0xa3, 0xa3, 0x9e, 0x9b, 0x99, 0x99, 0x9c, 0x99, 0x9c, 0x9c, 0x9f, 0xa6, 0x9c, 0x99,
    0x9c, 0x9c, 0x99, 0x99, 0x99, 0x9c, 0x99, 0x99, 0x95, 0x97, 0x92, 0x92, 0x8b, 0x8b, 0x8b, 0x86,
    0x86, 0x86, 0x81, 0xf0, 0x7d, 0xf0, 0x7d, 0x7d, 0x81, 0x83, 0x81, 0x7d, 0x7d, 0x7d, 0x78, 0x78,
    0x7d, 0xf0, 0x81, 0x81, 0x81, 0x81, 0x83, 0x86, 0x86, 0x86, 0x86, 0x93, 0x8c, 0x86, 0x86, 0x83,
    0x83, 0x83, 0x83, 0x81, 0x83, 0x80, 0x7c, 0x79, 0xf0, 0x83, 0x83, 0x83, 0x80, 0x80, 0x83, 0x88,
    0x8c, 0x8c, 0x8c, 0x8c, 0x88, 0x88, 0x8c, 0x8c, 0x88, 0x88, 0x8c, 0x8c, 0x8c, 0x8c, 0x93, 0x95,
    0x95, 0x93, 0x93, 0x93, 0x93, 0x93, 0x97, 0x97, 0x9b, 0x9b, 0x9b, 0x9b, 0x9b, 0x9e, 0x9e, 0xa1,
    0xa1, 0xa1, 0xa1, 0xa9, 0xac, 0xa9, 0xa3, 0xa9, 0xac, 0xaf, 0xaf, 0xb2, 0xaf, 0xaf, 0xa8, 0xb2,
    0xb2, 0xb2, 0xaf, 0xaf, 0xaf, 0xb5, 0xb5, 0xb2, 0xb2, 0xaf, 0xaf, 0xb2, 0xb2, 0xb2, 0xb2, 0xb2,
    0xb2, 0xb2, 0xb2, 0xb2, 0xb2, 0xb2, 0xb2, 0xaf, 0xa8, 0xa8, 0xa9, 0xa9, 0xa9, 0xa9, 0xa9, 0xa1,
    0xa1, 0x9e, 0x9e, 0x9e, 0x9b, 0x9b, 0x9b, 0x97, 0x97, 0x93, 0x8c, 0x88, 0x83, 0x80, 0x83, 0x80,
    0x7c, 0x79, 0x79, 0x74, 0x73, 0x73, 0x6e, 0x6e, 0x6e, 0x6b, 0x6b, 0x6b, 0x69, 0x69, 0x66, 0x69,
    0x69, 0x69, 0x69, 0x69, 0x69, 0x6e, 0x6e, 0x6e, 0x69, 0x6e, 0x6e, 0x6e, 0x6e, 0x6e, 0x6e, 0x6e,
    0x6e, 0x6e, 0x6e, 0x6e, 0x73, 0x6e, 0x73, 0x74, 0x7c, 0x7c, 0x80, 0x83, 0x88, 0x88, 0x88, 0x8c,
    0x8c, 0x97, 0x9b, 0xa1, 0xa1, 0x9e, 0xa1, 0x9e, 0xa9, 0xa9, 0xa1, 0xac, 0xa9, 0xa9, 0xa9, 0xa9,
    0xac, 0xac, 0xa9, 0xa9, 0xa9, 0xa9, 0xaf, 0xaf, 0xb2, 0xac, 0xa9, 0xa9, 0xa9, 0xa9, 0xac, 0xac,
    0xa9, 0xa9, 0xa6, 0xa3, 0x9f, 0x9c, 0x99, 0x99, 0x99, 0x99, 0x99, 0x9c, 0x9c, 0x9c, 0x9c, 0x99,
    0x9c, 0x9c, 0x9c, 0x9c, 0x9c, 0x9c, 0x99, 0x99, 0x99, 0x99, 0x92, 0x92, 0x92, 0x8b, 0x8b, 0x92,
    0x86, 0x84, 0x84, 0x81, 0xf0, 0xf0, 0xf0, 0xf0, 0x81, 0x81, 0xf0, 0xf0, 0x78, 0x78, 0x78, 0x78,
    0x7d, 0xf0, 0x81, 0xf0, 0x83, 0x83, 0x83, 0x86, 0x86, 0x86, 0x83, 0x83, 0x83, 0x86, 0x86, 0x83,
    0x8c, 0x8c, 0x88, 0x83, 0x83, 0x83, 0x83, 0x83, 0x88, 0x88, 0x88, 0x88, 0x83, 0x83, 0x88, 0x8c,
    0x95, 0x95, 0x93, 0x93, 0x93, 0x93, 0x93, 0x95, 0x93, 0x8c, 0x88, 0x8c, 0x8c, 0x93, 0x95, 0x93,
    0x95, 0x93, 0x93, 0x8c, 0x93, 0x97, 0x97, 0x97, 0x9b, 0x9e, 0x9e, 0x9e, 0xa1, 0xa9, 0xa1, 0x9e,
    0xa1, 0xa9, 0xa9, 0xac, 0xaf, 0xac, 0xac, 0xac, 0xaf, 0xaf, 0xaf, 0xb2, 0xb5, 0xb5, 0xb5, 0xb5,
    0xb5, 0xb5, 0xb5, 0xb2, 0xb0, 0xb8, 0xb8, 0xb8, 0xb5, 0xb0, 0xb0, 0xb5, 0xb2, 0xb0, 0xb0, 0xb2,
    0xb0, 0xb5, 0xb5, 0xb5, 0xb5, 0xb0, 0xb0, 0xb0, 0xb2, 0xb2, 0xaf, 0xa8, 0xa8, 0xac, 0xac, 0xa4,
    0xa9, 0xa1, 0xa1, 0x9e, 0x9e, 0xa1, 0xa1, 0x9e, 0x9b, 0x97, 0x95, 0x93, 0x88, 0x88, 0x88, 0x88,
    0x83, 0x7c, 0x79, 0x79, 0x74, 0x73, 0x74, 0x73, 0x6e, 0x6e, 0x6e, 0x6b, 0x69, 0x69, 0x6b, 0x6b,
    0x6b, 0x69, 0x69, 0x6b, 0x6b, 0x6e, 0x6e, 0x6e, 0x6e, 0x73, 0x6e, 0x6e, 0x6e, 0x6e, 0x6e, 0x6e,
    0x6e, 0x73, 0x6e, 0x6e, 0x73, 0x73, 0x74, 0x73, 0x79, 0x7c, 0x80, 0x88, 0x88, 0x8c, 0x8c, 0x8c,
    0x93, 0x93, 0x9b, 0x9e, 0x9e, 0xa1, 0xa1, 0xa1, 0xa1, 0xa1, 0xa9, 0xa9, 0xac, 0xa9, 0xa1, 0xa9,
    0xac, 0xa9, 0xa9, 0xa9, 0xa9, 0xa9, 0xac, 0xb2, 0xb2, 0xb2, 0xac, 0xa9, 0xa9, 0xa9, 0xac, 0xac,
    0xac, 0xa9, 0xa6, 0xa3, 0xa6, 0xa3, 0x9c, 0x99, 0x99, 0x99, 0x99, 0x99, 0x99, 0x99, 0x99, 0x99,
    0x92, 0x92, 0x95, 0x99, 0x99, 0x99, 0x99, 0x99, 0x99, 0x99, 0x92, 0x92, 0x92, 0x92, 0x92, 0x92,
    0x8b, 0x86, 0x86, 0x84, 0x81, 0xf0, 0x81, 0xf0, 0xf0, 0x83, 0x81, 0xf0, 0x7d, 0x7d, 0x7d, 0x78,
    0x7d, 0x81, 0x81, 0x81, 0x81, 0x81, 0x81, 0x83, 0x86, 0x83, 0x83, 0x81, 0x83, 0x83, 0x88, 0x88,
    0x8c, 0x8c, 0x8c, 0x88, 0x83, 0x88, 0x88, 0x8c, 0x8c, 0x8c, 0x8c, 0x8c, 0x88, 0x88, 0x8c, 0x93,
    0x93, 0x95, 0x97, 0x95, 0x97, 0x95, 0x97, 0x97, 0x97, 0x97, 0x93, 0x93, 0x93, 0x93, 0x95, 0x97,
    0x9b, 0x97, 0x97, 0x97, 0x97, 0x97, 0x97, 0x9b, 0x9e, 0x9e, 0xa1, 0xa9, 0xac, 0xac, 0xa9, 0xa9,
    0xac, 0xac, 0xa9, 0xac, 0xb2, 0xaf, 0xac, 0xb2, 0xb2, 0xb2, 0xb2, 0xb5, 0xb5, 0xb8, 0xb8, 0xba,
    0xb8, 0xba, 0xba, 0xba, 0xba, 0xb8, 0xba, 0xba, 0xba, 0xb5, 0xb8, 0xb8, 0xb8, 0xb8, 0xb5, 0xb8,
    0xb8, 0xb8, 0xb8, 0xb8, 0xb8, 0xb8, 0xb8, 0xb8, 0xb8, 0xb8, 0xb8, 0xb0, 0xb0, 0xb2, 0xa8, 0xa8,
    0xa4, 0xa4, 0xa4, 0xa9, 0xa1, 0xa1, 0xa1, 0xa1, 0xa1, 0x9b, 0x9b, 0x97, 0x93, 0x8c, 0x88, 0x88,
    0x88, 0x83, 0x80, 0x7c, 0x79, 0x79, 0x74, 0x74, 0x73, 0x6e, 0x6e, 0x6e, 0x6e, 0x6b, 0x6b, 0x6b,
    0x6e, 0x6b, 0x6b, 0x6b, 0x6e, 0x6e, 0x6e, 0x6e, 0x73, 0x73, 0x73, 0x73, 0x73, 0x73, 0x73, 0x73,
    0x6e, 0x6e, 0x73, 0x73, 0x74, 0x74, 0x74, 0x79, 0x79, 0x7c, 0x80, 0x88, 0x88, 0x93, 0x93, 0x93,
    0x93, 0x97, 0x97, 0x9b, 0xa1, 0xa9, 0xa9, 0xa9, 0xa1, 0xa9, 0xa1, 0xa9, 0xac, 0xac, 0xac, 0xa9,
    0xa9, 0xa9, 0xa9, 0xa9, 0xa9, 0xa9, 0xac, 0xac, 0xb2, 0xaf, 0xaf, 0xa9, 0xa9, 0xa9, 0xa9, 0xac,
    0xac, 0xac, 0xa9, 0xa3, 0xa3, 0xa3, 0x9f, 0x9c, 0x99, 0x99, 0x99, 0x99, 0x99, 0x99, 0x99, 0x95,
    0x92, 0x86, 0x86, 0x8b, 0x92, 0x95, 0x97, 0x92, 0x92, 0x92, 0x92, 0x92, 0x92, 0x92, 0x92, 0x92,
    0x92, 0x8b, 0x86, 0x86, 0x83, 0x81, 0x81, 0xf0, 0x7d, 0xf0, 0xf0, 0xf0, 0x7d, 0x7d, 0x7d, 0x78,
    0xf0, 0x83, 0x83, 0x86, 0x83, 0x81, 0x81, 0x81, 0x81, 0x83, 0x83, 0x83, 0x83, 0x80, 0x83, 0x8c,
    0x93, 0x8c, 0x88, 0x8c, 0x8c, 0x8c, 0x8c, 0x8c, 0x8c, 0x93, 0x93, 0x8c, 0x8c, 0x8c, 0x8c, 0x93,
    0x8c, 0x93, 0x93, 0x97, 0x97, 0x97, 0x9b, 0x97, 0x97, 0x9b, 0x97, 0x93, 0x95, 0x97, 0x97, 0x9b,
    0x9e, 0x9e, 0x9e, 0x9e, 0x9e, 0x9e, 0x9e, 0x9e, 0xa1, 0xa1, 0xa1, 0xa9, 0xa9, 0xac, 0xaf, 0xaf,
    0xb2, 0xb2, 0xaf, 0xb2, 0xb2, 0xb2, 0xb5, 0xb5, 0xb8, 0xb8, 0xb8, 0xb8, 0xb8, 0xba, 0xba, 0xbe,
    0xbe, 0xba, 0xbe, 0xbe, 0xbe, 0xba, 0xbe, 0xbe, 0xbe, 0xba, 0xb8, 0xbe, 0xb8, 0xba, 0xba, 0xb8,
    0xba, 0xba, 0xba, 0xba, 0xba, 0xba, 0xba, 0xba, 0xba, 0xba, 0xba, 0xb8, 0xb5, 0xb5, 0xb0, 0xb0,
    0xb2, 0xa8, 0xa8, 0xa8, 0xac, 0xa9, 0xa9, 0xa9, 0xa1, 0x9e, 0x9e, 0x9b, 0x9b, 0x95, 0x8c, 0x8c,
    0x88, 0x88, 0x83, 0x80, 0x7c, 0x7c, 0x79, 0x74, 0x73, 0x6e, 0x6e, 0x6e, 0x6e, 0x6b, 0x6b, 0x6e,
    0x6e, 0x6e, 0x6b, 0x6e, 0x6e, 0x6e, 0x6e, 0x73, 0x6e, 0x73, 0x73, 0x73, 0x73, 0x73, 0x73, 0x73,
    0x73, 0x73, 0x73, 0x74, 0x74, 0x79, 0x7c, 0x7c, 0x7c, 0x80, 0x80, 0x83, 0x88, 0x8c, 0x93, 0x93,
    0x97, 0x93, 0x9b, 0x9b, 0xa1, 0xa1, 0xa9, 0xa9, 0xa9, 0xa9, 0xa9, 0xa9, 0xa9, 0xac, 0xa9, 0xa9,
    0xa9, 0xac, 0xac, 0xac, 0xa9, 0xa9, 0xac, 0xac, 0xac, 0xaf, 0xac, 0xac, 0xa9, 0xa9, 0xa9, 0xa9,
    0xac, 0xac, 0xa9, 0xa3, 0xa3, 0x9f, 0x9c, 0x99, 0x97, 0x99, 0x99, 0x99, 0x99, 0x99, 0x95, 0x99,
    0x99, 0x95, 0x8b, 0x8b, 0x92, 0x93, 0x99, 0x97, 0x97, 0x97, 0x99, 0x99, 0x99, 0x99, 0x99, 0x92,
    0x92, 0x86, 0x83, 0x81, 0x83, 0xf0, 0xf0, 0x7d, 0x78, 0x78, 0x78, 0x78, 0x7d, 0x7d, 0x78, 0x7d,
    0x81, 0x83, 0x86, 0x86, 0x86, 0x83, 0x81, 0xf0, 0x81, 0x83, 0x83, 0x83, 0x80, 0x83, 0x83, 0x8c,
    0x8c, 0x8c, 0x8c, 0x8c, 0x8c, 0x8c, 0x8c, 0x93, 0x93, 0x93, 0x8c, 0x8c, 0x93, 0x8c, 0x93, 0x93,
    0x93, 0x97, 0x97, 0x97, 0x9b, 0x9b, 0x9b, 0x9b, 0x97, 0x97, 0x97, 0x95, 0x97, 0x97, 0x9b, 0x9b,
    0x9e, 0x9e, 0xa1, 0xa1, 0xa1, 0xa1, 0xa1, 0xa1, 0xa9, 0xa9, 0xa9, 0xac, 0xaf, 0xac, 0xb2, 0xb2,
    0xb2, 0xb2, 0xb2, 0xb5, 0xb5, 0xb5, 0xb8, 0xba, 0xba, 0xba, 0xba, 0xba, 0xbe, 0xbe, 0xbe, 0xc2,
    0xc2, 0xbe, 0xc2, 0xc2, 0xc2, 0xbe, 0xbe, 0xbe, 0xc2, 0xbe, 0xbe, 0xbe, 0xbe, 0xbe, 0xbe, 0xbe,
    0xba, 0xbe, 0xbe, 0xbe, 0xbe, 0xbe, 0xbe, 0xbe, 0xc2, 0xbe, 0xc2, 0xbe, 0xba, 0xba, 0xb8, 0xb8,
    0xb5, 0xb0, 0xb0, 0xb0, 0xaf, 0xa8, 0xa8, 0xa8, 0xa9, 0xa1, 0xa1, 0x9e, 0x9e, 0x97, 0x95, 0x93,
    0x8c, 0x88, 0x88, 0x83, 0x80, 0x7c, 0x79, 0x79, 0x73, 0x6e, 0x6e, 0x6e, 0x6b, 0x6e, 0x6e, 0x6e,
    0x6e, 0x6e, 0x6e, 0x6e, 0x6e, 0x73, 0x6e, 0x6e, 0x73, 0x6e, 0x73, 0x73, 0x74, 0x73, 0x73, 0x73,
    0x74, 0x74, 0x74, 0x79, 0x79, 0x7c, 0x7c, 0x7c, 0x7c, 0x80, 0x83, 0x88, 0x88, 0x8c, 0x95, 0x97,
    0x97, 0x9b, 0x97, 0x9b, 0x9e, 0x9e, 0xa1, 0xa9, 0xa9, 0xa9, 0xa9, 0xa9, 0xa9, 0xa9, 0xa9, 0xac,
    0xac, 0xac, 0xac, 0xac, 0xac, 0xa9, 0xa9, 0xac, 0xac, 0xac, 0xac, 0xac, 0xac, 0xac, 0xa9, 0xac,
    0xac, 0xaf, 0xac, 0xac, 0xa9, 0xa3, 0x9f, 0x9f, 0x99, 0x99, 0x99, 0x9c, 0x99, 0x99, 0x99, 0x99,
    0x99, 0x99, 0x99, 0x8b, 0x8b, 0x8b, 0x97, 0x99, 0x99, 0x99, 0x99, 0x99, 0x99, 0x97, 0x99, 0x92,
    0x8b, 0x8b, 0x86, 0x81, 0xf0, 0xf0, 0xf0, 0x81, 0xf0, 0x7d, 0x78, 0x78, 0x78, 0x7d, 0x7d, 0xf0,
    0x83, 0x86, 0x88, 0x86, 0x86, 0x83, 0x81, 0x81, 0x81, 0x81, 0x83, 0x83, 0x88, 0x88, 0x88, 0x8c,
    0x8c, 0x93, 0x93, 0x95, 0x95, 0x97, 0x97, 0x97, 0x97, 0x97, 0x95, 0x97, 0x97, 0x97, 0x97, 0x97,
    0x9b, 0x9b, 0x9b, 0x9b, 0x9b, 0x9b, 0x9e, 0x97, 0x9b, 0x97, 0x97, 0x97, 0x97, 0x9b, 0x9b, 0x9e,
    0xa1, 0xa1, 0xa1, 0xa9, 0xac, 0xa9, 0xa9, 0xac, 0xac, 0xaf, 0xaf, 0xaf, 0xb2, 0xb2, 0xb2, 0xb5,
    0xb5, 0xb8, 0xb5, 0xb8, 0xb8, 0xb8, 0xba, 0xba, 0xbe, 0xbe, 0xc2, 0xbe, 0xc2, 0xc2, 0xc2, 0xc6,
    0xc6, 0xc6, 0xc2, 0xc2, 0xc6, 0xc6, 0xc6, 0xc2, 0xc2, 0xc2, 0xc2, 0xc2, 0xc6, 0xc6, 0xc6, 0xc2,
    0xc2, 0xc2, 0xc2, 0xbe, 0xbe, 0xbe, 0xbe, 0xc2, 0xc2, 0xc2, 0xc2, 0xbe, 0xbe, 0xbe, 0xbe, 0xba,
    0xba, 0xb8, 0xba, 0xb8, 0xb8, 0xb5, 0xb2, 0xb2, 0xaf, 0xa9, 0xa9, 0xa1, 0x9e, 0x9b, 0x97, 0x95,
    0x93, 0x88, 0x88, 0x88, 0x80, 0x80, 0x7c, 0x7c, 0x74, 0x73, 0x6e, 0x73, 0x6e, 0x6e, 0x6e, 0x6e,
    0x6e, 0x6e, 0x6e, 0x73, 0x73, 0x73, 0x73, 0x73, 0x73, 0x73, 0x73, 0x74, 0x74, 0x74, 0x79, 0x74,
    0x79, 0x79, 0x79, 0x79, 0x7c, 0x7c, 0x80, 0x80, 0x83, 0x83, 0x83, 0x88, 0x88, 0x8c, 0x97, 0x97,
    0x97, 0x9b, 0x9b, 0x9b, 0x9e, 0xa1, 0xa1, 0xa9, 0xa9, 0xa9, 0xa9, 0xa9, 0xa9, 0xa9, 0xac, 0xac,
    0xac, 0xac, 0xa9, 0xa9, 0xa9, 0xa9, 0xa9, 0xac, 0xac, 0xac, 0xac, 0xa9, 0xa9, 0xac, 0xac, 0xac,
    0xaf, 0xac, 0xac, 0xac, 0xa6, 0xa3, 0x9f, 0x9c, 0x9c, 0x99, 0x99, 0x99, 0x99, 0x99, 0x99, 0x99,
    0x99, 0x9f, 0x9c, 0x99, 0x8b, 0x8b, 0x92, 0x92, 0x99, 0x99, 0x99, 0x97, 0x92, 0x99, 0x92, 0x92,
    0x92, 0x8b, 0x8b, 0x84, 0xf0, 0xf0, 0xf0, 0x81, 0x81, 0xf0, 0x7d, 0x7d, 0x7d, 0xf0, 0xf0, 0x81,
    0x83, 0x83, 0x83, 0x86, 0x86, 0x86, 0x83, 0x83, 0x83, 0x88, 0x86, 0x88, 0x8c, 0x8c, 0x8c, 0x8c,
    0x93, 0x93, 0x97, 0x9b, 0x9b, 0x9e, 0x9e, 0x9e, 0x9e, 0x9e, 0x9e, 0x9e, 0x9b, 0x9b, 0x9b, 0x9b,
    0x9b, 0x9b, 0x9b, 0x9b, 0x9b, 0x9e, 0x9e, 0x9e, 0x9e, 0x9b, 0x9b, 0x9b, 0x9b, 0x9b, 0x9e, 0x9e,
    0xa1, 0xa9, 0xac, 0xa9, 0xaf, 0xaf, 0xaf, 0xb2, 0xb5, 0xb8, 0xb8, 0xb8, 0xb8, 0xba, 0xb8, 0xba,
    0xbe, 0xba, 0xbe, 0xb8, 0xbe, 0xbe, 0xbe, 0xbe, 0xc2, 0xc6, 0xc2, 0xc2, 0xc2, 0xc9, 0xc6, 0xc6,
    0xc9, 0xc6, 0xc9, 0xc9, 0xc6, 0xc6, 0xc6, 0xc6, 0xc9, 0xc6, 0xc6, 0xc6, 0xc6, 0xc6, 0xc6, 0xc6,
    0xc6, 0xc2, 0xc6, 0xc6, 0xc2, 0xc2, 0xc6, 0xc6, 0xc6, 0xc6, 0xc6, 0xc6, 0xc2, 0xc2, 0xbe, 0xbe,
    0xbe, 0xbe, 0xbe, 0xbe, 0xbe, 0xba, 0xb8, 0xb8, 0xb2, 0xa8, 0xa8, 0xa1, 0xa1, 0x9e, 0x97, 0x97,
    0x93, 0x8c, 0x8c, 0x88, 0x88, 0x80, 0x80, 0x7c, 0x79, 0x74, 0x6e, 0x6e, 0x6e, 0x6e, 0x6e, 0x73,
    0x6e, 0x73, 0x73, 0x73, 0x73, 0x73, 0x73, 0x73, 0x73, 0x74, 0x74, 0x74, 0x74, 0x79, 0x79, 0x79,
    0x79, 0x7c, 0x7c, 0x7c, 0x7c, 0x80, 0x80, 0x83, 0x88, 0x88, 0x88, 0x88, 0x8c, 0x93, 0x93, 0x97,
    0x9b, 0x9b, 0x9b, 0x9b, 0x9b, 0x9e, 0x9e, 0xa1, 0xa9, 0xac, 0xa9, 0xa9, 0xa9, 0xa1, 0xa9, 0xa9,
    0xac, 0xac, 0xa9, 0xa9, 0xa9, 0xa9, 0xa9, 0xac, 0xac, 0xac, 0xa9, 0xa9, 0xa9, 0xac, 0xac, 0xac,
    0xac, 0xac, 0xa9, 0xa3, 0x9f, 0x9f, 0x9c, 0x9c, 0x99, 0x99, 0x99, 0x99, 0x99, 0x99, 0x99, 0x99,
    0x95, 0x99, 0x99, 0x99, 0x92, 0x8b, 0x83, 0x83, 0x8b, 0x8b, 0x92, 0x92, 0x92, 0x92, 0x92, 0x92,
    0x8b, 0x86, 0x86, 0x8b, 0x83, 0x81, 0xf0, 0x81, 0x83, 0x83, 0x81, 0xf0, 0x81, 0x81, 0x81, 0x80,
    0x83, 0x83, 0x86, 0x86, 0x88, 0x88, 0x88, 0x83, 0x88, 0x86, 0x8c, 0x8c, 0x93, 0x93, 0x93, 0x93,
    0x95, 0x97, 0x9e, 0x9e, 0xa1, 0xa3, 0xa9, 0xa3, 0xa1, 0x9e, 0xa9, 0xa1, 0xa1, 0xa1, 0x9e, 0x9e,
    0x9b, 0x9e, 0x9e, 0xa1, 0xa1, 0xa1, 0xa1, 0xa9, 0xa1, 0x9e, 0x9e, 0x9e, 0xa1, 0xa1, 0x9e, 0xa9,
    0xa9, 0xac, 0xaf, 0xb2, 0xb5, 0xb8, 0xb8, 0xb8, 0xba, 0xba, 0xbe, 0xb8, 0xb5, 0xbe, 0xbe, 0xbe,
    0xc2, 0xbe, 0xbe, 0xbe, 0xbe, 0xc2, 0xc2, 0xc2, 0xc6, 0xc2, 0xc6, 0xc9, 0xc9, 0xc9, 0xc6, 0xc9,
    0xc9, 0xc9, 0xcb, 0xcb, 0xc9, 0xc9, 0xc6, 0xc9, 0xc9, 0xc6, 0xc9, 0xc9, 0xc9, 0xca, 0xc9, 0xc9,
    0xc6, 0xc9, 0xc9, 0xc6, 0xc6, 0xc6, 0xc9, 0xc6, 0xc6, 0xc6, 0xc5, 0xc6, 0xc6, 0xc6, 0xc6, 0xc2,
    0xc2, 0xc2, 0xc2, 0xc2, 0xc2, 0xc2, 0xbe, 0xbe, 0xb8, 0xb5, 0xaf, 0xa9, 0xa1, 0xa1, 0x9e, 0x9b,
    0x97, 0x97, 0x93, 0x8c, 0x88, 0x83, 0x83, 0x80, 0x7c, 0x7c, 0x74, 0x6e, 0x6e, 0x73, 0x6e, 0x6e,
    0x73, 0x73, 0x73, 0x73, 0x74, 0x74, 0x74, 0x74, 0x74, 0x74, 0x74, 0x73, 0x79, 0x7c, 0x79, 0x79,
    0x7c, 0x7c, 0x80, 0x80, 0x80, 0x80, 0x80, 0x88, 0x88, 0x88, 0x8c, 0x8c, 0x93, 0x93, 0x93, 0x97,
    0x9b, 0x9b, 0x9e, 0x9b, 0x9e, 0x9e, 0xa1, 0xa1, 0xa9, 0xac, 0xac, 0xac, 0xa9, 0xa9, 0xa9, 0xa9,
    0xaf, 0xaf, 0xa9, 0xa9, 0xa9, 0xac, 0xa9, 0xac, 0xaf, 0xaf, 0xaf, 0xac, 0xac, 0xaf, 0xaf, 0xac,
    0xac, 0xac, 0xa9, 0xa3, 0xa3, 0xa3, 0x9f, 0x9f, 0x9c, 0x99, 0x99, 0x99, 0x99, 0x99, 0x97, 0x99,
    0x95, 0x95, 0x92, 0x92, 0x92, 0x8b, 0x86, 0x86, 0x86, 0x86, 0x92, 0x8b, 0x92, 0x92, 0x92, 0x8b,
    0x8b, 0x8b, 0x8b, 0x8b, 0x8b, 0x86, 0x83, 0x83, 0x83, 0x83, 0x83, 0x83, 0x81, 0x83, 0x83, 0x83,
    0x83, 0x86, 0x86, 0x86, 0x88, 0x88, 0x88, 0x88, 0x88, 0x8c, 0x93, 0x95, 0x97, 0x97, 0x97, 0x9b,
    0x9e, 0x9e, 0xa1, 0xa9, 0xa9, 0xac, 0xa9, 0xac, 0xac, 0xa9, 0xa9, 0xa9, 0xa9, 0xa9, 0xa9, 0xa9,
    0xa9, 0xa9, 0xa9, 0xac, 0xac, 0xac, 0xac, 0xaf, 0xac, 0xa9, 0xa9, 0xa9, 0xac, 0xac, 0xac, 0xaf,
    0xb2, 0xb5, 0xb8, 0xba, 0xba, 0xbe, 0xbe, 0xbe, 0xbe, 0xbe, 0xba, 0xb8, 0xba, 0xbe, 0xbe, 0xc2,
    0xc6, 0xc6, 0xbe, 0xbe, 0xc2, 0xc6, 0xc6, 0xc6, 0xc9, 0xc9, 0xc6, 0xc9, 0xc9, 0xc6, 0xc9, 0xca,
    0xcb, 0xcb, 0xcc, 0xcc, 0xcc, 0xcc, 0xcb, 0xc9, 0xcb, 0xcb, 0xcb, 0xcb, 0xcc, 0xcb, 0xcb, 0xc6,
    0xcb, 0xc9, 0xc9, 0xcb, 0xcb, 0xc9, 0xc6, 0xc9, 0xca, 0xc9, 0xc6, 0xc6, 0xc9, 0xc6, 0xc6, 0xc6,
    0xc6, 0xc6, 0xc6, 0xc6, 0xc9, 0xc6, 0xc2, 0xbe, 0xbe, 0xba, 0xb5, 0xaf, 0xa9, 0xa1, 0x9e, 0x9e,
    0x9e, 0x97, 0x95, 0x93, 0x88, 0x88, 0x83, 0x80, 0x80, 0x7c, 0x79, 0x74, 0x73, 0x6e, 0x6e, 0x73,
    0x73, 0x73, 0x73, 0x74, 0x74, 0x74, 0x79, 0x74, 0x74, 0x79, 0x79, 0x79, 0x7c, 0x7c, 0x7c, 0x7c,
    0x80, 0x80, 0x80, 0x83, 0x83, 0x83, 0x83, 0x88, 0x8c, 0x8c, 0x93, 0x8c, 0x93, 0x93, 0x95, 0x97,
    0x9e, 0xa1, 0xa1, 0xa1, 0xa1, 0xa1, 0xa1, 0xa9, 0xa9, 0xac, 0xac, 0xac, 0xac, 0xa9, 0xa9, 0xa9,
    0xa9, 0xac, 0xa9, 0xa9, 0xa9, 0xac, 0xa9, 0xa9, 0xac, 0xac, 0xac, 0xaf, 0xaf, 0xaf, 0xaf, 0xac,
    0xac, 0xac, 0xac, 0xa3, 0xa3, 0xa3, 0x9f, 0x9f, 0x9f, 0x9c, 0x99, 0x99, 0x99, 0x99, 0x99, 0x97,
    0x97, 0x92, 0x92, 0x92, 0x8b, 0x8b, 0x8b, 0x86, 0x86, 0x86, 0x86, 0x8b, 0x86, 0x86, 0x8b, 0x8b,
    0x8b, 0x8b, 0x8b, 0x8b, 0x8b, 0x8b, 0x84, 0x81, 0x81, 0x81, 0x81, 0x80, 0x81, 0x83, 0x83, 0x86,
    0x86, 0x8c, 0x86, 0x86, 0x86, 0x88, 0x88, 0x8c, 0x8c, 0x8c, 0x93, 0x97, 0x97, 0x9b, 0x9b, 0x9b,
    0x9e, 0x9e, 0xa1, 0xa9, 0xac, 0xac, 0xac, 0xac, 0xaf, 0xaf, 0xac, 0xac, 0xaf, 0xac, 0xac, 0xac,
    0xac, 0xac, 0xac, 0xac, 0xac, 0xac, 0xaf, 0xaf, 0xb2, 0xaf, 0xaf, 0xaf, 0xac, 0xa9, 0xaf, 0xb5,
    0xb8, 0xba, 0xba, 0xbe, 0xbe, 0xc2, 0xc2, 0xbe, 0xbe, 0xbe, 0xbe, 0xbe, 0xbe, 0xc2, 0xc2, 0xc6,
    0xc6, 0xc2, 0xc2, 0xc2, 0xc6, 0xc9, 0xc6, 0xc9, 0xc9, 0xcb, 0xcb, 0xcb, 0xca, 0xc6, 0xbe, 0xc6,
    0xc9, 0xc9, 0xce, 0xcc, 0xcc, 0xce, 0xcc, 0xcc, 0xcc, 0xcb, 0xcb, 0xce, 0xcc, 0xcc, 0xcc, 0xcc,
    0xcb, 0xcc, 0xcb, 0xc9, 0xcb, 0xc9, 0xc9, 0xc9, 0xc9, 0xc9, 0xcb, 0xc6, 0xc9, 0xc6, 0xc6, 0xc9,
    0xc9, 0xc6, 0xc9, 0xc9, 0xc6, 0xc9, 0xc6, 0xc2, 0xbe, 0xbe, 0xb8, 0xb0, 0xa8, 0xa9, 0xa1, 0xa1,
    0x9e, 0x9b, 0x97, 0x93, 0x8c, 0x88, 0x83, 0x80, 0x80, 0x80, 0x7c, 0x79, 0x74, 0x73, 0x73, 0x73,
    0x73, 0x74, 0x74, 0x79, 0x74, 0x79, 0x79, 0x7c, 0x79, 0x79, 0x79, 0x7c, 0x7c, 0x80, 0x80, 0x80,
    0x80, 0x80, 0x83, 0x88, 0x88, 0x88, 0x88, 0x88, 0x8c, 0x93, 0x93, 0x93, 0x93, 0x97, 0x97, 0x9b,
    0xa1, 0xa9, 0xa9, 0xa9, 0xa9, 0xa9, 0xa9, 0xa9, 0xac, 0xaf, 0xaf, 0xb2, 0xaf, 0xac, 0xa9, 0xa9,
    0xb2, 0xaf, 0xac, 0xa9, 0xa9, 0xa9, 0xa9, 0xac, 0xac, 0xa9, 0xac, 0xac, 0xaf, 0xac, 0xac, 0xac,
    0xa9, 0xa9, 0xa9, 0xa3, 0x9f, 0x9f, 0x9e, 0x9f, 0x9f, 0x9f, 0x9f, 0x9c, 0x99, 0x99, 0x99, 0x97,
    0x92, 0x92, 0x92, 0x8b, 0x8b, 0x8b, 0x8b, 0x8b, 0x86, 0x86, 0x86, 0x86, 0x86, 0x86, 0x86, 0x86,
    0x86, 0x86, 0x86, 0x86, 0x86, 0x86, 0x86, 0x86, 0x86, 0x83, 0x86, 0x83, 0x86, 0x86, 0x86, 0x8c,
    0x8c, 0x8c, 0x8c, 0x88, 0x88, 0x88, 0x8c, 0x8c, 0x8c, 0x8c, 0x93, 0x97, 0x9b, 0x9b, 0x9e, 0x9e,
    0xa1, 0x9e, 0xa1, 0xac, 0xac, 0xaf, 0xb2, 0xb2, 0xb2, 0xb2, 0xb2, 0xb2, 0xaf, 0xaf, 0xb2, 0xb2,
    0xb2, 0xaf, 0xaf, 0xac, 0xac, 0xa9, 0xaf, 0xb5, 0xb5, 0xb5, 0xb5, 0xb5, 0xb2, 0xb2, 0xb8, 0xbe,
    0xbe, 0xbe, 0xbe, 0xbe, 0xc2, 0xc2, 0xc2, 0xbe, 0xc2, 0xc2, 0xc2, 0xc6, 0xbe, 0xc6, 0xc6, 0xc5,
    0xc6, 0xc2, 0xc2, 0xc2, 0xc5, 0xc6, 0xcb, 0xcc, 0xcb, 0xcc, 0xcc, 0xcb, 0xcb, 0xcc, 0xcc, 0xce,
    0xce, 0xce, 0xcc, 0xce, 0xcc, 0xcf, 0xce, 0xcf, 0xcf, 0xcf, 0xce, 0xce, 0xd0, 0xcf, 0xcb, 0xcb,
    0xce, 0xcf, 0xce, 0xcc, 0xc9, 0xc9, 0xc6, 0xc9, 0xcb, 0xcb, 0xc6, 0xc9, 0xcb, 0xcb, 0xcb, 0xcc,
    0xcb, 0xcb, 0xc9, 0xca, 0xc9, 0xc9, 0xc6, 0xc6, 0xc2, 0xbe, 0xba, 0xb8, 0xb2, 0xa8, 0xa9, 0xa1,
    0x9b, 0x9b, 0x97, 0x93, 0x8c, 0x8c, 0x88, 0x88, 0x83, 0x83, 0x80, 0x7c, 0x79, 0x79, 0x79, 0x74,
    0x79, 0x79, 0x7c, 0x7c, 0x79, 0x79, 0x79, 0x7c, 0x7c, 0x79, 0x7c, 0x7c, 0x80, 0x80, 0x80, 0x80,
    0x83, 0x83, 0x88, 0x88, 0x88, 0x8c, 0x8c, 0x8c, 0x93, 0x93, 0x93, 0x8c, 0x93, 0x97, 0x97, 0x9b,
    0x9e, 0x9e, 0xa1, 0xa9, 0xac, 0xac, 0xac, 0xaf, 0xaf, 0xb2, 0xb5, 0xb2, 0xaf, 0xa9, 0xa9, 0xa9,
    0xb2, 0xb2, 0xaf, 0xaf, 0xac, 0xa9, 0xa9, 0xac, 0xac, 0xa9, 0xa9, 0xac, 0xa9, 0xac, 0xa9, 0xa9,
    0xa1, 0xa1, 0x9e, 0x9e, 0x9e, 0x9c, 0x9c, 0x9f, 0x9f, 0xa3, 0x9f, 0x9c, 0x99, 0x99, 0x99, 0x95,
    0x8b, 0x8b, 0x8b, 0x8b, 0x86, 0x86, 0x86, 0x86, 0x86, 0x86, 0x86, 0x86, 0x86, 0x8b, 0x86, 0x86,
    0x86, 0x86, 0x8b, 0x8b, 0x8b, 0x8b, 0x8b, 0x8b, 0x8b, 0x8b, 0x8b, 0x86, 0x83, 0x86, 0x86, 0x83,
    0x88, 0x8c, 0x8c, 0x88, 0x8c, 0x88, 0x8c, 0x8c, 0x93, 0x93, 0x93, 0x97, 0x9b, 0xa3, 0xa9, 0xa9,
    0xac, 0xa9, 0xaf, 0xb2, 0xb5, 0xb5, 0xb5, 0xb5, 0xb5, 0xb5, 0xb8, 0xb8, 0xb8, 0xb8, 0xbe, 0xba,
    0xb8, 0xb5, 0xb8, 0xb2, 0xaf, 0xa9, 0xac, 0xb2, 0xb2, 0xb5, 0xb8, 0xb5, 0xb8, 0xba, 0xbe, 0xba,
    0xc2, 0xc2, 0xc2, 0xc2, 0xc6, 0xc2, 0xc2, 0xc2, 0xc2, 0xc6, 0xbe, 0xba, 0xb8, 0xbe, 0xc2, 0xbe,
    0xa8, 0xb0, 0xb0, 0xa8, 0xa8, 0xbe, 0xcb, 0xc6, 0xcc, 0xcb, 0xcc, 0xcc, 0xcc, 0xcc, 0xcc, 0xce,
    0xcf, 0xc9, 0xc6, 0x48, 0xce, 0xce, 0xcf, 0xce, 0xce, 0xcf, 0xcf, 0xc9, 0x2d, 0x82, 0x28, 0x65,
    0x20, 0x65, 0x48, 0xd0, 0xcc, 0xc6, 0xc9, 0xcb, 0xcb, 0xcb, 0xcb, 0xcb, 0xcb, 0xcc, 0xcc, 0xcb,
    0xcb, 0xcc, 0xcb, 0xc9, 0xc9, 0xc6, 0xc6, 0xc6, 0xc6, 0xc2, 0xbe, 0xba, 0xb8, 0xb2, 0xa4, 0xa9,
    0x9e, 0x9b, 0x97, 0x95, 0x93, 0x8c, 0x8c, 0x88, 0x80, 0x80, 0x80, 0x80, 0x79, 0x79, 0x79, 0x7c,
    0x7c, 0x7c, 0x7c, 0x7c, 0x7c, 0x7c, 0x7c, 0x7c, 0x7c, 0x7c, 0x7c, 0x7c, 0x80, 0x83, 0x83, 0x88,
    0x88, 0x88, 0x88, 0x88, 0x88, 0x93, 0x93, 0x93, 0x93, 0x8c, 0x93, 0x93, 0x93, 0x95, 0x97, 0x97,
    0x9b, 0x9e, 0xa1, 0xa9, 0xac, 0xaf, 0xb2, 0xb2, 0xb5, 0xb5, 0xb5, 0xb2, 0xb2, 0xaf, 0xaf, 0xac,
    0xaf, 0xaf, 0xb2, 0xac, 0xa9, 0xa9, 0xa9, 0xa9, 0xa9, 0xa9, 0xa9, 0xa9, 0xa9, 0xa9, 0xa9, 0xa9,
    0xa3, 0xa1, 0x9e, 0x9e, 0x9e, 0x9b, 0x9e, 0x9c, 0x9c, 0x9c, 0x9c, 0x99, 0x97, 0x97, 0x95, 0x95,
    0x92, 0x92, 0x8b, 0x8b, 0x86, 0x83, 0x83, 0x86, 0x86, 0x86, 0x86, 0x83, 0x86, 0x86, 0x8b, 0x86,
    0x86, 0x8b, 0x8b, 0x8b, 0x8b, 0x8b, 0x8b, 0x8b, 0x8b, 0x8b, 0x8b, 0x86, 0x86, 0x83, 0x83, 0x86,
    0x8c, 0x8c, 0x93, 0x8c, 0x93, 0x93, 0x95, 0x97, 0x97, 0x9b, 0x9b, 0x9e, 0xa3, 0xac, 0xaf, 0xac,
    0xaf, 0xac, 0xaf, 0xaf, 0xb2, 0xb5, 0xb8, 0xb2, 0xb5, 0xb5, 0xb8, 0xbe, 0xbe, 0xbe, 0xbe, 0xb5,
    0xb8, 0xb8, 0xba, 0xb8, 0xba, 0xb5, 0xb2, 0xaf, 0xb2, 0xb5, 0xba, 0xba, 0xba, 0xba, 0xbe, 0xb8,
    0xbe, 0xc2, 0xc2, 0xc9, 0xbe, 0xc6, 0xc6, 0xc6, 0xc6, 0xbe, 0x3d, 0x45, 0xbe, 0xc9, 0xc9, 0xc6,
    0xba, 0xb0, 0xb8, 0xbe, 0xbe, 0xb8, 0xa8, 0xcc, 0xce, 0xcc, 0xcc, 0xcc, 0xce, 0xce, 0xc9, 0xc9,
    0xc9, 0xcf, 0xce, 0xcf, 0xcf, 0xcf, 0xd0, 0xd0, 0xd0, 0x47, 0x2c, 0x29, 0x8e, 0x9d, 0xa0, 0xb3,
    0xaa, 0x98, 0x0a, 0x31, 0xd0, 0xce, 0xcb, 0xcb, 0xcc, 0xcc, 0xcb, 0xcb, 0xcb, 0xcb, 0xcb, 0xc9,
    0xcb, 0xcb, 0xcc, 0xcc, 0xcb, 0xcb, 0xc9, 0xc5, 0xc6, 0xc6, 0xbe, 0xbe, 0xba, 0xb8, 0xa4, 0x3b,
    0x9e, 0x9b, 0x9b, 0x97, 0x93, 0x93, 0x8c, 0x88, 0x88, 0x83, 0x83, 0x80, 0x7c, 0x7c, 0x7c, 0x7c,
    0x80, 0x80, 0x7c, 0x80, 0x7c, 0x7c, 0x7c, 0x7c, 0x7c, 0x7c, 0x80, 0x80, 0x80, 0x83, 0x83, 0x88,
    0x88, 0x88, 0x88, 0x8c, 0x8c, 0x93, 0x93, 0x8c, 0x95, 0x93, 0x95, 0x95, 0x93, 0x97, 0x97, 0x9b,
    0x9b, 0x9e, 0xa1, 0xa9, 0xac, 0xb2, 0xb2, 0xb2, 0xb2, 0xb2, 0xb2, 0xb2, 0xaf, 0xb2, 0xb2, 0xb2,
    0xa9, 0xa9, 0xaf, 0xac, 0xac, 0xa9, 0xa9, 0xa9, 0xa9, 0xa9, 0xa1, 0xa1, 0xa1, 0xa1, 0xa1, 0xa3,
    0xa3, 0xa1, 0xa3, 0xa3, 0x9f, 0x9e, 0x9e, 0x9b, 0x9b, 0x9b, 0x99, 0x9b, 0x99, 0x99, 0x97, 0x95,
    0x99, 0x95, 0x92, 0x97, 0x8b, 0x8b, 0x86, 0x83, 0x86, 0x8b, 0x86, 0x86, 0x86, 0x83, 0x86, 0x83,
    0x83, 0x86, 0x86, 0x86, 0x86, 0x86, 0x86, 0x86, 0x86, 0x86, 0x83, 0x83, 0x86, 0x86, 0x83, 0x86,
    0x93, 0x93, 0x93, 0x93, 0x93, 0x97, 0x97, 0x97, 0x97, 0x9b, 0x9b, 0x9e, 0x9e, 0xa9, 0xac, 0xb2,
    0xb2, 0xb2, 0xb5, 0xb2, 0xb2, 0xb2, 0xb5, 0xba, 0xbe, 0xbe, 0xbe, 0xc2, 0xbe, 0xc2, 0xc2, 0xbe,
    0xbe, 0xbe, 0xbe, 0xb8, 0xb5, 0xbe, 0xb8, 0xb8, 0xba, 0xba, 0xba, 0xbe, 0xbe, 0xbe, 0xbe, 0xbe,
    0xc2, 0xc6, 0xc2, 0xc6, 0xc2, 0xc2, 0xc6, 0xc2, 0x31, 0x36, 0x40, 0x47, 0x48, 0xc6, 0x45, 0xbe,
    0xc2, 0xb8, 0xbe, 0xc2, 0xc2, 0xc9, 0xb0, 0x42, 0xc9, 0xcb, 0xc9, 0xcc, 0xcc, 0xce, 0xcf, 0xcf,
    0xce, 0xcf, 0xcc, 0xc9, 0x4a, 0x4c, 0xcf, 0x4c, 0x28, 0x20, 0x82, 0x90, 0xad, 0xb3, 0x9d, 0x9d,
    0xb6, 0xa0, 0x89, 0x07, 0x35, 0x4c, 0x48, 0x4c, 0xcb, 0xce, 0xce, 0xcc, 0xcc, 0xcc, 0xcc, 0xcb,
    0xcb, 0xcc, 0xcc, 0xcc, 0xcb, 0xc9, 0xc9, 0xc6, 0xc6, 0xc2, 0xc2, 0xbe, 0xbe, 0xba, 0xb0, 0xaf,
    0xa4, 0xa1, 0x95, 0x93, 0x93, 0x95, 0x95, 0x93, 0x8c, 0x8c, 0x83, 0x83, 0x83, 0x80, 0x80, 0x80,
    0x80, 0x80, 0x80, 0x80, 0x80, 0x80, 0x80, 0x7c, 0x80, 0x80, 0x80, 0x80, 0x83, 0x83, 0x88, 0x8c,
    0x8c, 0x8c, 0x8c, 0x8c, 0x93, 0x93, 0x8c, 0x97, 0x95, 0x97, 0x97, 0x95, 0x97, 0x97, 0x97, 0x9b,
    0x9e, 0x9e, 0xa1, 0xa1, 0xa9, 0xac, 0xaf, 0xb2, 0xaf, 0xac, 0xac, 0xac, 0xac, 0xaf, 0xaf, 0xaf,
    0xa9, 0xa9, 0xa9, 0xa9, 0xa9, 0xa9, 0xa9, 0xa1, 0xa1, 0xa9, 0xa1, 0xa1, 0xa1, 0xa1, 0xa1, 0xa1,
    0xa1, 0xa3, 0xa3, 0xa3, 0xa1, 0x9e, 0x9b, 0x9b, 0x9b, 0x9b, 0x9b, 0x9b, 0x9b, 0x99, 0x99, 0x95,
    0x97, 0x97, 0x97, 0x99, 0x92, 0x8b, 0x8b, 0x86, 0x83, 0x86, 0x86, 0x86, 0x83, 0x81, 0x81, 0x83,
    0x83, 0x81, 0x83, 0x86, 0x84, 0x86, 0x83, 0x86, 0x83, 0x83, 0x83, 0x83, 0x83, 0x83, 0x83, 0x88,
    0x8c, 0x8c, 0x8c, 0x8c, 0x93, 0x97, 0x97, 0x9b, 0x9e, 0x9e, 0x9e, 0x9e, 0x9e, 0xa1, 0xac, 0xb2,
    0xb8, 0xba, 0xba, 0xb8, 0xb8, 0xb8, 0xb8, 0x31, 0x27, 0x28, 0x31, 0x2d, 0x36, 0xb2, 0xc9, 0xbe,
    0xc2, 0xc6, 0xc2, 0xbe, 0xbe, 0xbe, 0xbe, 0xb8, 0xbe, 0xbe, 0xbe, 0xbe, 0xc2, 0xc2, 0xc6, 0xc2,
    0xc2, 0xc6, 0xc9, 0xc9, 0xc9, 0xc9, 0xb5, 0x31, 0x40, 0x42, 0x45, 0x42, 0x42, 0x45, 0x47, 0x48,
    0x47, 0x45, 0x42, 0x40, 0x45, 0x45, 0x40, 0xbe, 0xcb, 0xcc, 0xce, 0xcc, 0xce, 0x45, 0x47, 0xcf,
    0xcf, 0xcf, 0xd0, 0xcf, 0x38, 0x38, 0x24, 0x68, 0x6f, 0x29, 0x2f, 0x7f, 0xad, 0xb6, 0xaa, 0xb6,
    0xa5, 0x90, 0x90, 0x7f, 0x11, 0x35, 0x42, 0x42, 0x45, 0x48, 0x45, 0x42, 0x40, 0xcf, 0xcf, 0xce,
    0xce, 0xcf, 0xd0, 0xcf, 0xcf, 0xcb, 0xcc, 0xc9, 0xc6, 0xc6, 0xc2, 0xbe, 0xba, 0xba, 0xb8, 0xb0,
    0xaf, 0xa9, 0xa1, 0x9b, 0x97, 0x97, 0x97, 0x97, 0x95, 0x93, 0x8c, 0x88, 0x88, 0x80, 0x80, 0x80,
    0x80, 0x83, 0x80, 0x80, 0x83, 0x83, 0x83, 0x80, 0x80, 0x83, 0x88, 0x83, 0x83, 0x88, 0x88, 0x8c,
    0x93, 0x93, 0x93, 0x93, 0x95, 0x95, 0x93, 0x95, 0x97, 0x97, 0x97, 0x97, 0x97, 0x9b, 0x9b, 0x9e,
    0x9e, 0x9e, 0x9e, 0xa1, 0xa1, 0xa9, 0xa8, 0xb2, 0xaf, 0xa9, 0xa9, 0xa9, 0xa9, 0xa9, 0xac, 0xaf,
    0xa1, 0xa9, 0xa1, 0xa1, 0xa9, 0xa9, 0xa9, 0xa1, 0xa1, 0xa1, 0xa1, 0xa1, 0xa1, 0xa1, 0xa1, 0xa1,
    0xa1, 0xa1, 0x9e, 0xa1, 0x9e, 0x9b, 0x9b, 0x9b, 0x9b, 0x9e, 0x9e, 0x99, 0x99, 0x97, 0x92, 0x92,
    0x95, 0x95, 0x92, 0x92, 0x92, 0x8b, 0x8b, 0x86, 0x81, 0x83, 0x86, 0x86, 0x84, 0x83, 0x83, 0x86,
    0x86, 0x83, 0x86, 0x84, 0x83, 0xf0, 0x81, 0x81, 0xf0, 0x83, 0x81, 0x81, 0xf0, 0xf0, 0x83, 0x86,
    0x88, 0x8c, 0x93, 0x93, 0x97, 0x9e, 0xa1, 0xa9, 0xa9, 0xa9, 0xac, 0xac, 0xa9, 0xaf, 0xaf, 0xaf,
    0xba, 0xba, 0xbe, 0xbe, 0xba, 0xc2, 0x1d, 0x65, 0x75, 0x7f, 0x8e, 0x87, 0x61, 0x20, 0x2a, 0xcb,
    0xc9, 0x3d, 0xb8, 0xc6, 0xc6, 0xba, 0xb8, 0xbe, 0xbe, 0xbe, 0xc2, 0xc2, 0xbe, 0xc2, 0xc6, 0xc6,
    0xc9, 0xc6, 0xc9, 0xca, 0xc9, 0xc6, 0x1a, 0x7f, 0x94, 0x98, 0x94, 0x98, 0x42, 0x45, 0x45, 0x45,
    0x45, 0x42, 0x45, 0x40, 0x42, 0x42, 0x2d, 0x40, 0xc6, 0xcb, 0xcc, 0xce, 0xcf, 0xcf, 0xcc, 0xd0,
    0xcc, 0x3d, 0x1c, 0x18, 0x37, 0x9d, 0x90, 0x9d, 0x90, 0x94, 0x9d, 0x9d, 0xad, 0xaa, 0xb6, 0xc4,
    0x3c, 0x37, 0x82, 0x68, 0x18, 0x13, 0xd0, 0x45, 0x45, 0xc9, 0xc9, 0xce, 0xce, 0xce, 0xd0, 0x50,
    0x40, 0x45, 0x3b, 0x39, 0x33, 0x37, 0x7a, 0x45, 0xc9, 0xc6, 0xbe, 0x40, 0xb0, 0xb0, 0xbe, 0xb0,
    0xa8, 0xa4, 0xa9, 0xa1, 0x9e, 0x9b, 0x9b, 0x9b, 0x97, 0x97, 0x93, 0x8c, 0x8c, 0x88, 0x80, 0x80,
    0x83, 0x83, 0x83, 0x88, 0x88, 0x83, 0x83, 0x83, 0x83, 0x83, 0x83, 0x88, 0x88, 0x88, 0x88, 0x8c,
    0x8c, 0x93, 0x97, 0x97, 0x97, 0x97, 0x97, 0x97, 0x97, 0x97, 0x97, 0x9b, 0x9e, 0x9e, 0x9e, 0x9e,
    0x9e, 0x9e, 0x9e, 0xa1, 0xa1, 0xa1, 0xa9, 0xaf, 0xb2, 0xac, 0xa9, 0xa9, 0xa9, 0xa9, 0xa9, 0xac,
    0x9e, 0x9e, 0x9e, 0x9e, 0xa9, 0xa9, 0xa9, 0xa9, 0xa9, 0xa9, 0xa1, 0xa1, 0xa1, 0xa1, 0xa1, 0x9e,
    0x9e, 0xa1, 0x9e, 0x9e, 0x9e, 0x9b, 0x9b, 0x9b, 0x9b, 0x9e, 0x9c, 0x9e, 0x9e, 0x99, 0x97, 0x95,
    0x93, 0x93, 0x95, 0x92, 0x93, 0x92, 0x93, 0x8b, 0x86, 0x81, 0x81, 0x83, 0x83, 0x83, 0x83, 0x83,
    0x86, 0x86, 0x81, 0x83, 0x84, 0x81, 0xf0, 0xf0, 0x81, 0xf0, 0x81, 0xf0, 0x7d, 0x7d, 0xf0, 0x81,
    0x86, 0x8c, 0x95, 0x95, 0x97, 0x9b, 0x9e, 0xa1, 0xa9, 0xaf, 0xb2, 0xb2, 0xb2, 0xaf, 0xaf, 0xb5,
    0xb8, 0xb8, 0xb8, 0xb8, 0xa9, 0x1c, 0x1a, 0x28, 0x82, 0x33, 0x89, 0x89, 0x7f, 0x29, 0x1e, 0x32,
    0xcf, 0xc9, 0xc6, 0xc9, 0xc6, 0xc2, 0xbe, 0xc2, 0xc2, 0xc2, 0xbe, 0xc6, 0xc6, 0xc9, 0xc6, 0xc6,
    0xc6, 0xc9, 0xc6, 0xc9, 0xcb, 0x2b, 0x89, 0xa5, 0x9d, 0x9d, 0xb6, 0xad, 0x9d, 0x42, 0x42, 0x38,
    0x38, 0x31, 0x36, 0x3d, 0x38, 0x36, 0x2b, 0xcf, 0xce, 0xce, 0xce, 0xce, 0xce, 0xcf, 0xcc, 0xc9,
    0x21, 0x3c, 0x9d, 0xa5, 0xad, 0xb6, 0xa5, 0xad, 0xb3, 0xad, 0xb6, 0xb6, 0xa5, 0xa5, 0xb3, 0xb6,
    0xb6, 0xb3, 0x7b, 0x75, 0x2f, 0x5d, 0x17, 0x47, 0xd0, 0xcf, 0xd0, 0xd0, 0xd1, 0xc6, 0x21, 0x16,
    0x7f, 0x94, 0xa5, 0xad, 0xad, 0xa5, 0x98, 0x29, 0x45, 0x45, 0xc9, 0xc6, 0xbe, 0xbe, 0xba, 0xb8,
    0xb0, 0xa4, 0xa8, 0xa9, 0xa1, 0x9e, 0x36, 0x36, 0x9b, 0x9b, 0x9b, 0x95, 0x93, 0x93, 0x88, 0x88,
    0x83, 0x83, 0x88, 0x88, 0x88, 0x88, 0x88, 0x83, 0x83, 0x88, 0x83, 0x88, 0x88, 0x88, 0x88, 0x8c,
    0x8c, 0x93, 0x95, 0x97, 0x97, 0x9b, 0x9b, 0x9b, 0x97, 0x97, 0x97, 0x9b, 0x9e, 0x9e, 0x9e, 0xa1,
    0xa1, 0xa1, 0xa1, 0xa1, 0xa1, 0xa1, 0xa9, 0xac, 0xac, 0xa9, 0xa9, 0xa9, 0xa9, 0xa1, 0xa1, 0xa9,
    0xa9, 0xa1, 0xa1, 0x9e, 0x9e, 0xa1, 0xa1, 0xa9, 0xa9, 0xa1, 0xa1, 0xa1, 0xa1, 0x9e, 0x9e, 0x9b,
    0x97, 0x97, 0x9e, 0x9e, 0x9b, 0x9b, 0x9b, 0x9b, 0x9e, 0x9e, 0x9e, 0x9c, 0x9e, 0x9c, 0x99, 0x97,
    0x95, 0x97, 0x93, 0x95, 0x95, 0x95, 0x95, 0x93, 0x8b, 0x83, 0x81, 0x81, 0x83, 0x83, 0x86, 0x83,
    0x83, 0x86, 0x8c, 0x86, 0x83, 0x86, 0x83, 0x81, 0x81, 0xf0, 0xf0, 0xf0, 0x7d, 0x7d, 0xf0, 0xf0,
    0x83, 0x8c, 0x93, 0x93, 0x97, 0x97, 0x9b, 0xa1, 0xa1, 0xa9, 0xb2, 0xb5, 0xb2, 0xb2, 0xb5, 0xb8,
    0xba, 0xba, 0xba, 0xbe, 0x2d, 0x87, 0x8e, 0x90, 0x89, 0x90, 0x89, 0x37, 0x21, 0x26, 0x24, 0x1c,
    0x1c, 0x3d, 0x42, 0xc5, 0xc9, 0xc9, 0xc6, 0xc2, 0xc2, 0xc9, 0xc9, 0xc6, 0xc9, 0xc9, 0xc6, 0xcb,
    0xc9, 0xc9, 0xc9, 0xc6, 0xcc, 0x24, 0x91, 0x91, 0x8a, 0x9d, 0xa5, 0xad, 0x98, 0xa5, 0x36, 0x31,
    0x40, 0x40, 0x3b, 0x2d, 0x1a, 0x38, 0xcf, 0xd0, 0xcf, 0xcf, 0xd0, 0xce, 0xcb, 0xcb, 0x48, 0x21,
    0x39, 0x41, 0xad, 0xa5, 0x9d, 0x98, 0x82, 0x90, 0x89, 0x37, 0x82, 0x2f, 0xa5, 0xaa, 0xad, 0xb3,
    0x90, 0x89, 0x8a, 0x9d, 0x39, 0x26, 0x1a, 0x1a, 0x75, 0x3d, 0x3b, 0x32, 0x24, 0x1e, 0x75, 0x2f,
    0xad, 0xa5, 0xb3, 0xb3, 0xb6, 0xad, 0x9d, 0x98, 0x40, 0xb0, 0x45, 0x45, 0xc2, 0xc2, 0xbe, 0xb8,
    0xb8, 0xb5, 0xb2, 0xa9, 0xa3, 0xa1, 0xa1, 0x9e, 0x9e, 0x9e, 0x9b, 0x9b, 0x97, 0x93, 0x8c, 0x88,
    0x88, 0x88, 0x83, 0x88, 0x88, 0x88, 0x88, 0x83, 0x83, 0x88, 0x88, 0x88, 0x88, 0x8c, 0x8c, 0x8c,
    0x8c, 0x93, 0x93, 0x97, 0x97, 0x9b, 0x9e, 0x9e, 0x9b, 0x9b, 0x9b, 0x9b, 0x9e, 0x9e, 0xa1, 0xa1,
    0xa1, 0xa4, 0xa9, 0xa9, 0xa9, 0xa1, 0xa9, 0xa9, 0xa9, 0xa9, 0xa9, 0xa9, 0xa9, 0xa1, 0xa1, 0xa9,
    0xa9, 0xa1, 0x9e, 0x9e, 0x9e, 0x9e, 0xa1, 0xa1, 0xa1, 0xa1, 0xa1, 0xa1, 0xa1, 0xa1, 0x9e, 0x9e,
    0x9b, 0x9e, 0x9b, 0x9b, 0x9e, 0x9e, 0x9e, 0x9b, 0x9e, 0x9e, 0x9c, 0x9e, 0x9b, 0x9b, 0x99, 0x97,
    0x97, 0x95, 0x95, 0x95, 0x93, 0x93, 0x95, 0x93, 0x8b, 0x86, 0x86, 0x83, 0x86, 0x86, 0x86, 0x86,
    0x86, 0x8b, 0x92, 0x8b, 0x8b, 0x8b, 0x86, 0x81, 0x81, 0xf0, 0x7d, 0x78, 0x7d, 0x7d, 0x78, 0x7d,
    0xf0, 0x88, 0x8c, 0x95, 0x97, 0x9b, 0x9e, 0xa1, 0xa9, 0xaf, 0xb2, 0xb2, 0xb2, 0xb5, 0xbe, 0xbe,
    0xb8, 0xbe, 0xbe, 0xba, 0x1a, 0x2f, 0x7a, 0x2f, 0x89, 0x89, 0x90, 0xad, 0x9d, 0x2f, 0x21, 0x18,
    0x19, 0x3b, 0x32, 0x45, 0x45, 0xcb, 0xcb, 0xc9, 0xc2, 0xc2, 0xc5, 0xcb, 0xcb, 0xcb, 0xcc, 0xcc,
    0xcc, 0xc9, 0xc2, 0xc9, 0x3d, 0x61, 0x75, 0x85, 0x90, 0x98, 0x9d, 0x9d, 0x98, 0x94, 0x21, 0x26,
    0x28, 0x1a, 0x13, 0x1c, 0xc9, 0xcf, 0xce, 0xcc, 0xce, 0xce, 0xce, 0xcf, 0xc6, 0x27, 0x09, 0x21,
    0x39, 0x9d, 0xbc, 0xb6, 0x90, 0x37, 0xa5, 0xaa, 0xb6, 0xb3, 0xaa, 0xaa, 0xaa, 0xaa, 0xb6, 0xaa,
    0x91, 0x9a, 0x9a, 0x7f, 0x82, 0xa5, 0x89, 0x29, 0x6f, 0x68, 0x62, 0x3c, 0x9d, 0xa5, 0x9d, 0x3c,
    0xb6, 0x98, 0x89, 0x82, 0x94, 0x98, 0x82, 0x82, 0x24, 0x42, 0xbe, 0xc2, 0xc2, 0xbe, 0xbe, 0xba,
    0xb8, 0xb5, 0xa8, 0xac, 0xa9, 0xa9, 0xa1, 0xa1, 0xa9, 0xa9, 0xa1, 0x9b, 0x97, 0x95, 0x93, 0x93,
    0x8c, 0x8c, 0x88, 0x88, 0x88, 0x83, 0x88, 0x88, 0x83, 0x88, 0x88, 0x8c, 0x8c, 0x8c, 0x8c, 0x8c,
    0x8c, 0x93, 0x95, 0x97, 0x9b, 0x9b, 0x9e, 0x9e, 0x9e, 0x9e, 0x9e, 0x9e, 0x9e, 0xa1, 0xa1, 0xa4,
    0xa4, 0xa4, 0xa9, 0xa9, 0xa9, 0xa9, 0xa9, 0xa9, 0xa9, 0xa9, 0xa9, 0xa9, 0xa9, 0xa1, 0xa1, 0xa1,
    0xa1, 0xa1, 0x9e, 0x9e, 0x9b, 0x9b, 0x9e, 0x9e, 0xa1, 0xa1, 0xa9, 0xa9, 0xa9, 0x9e, 0x9e, 0x9b,
    0x9e, 0x97, 0x9b, 0x9e, 0x9e, 0x9e, 0x9e, 0x9e, 0x9e, 0x9e, 0x9e, 0x9b, 0x9e, 0x9b, 0x99, 0x9b,
    0x97, 0x93, 0x93, 0x93, 0x97, 0x97, 0x93, 0x95, 0x93, 0x8b, 0x8b, 0x8b, 0x86, 0x86, 0x86, 0x8b,
    0x8b, 0x8b, 0x8b, 0x92, 0x95, 0x8b, 0x86, 0x83, 0x81, 0xf0, 0xf0, 0x7d, 0x7d, 0x7d, 0x7d, 0xf0,
    0x80, 0x83, 0x88, 0x93, 0x95, 0x9b, 0x9e, 0xa1, 0xa9, 0xac, 0xaf, 0xb2, 0xb2, 0xb5, 0xb8, 0xba,
    0xbe, 0xbe, 0xbe, 0xbe, 0x1a, 0x1d, 0x1d, 0x6c, 0x89, 0x90, 0x90, 0x9d, 0x9d, 0x90, 0x33, 0x24,
    0x08, 0x3b, 0xbe, 0xc9, 0xcc, 0x40, 0xc6, 0xc2, 0xc6, 0xc2, 0xc9, 0xc9, 0xcc, 0xcc, 0xce, 0xce,
    0xcb, 0xc6, 0xc6, 0xce, 0x23, 0x65, 0x89, 0x89, 0x90, 0x89, 0x94, 0x8e, 0x98, 0x9d, 0x3c, 0x3b,
    0x2c, 0x18, 0xbe, 0xc6, 0xc9, 0xce, 0xce, 0xcf, 0xd0, 0xd1, 0xcc, 0x2d, 0x18, 0x20, 0x38, 0x9d,
    0xb3, 0xb3, 0xbc, 0xbc, 0xc1, 0xb6, 0xa5, 0xa5, 0xad, 0xa5, 0xaa, 0xa0, 0xad, 0x9a, 0xa0, 0x9a,
    0xa5, 0x9d, 0x91, 0x91, 0xa0, 0xaa, 0xb6, 0xbc, 0xaa, 0x2f, 0x7f, 0x7f, 0xa5, 0xa5, 0xad, 0xb3,
    0xa5, 0x7b, 0x89, 0x9d, 0x33, 0x82, 0x94, 0x7f, 0x24, 0x45, 0xbe, 0xc2, 0xc9, 0xb0, 0xbe, 0xba,
    0xbe, 0xb8, 0xb2, 0xaf, 0xa8, 0xa9, 0xa9, 0xa9, 0xac, 0xac, 0xa9, 0xa1, 0x9b, 0x97, 0x95, 0x93,
    0x93, 0x93, 0x8c, 0x88, 0x88, 0x88, 0x88, 0x83, 0x88, 0x88, 0x88, 0x8c, 0x8c, 0x8c, 0x8c, 0x8c,
    0x93, 0x93, 0x93, 0x93, 0x97, 0x97, 0x9b, 0x9e, 0x9e, 0x9e, 0xa1, 0x9e, 0x9e, 0xa1, 0xa1, 0xa4,
    0xa8, 0xa8, 0xa8, 0xac, 0xa8, 0xa9, 0xa9, 0xa9, 0xa1, 0xa1, 0xa9, 0xa9, 0xa9, 0xa9, 0xa1, 0xa1,
    0xa1, 0xa1, 0xa1, 0x9e, 0x9b, 0x9b, 0x97, 0x9b, 0x9e, 0xa1, 0xa1, 0xa9, 0xa9, 0xa9, 0xa1, 0xa1,
    0xa1, 0x9b, 0x9e, 0x9e, 0x9e, 0x9e, 0xa1, 0x9e, 0x9e, 0x9f, 0x9e, 0x9e, 0x9b, 0x9b, 0x97, 0x95,
    0x97, 0x97, 0x97, 0x9b, 0x97, 0x97, 0x97, 0x97, 0x95, 0x93, 0x8b, 0x86, 0x86, 0x8b, 0x8b, 0x86,
    0x86, 0x86, 0x86, 0x8b, 0x8b, 0x8b, 0x86, 0x86, 0x86, 0x83, 0xf0, 0xf0, 0xf0, 0xf0, 0xf0, 0x80,
    0x80, 0x80, 0x88, 0x8c, 0x93, 0x9b, 0x9b, 0xa1, 0xa9, 0xac, 0xaf, 0xb2, 0xb2, 0xb8, 0xb8, 0xbe,
    0xba, 0xba, 0xba, 0xb8, 0x2d, 0x10, 0x65, 0x20, 0x75, 0x90, 0x89, 0x85, 0x77, 0x82, 0x98, 0x2f,
    0x24, 0x45, 0xcf, 0xcc, 0xcb, 0xbe, 0xc6, 0xc5, 0xc6, 0xcb, 0xc9, 0xcb, 0xcb, 0xcc, 0xce, 0xce,
    0xcc, 0xcc, 0xcc, 0xcf, 0x21, 0x65, 0x90, 0xad, 0xad, 0x3c, 0x37, 0x89, 0x9d, 0xa5, 0x41, 0x39,
    0x13, 0x14, 0x42, 0x4c, 0xd0, 0x4e, 0x4a, 0xd0, 0x53, 0x29, 0x24, 0x39, 0x98, 0xad, 0xad, 0xc4,
    0xc4, 0xbc, 0xbc, 0xbc, 0xad, 0xbc, 0xbc, 0x90, 0x89, 0x89, 0x90, 0x9d, 0x9d, 0x7b, 0x8a, 0xbc,
    0xc1, 0xb6, 0xb3, 0x9a, 0xb3, 0xbc, 0xb6, 0xbc, 0xb6, 0xbc, 0xb3, 0xa0, 0x91, 0x91, 0xa5, 0xad,
    0xa5, 0xa5, 0xa5, 0xa5, 0x98, 0x90, 0x37, 0x24, 0x33, 0x3d, 0x45, 0xbe, 0x40, 0x45, 0xbe, 0xbe,
    0xbe, 0xba, 0xb8, 0xb2, 0xa8, 0xac, 0xa9, 0xa9, 0xa9, 0xa9, 0xa9, 0xa1, 0x9b, 0x97, 0x97, 0x97,
    0x93, 0x93, 0x8c, 0x8c, 0x88, 0x88, 0x88, 0x88, 0x88, 0x8c, 0x88, 0x8c, 0x8c, 0x8c, 0x8c, 0x93,
    0x93, 0x8c, 0x93, 0x95, 0x95, 0x97, 0x97, 0x9e, 0x9e, 0x9e, 0x9e, 0x9e, 0x9e, 0xa1, 0xa1, 0xa1,
    0xa4, 0xa8, 0xa8, 0xa8, 0xa8, 0xa8, 0xa8, 0xa9, 0xa9, 0xa1, 0xa1, 0xa1, 0xa9, 0xa9, 0xa9, 0xa1,
    0xa1, 0xa1, 0xa1, 0x9e, 0x9b, 0x9b, 0x97, 0x97, 0x97, 0x9b, 0x9e, 0x9e, 0x9e, 0x9e, 0xa1, 0x9e,
    0xa1, 0x9e, 0x9e, 0x9b, 0x9b, 0x9b, 0x9e, 0x9e, 0x9e, 0x9e, 0x9e, 0x9e, 0x9e, 0x9b, 0x97, 0x97,
    0x97, 0x99, 0x9b, 0x9b, 0x99, 0x97, 0x97, 0x97, 0x97, 0x95, 0x93, 0x8b, 0x8b, 0x8b, 0x86, 0x86,
    0x86, 0x86, 0x86, 0x86, 0x86, 0x8c, 0x8c, 0x86, 0x86, 0x83, 0x83, 0x81, 0x80, 0xf0, 0x80, 0x80,
    0x83, 0x88, 0x8c, 0x93, 0x95, 0x9b, 0xa1, 0xa1, 0xa9, 0xa9, 0xb5, 0xb2, 0xb2, 0xb2, 0xb5, 0xb8,
    0xb8, 0xb8, 0xba, 0xb8, 0xbe, 0x0e, 0x17, 0x1d, 0x6f, 0x82, 0x89, 0x85, 0x7b, 0x71, 0x7f, 0x1d,
    0x14, 0x10, 0x2a, 0x3b, 0x40, 0x45, 0xc6, 0xc9, 0xc9, 0xc9, 0xcb, 0xcb, 0xcb, 0xcc, 0xcc, 0xce,
    0xce, 0xd0, 0xd0, 0xd1, 0x13, 0x82, 0x90, 0x82, 0x3c, 0x37, 0x33, 0x29, 0x33, 0xa5, 0x41, 0x33,
    0x16, 0x32, 0x48, 0xcb, 0xcc, 0xd1, 0x5b, 0x45, 0x32, 0x9d, 0xa5, 0xb6, 0xb6, 0xc1, 0xad, 0xc8,
    0xcd, 0xcd, 0xcd, 0xc8, 0xc4, 0xbc, 0xad, 0xa0, 0xa0, 0xa5, 0xa5, 0x9d, 0x9d, 0xb6, 0xb6, 0xad,
    0xc1, 0xbc, 0xb6, 0xb6, 0xbc, 0xbc, 0xb3, 0xaa, 0xb6, 0xbc, 0xad, 0x98, 0x98, 0xa5, 0xad, 0xad,
    0xb3, 0xad, 0xad, 0xa5, 0x89, 0x8e, 0x7f, 0x2f, 0xad, 0x18, 0xbe, 0xc9, 0xc9, 0xc6, 0xbe, 0xc2,
    0xbe, 0xbe, 0xba, 0xb8, 0xaf, 0xac, 0xac, 0xa9, 0xa9, 0xa9, 0xa9, 0xa1, 0x9e, 0x9b, 0x97, 0x97,
    0x95, 0x93, 0x8c, 0x8c, 0x8c, 0x8c, 0x8c, 0x8c, 0x8c, 0x8c, 0x8c, 0x93, 0x93, 0x93, 0x93, 0x93,
    0x93, 0x93, 0x8c, 0x93, 0x95, 0x95, 0x97, 0x9b, 0x9b, 0x9e, 0x9e, 0x9e, 0xa1, 0xa4, 0xa4, 0xa1,
    0xa4, 0xa4, 0xa8, 0xa8, 0xa8, 0xaf, 0xa8, 0xa9, 0xa9, 0xa1, 0xa1, 0xa1, 0xa1, 0xa9, 0xa1, 0xa1,
    0x9e, 0x9e, 0x9b, 0x9b, 0x9b, 0x9b, 0x9b, 0x97, 0x97, 0x9b, 0x9b, 0x9b, 0x9b, 0x9b, 0x9e, 0x9e,
    0xa1, 0xa1, 0xa1, 0x9b, 0x9e, 0x9e, 0x9e, 0x9e, 0xa1, 0xa1, 0xa1, 0xa3, 0x9e, 0x9e, 0x9b, 0x9b,
    0x9b, 0x9b, 0x9e, 0x9e, 0x9e, 0x9b, 0x9b, 0x99, 0x99, 0x99, 0x95, 0x93, 0x8b, 0x8b, 0x8b, 0x8b,
    0x8b, 0x8b, 0x8b, 0x8c, 0x8b, 0x8b, 0x86, 0x86, 0x86, 0x83, 0x86, 0x83, 0x81, 0x81, 0x80, 0x83,
    0x88, 0x8c, 0x8c, 0x93, 0x95, 0x9b, 0x9e, 0xa1, 0xa1, 0xaf, 0xb2, 0xb8, 0xb5, 0xb8, 0xb5, 0xb8,
    0xba, 0xbe, 0xbe, 0xbe, 0xbe, 0xc9, 0x0b, 0x13, 0x1a, 0x91, 0x98, 0x90, 0x7f, 0x7b, 0x9d, 0xa5,
    0x9a, 0x33, 0x26, 0x24, 0xd0, 0xcb, 0xc9, 0xcb, 0xcc, 0xcb, 0xcc, 0xce, 0xce, 0xd0, 0xcf, 0xd0,
    0xcf, 0xd0, 0xd0, 0xd1, 0x0f, 0xa0, 0x9d, 0x33, 0x82, 0x2c, 0x28, 0x29, 0x82, 0x33, 0x24, 0x21,
    0x2c, 0x5a, 0xd0, 0xd2, 0xd2, 0xce, 0x21, 0x2a, 0x46, 0x46, 0x41, 0xa5, 0xad, 0xbc, 0xc8, 0xbc,
    0xb3, 0xa5, 0xad, 0xad, 0x90, 0x37, 0x98, 0x90, 0x87, 0x85, 0x6f, 0x28, 0x33, 0x41, 0xb3, 0xb6,
    0xc8, 0xcd, 0xc8, 0xad, 0xc4, 0xb6, 0xbc, 0xad, 0xad, 0xa5, 0x82, 0x33, 0x65, 0x29, 0x90, 0x98,
    0xad, 0xbc, 0xb3, 0x9a, 0x91, 0xa5, 0x8e, 0x1d, 0x26, 0x29, 0x38, 0x42, 0x45, 0xbe, 0xc2, 0xbe,
    0xc2, 0xbe, 0xba, 0xba, 0xb2, 0xa1, 0xa1, 0xa3, 0xa9, 0xa9, 0xa9, 0xa1, 0xa1, 0x9e, 0x9b, 0x97,
    0x97, 0x8c, 0x93, 0x93, 0x8c, 0x93, 0x93, 0x93, 0x8c, 0x8c, 0x8c, 0x8c, 0x93, 0x93, 0x8c, 0x93,
    0x8c, 0x93, 0x93, 0x8c, 0x93, 0x93, 0x97, 0x97, 0x97, 0x9e, 0x9e, 0x9e, 0x9e, 0xa1, 0xa4, 0xa1,
    0xa4, 0xa4, 0xa4, 0xa8, 0xa8, 0xb2, 0xb0, 0xa8, 0xa9, 0xa9, 0xa1, 0xa1, 0xa1, 0xa1, 0x9e, 0xa1,
    0x9e, 0x9b, 0x9b, 0x97, 0x9b, 0x9b, 0x9b, 0x9b, 0x9b, 0x9b, 0x9e, 0x9b, 0x9b, 0x9e, 0x9b, 0x9e,
    0xa1, 0xa9, 0xa9, 0xa1, 0x9e, 0x9e, 0x9e, 0xa1, 0xa1, 0xa1, 0xa1, 0xa1, 0x9e, 0x9e, 0x9e, 0x9b,
    0x9b, 0x9e, 0x9f, 0xa3, 0x9f, 0x9f, 0x9e, 0x9b, 0x9b, 0x9b, 0x99, 0x93, 0x95, 0x95, 0x95, 0x95,
    0x93, 0x93, 0x93, 0x93, 0x8b, 0x8b, 0x86, 0x8c, 0x86, 0x8c, 0x88, 0x8c, 0x86, 0x88, 0x88, 0x88,
    0x8c, 0x93, 0x93, 0x93, 0x97, 0x9b, 0x9e, 0x9e, 0xa9, 0xaf, 0xb5, 0xb5, 0xb5, 0xb5, 0xb8, 0xb8,
    0xba, 0xba, 0xbe, 0xc2, 0x3d, 0xa8, 0x42, 0x0c, 0x5f, 0x1c, 0x29, 0x7f, 0x89, 0x89, 0x82, 0x90,
    0xa0, 0xa5, 0xa5, 0x1d, 0x13, 0xce, 0xcb, 0xce, 0xcb, 0xcb, 0xcf, 0xce, 0xcf, 0xd0, 0xce, 0xcf,
    0xd0, 0xd0, 0xd0, 0xd2, 0x06, 0xa5, 0x9d, 0x82, 0x29, 0x6c, 0x0e, 0x0e, 0x1c, 0x16, 0x13, 0x13,
    0xc2, 0xd1, 0x5a, 0xcf, 0x37, 0x82, 0xad, 0xbc, 0xbc, 0xbc, 0xc1, 0xbc, 0xb3, 0xa5, 0x98, 0x89,
    0x65, 0x28, 0x33, 0x39, 0x37, 0x3c, 0x37, 0x7a, 0x2f, 0x26, 0x21, 0x33, 0x3c, 0x3f, 0xbc, 0xb6,
    0xc1, 0x39, 0x39, 0x41, 0xad, 0xc4, 0xa5, 0x41, 0x39, 0x37, 0x24, 0x08, 0x0e, 0x14, 0x13, 0x94,
    0x37, 0x90, 0x9d, 0xa5, 0x9a, 0xa5, 0x2f, 0x7a, 0x2f, 0x89, 0x33, 0xb5, 0xcb, 0xc6, 0xb8, 0xc6,
    0xb8, 0xb8, 0xbe, 0xb8, 0x3b, 0xa8, 0xaf, 0xa4, 0xac, 0xa3, 0xa9, 0xa9, 0xa9, 0x9e, 0x9e, 0x9b,
    0x97, 0x95, 0x93, 0x8c, 0x8c, 0x93, 0x93, 0x8c, 0x93, 0x93, 0x93, 0x93, 0x95, 0x97, 0x97, 0x95,
    0x93, 0x8c, 0x8c, 0x93, 0x93, 0x93, 0x95, 0x97, 0x9b, 0x9e, 0x9e, 0x9e, 0x9e, 0x9e, 0xa1, 0xa1,
    0xa4, 0xa4, 0xa4, 0xa8, 0xa8, 0xb2, 0xb2, 0xa8, 0xa9, 0xa9, 0xa1, 0xa1, 0x9e, 0x9e, 0x9e, 0xa1,
    0x9b, 0x9b, 0x97, 0x97, 0x97, 0x97, 0x9b, 0x9b, 0x9b, 0x9b, 0x9b, 0x9b, 0x9e, 0x9e, 0x9e, 0xa1,
    0xa9, 0xa9, 0xa9, 0xac, 0xa9, 0xa1, 0xa1, 0xa3, 0xa3, 0xa3, 0xa1, 0xa1, 0x9f, 0x9e, 0x9e, 0x9b,
    0x9b, 0x9e, 0x9e, 0x9e, 0x9b, 0x9b, 0x9b, 0x9b, 0x9b, 0x9b, 0x9b, 0x97, 0x97, 0x97, 0x97, 0x97,
    0x97, 0x95, 0x95, 0x95, 0x95, 0x93, 0x8c, 0x86, 0x86, 0x8c, 0x8c, 0x8c, 0x8c, 0x93, 0x8c, 0x8c,
    0x8c, 0x93, 0x93, 0x97, 0x9b, 0x9e, 0xa1, 0xa9, 0xa1, 0xac, 0xb5, 0xb8, 0xba, 0xbe, 0xba, 0xba,
    0xb5, 0xb5, 0x3d, 0xbe, 0xc9, 0xc9, 0xcc, 0xc2, 0x13, 0x20, 0x65, 0x20, 0x28, 0x68, 0x89, 0x98,
    0xa5, 0xb3, 0xb3, 0x33, 0x1e, 0x42, 0xce, 0xcf, 0xcf, 0xcf, 0xd0, 0xd0, 0xd1, 0xd0, 0xd0, 0xce,
    0xcf, 0xcf, 0xcf, 0xd1, 0x04, 0x33, 0x29, 0x1c, 0x26, 0x09, 0x04, 0x2a, 0x36, 0x2a, 0x0e, 0xc9,
    0xd2, 0xd0, 0x3a, 0x33, 0xc1, 0xbc, 0xc1, 0xc1, 0xc1, 0xbc, 0xc1, 0xad, 0x41, 0xa5, 0x82, 0x1e,
    0x16, 0x06, 0x14, 0x75, 0x7a, 0x29, 0x68, 0x65, 0x5f, 0x0d, 0x13, 0x1e, 0x24, 0x3c, 0x28, 0xb3,
    0x9d, 0x9d, 0x33, 0x2f, 0x98, 0x41, 0x9d, 0x3c, 0x39, 0x24, 0x1c, 0x18, 0x06, 0x12, 0x26, 0x0e,
    0x24, 0xa5, 0xa5, 0xa5, 0xa5, 0xa5, 0x8a, 0x8e, 0x8e, 0x75, 0x39, 0x28, 0x36, 0xcb, 0x45, 0xb8,
    0xbe, 0xb0, 0xb0, 0xba, 0xba, 0xb5, 0xb5, 0xb5, 0xa4, 0x9e, 0x2d, 0x31, 0x31, 0x36, 0x36, 0x9b,
    0x97, 0x97, 0x93, 0x93, 0x8c, 0x93, 0x8c, 0x93, 0x93, 0x8c, 0x95, 0x97, 0x95, 0x97, 0x95, 0x93,
    0x95, 0x93, 0x93, 0x93, 0x8c, 0x93, 0x93, 0x97, 0x9b, 0x9b, 0x9b, 0x9e, 0x9e, 0x9e, 0xa1, 0xa1,
    0xa1, 0xa4, 0xa8, 0xa8, 0xa8, 0xaf, 0xaf, 0xa8, 0xa8, 0xa9, 0xa1, 0xa1, 0xa1, 0x9e, 0x9e, 0xa1,
    0x9b, 0x9b, 0x97, 0x97, 0x97, 0x97, 0x97, 0x9b, 0x9b, 0x9b, 0x9b, 0x9e, 0x9e, 0x9e, 0xa1, 0xa9,
    0xa9, 0xa9, 0xac, 0xac, 0xa9, 0xa3, 0xa1, 0xa1, 0xa1, 0xa3, 0xa1, 0xa1, 0x9f, 0x9e, 0x9e, 0x9b,
    0x9e, 0x9e, 0x9e, 0x9b, 0x9b, 0x97, 0x9b, 0x97, 0x97, 0x97, 0x9b, 0x9b, 0x9b, 0x9b, 0x9b, 0x97,
    0x97, 0x97, 0x93, 0x97, 0x97, 0x97, 0x8b, 0x8c, 0x8c, 0x88, 0x83, 0x83, 0x88, 0x88, 0x88, 0x88,
    0x88, 0x8c, 0x95, 0x9b, 0x9e, 0xa1, 0xa9, 0xa9, 0xa9, 0xac, 0xb5, 0xb8, 0xba, 0xbe, 0xbe, 0xbe,
    0xb8, 0xbe, 0xc9, 0xc9, 0xcb, 0xcc, 0xbe, 0xc6, 0xc2, 0x09, 0x09, 0x0b, 0x13, 0x20, 0x5f, 0x82,
    0x89, 0x9d, 0x98, 0xa5, 0x06, 0x40, 0xcf, 0xcf, 0xcf, 0xd0, 0xd0, 0x56, 0xd1, 0xd2, 0xd0, 0xce,
    0xcf, 0xcf, 0xcf, 0xd2, 0x19, 0x0e, 0x13, 0x29, 0x13, 0x19, 0xce, 0xd2, 0xd2, 0xd2, 0xd2, 0xd0,
    0x50, 0x2a, 0x75, 0xaa, 0xb3, 0xb6, 0xb6, 0xb3, 0xb3, 0xb6, 0xc1, 0xbc, 0xad, 0xb3, 0x33, 0x28,
    0x02, 0x0b, 0x18, 0x13, 0x0d, 0x18, 0x5f, 0x65, 0x1d, 0x21, 0x0f, 0x13, 0x29, 0xb3, 0x39, 0x16,
    0x33, 0x2f, 0x1c, 0x26, 0x39, 0x98, 0x1c, 0x0e, 0x29, 0x19, 0x06, 0x0e, 0x24, 0x42, 0x26, 0x05,
    0x03, 0x06, 0x9d, 0x9d, 0x9a, 0x9a, 0xa0, 0xa5, 0x33, 0xa5, 0x98, 0x2c, 0x1d, 0x29, 0xa1, 0xc9,
    0xb0, 0xba, 0xbe, 0xc2, 0xb2, 0xb8, 0xb5, 0xaf, 0xaf, 0xaf, 0xac, 0xa9, 0xa9, 0xa1, 0xa1, 0x9e,
    0x9b, 0x9b, 0x97, 0x95, 0x93, 0x93, 0x93, 0x95, 0x93, 0x95, 0x97, 0x9b, 0x9b, 0x97, 0x97, 0x97,
    0x97, 0x97, 0x97, 0x97, 0x93, 0x93, 0x95, 0x9b, 0x9e, 0x9e, 0x9e, 0x9e, 0x9e, 0x9e, 0x9e, 0x9e,
    0xa1, 0xa4, 0xa4, 0xa4, 0xa8, 0xaf, 0xb2, 0xa8, 0xac, 0xa9, 0xa1, 0xa1, 0xa1, 0x9e, 0x9e, 0x9e,
    0x9b, 0x9b, 0x97, 0x97, 0x97, 0x97, 0x9b, 0x9e, 0x9e, 0x9e, 0x9e, 0x9b, 0x9b, 0x9b, 0x9e, 0xa1,
    0xa1, 0xa1, 0xa9, 0xac, 0xac, 0xa9, 0xa1, 0xa1, 0x9e, 0xa1, 0xa1, 0x9e, 0x9e, 0x9e, 0x9b, 0x9b,
    0x9e, 0x9e, 0x9e, 0x9b, 0x97, 0x97, 0x9b, 0x9b, 0x97, 0x9b, 0x9b, 0x9b, 0x9e, 0x9b, 0x9b, 0x9b,
    0x97, 0x97, 0x97, 0x97, 0x97, 0x97, 0x95, 0x93, 0x8b, 0x8c, 0x83, 0x83, 0x88, 0x88, 0x88, 0x8c,
    0x8c, 0x93, 0x97, 0x9b, 0x9e, 0xa1, 0xa9, 0xac, 0xaf, 0xaf, 0xaf, 0xb5, 0xbe, 0xc2, 0xc6, 0xbe,
    0xbe, 0xbe, 0xc9, 0xc9, 0xcb, 0xcb, 0xcc, 0xcb, 0xcc, 0xcc, 0x40, 0x21, 0x09, 0x06, 0x20, 0x1d,
    0x68, 0x1d, 0x18, 0x09, 0x01, 0xc9, 0xce, 0xce, 0xcf, 0xd0, 0xd1, 0xd1, 0x56, 0xd0, 0xcf, 0xd1,
    0xd0, 0xd0, 0xcf, 0xd0, 0xce, 0x06, 0x0c, 0x09, 0xc9, 0xd2, 0xd0, 0xd2, 0xd2, 0xd1, 0xd0, 0xd1,
    0x16, 0x68, 0x24, 0xb3, 0x90, 0x89, 0x89, 0x9d, 0x9d, 0xad, 0xb6, 0xad, 0xbc, 0xa5, 0xad, 0x16,
    0x0e, 0x0a, 0x05, 0x0b, 0x03, 0x0e, 0x16, 0x21, 0x45, 0xd2, 0x50, 0x2c, 0x06, 0x06, 0x05, 0x04,
    0x15, 0x11, 0x0c, 0x06, 0x0e, 0x08, 0x04, 0x02, 0x08, 0x13, 0x48, 0x54, 0xd1, 0xd1, 0xd0, 0xd0,
    0x16, 0x82, 0x98, 0xa5, 0xad, 0xaa, 0xaa, 0xa0, 0xb6, 0xb6, 0xb3, 0xb6, 0xb3, 0x98, 0x33, 0x26,
    0xc9, 0xc2, 0xc2, 0xc2, 0xb5, 0x3d, 0xa4, 0x36, 0x38, 0xa1, 0xaf, 0xa8, 0xa9, 0xa9, 0xa1, 0x9e,
    0x9b, 0x9b, 0x97, 0x93, 0x95, 0x93, 0x8c, 0x93, 0x93, 0x97, 0x97, 0x97, 0x97, 0x97, 0x97, 0x97,
    0x97, 0x97, 0x97, 0x97, 0x97, 0x95, 0x97, 0x9b, 0x9e, 0x9e, 0x9e, 0x9e, 0xa1, 0xa1, 0x9e, 0x9e,
    0xa1, 0xa1, 0xa1, 0xa4, 0xa8, 0xa8, 0xaf, 0xb2, 0xaf, 0xac, 0xa9, 0xa1, 0xa1, 0x9e, 0x9e, 0xa1,
    0x9e, 0x9b, 0x9b, 0x9b, 0x97, 0x9b, 0x9b, 0x9e, 0x9e, 0x9e, 0x9e, 0x9b, 0x9b, 0x97, 0x9b, 0x9b,
    0x9e, 0xa1, 0xa9, 0xac, 0xac, 0xac, 0xa9, 0xa3, 0xa1, 0xa1, 0x9e, 0x9e, 0x9b, 0x9b, 0x9b, 0x9b,
    0x9b, 0x9b, 0x9b, 0x9e, 0x9b, 0x9b, 0x9e, 0x9b, 0x9e, 0x9b, 0x9b, 0x9b, 0x9e, 0x9e, 0x9e, 0x9e,
    0x9e, 0x9e, 0x9b, 0x9b, 0x9b, 0x9b, 0x97, 0x97, 0x95, 0x95, 0x93, 0x8c, 0x8c, 0x8c, 0x8c, 0x93,
    0x93, 0x93, 0x97, 0xa1, 0xa1, 0xa3, 0xac, 0xb2, 0xac, 0xb2, 0xb5, 0xbe, 0xb2, 0x13, 0x26, 0x38,
    0x21, 0x3d, 0xc9, 0xc9, 0xc9, 0xc6, 0xcc, 0xcc, 0xc6, 0xbe, 0xc2, 0xc6, 0xc6, 0x31, 0x08, 0x05,
    0x18, 0x18, 0x0b, 0x01, 0x13, 0xd0, 0xcf, 0xcc, 0xcf, 0xd2, 0xd0, 0x56, 0xd1, 0xd0, 0xcc, 0x24,
    0x13, 0x42, 0x5a, 0xd1, 0xd2, 0xd1, 0xd2, 0x5a, 0xd2, 0xd1, 0xd2, 0xd2, 0xd2, 0xd2, 0xd2, 0x48,
    0x6f, 0x21, 0x3c, 0x41, 0xb6, 0x41, 0x41, 0xb3, 0x24, 0x29, 0x90, 0x41, 0x39, 0x3c, 0xad, 0x06,
    0x50, 0xd4, 0xd2, 0x45, 0x47, 0x4e, 0x5a, 0x5a, 0xd1, 0xd1, 0xd2, 0x5a, 0xd4, 0x5a, 0x4c, 0x45,
    0x54, 0xd2, 0xd4, 0x5c, 0xd0, 0x13, 0x19, 0x3a, 0x58, 0xd0, 0xd0, 0xd2, 0x48, 0x50, 0x45, 0x45,
    0x1c, 0x1c, 0x8e, 0xad, 0xcd, 0xc1, 0xb3, 0xa0, 0xaa, 0xbc, 0xbc, 0xb3, 0xbc, 0xad, 0xa5, 0x20,
    0x3d, 0xcb, 0xc6, 0xc2, 0xbe, 0xc2, 0xbe, 0xba, 0xba, 0xb5, 0xaf, 0xaf, 0xa8, 0xa9, 0xa9, 0xa1,
    0x9e, 0x9b, 0x9b, 0x97, 0x97, 0x8c, 0x93, 0x93, 0x95, 0x93, 0x95, 0x97, 0x97, 0x9b, 0x97, 0x97,
    0x9b, 0x97, 0x97, 0x97, 0x9b, 0x9b, 0x9b, 0x9b, 0x9b, 0x9b, 0x9e, 0x9e, 0xa1, 0xa1, 0xa1, 0x9e,
    0xa1, 0xa1, 0xa9, 0xa9, 0xa9, 0xa8, 0xb2, 0xb2, 0xb0, 0xa8, 0xac, 0xa9, 0xa9, 0xa1, 0xa1, 0xa1,
    0x9e, 0x9b, 0x9b, 0x9b, 0x97, 0x9b, 0x9b, 0x9b, 0x9b, 0x9b, 0x9b, 0x97, 0x9b, 0x9b, 0x9b, 0x9b,
    0x9e, 0xa1, 0xa9, 0xac, 0xa9, 0xac, 0xa9, 0xa9, 0xa1, 0xa1, 0xa1, 0x9e, 0x9e, 0xa1, 0xa1, 0xa3,
    0xa1, 0x9e, 0x9e, 0x9e, 0x9e, 0x9e, 0x9e, 0x9e, 0x9e, 0x9e, 0x9b, 0x97, 0x9b, 0x9e, 0xa1, 0xa1,
    0x9e, 0x9e, 0x9b, 0x9b, 0x9b, 0x97, 0x97, 0x97, 0x97, 0x93, 0x95, 0x95, 0x93, 0x93, 0x93, 0x93,
    0x8c, 0x97, 0x9b, 0x9e, 0xa1, 0xa9, 0xac, 0xb2, 0xba, 0xba, 0xbe, 0x13, 0x0f, 0x65, 0x6f, 0x8e,
    0x75, 0x0b, 0xc9, 0xc5, 0xc5, 0xc9, 0xc9, 0xc6, 0xc9, 0xc9, 0xc9, 0xcb, 0xc9, 0xcb, 0xcf, 0x38,
    0x21, 0x27, 0x3d, 0xc9, 0xcc, 0xcc, 0xcf, 0xcf, 0xcf, 0xcc, 0xcc, 0xd0, 0xd2, 0x50, 0x1c, 0x75,
    0x7a, 0x20, 0x13, 0xd0, 0xd1, 0xd0, 0xd0, 0xd0, 0xd0, 0xd0, 0xd2, 0x5a, 0xd2, 0xd2, 0xd4, 0x25,
    0x68, 0x90, 0xb3, 0xb3, 0xc1, 0xc8, 0x3a, 0x35, 0x24, 0x18, 0x1e, 0x29, 0x1c, 0x89, 0x26, 0x16,
    0x4c, 0x48, 0x48, 0x48, 0x45, 0x4e, 0xd1, 0xd0, 0xd0, 0xd0, 0xd2, 0xd2, 0x5a, 0x5a, 0xd4, 0xd4,
    0x5a, 0x5a, 0x5a, 0xd4, 0xd2, 0xd1, 0x5a, 0xd2, 0xd1, 0xd1, 0xd0, 0x5a, 0x53, 0xce, 0xd1, 0xd2,
    0xce, 0x18, 0x1c, 0x33, 0x39, 0x82, 0x90, 0xa5, 0xb6, 0xad, 0x9a, 0x98, 0xb6, 0xb6, 0xa5, 0x32,
    0x2c, 0xc6, 0xc9, 0xc9, 0xc2, 0xc2, 0xbe, 0xba, 0xb8, 0xb8, 0xb2, 0xaf, 0xa8, 0xac, 0xa9, 0xa1,
    0xa1, 0x9e, 0x9b, 0x97, 0x97, 0x95, 0x93, 0x93, 0x95, 0x93, 0x95, 0x93, 0x95, 0x97, 0x97, 0x97,
    0x97, 0x97, 0x9b, 0x9b, 0x9b, 0x9b, 0x9b, 0x9b, 0x9b, 0x9b, 0x9e, 0x9e, 0xa1, 0xa1, 0xa1, 0x9e,
    0xa1, 0xa1, 0xa9, 0xa9, 0xa9, 0xa8, 0xa8, 0xb0, 0xb0, 0xb2, 0xb2, 0xa8, 0xac, 0xa9, 0xa9, 0xa9,
    0x9e, 0x9e, 0x9b, 0x97, 0x9b, 0x9b, 0x97, 0x97, 0x9b, 0x97, 0x97, 0x97, 0x9b, 0x97, 0x9b, 0x9e,
    0x9e, 0xa1, 0xa9, 0xa9, 0xac, 0xac, 0xa9, 0xa9, 0xa3, 0xa3, 0xa3, 0xa1, 0xa1, 0xa1, 0xa1, 0xa3,
    0xa1, 0x9e, 0xa1, 0x9e, 0x9b, 0x9e, 0x9e, 0x9e, 0x9e, 0x9e, 0x9b, 0x97, 0x97, 0x9b, 0x9b, 0x9e,
    0x9b, 0x9e, 0x9b, 0x9b, 0x9b, 0x9b, 0x97, 0x97, 0x97, 0x97, 0x97, 0x97, 0x97, 0x97, 0x97, 0x9b,
    0x9b, 0x9b, 0x9b, 0x9e, 0xa3, 0xaf, 0xb2, 0xa9, 0x38, 0xb8, 0x13, 0x65, 0x75, 0x2f, 0x68, 0x75,
    0x68, 0x60, 0x1a, 0xcb, 0xc2, 0xc2, 0xc2, 0xc2, 0xc9, 0xcb, 0xc9, 0xc9, 0xcb, 0xcb, 0xc9, 0xcf,
    0xcf, 0xcf, 0xcb, 0xc9, 0xc5, 0xcb, 0xce, 0xcf, 0xcf, 0xce, 0xc9, 0xc9, 0x42, 0x16, 0x29, 0x9d,
    0xad, 0xad, 0x98, 0x13, 0xd2, 0xd0, 0xd1, 0xd0, 0xd1, 0xd2, 0xd1, 0xd1, 0xd1, 0x5b, 0xc2, 0x21,
    0x89, 0xa0, 0xa0, 0xb3, 0xb3, 0xb6, 0xb6, 0x2e, 0x24, 0x1e, 0x0e, 0x16, 0x14, 0x1c, 0x24, 0x1b,
    0x4e, 0x4c, 0x50, 0x50, 0x54, 0xd0, 0x4a, 0x45, 0x53, 0xd0, 0x5a, 0x5b, 0x5b, 0x5a, 0x5b, 0x5b,
    0x5a, 0x5b, 0xd4, 0xd5, 0x5a, 0xd2, 0xd4, 0xd2, 0xd2, 0xd1, 0x5a, 0x5a, 0x5a, 0x5a, 0x53, 0x4c,
    0x53, 0x53, 0x2c, 0x1e, 0x06, 0x2f, 0xad, 0xad, 0xb3, 0xb3, 0xad, 0xb6, 0xc1, 0xb6, 0x37, 0x0b,
    0xa8, 0xce, 0xcc, 0x2e, 0x25, 0x36, 0xc2, 0xbe, 0xbe, 0xba, 0xb5, 0xb2, 0xa8, 0xa8, 0xa8, 0xa9,
    0xa1, 0x9e, 0x9b, 0x9b, 0x97, 0x97, 0x97, 0x93, 0x93, 0x95, 0x97, 0x95, 0x93, 0x97, 0x97, 0x97,
    0x97, 0x9b, 0x97, 0x9b, 0x9e, 0x9e, 0x9e, 0x9e, 0x9e, 0x9b, 0x9e, 0x9e, 0x9e, 0xa1, 0xa1, 0xa1,
    0xa1, 0xa1, 0xa1, 0xa9, 0xa9, 0xa8, 0xa8, 0xb2, 0xb0, 0xb5, 0xb0, 0xb2, 0xaf, 0xa8, 0xac, 0xac,
    0xa1, 0xa1, 0x9b, 0x97, 0x9b, 0x9b, 0x9b, 0x97, 0x97, 0x97, 0x97, 0x97, 0x97, 0x97, 0x9b, 0x9e,
    0x9e, 0xa1, 0xa3, 0xa9, 0xa9, 0xac, 0xa9, 0xa3, 0xa3, 0xa1, 0xa1, 0xa1, 0xa1, 0x9e, 0x9e, 0xa1,
    0x9e, 0x9e, 0x9e, 0x9b, 0x9b, 0x97, 0x9b, 0x9b, 0x9e, 0x9e, 0x9b, 0x97, 0x97, 0x9b, 0x9b, 0x97,
    0x9b, 0x9b, 0x9b, 0x9b, 0x97, 0x97, 0x97, 0x97, 0x97, 0x97, 0x9b, 0x9e, 0x9e, 0x9e, 0x9b, 0x9e,
    0xa1, 0xa1, 0x9e, 0x9e, 0xa1, 0xa9, 0xac, 0xb8, 0xba, 0x88, 0x1d, 0x6f, 0x7f, 0x90, 0x85, 0x89,
    0x77, 0x12, 0x0a, 0x1e, 0xcb, 0xc9, 0xc6, 0xc5, 0xc9, 0xc6, 0xc9, 0xcc, 0xc9, 0xc9, 0xc6, 0xbe,
    0xc2, 0xc9, 0xc9, 0xcb, 0xce, 0xcf, 0xce, 0xc2, 0x33, 0x29, 0x20, 0x26, 0x33, 0x9d, 0xa5, 0xb3,
    0xad, 0x89, 0x82, 0x21, 0x3b, 0xd0, 0xd0, 0xd2, 0x5a, 0x50, 0xd2, 0xd2, 0xd0, 0x5b, 0x19, 0x89,
    0x7f, 0xa5, 0xa0, 0xb3, 0xbc, 0xad, 0x41, 0x3c, 0x24, 0x01, 0x11, 0x09, 0x1c, 0x1c, 0x3a, 0x50,
    0x53, 0xcf, 0xd0, 0xd2, 0x58, 0xd1, 0x5a, 0x50, 0x47, 0x45, 0x21, 0x16, 0x32, 0x4a, 0x5a, 0xd5,
    0x5c, 0xd2, 0x57, 0x38, 0x1c, 0x2e, 0x18, 0x21, 0x24, 0x19, 0x19, 0x48, 0x5c, 0x5b, 0x5a, 0x4e,
    0x48, 0x4e, 0x53, 0x3e, 0x02, 0x1c, 0x90, 0xb3, 0xc1, 0xc4, 0x57, 0x59, 0x4d, 0x4b, 0x41, 0x11,
    0xc6, 0xd0, 0x32, 0xd2, 0xc9, 0x13, 0x45, 0xc6, 0xbe, 0xb8, 0xba, 0xb8, 0xb5, 0xaf, 0xac, 0xa9,
    0xa9, 0xa1, 0x9e, 0x9e, 0x9e, 0x97, 0x97, 0x97, 0x9b, 0x9b, 0x9b, 0x9b, 0x97, 0x97, 0x97, 0x97,
    0x97, 0x9b, 0x9b, 0x9b, 0x9e, 0x9e, 0x9e, 0xa1, 0x9e, 0xa1, 0x9e, 0x9e, 0x9e, 0xa1, 0xa9, 0xa9,
    0xa9, 0xa1, 0xa1, 0xa9, 0xa9, 0xac, 0xa8, 0xaf, 0xb2, 0xb2, 0xb2, 0xb2, 0xb2, 0xb2, 0xaf, 0xa8,
    0xa1, 0x9e, 0x9b, 0x9b, 0x9b, 0x9b, 0x9b, 0x9b, 0x9b, 0x9b, 0x97, 0x9b, 0x9b, 0x97, 0x9b, 0x9b,
    0x9b, 0x9e, 0x9e, 0xa1, 0xa9, 0xa9, 0xa3, 0xa1, 0x9e, 0xa1, 0xa1, 0xa3, 0xa1, 0xa1, 0xa1, 0xa1,
    0xa1, 0x9e, 0x9e, 0x9b, 0x9b, 0x9b, 0x9b, 0x9e, 0xa1, 0xa1, 0x9e, 0x9b, 0x9b, 0x9b, 0x97, 0x9b,
    0x9b, 0x97, 0x9b, 0x97, 0x97, 0x97, 0x97, 0x97, 0x97, 0x97, 0x97, 0x9b, 0x9e, 0x9e, 0x9e, 0x9e,
    0x2d, 0x31, 0x93, 0x9b, 0xa1, 0xac, 0x97, 0xac, 0xbe, 0x23, 0x6f, 0x7f, 0x94, 0x7f, 0x82, 0x90,
    0x82, 0x61, 0x12, 0x0f, 0x1c, 0xc9, 0xc6, 0xc6, 0xc9, 0xc6, 0xcb, 0xc9, 0xc2, 0xc6, 0xc9, 0xcb,
    0xcb, 0xcf, 0xcf, 0xcf, 0xbe, 0x31, 0x2c, 0x2f, 0x89, 0xbc, 0x9d, 0x41, 0xb3, 0x90, 0xa5, 0xb6,
    0xa5, 0x3c, 0x29, 0x0e, 0x40, 0xd0, 0xd2, 0xd4, 0x47, 0x32, 0x08, 0x58, 0xd0, 0x50, 0x03, 0x37,
    0x20, 0x2f, 0xa5, 0xc1, 0xc1, 0xad, 0x3f, 0x3c, 0x08, 0x07, 0xd4, 0x3a, 0x47, 0x5a, 0xd2, 0xd2,
    0xd2, 0xd0, 0xd0, 0xd0, 0x5a, 0x42, 0x28, 0x75, 0xad, 0xbc, 0x9d, 0x90, 0x20, 0x18, 0x39, 0x58,
    0x2c, 0x46, 0x41, 0x4b, 0x59, 0x5b, 0xc8, 0xcd, 0x57, 0xbc, 0xc8, 0x39, 0x25, 0x4c, 0x53, 0x58,
    0x5a, 0xd4, 0x5a, 0x5c, 0x50, 0x18, 0xad, 0xb6, 0xb6, 0x57, 0x59, 0x59, 0xc8, 0xc8, 0xbc, 0x21,
    0xcb, 0x5a, 0x35, 0x47, 0x38, 0xcb, 0x3b, 0x0a, 0xbe, 0xba, 0x3d, 0x3b, 0xb2, 0xaf, 0xac, 0xac,
    0xa9, 0xa9, 0x9e, 0x9e, 0x9e, 0x9b, 0x9b, 0x9b, 0x9b, 0x9b, 0x9b, 0x9b, 0x9b, 0x9b, 0x97, 0x97,
    0x97, 0x97, 0x9b, 0x9e, 0x9e, 0x9e, 0x9e, 0xa1, 0xa1, 0x9e, 0x9e, 0x9e, 0xa1, 0xa1, 0xa9, 0xa9,
    0xac, 0xa4, 0xa9, 0xa9, 0xa9, 0xa8, 0xaf, 0xaf, 0xaf, 0xaf, 0xb2, 0xb2, 0xb2, 0xb2, 0xb2, 0xaf,
    0x9b, 0x9b, 0x9b, 0x9b, 0x9b, 0x9b, 0x9b, 0x9b, 0x9b, 0x9b, 0x9e, 0x9e, 0x9e, 0x9b, 0x9b, 0x9b,
    0x97, 0x9b, 0x9e, 0x9e, 0x9e, 0x9e, 0x9b, 0x97, 0x9b, 0x9b, 0x9b, 0x9b, 0x9e, 0x9b, 0x9e, 0x9e,
    0x9e, 0x9e, 0x9e, 0x9b, 0x97, 0x9b, 0x9b, 0x9b, 0x9b, 0x9b, 0x9e, 0x9e, 0x9b, 0x9b, 0x9b, 0x9b,
    0x9b, 0x9b, 0x9e, 0x9e, 0x9e, 0x9e, 0x9b, 0x9b, 0x97, 0x9b, 0x9b, 0x9b, 0x9e, 0x9e, 0xa1, 0xa1,
    0xa9, 0xa9, 0xa9, 0xa9, 0xac, 0xac, 0xac, 0x97, 0xaf, 0x21, 0x07, 0x7f, 0x7b, 0x85, 0x8e, 0x85,
    0x7b, 0x71, 0x61, 0x1a, 0x13, 0x16, 0xb5, 0x3d, 0x45, 0xc2, 0xc6, 0xc9, 0xcb, 0xcc, 0xc9, 0xc9,
    0xce, 0x1c, 0x18, 0x18, 0x5f, 0x29, 0x90, 0xbc, 0xc1, 0xbc, 0xc4, 0xbc, 0xb6, 0xb3, 0xa5, 0xa0,
    0x89, 0x2f, 0x29, 0x09, 0x47, 0xd0, 0xd2, 0x19, 0x58, 0x36, 0x08, 0x09, 0x3d, 0x3d, 0x04, 0x09,
    0x13, 0x7a, 0xb3, 0xb3, 0x9d, 0x41, 0x41, 0x3f, 0x03, 0x3d, 0xd1, 0xd2, 0xd2, 0xd1, 0xd1, 0xd0,
    0xd1, 0xd0, 0x5a, 0x48, 0x21, 0x2f, 0x9d, 0xb3, 0xc8, 0x57, 0x41, 0x98, 0x9d, 0xad, 0x52, 0x5a,
    0x3f, 0xcd, 0x5a, 0x5b, 0x5a, 0x5c, 0x59, 0x55, 0xc8, 0xc8, 0x58, 0x4d, 0xb6, 0x1b, 0xd0, 0x54,
    0x5a, 0xd2, 0x5b, 0x5b, 0xd5, 0x1b, 0x26, 0x2c, 0xad, 0x4d, 0xcd, 0xcd, 0x55, 0xcd, 0xc1, 0x37,
    0x45, 0x3a, 0x50, 0x45, 0xd0, 0xc6, 0xcb, 0x12, 0x21, 0xba, 0xba, 0xba, 0xb5, 0xb2, 0xaf, 0xac,
    0xac, 0xa9, 0xa9, 0xa1, 0x9e, 0x9e, 0x9b, 0x9b, 0x9b, 0x9b, 0x9b, 0x9e, 0x9b, 0x9b, 0x9b, 0x9b,
    0x97, 0x97, 0x97, 0x9b, 0x9e, 0x9e, 0x9e, 0xa1, 0xa1, 0x9e, 0xa1, 0x9e, 0xa1, 0xa9, 0xa9, 0xa8,
    0xa8, 0xa8, 0xa8, 0xac, 0xaf, 0xaf, 0xaf, 0xa8, 0xaf, 0xa8, 0xaf, 0xaf, 0xaf, 0xb2, 0xb2, 0xb2,
    0x97, 0x97, 0x9b, 0x9b, 0x9b, 0x9b, 0x9b, 0x9b, 0x97, 0x97, 0x9b, 0x9e, 0x9b, 0x97, 0x97, 0x97,
    0x97, 0x9b, 0x9b, 0x9b, 0x97, 0x97, 0x97, 0x97, 0x97, 0x97, 0x95, 0x97, 0x97, 0x97, 0x97, 0x9b,
    0x9b, 0x9b, 0x9b, 0x97, 0x97, 0x9b, 0x9b, 0x9b, 0x9b, 0x9e, 0x9e, 0x9b, 0x9b, 0x9b, 0x9b, 0x9b,
    0x9b, 0x9b, 0x9e, 0xa1, 0xa1, 0x9e, 0xa1, 0xa1, 0xa1, 0x9e, 0x9e, 0x9b, 0x9b, 0x9b, 0xa1, 0xa1,
    0xa9, 0xa9, 0xac, 0x9e, 0x9e, 0x9e, 0x31, 0xa1, 0xa9, 0xbe, 0x0a, 0x0f, 0x61, 0x67, 0x77, 0x7b,
    0x7b, 0x85, 0x7b, 0x2f, 0x7a, 0x6c, 0x07, 0xb2, 0xc9, 0xcb, 0xcc, 0xcc, 0xcf, 0xcf, 0xce, 0xcf,
    0x21, 0x60, 0x90, 0x9d, 0x90, 0x90, 0xb6, 0xb6, 0xb3, 0xb6, 0xb3, 0xbc, 0xc4, 0xc8, 0xc1, 0x82,
    0x2f, 0x65, 0x17, 0x09, 0x24, 0x5a, 0x2a, 0x32, 0xcb, 0x5c, 0x19, 0x02, 0x08, 0x50, 0x32, 0x0e,
    0x04, 0x16, 0x2f, 0xa5, 0xa5, 0x3c, 0x3c, 0x2f, 0x14, 0x3d, 0x5a, 0xd1, 0xd2, 0xd0, 0x56, 0xd1,
    0xd0, 0x5a, 0x36, 0x18, 0x89, 0x9d, 0xbc, 0x57, 0x57, 0xd5, 0x2e, 0xcd, 0xc1, 0xcd, 0x5b, 0x4b,
    0x49, 0x58, 0x59, 0x57, 0xd6, 0x1f, 0xd4, 0x59, 0x58, 0xcd, 0x59, 0xc8, 0x39, 0x39, 0x25, 0x54,
    0xd2, 0x5a, 0x5a, 0xd2, 0x5b, 0x48, 0x0e, 0x08, 0x33, 0x2c, 0x3e, 0x57, 0x54, 0xcd, 0xbc, 0x9d,
    0x2e, 0x4c, 0x4a, 0xd1, 0xd1, 0x36, 0x3d, 0x23, 0x1e, 0x42, 0xc2, 0x3b, 0xb8, 0xb8, 0xb5, 0xb5,
    0xaf, 0xac, 0xa9, 0xa9, 0xa1, 0x9e, 0xa1, 0x9e, 0x9e, 0x9b, 0x9e, 0x9b, 0x9e, 0x9b, 0x9b, 0x9b,
    0x9b, 0x9b, 0x9b, 0x9b, 0x9e, 0x9e, 0x9e, 0xa1, 0xa1, 0xa1, 0xa1, 0xa1, 0xa1, 0xa1, 0xa9, 0xa4,
    0xa8, 0xa8, 0xa8, 0xaf, 0xb2, 0xb2, 0xb2, 0xaf, 0xaf, 0xaf, 0xa8, 0xac, 0xaf, 0xb2, 0xb2, 0xb5,
    0x97, 0x97, 0x97, 0x9b, 0x9b, 0x9b, 0x97, 0x97, 0x93, 0x93, 0x97, 0x97, 0x97, 0x97, 0x97, 0x97,
    0x93, 0x97, 0x97, 0x97, 0x97, 0x97, 0x97, 0x97, 0x97, 0x93, 0x93, 0x93, 0x93, 0x97, 0x9b, 0x9e,
    0x9b, 0x9b, 0x97, 0x97, 0x97, 0x9b, 0x9b, 0x9b, 0x9e, 0x9e, 0x9e, 0x9e, 0x9b, 0x9b, 0x9b, 0x9b,
    0x9b, 0x9b, 0x9b, 0x9b, 0x9e, 0x9e, 0x9e, 0xa1, 0x9e, 0x9e, 0x9e, 0x9b, 0x97, 0x97, 0x9e, 0xa1,
    0xa1, 0x93, 0x9b, 0xa9, 0xac, 0xaf, 0xb2, 0xb2, 0xb5, 0xba, 0xb8, 0x07, 0x60, 0x6f, 0x7f, 0x75,
    0x75, 0x28, 0x2f, 0x24, 0x2f, 0x62, 0x68, 0x0c, 0x45, 0xc6, 0xcb, 0xcf, 0xce, 0xcc, 0xd0, 0xce,
    0x1a, 0x13, 0x26, 0x9d, 0x90, 0x8a, 0x8a, 0x91, 0xaa, 0xb3, 0x9d, 0xb6, 0xb3, 0xb6, 0xc4, 0x89,
    0x6f, 0x20, 0x65, 0x29, 0x08, 0x35, 0x45, 0x40, 0x58, 0x25, 0x45, 0xc6, 0x47, 0x48, 0x4e, 0x45,
    0x03, 0x06, 0x1e, 0x90, 0x90, 0xb3, 0xa5, 0x37, 0x7a, 0x0e, 0xd2, 0xd0, 0xd0, 0xd0, 0xcf, 0xd0,
    0x5a, 0x1c, 0x16, 0xa5, 0xa5, 0xad, 0xbc, 0x57, 0x5b, 0x57, 0x2e, 0x59, 0xc1, 0x5a, 0xd5, 0x40,
    0x3a, 0x5b, 0xc8, 0xcd, 0x5c, 0x3e, 0x35, 0xd6, 0x5a, 0x57, 0xc8, 0xc8, 0xc8, 0x41, 0x3c, 0x3a,
    0x54, 0xd2, 0x5a, 0xd2, 0x5a, 0x5c, 0x50, 0x25, 0x29, 0x1b, 0x04, 0x82, 0x57, 0xc8, 0x5a, 0xcd,
    0x2a, 0x4a, 0xd0, 0x48, 0x40, 0x3b, 0x40, 0x42, 0xc6, 0xc9, 0xbe, 0xbe, 0xb5, 0xb8, 0xa8, 0xa1,
    0xb2, 0xaf, 0xac, 0xa9, 0xa9, 0xa1, 0xa1, 0x9e, 0x9e, 0x9e, 0x9e, 0x9e, 0x9e, 0x9e, 0x9e, 0x9e,
    0x9e, 0x9b, 0x9b, 0x9b, 0x9b, 0x9e, 0x9e, 0x9e, 0x9e, 0xa1, 0xa1, 0xa9, 0xa1, 0xa1, 0xa1, 0xa9,
    0xa4, 0xa8, 0xa8, 0xb2, 0xb2, 0xb2, 0xb2, 0xb2, 0xa8, 0xac, 0xac, 0xa8, 0xaf, 0xaf, 0xb0, 0xb5,
    0x97, 0x9b, 0x9b, 0x9b, 0x9b, 0x9b, 0x97, 0x97, 0x93, 0x93, 0x93, 0x93, 0x97, 0x9b, 0x9b, 0x97,
    0x97, 0x97, 0x93, 0x8c, 0x8c, 0x93, 0x93, 0x93, 0x93, 0x8c, 0x93, 0x8c, 0x93, 0x97, 0x9e, 0x9e,
    0x9e, 0x9e, 0x9b, 0x9b, 0x9b, 0x9b, 0x9e, 0x9e, 0x9e, 0x9b, 0x97, 0x9e, 0x9b, 0x9b, 0x9b, 0x9b,
    0x9b, 0x9b, 0x9b, 0x9b, 0x9e, 0x9e, 0x9e, 0xa1, 0xa1, 0xa1, 0x9e, 0x9e, 0x9e, 0x9e, 0xa1, 0xa1,
    0xa9, 0xa9, 0xac, 0xac, 0xb2, 0xa1, 0x9b, 0x9e, 0xa9, 0xa9, 0x36, 0x18, 0x63, 0x68, 0x77, 0x85,
    0x85, 0x85, 0x85, 0x28, 0x1d, 0x5f, 0x14, 0x0c, 0x38, 0x40, 0xc9, 0xcc, 0xcf, 0xce, 0xce, 0xce,
    0x13, 0x28, 0x1c, 0x2f, 0x89, 0x7b, 0x7b, 0x85, 0x7b, 0x91, 0xad, 0xa5, 0xad, 0xa5, 0xa0, 0x85,
    0x85, 0x1d, 0x28, 0x29, 0x1c, 0x08, 0x48, 0xce, 0x50, 0xcf, 0x4e, 0xd1, 0xd2, 0xd2, 0xd0, 0xd2,
    0xd0, 0x08, 0x1a, 0x1e, 0x24, 0x26, 0x28, 0x26, 0x21, 0x04, 0x5a, 0xd0, 0xcf, 0xcf, 0xd0, 0xd1,
    0x0c, 0x18, 0x82, 0xad, 0xbc, 0xc1, 0xc8, 0x5b, 0x4e, 0x57, 0x15, 0x57, 0xc1, 0xbc, 0x5c, 0x43,
    0x11, 0x5a, 0xcd, 0x4b, 0x5c, 0x0c, 0x5b, 0x3d, 0x5c, 0x54, 0xcd, 0xc8, 0xc8, 0xc8, 0xbc, 0xad,
    0x3e, 0xd2, 0x5a, 0xd2, 0xd2, 0xd2, 0xd4, 0x5c, 0x5c, 0x15, 0x01, 0x39, 0x44, 0xc4, 0xc8, 0xbc,
    0x2a, 0x42, 0xcc, 0xd0, 0xce, 0xcb, 0xcb, 0xb0, 0xc7, 0x31, 0xb8, 0xb8, 0xb0, 0xa8, 0xb5, 0xb2,
    0xb5, 0xb2, 0xa8, 0xac, 0xa9, 0xa9, 0xa1, 0xa1, 0x9e, 0x9e, 0x9e, 0x9e, 0x9e, 0x9e, 0x9e, 0x9e,
    0x9e, 0x9e, 0x9b, 0x97, 0x9b, 0x9b, 0x9e, 0x9e, 0x9e, 0xa1, 0xa1, 0xa1, 0xa1, 0xa1, 0xa1, 0xa1,
    0xa9, 0xa9, 0xa8, 0xb2, 0xb0, 0xb5, 0xb5, 0xb5, 0xb2, 0xa9, 0xac, 0xa8, 0xac, 0xaf, 0xb2, 0xb5,
    0x97, 0x97, 0x9b, 0x9b, 0x9b, 0x9b, 0x9b, 0x97, 0x97, 0x97, 0x93, 0x97, 0x9b, 0x9b, 0x97, 0x97,
    0x9b, 0x9b, 0x97, 0x93, 0x8c, 0x93, 0x93, 0x8c, 0x8c, 0x93, 0x8c, 0x8c, 0x93, 0x97, 0x9b, 0x9e,
    0x9e, 0x9e, 0x9b, 0x9b, 0x9e, 0x9e, 0x9b, 0x9b, 0x97, 0x97, 0x97, 0x97, 0x9b, 0x9b, 0x9b, 0x97,
    0x97, 0x9b, 0x9b, 0x9b, 0x9e, 0x9e, 0x9e, 0xa1, 0x9e, 0xa1, 0xa1, 0x9e, 0x9e, 0x9e, 0xa1, 0xa9,
    0xac, 0xaf, 0xaf, 0xaf, 0xac, 0xb2, 0xb5, 0xb2, 0xb5, 0xb2, 0xa9, 0xa1, 0x12, 0x62, 0x6c, 0x6f,
    0x77, 0x6f, 0x68, 0x68, 0x20, 0x17, 0x1a, 0x2a, 0xc9, 0xc2, 0xce, 0xb8, 0xce, 0xcf, 0xd0, 0xd0,
    0x0c, 0x06, 0x20, 0x5f, 0x68, 0x89, 0x85, 0x77, 0x89, 0x90, 0x98, 0x90, 0x85, 0x91, 0x9d, 0x98,
    0x89, 0x98, 0x9d, 0x90, 0xaa, 0x26, 0x0c, 0x21, 0x4e, 0xcf, 0x50, 0x45, 0x2a, 0x15, 0x5a, 0xcf,
    0xcc, 0xc6, 0x03, 0x13, 0x18, 0x21, 0x1e, 0x13, 0x06, 0x1d, 0xd0, 0xd0, 0xce, 0xd0, 0xd0, 0x09,
    0x29, 0x90, 0xa5, 0x98, 0xbc, 0xcd, 0xc1, 0x58, 0x43, 0x35, 0x2a, 0x43, 0x45, 0x39, 0x57, 0x49,
    0x35, 0x3f, 0x33, 0x48, 0x46, 0x2e, 0x3e, 0x19, 0xd6, 0x57, 0xbc, 0xc4, 0xc8, 0xc4, 0xc4, 0xbc,
    0xad, 0x33, 0x48, 0x5b, 0x5a, 0x5b, 0x5b, 0xd4, 0xd4, 0xd5, 0x1f, 0x05, 0x9d, 0x32, 0x3f, 0x48,
    0x17, 0xce, 0xd0, 0x48, 0x48, 0x3d, 0xbe, 0x45, 0x42, 0x3b, 0x38, 0x31, 0x36, 0xa8, 0xba, 0xb8,
    0xb8, 0xb2, 0xa9, 0xac, 0xac, 0xa9, 0xa9, 0xa9, 0xa1, 0xa1, 0xa1, 0xa1, 0x9e, 0x9e, 0x9e, 0x9e,
    0x9e, 0x9e, 0x9e, 0x9b, 0x9b, 0x9e, 0x9e, 0x9b, 0x9e, 0x9e, 0xa1, 0xa1, 0xa1, 0xa1, 0xa1, 0xa1,
    0xa1, 0xa9, 0xa8, 0xaf, 0xb0, 0xb5, 0xb5, 0xb5, 0xb0, 0xa8, 0xa8, 0xa8, 0xa8, 0xaf, 0xb2, 0xb5,
    0x97, 0x97, 0x97, 0x97, 0x97, 0x97, 0x97, 0x97, 0x93, 0x97, 0x97, 0x97, 0x9b, 0x97, 0x97, 0x97,
    0x9b, 0x9b, 0x97, 0x93, 0x8c, 0x8c, 0x8c, 0x8c, 0x8c, 0x8c, 0x93, 0x8c, 0x97, 0x97, 0x9b, 0x9e,
    0x9e, 0x9e, 0x9e, 0x9e, 0x9e, 0xa1, 0x9e, 0x97, 0x97, 0x97, 0x97, 0x97, 0x9b, 0x9b, 0x9b, 0x9b,
    0x97, 0x9b, 0x9b, 0x9e, 0xa1, 0xa1, 0x9e, 0x9e, 0xa1, 0x9e, 0xa1, 0xa1, 0xa3, 0xa9, 0xac, 0xaf,
    0xb5, 0xb2, 0xb5, 0xb2, 0xb5, 0xb2, 0xb2, 0xb5, 0xb5, 0xb2, 0x31, 0xa9, 0x0e, 0x1d, 0x6c, 0x1a,
    0x0b, 0x12, 0x17, 0x0f, 0x0a, 0x12, 0x0f, 0x0c, 0x3b, 0x45, 0xcc, 0xce, 0xc9, 0xc9, 0xcc, 0xcc,
    0xcf, 0x18, 0x02, 0x0f, 0x17, 0x6f, 0x82, 0x85, 0x89, 0x2f, 0x6f, 0x6f, 0x63, 0x2f, 0x6f, 0x71,
    0x90, 0x82, 0x89, 0x2f, 0x6f, 0x20, 0x26, 0x06, 0x1e, 0xd4, 0x47, 0x34, 0xd5, 0x4a, 0x1e, 0xd4,
    0xd0, 0xd2, 0x11, 0x0b, 0x5f, 0x14, 0x03, 0x08, 0x06, 0xd2, 0xd2, 0xd0, 0xc6, 0x47, 0x25, 0x75,
    0x75, 0xa5, 0xc4, 0xcd, 0xc8, 0x57, 0x57, 0xc1, 0x4a, 0x3a, 0x46, 0x2e, 0x50, 0x39, 0x40, 0x35,
    0x46, 0x11, 0x32, 0x4a, 0x3a, 0x49, 0x1f, 0x44, 0x18, 0x57, 0x4f, 0x4b, 0xc4, 0xbc, 0xbc, 0xc8,
    0xcd, 0x41, 0x1c, 0x48, 0xd4, 0x5a, 0xd5, 0x54, 0xd4, 0xd4, 0x5c, 0x2a, 0x11, 0xa5, 0x1c, 0x26,
    0x08, 0xd0, 0xd0, 0xd0, 0xcf, 0xcf, 0xcf, 0xc9, 0xa9, 0xc2, 0x40, 0xb8, 0xb8, 0xbe, 0xba, 0xb8,
    0xb8, 0xb2, 0xb2, 0xaf, 0xa8, 0xac, 0xa9, 0xa9, 0xa9, 0xa9, 0xa9, 0xa1, 0xa1, 0xa1, 0xa1, 0x9e,
    0x9e, 0x9e, 0x9e, 0xa1, 0x9e, 0x9e, 0x9e, 0x9e, 0x9e, 0x9e, 0x9e, 0x9e, 0xa1, 0xa1, 0xa1, 0xa1,
    0xa1, 0xa9, 0xa9, 0xa8, 0xb2, 0xb2, 0xb0, 0xb2, 0xb2, 0xb2, 0xaf, 0xa8, 0xa8, 0xaf, 0xb2, 0xb5,
    0x97, 0x97, 0x97, 0x97, 0x93, 0x97, 0x97, 0x93, 0x93, 0x93, 0x93, 0x93, 0x95, 0x93, 0x97, 0x97,
    0x97, 0x97, 0x93, 0x93, 0x8c, 0x8c, 0x8c, 0x8c, 0x8c, 0x8c, 0x93, 0x97, 0x97, 0x9b, 0x9b, 0x9e,
    0x9e, 0xa1, 0xa1, 0xa1, 0xa1, 0x9e, 0x9e, 0x9b, 0x97, 0x97, 0x97, 0x97, 0x97, 0x9b, 0x9b, 0x97,
    0x97, 0x97, 0x9e, 0xa1, 0xa1, 0xa1, 0xa1, 0xa1, 0xa1, 0xa1, 0xa1, 0xa1, 0xa9, 0xa9, 0xac, 0xb2,
    0xb5, 0xb5, 0xb2, 0xb2, 0xaf, 0xb2, 0xb2, 0xb5, 0xb5, 0xba, 0xba, 0xb5, 0xb8, 0x08, 0x17, 0x68,
    0x5f, 0x1a, 0x08, 0x13, 0x0f, 0x0a, 0x02, 0xa8, 0xc9, 0xc9, 0xc9, 0xcb, 0xc9, 0xcc, 0xcf, 0xc9,
    0xbe, 0xce, 0x18, 0x08, 0x5f, 0x1a, 0x28, 0x68, 0x2c, 0x29, 0x68, 0x20, 0x5f, 0x29, 0x61, 0x6f,
    0x7b, 0x90, 0xa5, 0xad, 0x89, 0x9a, 0x82, 0x37, 0x04, 0x2a, 0x52, 0xd6, 0x36, 0x50, 0x02, 0x2e,
    0x45, 0x50, 0xd0, 0x42, 0x24, 0x21, 0x18, 0x25, 0x35, 0x4e, 0xd0, 0x53, 0x4e, 0x25, 0x20, 0x82,
    0x90, 0xad, 0xb6, 0xc1, 0xc8, 0xc8, 0x59, 0x25, 0x3a, 0x2a, 0x13, 0x30, 0x25, 0x57, 0x2e, 0x55,
    0x3e, 0x49, 0x1f, 0x2e, 0x49, 0x5c, 0x2e, 0x3e, 0x02, 0x51, 0xcd, 0x4d, 0xbc, 0xbc, 0xb6, 0xbc,
    0x44, 0x34, 0x19, 0x42, 0xd4, 0x5c, 0x3a, 0x35, 0x08, 0x4e, 0x5b, 0x5c, 0xd1, 0x3a, 0x2e, 0x13,
    0x3b, 0xd2, 0xd2, 0xd0, 0xcf, 0xcf, 0xcf, 0x0e, 0x08, 0xb0, 0xc6, 0xc2, 0xc6, 0xbe, 0xba, 0xba,
    0xb8, 0xb2, 0xb2, 0xaf, 0xaf, 0xa8, 0xaf, 0xac, 0xac, 0xac, 0xac, 0xa9, 0xa9, 0xa1, 0xa1, 0xa1,
    0xa1, 0x9e, 0xa1, 0xa1, 0x9e, 0x9e, 0x9b, 0x9b, 0x9b, 0x9e, 0x9e, 0x9e, 0xa1, 0xa1, 0xa1, 0xa9,
    0xa9, 0xa9, 0xa9, 0xac, 0xaf, 0xb2, 0xb2, 0xb2, 0xb2, 0xb2, 0xb2, 0xaf, 0xaf, 0xaf, 0xb2, 0xb2,
    0x97, 0x97, 0x97, 0x97, 0x97, 0x93, 0x93, 0x93, 0x93, 0x93, 0x8c, 0x93, 0x93, 0x93, 0x93, 0x93,
    0x97, 0x93, 0x93, 0x93, 0x8c, 0x8c, 0x88, 0x88, 0x8c, 0x93, 0x97, 0x97, 0x97, 0x9b, 0x9b, 0x9e,
    0xa1, 0xa1, 0xa3, 0xa1, 0x9e, 0x9e, 0x9b, 0x9b, 0x97, 0x97, 0x97, 0x97, 0x97, 0x9b, 0x9b, 0x97,
    0x97, 0x9b, 0x9e, 0x9e, 0xa3, 0xa3, 0xa1, 0xa3, 0xa1, 0xa1, 0xa1, 0xa1, 0xa9, 0xa1, 0xac, 0xb2,
    0xb2, 0xb5, 0xb8, 0xb5, 0xb2, 0xb5, 0xb5, 0xb8, 0xb8, 0xb5, 0xb2, 0xb2, 0xb5, 0xbe, 0x18, 0x06,
    0x03, 0x05, 0x02, 0x03, 0x03, 0x02, 0x17, 0xcb, 0xc2, 0xc2, 0xc6, 0xc5, 0xc9, 0xc6, 0x40, 0xc2,
    0xcb, 0xc9, 0x45, 0x16, 0x6f, 0x17, 0x1d, 0x20, 0x0f, 0x09, 0x17, 0x06, 0x68, 0x13, 0x2c, 0x75,
    0x6c, 0x75, 0x29, 0x7b, 0x75, 0x82, 0x1d, 0x1a, 0x26, 0x0c, 0x42, 0xd1, 0xd1, 0x40, 0x36, 0x4a,
    0x48, 0xc2, 0x4e, 0xd2, 0xd2, 0xd2, 0xd2, 0xd2, 0xd0, 0xd0, 0xd0, 0xd0, 0xd2, 0x24, 0x89, 0x89,
    0xa5, 0xb6, 0xc4, 0x4a, 0x52, 0x57, 0x48, 0x1f, 0x49, 0x4b, 0x1b, 0x3e, 0x0c, 0x25, 0x46, 0xff,
    0x55, 0x25, 0x30, 0x25, 0x15, 0x3e, 0x25, 0x43, 0x0c, 0x25, 0x52, 0x4d, 0x37, 0xb3, 0xbc, 0xc4,
    0xc8, 0xcd, 0x3f, 0x45, 0x5c, 0xd0, 0x34, 0xd5, 0x2a, 0x08, 0xd6, 0xd2, 0x5b, 0x5c, 0x5a, 0xd4,
    0x5a, 0xd2, 0xd2, 0xd1, 0xd1, 0xd0, 0x1c, 0xd1, 0x3b, 0x05, 0xcc, 0xc6, 0xbe, 0xb5, 0xbe, 0xbe,
    0xb8, 0xb5, 0xb2, 0xb2, 0xb2, 0xb2, 0xac, 0xac, 0xac, 0xac, 0xac, 0xac, 0xa9, 0xa9, 0xa9, 0xa9,
    0xa9, 0xa1, 0xa1, 0xa1, 0x9e, 0xa1, 0x9e, 0x9e, 0x9e, 0x9e, 0x9e, 0xa1, 0xa1, 0xa1, 0xa1, 0xa9,
    0xa8, 0xa8, 0xa8, 0xa8, 0xaf, 0xb2, 0xb2, 0xb2, 0xb0, 0xb5, 0xb2, 0xaf, 0xaf, 0xaf, 0xb2, 0xb2,
    0x97, 0x97, 0x97, 0x93, 0x93, 0x93, 0x93, 0x8c, 0x97, 0x93, 0x93, 0x93, 0x8c, 0x93, 0x93, 0x8c,
    0x95, 0x8c, 0x8c, 0x8c, 0x8c, 0x88, 0x88, 0x8c, 0x88, 0x8c, 0x93, 0x97, 0x97, 0x9b, 0x9b, 0x9b,
    0x9e, 0xa1, 0xa1, 0x9e, 0x9e, 0x9e, 0x9b, 0x97, 0x97, 0x97, 0x97, 0x97, 0x97, 0x97, 0x97, 0x9b,
    0x9b, 0x9e, 0x9e, 0xa1, 0xa3, 0xa9, 0xa9, 0xa9, 0xa1, 0xa1, 0xa1, 0xa9, 0xa9, 0xac, 0xaf, 0xaf,
    0xb2, 0xb2, 0xb8, 0xb5, 0xb5, 0xb8, 0xb5, 0xb2, 0xb8, 0xb5, 0xba, 0xb8, 0xb8, 0xbe, 0xc2, 0xc2,
    0xbe, 0xb5, 0xbe, 0xc9, 0xcb, 0xcb, 0xc9, 0xc2, 0xc2, 0xc6, 0xc6, 0xcb, 0xcc, 0xcf, 0xcc, 0xcb,
    0xcc, 0x42, 0xc9, 0x3d, 0x1d, 0x14, 0x1a, 0x14, 0x18, 0x06, 0x08, 0x09, 0x0d, 0x0d, 0x14, 0x0b,
    0x08, 0x1d, 0x2f, 0x82, 0x2f, 0x2f, 0x37, 0x29, 0x20, 0x28, 0x0e, 0xd0, 0xcf, 0xd2, 0xd2, 0xd0,
    0xd2, 0x11, 0x04, 0xcf, 0xcf, 0xd0, 0xd1, 0xd0, 0xd0, 0xd0, 0xd1, 0x47, 0x3d, 0x13, 0x82, 0x37,
    0xbc, 0xc8, 0x3c, 0x44, 0x59, 0x43, 0x34, 0x46, 0xd6, 0x49, 0x30, 0x0c, 0x3a, 0x5c, 0xd6, 0xd5,
    0x46, 0x46, 0x1b, 0x1b, 0x11, 0x06, 0x57, 0x30, 0x49, 0x02, 0x24, 0x3d, 0x41, 0x3c, 0x9d, 0x58,
    0xcd, 0x4a, 0x41, 0x42, 0xd5, 0x1f, 0xff, 0xd4, 0x4a, 0x02, 0x47, 0xd6, 0x4a, 0x43, 0xd4, 0x5b,
    0xd2, 0xd1, 0x4e, 0x53, 0xd2, 0x4a, 0x2a, 0xc6, 0x21, 0x0d, 0x06, 0xc6, 0xc6, 0xbe, 0xc2, 0xbe,
    0xba, 0xb8, 0xb8, 0xb5, 0xb5, 0xb2, 0xb2, 0xaf, 0xa8, 0xa8, 0xaf, 0xac, 0xac, 0xa9, 0xa9, 0xa9,
    0xa9, 0xa9, 0xa1, 0xa1, 0xa1, 0xa1, 0x9e, 0x9e, 0x9e, 0xa1, 0x9e, 0xa1, 0xa1, 0xa9, 0xa9, 0xa9,
    0xa8, 0xa8, 0xa8, 0xb2, 0xb2, 0xaf, 0xb2, 0xb2, 0xb5, 0xb5, 0xb2, 0xb2, 0xb2, 0xb2, 0xb2, 0xb2,
    0x97, 0x93, 0x93, 0x93, 0x8c, 0x93, 0x93, 0x93, 0x93, 0x8c, 0x93, 0x93, 0x93, 0x95, 0x93, 0x93,
    0x93, 0x93, 0x8c, 0x88, 0x88, 0x88, 0x8c, 0x8c, 0x8c, 0x8c, 0x93, 0x97, 0x97, 0x9b, 0x9e, 0x9e,
    0x9e, 0x9e, 0x9e, 0x9b, 0x9b, 0x9b, 0x97, 0x97, 0x97, 0x97, 0x97, 0x97, 0x97, 0x97, 0x97, 0x9b,
    0x9e, 0xa1, 0xa1, 0xa1, 0xa9, 0xa9, 0xa9, 0xa9, 0xa9, 0xa1, 0xa9, 0xa9, 0xa9, 0xac, 0xaf, 0xb2,
    0xb2, 0xb2, 0xaf, 0xb5, 0xb5, 0xb8, 0xb8, 0xb2, 0xb5, 0xb8, 0xbe, 0xb5, 0xba, 0xb8, 0xc2, 0xc6,
    0xc2, 0xbe, 0xc9, 0xc9, 0xc6, 0xc6, 0xc2, 0xbe, 0xc6, 0xc2, 0xc5, 0xcc, 0xcb, 0xcc, 0xcc, 0xcb,
    0xc9, 0xcb, 0xcb, 0xd0, 0x1c, 0x0a, 0x1a, 0x08, 0x13, 0x40, 0xd2, 0xd2, 0xbe, 0x23, 0x09, 0x01,
    0x01, 0x07, 0x1e, 0x26, 0x7a, 0x82, 0x33, 0x75, 0x65, 0x16, 0x10, 0x2e, 0xd1, 0x15, 0x06, 0x4a,
    0x2a, 0x38, 0x1a, 0x3b, 0x35, 0x38, 0xc6, 0xd0, 0xce, 0xd0, 0xd0, 0xd1, 0x50, 0x1e, 0xad, 0xb6,
    0xbc, 0xbc, 0x4b, 0x4d, 0x4f, 0x3a, 0xd6, 0xff, 0x52, 0x3e, 0x22, 0x15, 0x1f, 0x5b, 0xff, 0x5b,
    0x3a, 0x3e, 0x3a, 0x1b, 0x3e, 0x59, 0xd4, 0x3e, 0x1b, 0x30, 0x07, 0x3f, 0x21, 0x06, 0xad, 0xcd,
    0xc8, 0x4c, 0xb6, 0x1b, 0x3a, 0x47, 0x5a, 0xff, 0x53, 0x1c, 0x11, 0xd6, 0x44, 0x54, 0x35, 0x5c,
    0xd2, 0xd1, 0xd0, 0x53, 0x44, 0x35, 0x42, 0x4c, 0xb8, 0x12, 0x18, 0x32, 0xb8, 0x3d, 0xc2, 0xbe,
    0xbe, 0xb8, 0xb8, 0xb8, 0xb5, 0xb5, 0xb2, 0xaf, 0xac, 0xaf, 0xaf, 0xac, 0xaf, 0xac, 0xa9, 0xa9,
    0xa9, 0xa9, 0xa9, 0xa1, 0xa1, 0xa1, 0xa1, 0xa1, 0xa1, 0xa1, 0x9e, 0xa1, 0xa1, 0xa1, 0xa1, 0xa9,
    0xa8, 0xa8, 0xa8, 0xb2, 0xaf, 0xb2, 0xb2, 0xb2, 0xb5, 0xb5, 0xb5, 0xb2, 0xb2, 0xb0, 0xb2, 0xb5,
    0x93, 0x8c, 0x8c, 0x8c, 0x93, 0x8c, 0x8c, 0x8c, 0x93, 0x93, 0x8c, 0x93, 0x8c, 0x93, 0x8c, 0x93,
    0x8c, 0x93, 0x93, 0x8c, 0x8c, 0x93, 0x93, 0x93, 0x93, 0x97, 0x97, 0x9b, 0x9b, 0x9e, 0x9e, 0x9e,
    0x9e, 0x9b, 0x97, 0x97, 0x9b, 0x97, 0x97, 0x97, 0x97, 0x97, 0x97, 0x97, 0x97, 0x97, 0x97, 0x9e,
    0xa1, 0xa1, 0xa1, 0xa1, 0xa1, 0xa9, 0xa9, 0xa9, 0xa9, 0xa9, 0xa9, 0xa9, 0xa9, 0xac, 0xaf, 0xaf,
    0xb2, 0xb2, 0xb2, 0xba, 0xba, 0xb5, 0xba, 0xba, 0xac, 0xba, 0xb8, 0xba, 0xb8, 0xb8, 0xbe, 0xbe,
    0xbe, 0xbe, 0xc6, 0xc5, 0xc9, 0xc9, 0xc2, 0xc6, 0xc9, 0xc9, 0xcc, 0xcc, 0xcc, 0xcf, 0xce, 0xcc,
    0xc9, 0xcc, 0xc9, 0xc9, 0xcf, 0xbe, 0x45, 0xd0, 0xd1, 0xd0, 0xd0, 0xcc, 0x48, 0xd0, 0xd0, 0x47,
    0x01, 0x01, 0x1d, 0x28, 0x7f, 0x33, 0x7a, 0x2f, 0x28, 0x1e, 0x08, 0x04, 0x40, 0x52, 0x06, 0x1c,
    0x4a, 0xcc, 0xd0, 0xcf, 0x45, 0x48, 0x4a, 0x42, 0x4a, 0xd0, 0xd0, 0xd2, 0x45, 0xb6, 0xcd, 0xcd,
    0xc4, 0xcd, 0xbc, 0x44, 0x19, 0x49, 0xd6, 0xd6, 0x43, 0x43, 0x3e, 0x15, 0x0c, 0x43, 0xd5, 0x49,
    0x52, 0x30, 0x03, 0x3e, 0x5c, 0xff, 0x52, 0x4f, 0x30, 0x25, 0x1f, 0x27, 0x43, 0x02, 0x41, 0xcd,
    0xcd, 0x4a, 0xbc, 0x3a, 0xd6, 0x5c, 0x5a, 0xd4, 0x4e, 0x5c, 0xd5, 0x4a, 0xd4, 0xd5, 0x09, 0x52,
    0xd2, 0xd1, 0xd2, 0xd0, 0xd0, 0xce, 0xcc, 0xcb, 0xb0, 0x48, 0x48, 0xc6, 0xcc, 0xc9, 0xc9, 0xc2,
    0xbe, 0xbe, 0xb8, 0xba, 0xb8, 0xb5, 0xb8, 0xb2, 0xb2, 0xaf, 0xb2, 0xaf, 0xaf, 0xac, 0xac, 0xac,
    0xa9, 0xa9, 0xa9, 0xa9, 0xa9, 0xa1, 0xa1, 0xa1, 0xa1, 0xa1, 0xa1, 0xa1, 0xa1, 0xa1, 0xa1, 0xa9,
    0xa9, 0xac, 0xa8, 0xaf, 0xa8, 0xb2, 0xb2, 0xb2, 0xb2, 0xb2, 0xb2, 0xb2, 0xb2, 0xb2, 0xb2, 0xb5,
    0x93, 0x93, 0x8c, 0x8c, 0x93, 0x93, 0x93, 0x93, 0x8c, 0x8c, 0x93, 0x93, 0x93, 0x93, 0x93, 0x95,
    0x97, 0x8c, 0x93, 0x93, 0x97, 0x97, 0x97, 0x97, 0x97, 0x97, 0x97, 0x97, 0x9b, 0x9e, 0x9b, 0x9b,
    0x97, 0x97, 0x97, 0x93, 0x97, 0x93, 0x93, 0x95, 0x97, 0x97, 0x97, 0x97, 0x97, 0x97, 0x9b, 0x9e,
    0xa1, 0xa1, 0xa1, 0xa1, 0xa1, 0xa1, 0xa9, 0xa9, 0xa9, 0xa9, 0xa9, 0xa9, 0xb2, 0xaf, 0xac, 0xaf,
    0xb2, 0xb5, 0xb5, 0xb5, 0xba, 0xb5, 0xbe, 0xc2, 0xbe, 0xb8, 0xb8, 0xb8, 0xba, 0xba, 0xbe, 0xc6,
    0xbe, 0xbe, 0xc6, 0xc6, 0xc5, 0xc9, 0xc9, 0xc9, 0xc9, 0xcb, 0xce, 0xce, 0xcf, 0xcf, 0xd0, 0xcc,
    0xc9, 0xcc, 0xcc, 0xcc, 0xce, 0xcc, 0xce, 0xcc, 0xcf, 0xce, 0x47, 0xcb, 0xc9, 0xc9, 0xc6, 0xcf,
    0xc6, 0x04, 0x0e, 0x09, 0x16, 0x1a, 0x20, 0x1e, 0x13, 0x03, 0x06, 0x0e, 0x3b, 0xd0, 0x31, 0xa4,
    0xd2, 0x40, 0x1e, 0x1c, 0xcc, 0xcb, 0x47, 0xcf, 0xcf, 0xcf, 0xd0, 0xd2, 0x2a, 0x32, 0x39, 0x46,
    0xc8, 0xc4, 0x3c, 0x39, 0x1e, 0x30, 0x46, 0x55, 0x06, 0x49, 0x30, 0x3e, 0x09, 0x22, 0x3e, 0x3e,
    0x3a, 0x22, 0x25, 0x34, 0x49, 0xff, 0x0e, 0x3a, 0x3e, 0x15, 0x1b, 0x16, 0x52, 0x16, 0x28, 0xa5,
    0xbc, 0xa5, 0xad, 0x09, 0x25, 0x4a, 0xd0, 0x53, 0xd4, 0x53, 0xd2, 0x45, 0xcf, 0x5a, 0x36, 0x13,
    0x53, 0x53, 0x48, 0x50, 0xd0, 0xc9, 0xc9, 0xcb, 0xcb, 0xcb, 0xcf, 0xce, 0xcc, 0xcb, 0xc9, 0xc9,
    0xc2, 0xbe, 0xbe, 0xba, 0xb8, 0xb8, 0xb5, 0xb2, 0xb2, 0xb2, 0xb2, 0xb2, 0xaf, 0xaf, 0xa8, 0xac,
    0xa9, 0xa9, 0xac, 0xa9, 0xa9, 0xa1, 0xa1, 0xa1, 0xa1, 0xa1, 0xa1, 0xa9, 0xa1, 0xa1, 0xa1, 0xa9,
    0xa9, 0xa8, 0xaf, 0xa8, 0xa8, 0xa8, 0xb2, 0xaf, 0xaf, 0xa8, 0xaf, 0xb2, 0xb2, 0xb2, 0xb5, 0xb5,
    0x93, 0x8c, 0x8c, 0x8c, 0x93, 0x93, 0x95, 0x95, 0x95, 0x97, 0x93, 0x97, 0x95, 0x95, 0x97, 0x97,
    0x95, 0x93, 0x8c, 0x93, 0x93, 0x8c, 0x8c, 0x8c, 0x8c, 0x8c, 0x93, 0x93, 0x97, 0x97, 0x97, 0x97,
    0x93, 0x93, 0x93, 0x93, 0x93, 0x93, 0x93, 0x97, 0x97, 0x97, 0x97, 0x97, 0x97, 0x97, 0x9b, 0x9b,
    0x9e, 0xa1, 0xa1, 0xa1, 0xa1, 0xa1, 0xa1, 0xa1, 0xa9, 0xa9, 0xa9, 0xac, 0xaf, 0xac, 0xb2, 0xb2,
    0xb2, 0xb2, 0xb2, 0xb2, 0xb2, 0xb8, 0xb8, 0xba, 0xbe, 0xbe, 0xba, 0xb8, 0xb2, 0xb8, 0xba, 0xbe,
    0xbe, 0xc2, 0xc6, 0xcb, 0xcb, 0xcb, 0xcb, 0xc9, 0xc9, 0xcb, 0xcc, 0xce, 0xce, 0xce, 0xce, 0xcc,
    0xcc, 0xcc, 0xcb, 0xcb, 0xce, 0xce, 0xce, 0xcc, 0xcf, 0xd0, 0xcf, 0xd0, 0xcf, 0xd0, 0xd0, 0xd0,
    0xd0, 0x2a, 0x08, 0x1d, 0x17, 0x1a, 0x20, 0x1d, 0x08, 0x06, 0x02, 0x48, 0xd1, 0xd0, 0xd1, 0xd0,
    0x48, 0x20, 0x6f, 0x1e, 0x0e, 0xd1, 0xd0, 0xcf, 0xcf, 0xd0, 0xd0, 0xd2, 0x25, 0x46, 0xb3, 0xad,
    0xb6, 0xbc, 0x39, 0xad, 0x5f, 0x09, 0x30, 0x52, 0x34, 0x34, 0x3e, 0x11, 0x08, 0x1f, 0x3e, 0x30,
    0x22, 0x06, 0x09, 0x22, 0x30, 0x5b, 0x1a, 0x22, 0x4f, 0x1b, 0x1f, 0x04, 0xd2, 0x3a, 0x28, 0xb6,
    0xbc, 0xad, 0x98, 0x1a, 0x53, 0xd2, 0x5a, 0xd4, 0x2e, 0x09, 0x5a, 0xce, 0xc6, 0xd0, 0x48, 0x58,
    0xd0, 0xd2, 0xd1, 0xd0, 0xd0, 0xcf, 0xcc, 0xc9, 0xc6, 0xcf, 0xcc, 0xcc, 0xce, 0xce, 0xcb, 0xc9,
    0xc9, 0xc6, 0xbe, 0xbe, 0xb8, 0xb8, 0xb8, 0xb5, 0xb2, 0xb2, 0xb2, 0xb2, 0xb2, 0xb2, 0xaf, 0xa9,
    0xac, 0xa8, 0xac, 0xac, 0xa9, 0xa9, 0xa1, 0xa1, 0xa9, 0xa9, 0xa9, 0xa9, 0xa1, 0xa1, 0xa1, 0xa1,
    0xa9, 0xa9, 0xa8, 0xaf, 0xa8, 0xa8, 0xaf, 0xaf, 0xa8, 0xa8, 0xa8, 0xaf, 0xb2, 0xb2, 0xb2, 0xb5,
    0x88, 0x8c, 0x88, 0x8c, 0x8c, 0x93, 0x8c, 0x93, 0x97, 0x97, 0x97, 0x97, 0x97, 0x97, 0x97, 0x97,
    0x93, 0x8c, 0x8c, 0x8c, 0x88, 0x88, 0x88, 0x83, 0x83, 0x83, 0x88, 0x8c, 0x93, 0x93, 0x93, 0x97,
    0x93, 0x93, 0x8c, 0x8c, 0x93, 0x95, 0x97, 0x97, 0x97, 0x97, 0x97, 0x97, 0x97, 0x97, 0x97, 0x9b,
    0x9e, 0xa1, 0xa9, 0xa9, 0xa9, 0xa9, 0xa1, 0xa1, 0xa1, 0xa9, 0xa9, 0xac, 0xac, 0xaf, 0xb2, 0xb2,
    0xb5, 0xb5, 0xb2, 0xaf, 0xb8, 0xaf, 0xb5, 0xba, 0xb8, 0xbe, 0xc6, 0xc6, 0xc6, 0xc6, 0xc2, 0xc9,
    0xc6, 0xc2, 0xc6, 0xcb, 0xcb, 0xcc, 0xcb, 0xcb, 0xc6, 0xc9, 0xcc, 0xcc, 0xcc, 0xcc, 0xcc, 0xcc,
    0xc9, 0xcb, 0xcb, 0xc9, 0xc9, 0xcb, 0xcb, 0xcf, 0xce, 0xcf, 0xcf, 0xce, 0xcf, 0xcf, 0xcf, 0xce,
    0xcf, 0xd0, 0x47, 0x38, 0x38, 0x0e, 0x15, 0x03, 0x04, 0x2d, 0x4c, 0xd0, 0xcf, 0xd0, 0xd0, 0xcf,
    0x1c, 0x20, 0x90, 0x29, 0x29, 0x3b, 0xd0, 0xd0, 0xd0, 0xd0, 0xd0, 0xd1, 0x1c, 0x37, 0xc8, 0xbc,
    0xaa, 0xb3, 0x41, 0x89, 0x1e, 0x45, 0x53, 0x3a, 0x30, 0x0c, 0x08, 0x11, 0x07, 0x3d, 0x4b, 0x3e,
    0x1f, 0x1f, 0x2a, 0x03, 0x3a, 0x0c, 0x4b, 0x15, 0x3e, 0x1b, 0x03, 0x27, 0x54, 0x3a, 0x65, 0x89,
    0xad, 0x9d, 0x75, 0x20, 0x45, 0x5a, 0x54, 0x35, 0x5b, 0x40, 0x32, 0xff, 0xd2, 0xd2, 0xd2, 0x50,
    0x53, 0xd0, 0xd2, 0xd2, 0xd0, 0xce, 0xc9, 0xc6, 0xc9, 0xcc, 0xcc, 0xcc, 0xcb, 0xc9, 0xcc, 0xcb,
    0xca, 0xc9, 0xba, 0xb8, 0xba, 0xba, 0xba, 0xba, 0xb8, 0xb8, 0xb2, 0xb2, 0xb2, 0xb2, 0xb2, 0xb2,
    0xa8, 0xac, 0xac, 0xac, 0xac, 0xa9, 0xa9, 0xa9, 0xa9, 0xa1, 0xa9, 0xa9, 0xa9, 0xa1, 0xa9, 0xa9,
    0xa9, 0xa9, 0xa9, 0xa8, 0xa8, 0xac, 0xa8, 0xa8, 0xa8, 0xa8, 0xac, 0xa8, 0xaf, 0xb2, 0xb2, 0xb5,
    0x88, 0x88, 0x88, 0x88, 0x88, 0x8c, 0x8c, 0x93, 0x93, 0x93, 0x93, 0x97, 0x95, 0x97, 0x93, 0x8c,
    0x88, 0x8c, 0x8c, 0x88, 0x8c, 0x8c, 0x88, 0x83, 0x83, 0x88, 0x8c, 0x93, 0x97, 0x97, 0x93, 0x93,
    0x8c, 0x8c, 0x88, 0x8c, 0x8c, 0x93, 0x97, 0x97, 0x97, 0x97, 0x97, 0x9b, 0x9b, 0x9b, 0x9b, 0x9b,
    0x9e, 0xa9, 0xa9, 0xac, 0xac, 0xa9, 0xa9, 0xa9, 0xa1, 0xa9, 0xa9, 0xa9, 0xac, 0xaf, 0xb2, 0xb5,
    0xb8, 0xb8, 0xb5, 0xb5, 0xac, 0xb8, 0xbe, 0xba, 0xbe, 0xbe, 0xc2, 0xc2, 0xc2, 0xc6, 0xc9, 0xc6,
    0xc5, 0xc6, 0xc6, 0xc9, 0xc9, 0xcb, 0xcb, 0xcb, 0xcb, 0xc6, 0xc9, 0xcb, 0xcc, 0xcc, 0xcc, 0xcc,
    0xc6, 0xc2, 0xc9, 0xc6, 0xc6, 0xcc, 0xcc, 0xcc, 0xcc, 0xce, 0xcf, 0xcf, 0xce, 0xcf, 0xcf, 0xd1,
    0xd0, 0xd0, 0xd1, 0xd1, 0x5a, 0x5a, 0x5b, 0x26, 0x2a, 0x5a, 0xd1, 0xd0, 0xd1, 0xd0, 0xd0, 0x13,
    0x26, 0x32, 0xad, 0x3f, 0x2c, 0x1c, 0xd2, 0xd0, 0xd0, 0xce, 0xcf, 0xd0, 0x21, 0x89, 0x9d, 0xb3,
    0xaa, 0xa0, 0x9d, 0x29, 0x26, 0x27, 0x57, 0xff, 0x5b, 0x45, 0x3a, 0x21, 0x07, 0x2a, 0x54, 0x38,
    0x32, 0x08, 0x04, 0x17, 0x48, 0x57, 0x47, 0x22, 0x1e, 0x21, 0x08, 0xce, 0x5a, 0x1c, 0x6f, 0xc4,
    0xc1, 0xbc, 0xad, 0x29, 0x2e, 0xd5, 0x5b, 0x5a, 0xd0, 0xc6, 0xd5, 0xd5, 0xd6, 0x5c, 0xd2, 0x4e,
    0xd0, 0x53, 0xd0, 0xd0, 0xd0, 0xcf, 0xcf, 0x3b, 0x45, 0xc2, 0x40, 0xcb, 0xcc, 0xce, 0xcb, 0xcb,
    0xc6, 0xc2, 0xb8, 0xb8, 0xbe, 0xbe, 0xba, 0xba, 0xba, 0xba, 0xb5, 0xb2, 0xb2, 0xb2, 0xb2, 0xb2,
    0xa8, 0xac, 0xac, 0xa8, 0xa8, 0xac, 0xa9, 0xa9, 0xa1, 0xa1, 0xa9, 0xa9, 0xa9, 0xa4, 0xa9, 0xa9,
    0xa9, 0xa9, 0xa4, 0xa8, 0xac, 0xa8, 0xa8, 0xa8, 0xa8, 0xa8, 0xaf, 0xa8, 0xaf, 0xaf, 0xb2, 0xb2,
    0x88, 0x88, 0x88, 0x83, 0x88, 0x88, 0x8c, 0x8c, 0x8c, 0x8c, 0x93, 0x93, 0x8c, 0x8c, 0x8c, 0x83,
    0x83, 0x88, 0x88, 0x88, 0x88, 0x88, 0x83, 0x83, 0x83, 0x8c, 0x8c, 0x93, 0x97, 0x95, 0x93, 0x8c,
    0x8c, 0x88, 0x88, 0x8c, 0x8c, 0x93, 0x97, 0x97, 0x97, 0x9b, 0x9b, 0x9e, 0x9e, 0x9e, 0x9e, 0x9e,
    0x9e, 0xa9, 0xac, 0xaf, 0xaf, 0xac, 0xa9, 0xa9, 0xa9, 0xa9, 0xa9, 0xa9, 0xac, 0xaf, 0xb2, 0xb2,
    0xb5, 0xba, 0xb8, 0xb8, 0xb8, 0xb8, 0xb8, 0xbe, 0xbe, 0xc2, 0xc2, 0xbe, 0xc2, 0xc5, 0xc6, 0xc6,
    0xc6, 0xc9, 0xc6, 0xc9, 0xc9, 0xc9, 0xcb, 0xc9, 0xc9, 0xcb, 0xc9, 0xc9, 0xcb, 0xcc, 0xcf, 0xce,
    0xcf, 0xcf, 0xcc, 0xcf, 0xce, 0xa8, 0x38, 0x3d, 0x31, 0xcf, 0xcf, 0xcf, 0xce, 0xcf, 0xd0, 0xd2,
    0xd2, 0xd2, 0xce, 0xd0, 0xd2, 0xd0, 0x25, 0x3a, 0x19, 0x03, 0x47, 0xd2, 0xd1, 0x56, 0x09, 0x16,
    0x89, 0x89, 0x9d, 0x3f, 0x33, 0x13, 0x32, 0x40, 0x42, 0xc9, 0xce, 0xcf, 0x40, 0x1a, 0x2f, 0xa0,
    0xaa, 0x91, 0x9d, 0x28, 0x16, 0x47, 0x3e, 0xd6, 0x5a, 0x53, 0x02, 0x52, 0x25, 0x18, 0x45, 0x06,
    0x57, 0x08, 0x09, 0x57, 0x0c, 0x49, 0x5c, 0x50, 0x0e, 0x2a, 0x2c, 0xd4, 0xd2, 0x16, 0x94, 0xcd,
    0xcd, 0xc8, 0xa5, 0x2c, 0x3c, 0x46, 0x54, 0x5a, 0x50, 0x45, 0x32, 0x4c, 0x3a, 0xd2, 0x5a, 0xd2,
    0xd2, 0xd1, 0xd1, 0xd2, 0xd0, 0xcf, 0xcf, 0x50, 0xce, 0xcc, 0xcb, 0xcc, 0xcc, 0xcb, 0xcc, 0xc6,
    0xc9, 0xc9, 0xbe, 0xba, 0xbe, 0xbe, 0xbe, 0xbe, 0xba, 0xb8, 0xb2, 0xb2, 0xb2, 0xb2, 0xb2, 0xb2,
    0xb2, 0xb2, 0xa8, 0xa8, 0xa8, 0xac, 0xa9, 0xa9, 0xa9, 0xa1, 0xa9, 0xa9, 0xa9, 0xa9, 0xa8, 0xa9,
    0xa4, 0xa9, 0xa8, 0xa8, 0xa8, 0xb2, 0xa8, 0xaf, 0xaf, 0xaf, 0xaf, 0xa8, 0xaf, 0xb2, 0xb2, 0xb2,
    0x88, 0x88, 0x88, 0x88, 0x88, 0x88, 0x8c, 0x8c, 0x8c, 0x93, 0x8c, 0x93, 0x93, 0x93, 0x8c, 0x88,
    0x88, 0x88, 0x88, 0x88, 0x88, 0x88, 0x88, 0x88, 0x8c, 0x93, 0x93, 0x97, 0x97, 0x97, 0x97, 0x93,
    0x93, 0x8c, 0x93, 0x93, 0x95, 0x97, 0x93, 0x97, 0x97, 0x97, 0x9b, 0x9e, 0xa1, 0xa1, 0x9e, 0x9e,
    0x9e, 0xa9, 0xa9, 0xaf, 0xaf, 0xaf, 0xac, 0xa9, 0xa9, 0xa9, 0xa9, 0xac, 0xac, 0xaf, 0xb2, 0xb5,
    0xb8, 0xb8, 0xba, 0xb5, 0xbe, 0xc2, 0xbe, 0xbe, 0xba, 0xbe, 0xbe, 0xc2, 0xbe, 0xc2, 0xc2, 0xc6,
    0xc9, 0xc9, 0xcb, 0xc5, 0xc6, 0xca, 0xc6, 0xc9, 0xc6, 0xcb, 0xc9, 0xcb, 0xcc, 0xa1, 0x21, 0x17,
    0x16, 0x16, 0x1d, 0x18, 0x1a, 0x68, 0x6c, 0x82, 0x90, 0x16, 0xd0, 0xd0, 0xd0, 0xd0, 0x50, 0xd1,
    0xd1, 0xd2, 0x48, 0x48, 0xce, 0x47, 0x59, 0xd6, 0x35, 0x05, 0x01, 0x53, 0xd0, 0x16, 0x41, 0x41,
    0xa5, 0x9d, 0xb3, 0x82, 0x82, 0x24, 0x05, 0x47, 0xc9, 0x48, 0xcb, 0xce, 0xcf, 0x0e, 0x68, 0x89,
    0x98, 0xa0, 0x85, 0x75, 0x16, 0x54, 0x13, 0xd6, 0x06, 0xd6, 0x0c, 0x38, 0x58, 0x58, 0x57, 0x45,
    0x5b, 0x2c, 0x42, 0x54, 0x06, 0xff, 0x1e, 0x5b, 0x42, 0x38, 0x2a, 0x5b, 0x54, 0x08, 0xad, 0xbc,
    0xc8, 0xc8, 0xc8, 0xb3, 0x29, 0x24, 0x04, 0x09, 0x41, 0x37, 0x41, 0x29, 0x29, 0x15, 0xd1, 0x5a,
    0xd1, 0xd2, 0xd2, 0xd2, 0xd1, 0xcf, 0xcf, 0xcb, 0xce, 0xce, 0xcc, 0xcc, 0xcb, 0xc9, 0xcb, 0xcb,
    0xc6, 0xc2, 0xbe, 0xbe, 0xba, 0xb8, 0xb8, 0xb8, 0xb8, 0xb8, 0xb5, 0xb2, 0xb2, 0xb2, 0xb2, 0xb5,
    0xb5, 0xb2, 0xb2, 0xaf, 0xa8, 0xa8, 0xa8, 0xa8, 0xa9, 0xa9, 0xa1, 0xa9, 0xa9, 0xa9, 0xa9, 0xa8,
    0xa8, 0xa8, 0xa8, 0xa8, 0xa8, 0xa8, 0xaf, 0xaf, 0xa8, 0xaf, 0xaf, 0xb2, 0xb2, 0xb2, 0xb2, 0xb2,
    0x88, 0x88, 0x8c, 0x8c, 0x8c, 0x88, 0x8c, 0x8c, 0x8c, 0x93, 0x93, 0x93, 0x8c, 0x93, 0x8c, 0x8c,
    0x8c, 0x8c, 0x88, 0x88, 0x88, 0x8c, 0x8c, 0x8c, 0x93, 0x97, 0x97, 0x97, 0x9b, 0x9b, 0x9b, 0x9b,
    0x97, 0x97, 0x97, 0x97, 0x97, 0x97, 0x93, 0x93, 0x97, 0x97, 0x97, 0x9e, 0xa1, 0xa1, 0xa3, 0xa1,
    0xa1, 0xa1, 0xa9, 0xa9, 0xac, 0xaf, 0xac, 0xac, 0xa9, 0xa9, 0xa9, 0xac, 0xaf, 0xaf, 0xb2, 0xb5,
    0xb5, 0xb5, 0xb8, 0xb8, 0xba, 0xb8, 0xba, 0xba, 0xbe, 0xc2, 0xc2, 0xbe, 0xbe, 0xbe, 0xbe, 0xc6,
    0xc5, 0xcb, 0xc9, 0xc6, 0xc2, 0xc6, 0xc9, 0xc9, 0xc9, 0xca, 0xc6, 0xcc, 0xbe, 0x0b, 0x6c, 0x90,
    0xa0, 0x85, 0x82, 0x75, 0x6f, 0x7f, 0x90, 0x98, 0x90, 0x90, 0x1c, 0xc9, 0xce, 0xd0, 0x4a, 0x4a,
    0xd0, 0x45, 0x42, 0x42, 0x35, 0x47, 0x54, 0x3b, 0x52, 0x12, 0x05, 0x48, 0x40, 0x37, 0xad, 0xb3,
    0xad, 0x9d, 0x3f, 0x4b, 0x39, 0x29, 0x06, 0x50, 0xcb, 0xcf, 0xcc, 0xcc, 0xd0, 0x16, 0x20, 0x82,
    0x82, 0x89, 0x68, 0x17, 0x12, 0x4c, 0x1e, 0x43, 0x03, 0x53, 0x1b, 0x2a, 0x54, 0x3b, 0x50, 0x57,
    0x5b, 0x43, 0x53, 0x2e, 0x18, 0xd5, 0x03, 0x32, 0x38, 0x28, 0x3b, 0x5a, 0x54, 0x04, 0x18, 0x94,
    0xb3, 0xb6, 0xb6, 0x3c, 0x24, 0x42, 0xd4, 0x2a, 0x0e, 0x3f, 0x9d, 0xb6, 0x41, 0xa5, 0x11, 0x48,
    0x5a, 0xd1, 0xd1, 0xd2, 0xd2, 0xd0, 0xd0, 0xce, 0xce, 0xcf, 0xce, 0xce, 0xcb, 0xc9, 0xc6, 0xc9,
    0xc9, 0xc2, 0xc2, 0xc2, 0xbe, 0xba, 0xba, 0xb8, 0xb8, 0xbe, 0xba, 0xb8, 0xb5, 0xb5, 0xb2, 0xb5,
    0xb5, 0xb5, 0xb2, 0xb2, 0xa8, 0xa8, 0xa8, 0xa8, 0xa8, 0xa9, 0xa4, 0xa9, 0xa9, 0xa9, 0xa9, 0xb2,
    0xa8, 0xa8, 0xa8, 0xa8, 0xa8, 0xa8, 0xac, 0xa8, 0xa8, 0xa8, 0xa8, 0xb2, 0xb2, 0xb2, 0xb2, 0xaf,
    0x88, 0x88, 0x8c, 0x8c, 0x8c, 0x88, 0x8c, 0x8c, 0x8c, 0x8c, 0x93, 0x8c, 0x88, 0x83, 0x88, 0x88,
    0x88, 0x88, 0x88, 0x8c, 0x88, 0x8c, 0x88, 0x88, 0x8c, 0x93, 0x93, 0x93, 0x97, 0x97, 0x97, 0x97,
    0x97, 0x97, 0x97, 0x97, 0x97, 0x93, 0x93, 0x93, 0x93, 0x97, 0x9b, 0x9e, 0xa1, 0xa9, 0xa9, 0xa9,
    0xa9, 0xa9, 0xa9, 0xa1, 0xa9, 0xac, 0xac, 0xac, 0xa9, 0xa9, 0xac, 0xac, 0xaf, 0xb2, 0xb2, 0xb2,
    0xb5, 0xb5, 0xb8, 0xba, 0xba, 0xbe, 0xbe, 0xbe, 0xbe, 0xbe, 0xbe, 0xc2, 0xbe, 0xbe, 0xc6, 0xc9,
    0xc6, 0xcb, 0xc9, 0xc9, 0xc6, 0xc6, 0xc9, 0xc6, 0xcb, 0xc6, 0xc6, 0xc6, 0x2d, 0x1a, 0x89, 0xa0,
    0xaa, 0xaa, 0x91, 0x7f, 0x7b, 0xb6, 0xa5, 0xa5, 0x82, 0x82, 0x7f, 0x13, 0x40, 0x45, 0x47, 0x48,
    0x3a, 0x45, 0x45, 0xce, 0x50, 0x4a, 0x40, 0x3d, 0xd0, 0x36, 0x47, 0x48, 0x15, 0x37, 0xbc, 0xc8,
    0xc1, 0xbc, 0x3f, 0x39, 0x3e, 0x2c, 0x1e, 0x45, 0xc9, 0xce, 0xcc, 0xcc, 0xd0, 0x1e, 0x09, 0x75,
    0x7b, 0x8a, 0x85, 0x68, 0x1c, 0x47, 0x31, 0xb8, 0x1c, 0x45, 0x4e, 0x06, 0x0e, 0x19, 0x06, 0x11,
    0x05, 0x23, 0x09, 0x03, 0xc9, 0xc6, 0x04, 0x25, 0x4e, 0x24, 0x36, 0x5b, 0x5a, 0x06, 0x0e, 0x2c,
    0x9d, 0xb6, 0xb6, 0x98, 0x3e, 0xd6, 0x58, 0x25, 0x26, 0x0e, 0x44, 0x34, 0x03, 0x01, 0x32, 0x32,
    0x35, 0xd4, 0xd2, 0xd1, 0xd2, 0xd0, 0xd0, 0xcf, 0xcc, 0xcf, 0xce, 0xcc, 0xcb, 0xcb, 0xc9, 0xc6,
    0xc9, 0xcb, 0xc9, 0xc2, 0xc2, 0xbe, 0xb8, 0xb5, 0xb8, 0xb8, 0xb8, 0xb8, 0xb5, 0xb5, 0xb2, 0xb2,
    0xb5, 0xb5, 0xb2, 0xb2, 0xb2, 0xa8, 0xa8, 0xa8, 0xa8, 0xa9, 0xa9, 0xa9, 0xa9, 0xa9, 0xa8, 0xa8,
    0xb2, 0xb2, 0xa8, 0xb2, 0xa8, 0xa8, 0xa8, 0xa8, 0xa8, 0xa8, 0xa8, 0xa8, 0xb2, 0xb0, 0xb0, 0xb2,
    0x88, 0x8c, 0x8c, 0x93, 0x93, 0x93, 0x8c, 0x8c, 0x8c, 0x8c, 0x8c, 0x88, 0x88, 0x88, 0x88, 0x8c,
    0x8c, 0x88, 0x8c, 0x8c, 0x8c, 0x88, 0x88, 0x88, 0x8c, 0x8c, 0x8c, 0x8c, 0x93, 0x93, 0x93, 0x93,
    0x97, 0x97, 0x97, 0x95, 0x93, 0x93, 0x8c, 0x93, 0x93, 0x97, 0x9b, 0x9e, 0xa1, 0xa9, 0xa9, 0xa9,
    0xaf, 0xaf, 0xac, 0xa9, 0xa9, 0xa9, 0xa9, 0xa9, 0xac, 0xac, 0xac, 0xac, 0xb2, 0xb2, 0xb2, 0xb5,
    0xb5, 0xb8, 0xb8, 0xb8, 0xbe, 0xc2, 0xbe, 0xbe, 0xba, 0xb8, 0xba, 0xba, 0xba, 0xbe, 0xc6, 0xc6,
    0xc6, 0xc6, 0xcb, 0xcc, 0xc9, 0xc5, 0xc6, 0xc6, 0xc9, 0xc9, 0xcb, 0xcb, 0xbe, 0x0b, 0x90, 0x98,
    0xaa, 0xaa, 0xa0, 0x82, 0x90, 0xa5, 0xa0, 0xaa, 0x90, 0x85, 0xa5, 0x90, 0x1c, 0x3b, 0x4a, 0xd0,
    0xd2, 0xd0, 0xd0, 0xd0, 0x50, 0x4e, 0x53, 0xd2, 0xd0, 0x5a, 0x40, 0x09, 0x7a, 0x90, 0xad, 0x46,
    0xc1, 0xc8, 0x2a, 0x1e, 0x32, 0x29, 0x19, 0x54, 0x50, 0xce, 0xce, 0xcc, 0xcf, 0x18, 0x17, 0x65,
    0x75, 0x29, 0x20, 0x20, 0x0e, 0x2a, 0x1a, 0xff, 0x25, 0x53, 0x45, 0x07, 0x2a, 0x26, 0x0b, 0x5c,
    0x09, 0x53, 0x0e, 0x04, 0x48, 0xd0, 0x35, 0x3a, 0x2d, 0x16, 0x31, 0xd4, 0xd2, 0x36, 0x03, 0x2f,
    0x9d, 0xad, 0x1d, 0x16, 0x5b, 0x5a, 0x4e, 0x0a, 0x5f, 0x3e, 0x57, 0xd6, 0x49, 0x40, 0x02, 0x16,
    0x1c, 0x1b, 0xd0, 0xd1, 0x54, 0xd0, 0xd0, 0xcf, 0xce, 0xcc, 0xce, 0xcc, 0xcb, 0xcb, 0xc9, 0xcc,
    0xcb, 0xc9, 0xc6, 0xc2, 0xbe, 0xc2, 0xbe, 0xb8, 0xb8, 0xb8, 0xb5, 0xb5, 0xb8, 0xb5, 0xb5, 0xb2,
    0xb2, 0xb2, 0xb2, 0xb2, 0xaf, 0xa8, 0xa8, 0xa8, 0xa8, 0xa8, 0xa9, 0xa9, 0xa9, 0xa8, 0xa8, 0xa8,
    0xa8, 0xb2, 0xb0, 0xb2, 0xb2, 0xb2, 0xa8, 0xa8, 0xa8, 0xa8, 0xa8, 0xb0, 0xb0, 0xb0, 0xb0, 0xb0,
    0x8c, 0x93, 0x93, 0x93, 0x93, 0x8c, 0x93, 0x8c, 0x8c, 0x8c, 0x88, 0x88, 0x8c, 0x8c, 0x8c, 0x93,
    0x93, 0x8c, 0x8c, 0x8c, 0x88, 0x88, 0x88, 0x88, 0x88, 0x88, 0x8c, 0x8c, 0x8c, 0x8c, 0x93, 0x97,
    0x97, 0x97, 0x97, 0x97, 0x97, 0x93, 0x93, 0x97, 0x97, 0x9b, 0x9e, 0xa1, 0xa9, 0xa9, 0xaf, 0xaf,
    0xb2, 0xb5, 0xb2, 0xaf, 0xac, 0xac, 0xac, 0xac, 0xac, 0xa9, 0xa9, 0xac, 0xb2, 0xb2, 0xb5, 0xb5,
    0xb8, 0xba, 0xba, 0xba, 0xc2, 0xc2, 0xc6, 0xc2, 0xbe, 0xbe, 0xbe, 0xbe, 0xbe, 0xba, 0xc2, 0xc9,
    0xc5, 0xc9, 0xc6, 0xc9, 0xc6, 0xc9, 0xc9, 0xcc, 0xcc, 0xcc, 0xcb, 0xcb, 0xd0, 0x18, 0x17, 0x68,
    0x6f, 0x26, 0x82, 0x89, 0x98, 0x9d, 0x9d, 0x9d, 0xad, 0xaa, 0x89, 0x1a, 0x5f, 0x09, 0x40, 0x4a,
    0xce, 0xcf, 0xd0, 0xd1, 0xd2, 0x5a, 0x3b, 0x2a, 0x24, 0x24, 0x33, 0xbc, 0x98, 0x7f, 0x9a, 0xa5,
    0x9d, 0x3c, 0x32, 0x37, 0x0e, 0x06, 0x50, 0x50, 0xcb, 0xd0, 0xcc, 0xcc, 0xcf, 0x16, 0x5f, 0x33,
    0x90, 0x9d, 0x63, 0x62, 0x0d, 0x24, 0x11, 0x5a, 0x5a, 0xff, 0x3a, 0x06, 0x40, 0xd5, 0x27, 0x27,
    0x40, 0xd6, 0x43, 0x01, 0x5c, 0xff, 0x52, 0x4e, 0x1e, 0x1c, 0x06, 0x5a, 0x4a, 0x48, 0x14, 0x87,
    0xa5, 0x9a, 0x9a, 0xad, 0x53, 0xd0, 0x54, 0x16, 0x1f, 0x5a, 0xd5, 0xd6, 0x2a, 0x59, 0x47, 0x02,
    0x2c, 0x2f, 0x16, 0xd0, 0xce, 0xcf, 0xd0, 0xd0, 0xd0, 0xd0, 0x47, 0xc6, 0xcc, 0xcc, 0xcb, 0xc9,
    0xc9, 0xc6, 0xc6, 0xc2, 0xbe, 0xc2, 0xb8, 0xb8, 0xb8, 0xb8, 0xb8, 0xb5, 0xb5, 0xb8, 0xb5, 0xb2,
    0xb2, 0xb2, 0xb2, 0xb2, 0xaf, 0xa8, 0xa9, 0xa9, 0xa8, 0xa9, 0xa9, 0xa9, 0xa9, 0xac, 0xa8, 0xa8,
    0xa8, 0xb0, 0xb0, 0xb0, 0xb0, 0xb0, 0xb0, 0xa8, 0xb2, 0xb2, 0xa8, 0xb0, 0xb0, 0xb0, 0xb0, 0xb0,
    0x8c, 0x8c, 0x93, 0x93, 0x8c, 0x8c, 0x8c, 0x8c, 0x8c, 0x8c, 0x8c, 0x8c, 0x8c, 0x93, 0x93, 0x8c,
    0x93, 0x8c, 0x8c, 0x8c, 0x88, 0x83, 0x88, 0x88, 0x8c, 0x8c, 0x8c, 0x88, 0x8c, 0x8c, 0x97, 0x97,
    0x97, 0x97, 0x97, 0x9b, 0x97, 0x97, 0x9b, 0x9e, 0x9e, 0xa1, 0xa1, 0xa1, 0xa9, 0xac, 0xaf, 0xb2,
    0xb5, 0xb5, 0xb5, 0xb5, 0xb2, 0xaf, 0xac, 0xac, 0xac, 0xa9, 0xa9, 0xac, 0xaf, 0xb2, 0xb5, 0xb8,
    0xba, 0xba, 0xba, 0xbe, 0xbe, 0xc2, 0xc2, 0xc6, 0xbe, 0xbe, 0xbe, 0xbe, 0xbe, 0xba, 0xc2, 0xbe,
    0xc2, 0xc6, 0xc6, 0xc5, 0xc6, 0xbe, 0xc9, 0x3d, 0xc2, 0xc6, 0xcb, 0xc9, 0x32, 0x45, 0x09, 0x1a,
    0x13, 0x20, 0x26, 0x2f, 0x9d, 0x37, 0x37, 0x90, 0xa0, 0xaa, 0x2f, 0x68, 0x20, 0x12, 0x25, 0x4e,
    0x50, 0xd2, 0xd1, 0xd2, 0x5b, 0x1e, 0x29, 0xb6, 0xc8, 0xc4, 0xc4, 0xc4, 0xbc, 0x89, 0xad, 0xb3,
    0x82, 0x75, 0x28, 0x08, 0x02, 0x46, 0x48, 0x35, 0x4a, 0x3a, 0xcb, 0xcf, 0x50, 0x17, 0x0b, 0x82,
    0x7f, 0x77, 0x71, 0x1d, 0x04, 0x45, 0x21, 0x5b, 0x58, 0x40, 0x3a, 0x13, 0x13, 0xd4, 0x05, 0xdf,
    0x04, 0xff, 0x3a, 0x02, 0x45, 0xff, 0xff, 0x4a, 0x3b, 0x18, 0x32, 0x54, 0x50, 0x1c, 0xad, 0xb6,
    0xc4, 0xc4, 0xb3, 0xb3, 0x4c, 0x58, 0x54, 0x49, 0x5a, 0xd5, 0xd6, 0x52, 0x2e, 0x25, 0x54, 0x24,
    0x01, 0x21, 0x18, 0x15, 0x5b, 0xce, 0x48, 0x4c, 0xce, 0xcf, 0xcf, 0xce, 0xce, 0xcc, 0xcc, 0xc9,
    0xca, 0xc9, 0xc6, 0xc6, 0xbe, 0xba, 0xba, 0xb8, 0xb8, 0xb8, 0xb8, 0xb8, 0xb8, 0xb5, 0xb5, 0xb2,
    0xb2, 0xb2, 0xb2, 0xaf, 0xa8, 0xa8, 0xac, 0xa9, 0xa8, 0xa8, 0xa8, 0xa8, 0xa8, 0xa8, 0xb2, 0xb2,
    0xa8, 0xb0, 0xb0, 0xb0, 0xb0, 0xb0, 0xb0, 0xb0, 0xb0, 0xb0, 0xb0, 0xb2, 0xb0, 0xb0, 0xb0, 0xb0,
    0x93, 0x93, 0x8c, 0x93, 0x93, 0x8c, 0x8c, 0x88, 0x88, 0x88, 0x88, 0x8c, 0x8c, 0x93, 0x8c, 0x88,
    0x8c, 0x8c, 0x88, 0x88, 0x88, 0x8c, 0x8c, 0x88, 0x8c, 0x8c, 0x88, 0x83, 0x88, 0x8c, 0x93, 0x97,
    0x97, 0x97, 0x97, 0x9b, 0x97, 0x9b, 0x9e, 0x9e, 0x9e, 0x9e, 0x9e, 0xa1, 0xa9, 0xac, 0xaf, 0xb2,
    0xb5, 0xb5, 0xba, 0xba, 0xb8, 0xb5, 0xb2, 0xb2, 0xaf, 0xaf, 0xac, 0xac, 0xb2, 0xb5, 0xb5, 0xb8,
    0xba, 0xba, 0xba, 0xba, 0xbe, 0xbe, 0xc2, 0xc2, 0xc2, 0xbe, 0xbe, 0xbe, 0xbe, 0xb8, 0xc2, 0xbe,
    0xc2, 0xc2, 0xba, 0xc6, 0xc9, 0xcb, 0xc9, 0xcb, 0xc6, 0xc6, 0xcb, 0xce, 0xcf, 0xbe, 0x22, 0x06,
    0x0e, 0x02, 0x1c, 0x89, 0x90, 0x9d, 0x89, 0x75, 0x6f, 0x90, 0x85, 0x77, 0x6f, 0x6f, 0x13, 0xc9,
    0x5a, 0xd2, 0xd2, 0xd4, 0x18, 0x68, 0x75, 0x82, 0xad, 0xbc, 0xad, 0x9d, 0x41, 0x39, 0x89, 0x19,
    0x32, 0x1e, 0x3c, 0x13, 0x21, 0xd0, 0xcf, 0xd0, 0xd0, 0xd1, 0xd1, 0x50, 0x09, 0x1d, 0x1d, 0x90,
    0x9a, 0x91, 0x68, 0x1d, 0x14, 0x2a, 0x38, 0xd0, 0x5b, 0x5c, 0x53, 0x16, 0x13, 0x3e, 0x04, 0x1a,
    0x06, 0xd6, 0x1b, 0x02, 0x4c, 0x53, 0x52, 0x2a, 0x1e, 0x1c, 0x18, 0xd4, 0xd0, 0x7a, 0xb6, 0xc1,
    0xc4, 0x9d, 0x39, 0x39, 0x82, 0x94, 0x2a, 0x5a, 0x5c, 0xd6, 0x5a, 0x43, 0x3b, 0x25, 0x35, 0x39,
    0x05, 0x05, 0x09, 0x11, 0x3e, 0x47, 0x50, 0xce, 0xd0, 0xcf, 0xcf, 0xce, 0xcf, 0xd0, 0xce, 0xcb,
    0xc6, 0xc6, 0xc6, 0xc6, 0xc2, 0xbe, 0xbe, 0xb8, 0xb8, 0xbe, 0xbe, 0xba, 0xb8, 0xb8, 0xb8, 0xb5,
    0xb2, 0xb2, 0xb2, 0xaf, 0xaf, 0xa8, 0xa8, 0xa4, 0xa8, 0xa8, 0xaf, 0xaf, 0xa8, 0xa8, 0xb2, 0xb2,
    0xb0, 0xb2, 0xb0, 0xb0, 0xb0, 0xb8, 0xb8, 0xb0, 0xb0, 0xb0, 0xb0, 0xb0, 0xb0, 0xb0, 0xb0, 0xb0,
    0x8c, 0x93, 0x95, 0x93, 0x93, 0x8c, 0x8c, 0x8c, 0x8c, 0x8c, 0x8c, 0x93, 0x93, 0x8c, 0x88, 0x8c,
    0x8c, 0x8c, 0x88, 0x83, 0x88, 0x8c, 0x8c, 0x8c, 0x8c, 0x8c, 0x88, 0x88, 0x88, 0x93, 0x95, 0x97,
    0x97, 0x97, 0x97, 0x9b, 0x9b, 0x9e, 0x9e, 0x9e, 0x9b, 0x9b, 0x9b, 0xa1, 0xa9, 0xaf, 0xaf, 0xb2,
    0xb5, 0xb5, 0xba, 0xba, 0xbe, 0xb8, 0xb5, 0xb5, 0xb5, 0xb2, 0xb2, 0xaf, 0xaf, 0xb5, 0xb5, 0xb8,
    0xb8, 0xb8, 0xba, 0xb8, 0xb8, 0xbe, 0xc2, 0xc6, 0xc6, 0xc9, 0xc6, 0xc6, 0xbe, 0xb8, 0xb2, 0xb8,
    0xba, 0xbe, 0xbe, 0xc2, 0xc6, 0xc6, 0xc9, 0xc5, 0xcc, 0xc9, 0xcb, 0xcc, 0xce, 0xcf, 0xcc, 0x3d,
    0x27, 0x04, 0x02, 0x29, 0x90, 0x91, 0x90, 0x8a, 0x6c, 0x75, 0x7b, 0x7f, 0x65, 0x6c, 0x68, 0x13,
    0x3a, 0x47, 0x24, 0x1e, 0x18, 0x33, 0x98, 0x89, 0x98, 0xa5, 0xa5, 0xb6, 0xad, 0x37, 0x1f, 0x59,
    0x5a, 0x35, 0x06, 0x2c, 0x13, 0x2a, 0x5a, 0xd1, 0x5a, 0x4e, 0x1f, 0x11, 0x1c, 0x37, 0xa5, 0xb3,
    0x91, 0x82, 0x29, 0x1d, 0x28, 0x13, 0x0e, 0x48, 0x4c, 0x48, 0x0e, 0x21, 0x21, 0x5c, 0x1c, 0x0f,
    0x3b, 0x58, 0x47, 0x02, 0x48, 0xff, 0xd4, 0x51, 0x3b, 0x0e, 0x1e, 0x57, 0x1b, 0x98, 0xb6, 0x82,
    0x39, 0xc8, 0x98, 0xad, 0xa5, 0x2a, 0x5b, 0x58, 0x58, 0x5a, 0x11, 0x3b, 0x54, 0x16, 0x35, 0x4e,
    0x2a, 0x25, 0x06, 0x03, 0x3f, 0x2a, 0x3f, 0x48, 0xcb, 0xcf, 0xce, 0xd0, 0xd0, 0xd0, 0xcf, 0xce,
    0xc9, 0xc6, 0xc2, 0xc6, 0xc6, 0xc2, 0xbe, 0xbe, 0xba, 0xbe, 0xba, 0xba, 0xba, 0xb8, 0xb8, 0xb5,
    0xb5, 0xb2, 0xb2, 0xaf, 0xa8, 0xac, 0xa9, 0xa9, 0xac, 0xa8, 0xaf, 0xb2, 0xb2, 0xb2, 0xaf, 0xb2,
    0xb0, 0xb2, 0xb0, 0xb0, 0xb0, 0xb8, 0xb8, 0xb8, 0xb0, 0xb5, 0xb0, 0xb0, 0xb0, 0xb0, 0xb0, 0xb0,
    0x93, 0x95, 0x97, 0x93, 0x8c, 0x8c, 0x93, 0x93, 0x8c, 0x8c, 0x8c, 0x93, 0x8c, 0x8c, 0x88, 0x8c,
    0x93, 0x8c, 0x88, 0x88, 0x8c, 0x93, 0x8c, 0x88, 0x8c, 0x88, 0x88, 0x88, 0x8c, 0x93, 0x93, 0x93,
    0x95, 0x97, 0x97, 0x97, 0x9b, 0x9e, 0x9e, 0x9e, 0x9b, 0x9b, 0x9b, 0x9e, 0xa9, 0xac, 0xb2, 0xb5,
    0xb5, 0xb5, 0xba, 0xbe, 0xbe, 0xba, 0xb8, 0xb5, 0xb5, 0xb5, 0xb5, 0xb5, 0xb5, 0xb5, 0xb8, 0xba,
    0xb8, 0xb8, 0xba, 0xb8, 0xb8, 0xbe, 0xbe, 0xc2, 0xc6, 0xc6, 0xc6, 0xc9, 0xc2, 0xbe, 0xba, 0xba,
    0xbe, 0xc2, 0xbe, 0xbe, 0xc6, 0xc2, 0xc2, 0xc6, 0xc6, 0xc9, 0xc9, 0xbe, 0x45, 0xc9, 0xcb, 0xc6,
    0xc6, 0xd0, 0x27, 0x0b, 0x82, 0x98, 0x75, 0x28, 0x20, 0x61, 0x77, 0x85, 0x6f, 0x68, 0x68, 0x6f,
    0x68, 0x68, 0x1d, 0x17, 0x26, 0x37, 0x39, 0xa5, 0xbc, 0x9d, 0xb3, 0xc4, 0x32, 0x3a, 0xd5, 0x5c,
    0x5c, 0x11, 0x04, 0x19, 0x65, 0x20, 0x15, 0x3d, 0x08, 0x0e, 0x75, 0x3c, 0x37, 0xa5, 0x9d, 0x98,
    0x91, 0x85, 0x85, 0x6f, 0x20, 0x20, 0x24, 0x2c, 0x48, 0xd2, 0x47, 0x09, 0x13, 0x1e, 0x0f, 0x20,
    0x19, 0x1c, 0x09, 0x03, 0x35, 0xd2, 0x4e, 0x45, 0x16, 0x27, 0x53, 0x58, 0x1e, 0x1a, 0xaa, 0xaa,
    0x9d, 0x90, 0x2f, 0x39, 0x35, 0x45, 0x50, 0x58, 0x5c, 0x18, 0x17, 0x18, 0x54, 0x1c, 0x40, 0x35,
    0x40, 0x0e, 0x1c, 0x13, 0x45, 0xd0, 0xd0, 0xd0, 0xcf, 0xce, 0xcf, 0xd0, 0xd0, 0xd0, 0xcf, 0xce,
    0xce, 0xc6, 0xc6, 0xc2, 0xc2, 0xc2, 0xbe, 0xbe, 0xbe, 0xbe, 0xbe, 0xbe, 0xba, 0xba, 0xb8, 0xb8,
    0xb5, 0xb2, 0xb2, 0xb2, 0xa8, 0xac, 0xa9, 0xa9, 0xa9, 0xa9, 0xa8, 0xaf, 0xb2, 0xb2, 0xb2, 0xb2,
    0xb2, 0xb0, 0xb0, 0xb0, 0xb8, 0xb8, 0xb8, 0xb8, 0xb0, 0xb0, 0xb0, 0xb5, 0xb0, 0xb0, 0xb0, 0xb0,
    0x93, 0x93, 0x93, 0x93, 0x93, 0x8c, 0x8c, 0x93, 0x8c, 0x93, 0x8c, 0x8c, 0x8c, 0x8c, 0x88, 0x88,
    0x88, 0x88, 0x83, 0x88, 0x8c, 0x93, 0x8c, 0x88, 0x81, 0x83, 0x83, 0x88, 0x8c, 0x8c, 0x93, 0x93,
    0x93, 0x93, 0x97, 0x97, 0x9b, 0x9e, 0x9e, 0x9e, 0x97, 0x97, 0x9b, 0x9e, 0xa9, 0xac, 0xb2, 0xb5,
    0xb5, 0xb8, 0xba, 0xbe, 0xbe, 0xbe, 0xba, 0xb8, 0xb8, 0xb8, 0xb8, 0xb8, 0xb8, 0xba, 0xba, 0xbe,
    0xbe, 0xba, 0xba, 0xba, 0xb8, 0xbe, 0xbe, 0xc2, 0xc6, 0xc6, 0xc9, 0xc9, 0xc6, 0xc2, 0xb5, 0xbe,
    0xbe, 0xc2, 0xbe, 0xc2, 0xc2, 0xc2, 0xc2, 0xc2, 0xc2, 0xc9, 0xcc, 0xcc, 0x3d, 0x40, 0x3b, 0x40,
    0x38, 0xc2, 0xd0, 0x2d, 0x08, 0x0e, 0x09, 0x08, 0x05, 0x65, 0x71, 0x7b, 0x75, 0x6c, 0x6f, 0x75,
    0x75, 0x82, 0x90, 0x89, 0xa0, 0xa5, 0x90, 0x90, 0xbc, 0x39, 0x29, 0x11, 0x3a, 0x59, 0x57, 0x5b,
    0x57, 0x2a, 0x2a, 0x06, 0x20, 0x75, 0x29, 0x18, 0x37, 0x9d, 0x39, 0x3c, 0x90, 0xa5, 0xbc, 0x9d,
    0x9a, 0x9a, 0x85, 0x6f, 0x7b, 0x7f, 0x6c, 0x1a, 0x06, 0x16, 0x16, 0x36, 0xc4, 0x2f, 0x20, 0x1a,
    0x03, 0x16, 0x16, 0x24, 0x08, 0x13, 0x3b, 0x25, 0x01, 0x1c, 0x43, 0x50, 0x04, 0x13, 0xad, 0xb3,
    0xa0, 0x9a, 0x29, 0x1c, 0x24, 0x3d, 0x4c, 0x5b, 0x45, 0x02, 0x0c, 0x44, 0x25, 0x15, 0x21, 0x32,
    0x48, 0x1e, 0x5f, 0x13, 0x35, 0x50, 0x50, 0x50, 0xd0, 0xcf, 0xcf, 0xd0, 0xcf, 0xcf, 0xcf, 0xce,
    0xcc, 0xc9, 0xc9, 0xc6, 0xc9, 0xc9, 0xc9, 0xc6, 0xc2, 0xc2, 0xc2, 0xbe, 0xba, 0xba, 0xb8, 0xb5,
    0xb5, 0xb5, 0xb2, 0xb2, 0xa8, 0xa8, 0xa9, 0xa9, 0xa9, 0xa9, 0xac, 0xac, 0xb2, 0xb2, 0xb2, 0xb2,
    0xb2, 0xb0, 0xb0, 0xb0, 0xb8, 0xb8, 0xb8, 0xb8, 0xb0, 0xb0, 0xb0, 0xb5, 0xb0, 0xb0, 0xb0, 0xb0,
    0x8c, 0x8c, 0x93, 0x8c, 0x8c, 0x88, 0x8c, 0x8c, 0x8c, 0x93, 0x93, 0x93, 0x93, 0x8c, 0x8c, 0x8c,
    0x8c, 0x83, 0x83, 0x88, 0x88, 0x8c, 0x88, 0x83, 0x83, 0x83, 0x88, 0x8c, 0x93, 0x93, 0x93, 0x8c,
    0x93, 0x93, 0x93, 0x97, 0x97, 0x97, 0x97, 0x9b, 0x9b, 0x9b, 0x9e, 0xa1, 0xa9, 0xac, 0xaf, 0xb2,
    0xb5, 0xb8, 0xba, 0xbe, 0xbe, 0xbe, 0xba, 0xba, 0xb8, 0xb8, 0xb8, 0xba, 0xbe, 0xbe, 0xbe, 0xbe,
    0xbe, 0xbe, 0xbe, 0xba, 0xb8, 0xb8, 0xb8, 0xbe, 0xbe, 0xc2, 0xc5, 0xc9, 0xc6, 0xc2, 0xbe, 0xbe,
    0xc2, 0xc2, 0xbe, 0xb8, 0xbe, 0xc9, 0xc9, 0xc2, 0xbe, 0xc9, 0xc9, 0xcb, 0xcc, 0xcc, 0xcc, 0xc9,
    0xcb, 0xc9, 0xcc, 0xd0, 0xc9, 0x19, 0x11, 0x04, 0x01, 0x1a, 0x20, 0x85, 0x8a, 0x8a, 0x90, 0x89,
    0x89, 0x89, 0x9a, 0x82, 0x9a, 0xaa, 0xa0, 0x9a, 0x8a, 0x1a, 0x19, 0xd4, 0x59, 0x4d, 0x4b, 0x47,
    0x34, 0xd5, 0x15, 0x16, 0x03, 0x1a, 0x5f, 0x26, 0x33, 0x39, 0x89, 0x3c, 0xad, 0x98, 0xb3, 0xb6,
    0x9a, 0x91, 0x85, 0x8a, 0x8a, 0x9a, 0xaa, 0x9d, 0x9d, 0x3c, 0xa5, 0xbc, 0xbc, 0x37, 0x26, 0x03,
    0x0b, 0x06, 0x08, 0x26, 0x32, 0x2a, 0x13, 0x1c, 0x4a, 0x53, 0x48, 0x54, 0x07, 0x13, 0x68, 0x89,
    0xa5, 0x26, 0x2e, 0x1f, 0x48, 0x50, 0x53, 0x58, 0x48, 0x3f, 0x5b, 0x48, 0x5a, 0x21, 0x32, 0x24,
    0x18, 0x16, 0x13, 0x08, 0x54, 0x45, 0x47, 0x48, 0x48, 0x48, 0x47, 0x45, 0xd0, 0xce, 0xcf, 0xce,
    0xc9, 0xcb, 0xc5, 0xc9, 0xc6, 0xc6, 0xc6, 0xc6, 0xc6, 0xc2, 0xbe, 0xbe, 0xba, 0xb8, 0xb5, 0xb5,
    0xb2, 0xb2, 0xb2, 0xb2, 0xa8, 0xac, 0xa9, 0xa9, 0xa9, 0xa9, 0xa9, 0xa9, 0xac, 0xaf, 0xb2, 0xb2,
    0xb2, 0xb2, 0xb2, 0xb0, 0xb0, 0xb0, 0xb0, 0xb8, 0xb0, 0xb0, 0xb8, 0xb0, 0xb0, 0xb0, 0xb0, 0xb0,
    0x8c, 0x93, 0x8c, 0x8c, 0x8c, 0x8c, 0x8c, 0x93, 0x93, 0x8c, 0x93, 0x93, 0x95, 0x93, 0x93, 0x8c,
    0x8c, 0x88, 0x88, 0x88, 0x88, 0x88, 0x80, 0x83, 0x83, 0x88, 0x8c, 0x8c, 0x93, 0x8c, 0x93, 0x8c,
    0x8c, 0x93, 0x95, 0x93, 0x97, 0x97, 0x97, 0x9b, 0x9e, 0xa1, 0xa1, 0xa1, 0xa9, 0xa9, 0xac, 0xaf,
    0xb2, 0xb5, 0xb8, 0xba, 0xbe, 0xbe, 0xbe, 0xba, 0xba, 0xb8, 0xb8, 0xba, 0xbe, 0xbe, 0xbe, 0xc2,
    0xc2, 0xbe, 0xbe, 0xba, 0xba, 0xba, 0xba, 0xb8, 0xbe, 0xbe, 0xc2, 0xc6, 0xc9, 0xc6, 0xbe, 0xbe,
    0xc2, 0xbe, 0xc2, 0xc6, 0xbe, 0xc6, 0xc6, 0xc6, 0xc2, 0xc6, 0xcb, 0xcb, 0xcc, 0xce, 0xcf, 0xcc,
    0xcc, 0xc2, 0x40, 0x42, 0x45, 0xd1, 0xd0, 0xc6, 0x13, 0x0b, 0x82, 0x89, 0x89, 0x91, 0xa0, 0x26,
    0x29, 0x8a, 0x91, 0x91, 0xaa, 0xaa, 0xad, 0x1e, 0x16, 0x0e, 0x54, 0x58, 0x57, 0x52, 0x1f, 0x2e,
    0xd5, 0x5c, 0x5a, 0x19, 0x06, 0x13, 0x90, 0x98, 0x98, 0x9d, 0x9d, 0xb3, 0x4d, 0xb6, 0xb3, 0xa5,
    0xad, 0x9d, 0x8a, 0x6a, 0x85, 0xa0, 0xa0, 0xad, 0xad, 0xbc, 0xb3, 0xad, 0xb6, 0x9d, 0x39, 0x15,
    0xd2, 0x50, 0x38, 0x47, 0x53, 0x2a, 0x53, 0xd2, 0xd0, 0xce, 0x40, 0x4e, 0x08, 0x1a, 0x75, 0x8a,
    0x3f, 0x43, 0x52, 0x3a, 0x28, 0x46, 0x48, 0x4c, 0x54, 0x5a, 0x5c, 0xd4, 0x4e, 0x52, 0x04, 0x1e,
    0x1d, 0x21, 0x2c, 0x1b, 0x5a, 0xcf, 0x50, 0xd0, 0xd0, 0xce, 0xcf, 0x48, 0x4c, 0x50, 0xce, 0xc9,
    0xc5, 0xcb, 0xc6, 0xc9, 0xc9, 0xc9, 0xc6, 0xc2, 0xbe, 0xbe, 0xbe, 0xba, 0xba, 0xb8, 0xb5, 0xb2,
    0xb2, 0xb2, 0xb2, 0xaf, 0xa8, 0xa9, 0xa9, 0xa9, 0xa9, 0xa9, 0xa9, 0xa9, 0xa9, 0xac, 0xac, 0xb2,
    0xb0, 0xb0, 0xb0, 0xb0, 0xb0, 0xb0, 0xb0, 0xb0, 0xb8, 0xb0, 0xb0, 0xb0, 0xb0, 0xb0, 0xb0, 0xb8,
    0x8c, 0x8c, 0x8c, 0x8c, 0x93, 0x8c, 0x8c, 0x93, 0x93, 0x8c, 0x93, 0x8c, 0x93, 0x8c, 0x8c, 0x88,
    0x88, 0x88, 0x8c, 0x8c, 0x8c, 0x88, 0x83, 0x83, 0x83, 0x8c, 0x8c, 0x93, 0x8c, 0x93, 0x93, 0x93,
    0x93, 0x93, 0x97, 0x97, 0x97, 0x97, 0x97, 0x9b, 0x9e, 0xa1, 0xa1, 0xa1, 0xa1, 0xa9, 0xa9, 0xac,
    0xb2, 0xb5, 0xb8, 0xb8, 0xb8, 0xba, 0xba, 0xbe, 0xbe, 0xb8, 0xb8, 0xba, 0xbe, 0xbe, 0xc2, 0xc2,
    0xc6, 0xc2, 0xc2, 0xbe, 0xbe, 0xbe, 0xbe, 0xba, 0xbe, 0xc2, 0xc2, 0xc9, 0xcb, 0xc6, 0xc2, 0xc2,
    0xc2, 0xc2, 0xbe, 0xc2, 0xc6, 0xc2, 0xc2, 0xc2, 0xc6, 0xc6, 0xc6, 0xc9, 0xcc, 0xcc, 0xcf, 0xcf,
    0xce, 0xce, 0xcc, 0xce, 0xcf, 0xd0, 0xd0, 0xcf, 0xd0, 0x1c, 0x17, 0x21, 0x28, 0x2f, 0x89, 0xb6,
    0xb6, 0x37, 0x98, 0x9a, 0x20, 0x61, 0x1a, 0x5f, 0x16, 0x4c, 0x43, 0x57, 0x3a, 0x25, 0xd4, 0xd5,
    0x43, 0x44, 0x53, 0x52, 0x49, 0x06, 0x14, 0x7f, 0xad, 0xa5, 0x39, 0x2a, 0x19, 0x13, 0x85, 0x9d,
    0xa5, 0xad, 0x9d, 0xb6, 0xb6, 0xbc, 0xbc, 0xad, 0xa5, 0x98, 0xa5, 0xc8, 0xc8, 0xbc, 0x46, 0x3e,
    0xd0, 0xd0, 0xd0, 0x50, 0x08, 0x3e, 0x05, 0x42, 0x4c, 0x4e, 0x48, 0x2e, 0xb6, 0xa5, 0x29, 0x6c,
    0x2c, 0x34, 0x3a, 0x19, 0x04, 0x2a, 0x3a, 0x4c, 0x53, 0x5a, 0x5c, 0x4c, 0x35, 0x3f, 0x2e, 0x02,
    0x04, 0x20, 0x16, 0x21, 0x45, 0x47, 0xce, 0xce, 0xd1, 0xd0, 0xd2, 0xd1, 0xd1, 0xcc, 0xc9, 0xcb,
    0xcb, 0xcc, 0xc9, 0xc6, 0xc6, 0xc5, 0xc6, 0xc2, 0xc6, 0xbe, 0xc2, 0xb2, 0xb8, 0xb8, 0xb5, 0xb2,
    0xb2, 0xb2, 0xb2, 0xa8, 0xa8, 0xa8, 0xa8, 0xa4, 0xa9, 0xa9, 0xa9, 0xa9, 0xa9, 0xa9, 0xa9, 0xaf,
    0xb2, 0xb0, 0xb0, 0xb0, 0xb0, 0xb0, 0xb0, 0xb0, 0xb0, 0xb0, 0xb0, 0xb0, 0xb0, 0xb0, 0xb8, 0xb8,
    0x8c, 0x8c, 0x8c, 0x88, 0x8c, 0x8c, 0x8c, 0x93, 0x8c, 0x95, 0x93, 0x93, 0x8c, 0x8c, 0x88, 0x88,
    0x88, 0x8c, 0x8c, 0x8c, 0x8c, 0x88, 0x8c, 0x88, 0x88, 0x8c, 0x93, 0x93, 0x93, 0x93, 0x8c, 0x93,
    0x97, 0x8c, 0x93, 0x93, 0x97, 0x97, 0x9b, 0x97, 0x9b, 0x9e, 0x9e, 0xa1, 0xa1, 0xa1, 0xa9, 0xac,
    0xaf, 0xb5, 0xb5, 0xb5, 0xb5, 0xb5, 0xb8, 0xba, 0xbe, 0xba, 0xba, 0xba, 0xba, 0xbe, 0xbe, 0xc2,
    0xc6, 0xc6, 0xbe, 0xba, 0xba, 0xba, 0xba, 0xba, 0xbe, 0xbe, 0xbe, 0xbe, 0xc6, 0xc9, 0xc9, 0xc9,
    0xc6, 0xbe, 0xc2, 0xc2, 0xc6, 0xc6, 0xc2, 0xc6, 0xc6, 0xc6, 0xc9, 0xc5, 0xcb, 0xcc, 0xcb, 0xcc,
    0xce, 0xcc, 0xc9, 0xcb, 0xcc, 0xcc, 0xce, 0xcf, 0xce, 0xcf, 0x06, 0x0d, 0x1a, 0x68, 0x90, 0x33,
    0x37, 0x37, 0x89, 0x75, 0x28, 0x28, 0x68, 0x1e, 0x32, 0x2c, 0x1e, 0x32, 0x3a, 0xd6, 0x58, 0x32,
    0x3f, 0xd5, 0xd6, 0x19, 0x08, 0x16, 0x01, 0x0b, 0x5f, 0x16, 0x3a, 0x5c, 0x58, 0x1c, 0x13, 0x87,
    0x90, 0x9d, 0xc4, 0xc4, 0xc1, 0xbc, 0x24, 0x15, 0x2c, 0xa5, 0xad, 0xc8, 0xc8, 0x46, 0x37, 0x1f,
    0xd0, 0x47, 0x43, 0x11, 0x45, 0x31, 0x27, 0x05, 0x50, 0x42, 0x13, 0xad, 0xbc, 0xa0, 0xb6, 0x9d,
    0x6f, 0x77, 0x19, 0x46, 0x32, 0x08, 0x13, 0x11, 0x57, 0x54, 0x59, 0x4e, 0x2a, 0x53, 0x3d, 0x1b,
    0x47, 0x08, 0x01, 0x0e, 0x2e, 0x3e, 0xc9, 0xce, 0xcf, 0xd1, 0xd0, 0xce, 0xd0, 0xcf, 0xce, 0xcb,
    0xcc, 0xc9, 0xc9, 0xc6, 0xbe, 0xc2, 0xc2, 0xba, 0xc2, 0xc2, 0xb5, 0xba, 0xb8, 0xb8, 0xb5, 0xb2,
    0xb2, 0xb2, 0xaf, 0xa8, 0xa8, 0xa8, 0xa8, 0xa9, 0xa9, 0xa9, 0xa9, 0xa1, 0xa1, 0xa1, 0xa9, 0xa8,
    0xa8, 0xa8, 0xaf, 0xb2, 0xb2, 0xb0, 0xb0, 0xb0, 0xb0, 0xb0, 0xb0, 0xb0, 0xb0, 0xb0, 0xb0, 0xb0,
    0x88, 0x8c, 0x88, 0x8c, 0x8c, 0x8c, 0x93, 0x97, 0x97, 0x9b, 0x97, 0x97, 0x93, 0x8c, 0x8c, 0x8c,
    0x93, 0x8c, 0x8c, 0x88, 0x88, 0x88, 0x83, 0x88, 0x88, 0x88, 0x88, 0x8c, 0x8c, 0x93, 0x93, 0x97,
    0x97, 0x97, 0x95, 0x95, 0x97, 0x97, 0x97, 0x97, 0x97, 0x9b, 0x9e, 0x9e, 0xa1, 0xa1, 0xa1, 0xa9,
    0xac, 0xb2, 0xb2, 0xb5, 0xb5, 0xb2, 0xb5, 0xb8, 0xba, 0xbe, 0xbe, 0xbe, 0xbe, 0xbe, 0xbe, 0xbe,
    0xc2, 0xc2, 0xbe, 0xbe, 0xba, 0xba, 0xbe, 0xbe, 0xbe, 0xb5, 0xbe, 0xc2, 0xc2, 0xc2, 0xc6, 0xc9,
    0xc6, 0xc2, 0xbe, 0xc2, 0xc2, 0xc5, 0xc6, 0xc5, 0xc6, 0xc2, 0xc2, 0xc6, 0xcb, 0xcb, 0xcc, 0xcc,
    0xce, 0xcb, 0xc9, 0xcb, 0xcb, 0xcb, 0xcc, 0xce, 0xcb, 0xce, 0x45, 0x09, 0x05, 0x1e, 0x2f, 0x82,
    0x29, 0x7a, 0x26, 0x2f, 0x89, 0xa0, 0x9a, 0x7f, 0x3b, 0x1c, 0x16, 0x3a, 0xd4, 0x5c, 0x32, 0x32,
    0x47, 0x4a, 0xd4, 0x57, 0x08, 0x12, 0x06, 0x01, 0x2a, 0x59, 0xd5, 0x5c, 0x59, 0x2a, 0x11, 0x13,
    0x7f, 0xbc, 0xad, 0xc4, 0x39, 0x13, 0x4e, 0xd5, 0x4c, 0x25, 0xad, 0xcd, 0x59, 0x57, 0xc4, 0x44,
    0xd0, 0xd0, 0x4c, 0x19, 0x5a, 0x3d, 0x60, 0x0d, 0x42, 0x23, 0x7f, 0xaa, 0xc4, 0xa0, 0x98, 0x29,
    0x28, 0x19, 0x5a, 0x25, 0x11, 0x13, 0x11, 0x2a, 0x4c, 0x54, 0x5c, 0x4f, 0x25, 0xd0, 0x48, 0x18,
    0x2e, 0xcd, 0x1c, 0x28, 0xd2, 0x45, 0x48, 0xd0, 0xce, 0x3d, 0x45, 0xd0, 0xcf, 0xcb, 0xcf, 0xcc,
    0xc9, 0xc5, 0xc6, 0xc2, 0xb8, 0xc6, 0xc6, 0xc6, 0xbe, 0xba, 0xbe, 0xbe, 0xba, 0xb5, 0xb5, 0xb5,
    0xb2, 0xb2, 0xa8, 0xac, 0xaf, 0xa8, 0xa8, 0xac, 0xa9, 0xa1, 0xa1, 0xa1, 0xa1, 0xa9, 0xa9, 0xa9,
    0xa9, 0xa8, 0xa8, 0xa8, 0xa8, 0xa8, 0xb2, 0xb2, 0xa8, 0xb2, 0xb0, 0xb0, 0xb0, 0xb0, 0xb0, 0xb0,
    0x88, 0x8c, 0x88, 0x8c, 0x93, 0x93, 0x93, 0x95, 0x97, 0x9b, 0x97, 0x97, 0x93, 0x8c, 0x8c, 0x8c,
    0x8c, 0x8c, 0x88, 0x88, 0x88, 0x83, 0x83, 0x83, 0x88, 0x88, 0x88, 0x8c, 0x8c, 0x8c, 0x93, 0x93,
    0x93, 0x93, 0x93, 0x93, 0x93, 0x8c, 0x93, 0x93, 0x97, 0x97, 0x9e, 0x9e, 0xa1, 0xa1, 0xa9, 0xa9,
    0xac, 0xaf, 0xb2, 0xb2, 0xb2, 0xb5, 0xb5, 0xb5, 0xb8, 0xbe, 0xbe, 0xc2, 0xbe, 0xbe, 0xba, 0xbe,
    0xbe, 0xbe, 0xbe, 0xbe, 0xba, 0xba, 0xba, 0xbe, 0xbe, 0xbe, 0xbe, 0xbe, 0xc2, 0xc2, 0xc9, 0xc9,
    0xc9, 0xc6, 0xc2, 0xc2, 0xc2, 0xc2, 0xc2, 0xc2, 0xc6, 0xc5, 0xc9, 0xcb, 0xc9, 0xcc, 0xce, 0xce,
    0xcc, 0xc6, 0xc9, 0xcb, 0xc9, 0xcb, 0xc9, 0xcc, 0xcc, 0xcc, 0xd0, 0x45, 0x1c, 0x0d, 0x16, 0x17,
    0x05, 0x06, 0x08, 0x06, 0x68, 0x7f, 0x75, 0x7b, 0x3c, 0x35, 0x2a, 0x45, 0x4f, 0x3a, 0x2a, 0x38,
    0x4a, 0xd4, 0x5c, 0xd6, 0x13, 0x08, 0x13, 0x49, 0x5a, 0xd4, 0x4f, 0x50, 0x35, 0x1c, 0x16, 0x11,
    0x06, 0x39, 0xc4, 0x1c, 0x2a, 0xd6, 0xd6, 0x53, 0x46, 0x47, 0x0e, 0x4b, 0x4b, 0x3a, 0x33, 0x2e,
    0xd0, 0xd0, 0xd1, 0x3b, 0x2e, 0x53, 0xce, 0xd0, 0xd0, 0x13, 0x60, 0x6a, 0x85, 0xb6, 0xb6, 0x20,
    0x11, 0x46, 0x3a, 0x19, 0x4d, 0x06, 0x21, 0x3b, 0x45, 0x5a, 0xd6, 0x15, 0x0f, 0x36, 0x4a, 0x19,
    0x28, 0x3a, 0x58, 0x35, 0xd0, 0xd0, 0xcf, 0xcf, 0xd0, 0xd0, 0xd0, 0xd0, 0xcf, 0xcb, 0xcc, 0xcc,
    0xc6, 0xc6, 0xc6, 0xc6, 0xc2, 0xc6, 0xc6, 0xc2, 0xc2, 0xc2, 0xbe, 0xbe, 0xba, 0xb8, 0xb0, 0xb2,
    0xb2, 0xaf, 0xa8, 0xac, 0xa8, 0xa8, 0xa8, 0xa8, 0xa9, 0xa1, 0xa1, 0xa1, 0xa1, 0xa1, 0xa1, 0xa1,
    0xa9, 0xa9, 0xac, 0xac, 0xa8, 0xa8, 0xa8, 0xb2, 0xa8, 0xaf, 0xb2, 0xa8, 0xb2, 0xb0, 0xb2, 0xb8,
    0x8c, 0x8c, 0x8c, 0x8c, 0x8c, 0x93, 0x93, 0x97, 0x97, 0x97, 0x97, 0x8c, 0x8c, 0x88, 0x88, 0x88,
    0x88, 0x88, 0x83, 0x83, 0x83, 0x83, 0x83, 0x83, 0x83, 0x88, 0x88, 0x8c, 0x8c, 0x88, 0x8c, 0x8c,
    0x8c, 0x8c, 0x88, 0x8c, 0x88, 0x88, 0x8c, 0x93, 0x97, 0x9b, 0x9e, 0xa1, 0xa1, 0xa9, 0xac, 0xa9,
    0xac, 0xaf, 0xaf, 0xb2, 0xb5, 0xb5, 0xb8, 0xb5, 0xb5, 0xba, 0xbe, 0xbe, 0xbe, 0xbe, 0xba, 0xba,
    0xba, 0xbe, 0xbe, 0xbe, 0xbe, 0xbe, 0xbe, 0xbe, 0xbe, 0xbe, 0xbe, 0xc2, 0xc6, 0xc9, 0xc6, 0xcb,
    0xca, 0xc9, 0xc9, 0xc6, 0xbe, 0xc2, 0xc2, 0xc6, 0xc6, 0xc6, 0xc9, 0xcb, 0xcb, 0xc9, 0xc9, 0xc9,
    0xcc, 0xce, 0xc9, 0xcb, 0xc9, 0xc9, 0xcb, 0xcb, 0xcb, 0xcb, 0xcc, 0xcc, 0xd0, 0x24, 0x06, 0x03,
    0x03, 0x04, 0x01, 0x01, 0x0a, 0x2f, 0xaa, 0xa5, 0x2f, 0x29, 0x28, 0x6c, 0x37, 0x3d, 0x3b, 0x4a,
    0x58, 0x5b, 0x57, 0x5a, 0x18, 0x13, 0x4a, 0x5a, 0x5b, 0x5a, 0x3a, 0x58, 0x57, 0x11, 0x0f, 0x13,
    0x2a, 0x02, 0x06, 0x58, 0xd6, 0x5c, 0xd6, 0x1b, 0x53, 0x26, 0x19, 0x1f, 0x32, 0x3f, 0x37, 0x3f,
    0xd0, 0xd1, 0x1b, 0x54, 0x1d, 0x1c, 0xd1, 0xce, 0xd1, 0x0b, 0x7b, 0xaa, 0x7b, 0x91, 0x14, 0x25,
    0x49, 0x52, 0x2a, 0x1b, 0x13, 0x25, 0x3f, 0x4e, 0x54, 0x53, 0xd2, 0x0e, 0x25, 0x08, 0x31, 0x1e,
    0x1a, 0x2c, 0x32, 0x25, 0x5a, 0xd2, 0xcf, 0xce, 0xd0, 0xd0, 0xce, 0xd0, 0xd0, 0xd0, 0xce, 0xc9,
    0xc2, 0xc9, 0xc6, 0xc6, 0xc6, 0xc2, 0xbe, 0xbe, 0xc2, 0xc2, 0xbe, 0xbe, 0xba, 0xb8, 0xb5, 0xb2,
    0xb2, 0xaf, 0xa8, 0xa8, 0xa9, 0xac, 0xac, 0xac, 0xa9, 0xa9, 0xa1, 0xa1, 0xa1, 0xa1, 0xa1, 0xa1,
    0xa9, 0xa9, 0xa9, 0xa9, 0xa9, 0xac, 0xa8, 0xa8, 0xa8, 0xa8, 0xa8, 0xb2, 0xaf, 0xb2, 0xb2, 0xb2,
    0x8c, 0x8c, 0x93, 0x93, 0x93, 0x95, 0x97, 0x97, 0x97, 0x97, 0x93, 0x93, 0x88, 0x88, 0x83, 0x88,
    0x83, 0x83, 0x83, 0x80, 0x83, 0x80, 0x80, 0x88, 0x88, 0x88, 0x88, 0x88, 0x8c, 0x8c, 0x88, 0x8c,
    0x88, 0x8c, 0x88, 0x83, 0x88, 0x88, 0x8c, 0x93, 0x97, 0x97, 0x9b, 0xa1, 0xa1, 0xa9, 0xac, 0xac,
    0xac, 0xac, 0xac, 0xaf, 0xb5, 0xb5, 0xb8, 0xb8, 0xb8, 0xba, 0xbe, 0xbe, 0xbe, 0xba, 0xb8, 0xb8,
    0xba, 0xba, 0xbe, 0xbe, 0xc2, 0xbe, 0xbe, 0xbe, 0xc2, 0xbe, 0xbe, 0xbe, 0xc2, 0xc9, 0xc9, 0xc9,
    0xc9, 0xc6, 0xc6, 0xc6, 0xc6, 0xc2, 0xc6, 0xc6, 0xc5, 0xc6, 0xc9, 0xc6, 0xcb, 0xcb, 0xcb, 0xcc,
    0xc9, 0xcb, 0xcb, 0xcc, 0xce, 0xcb, 0xc9, 0xcb, 0xcb, 0xcc, 0xcb, 0xcc, 0xcf, 0xd0, 0xcf, 0x54,
    0xd0, 0xd2, 0x47, 0x3e, 0x0e, 0x03, 0x18, 0x89, 0x29, 0x20, 0x1d, 0x16, 0x10, 0x0c, 0x4a, 0x54,
    0x47, 0x48, 0x4c, 0x2a, 0x33, 0xd5, 0x58, 0x5a, 0x5b, 0x54, 0x4c, 0x5a, 0x5c, 0x4a, 0x0a, 0x14,
    0x34, 0x52, 0xd5, 0x5b, 0x5c, 0xd6, 0x52, 0x5a, 0x35, 0x16, 0x39, 0x05, 0xcd, 0xc1, 0x2a, 0x40,
    0x5a, 0x15, 0x48, 0x40, 0x1e, 0x04, 0x42, 0x4e, 0x42, 0x0d, 0x65, 0x85, 0x9a, 0x77, 0x75, 0x37,
    0x33, 0x1f, 0x44, 0x58, 0x1b, 0x2a, 0x58, 0x50, 0x45, 0x45, 0x26, 0x25, 0x5c, 0xd4, 0x08, 0x14,
    0x0e, 0x20, 0x18, 0x13, 0xd4, 0xd1, 0xd0, 0xd0, 0xd1, 0xd0, 0xcf, 0xcc, 0xcc, 0x38, 0x45, 0xc9,
    0xc9, 0xc6, 0xc5, 0xcc, 0xcb, 0xc9, 0xc2, 0xbe, 0xc2, 0xbe, 0xc2, 0xbe, 0xba, 0xb8, 0xb8, 0xb2,
    0xb2, 0xb2, 0xaf, 0xaf, 0xa8, 0xa8, 0xa8, 0xa8, 0xa9, 0xa9, 0xa9, 0xa1, 0xa1, 0xa1, 0xa1, 0xa9,
    0xa1, 0xa9, 0xa9, 0xa9, 0xa9, 0xa9, 0xa9, 0xac, 0xa8, 0xac, 0xac, 0xa8, 0xa8, 0xb2, 0xaf, 0xaf,
    0x88, 0x8c, 0x88, 0x88, 0x88, 0x8c, 0x93, 0x93, 0x93, 0x93, 0x8c, 0x88, 0x83, 0x83, 0x83, 0x83,
    0x83, 0x83, 0xf0, 0xf0, 0x83, 0x83, 0x83, 0x83, 0x83, 0x83, 0x83, 0x83, 0x88, 0x88, 0x88, 0x88,
    0x83, 0x83, 0x88, 0x88, 0x88, 0x8c, 0x8c, 0x93, 0x97, 0x9b, 0x9e, 0xa1, 0xa9, 0xaf, 0xaf, 0xac,
    0xac, 0xac, 0xaf, 0xb2, 0xb5, 0xb5, 0xb8, 0xb8, 0xba, 0xba, 0xba, 0xbe, 0xba, 0xb8, 0xb5, 0xb5,
    0xb8, 0xba, 0xba, 0xbe, 0xbe, 0xbe, 0xbe, 0xbe, 0xbe, 0xbe, 0xc2, 0xbe, 0xc2, 0xc6, 0xc9, 0xc9,
    0xca, 0xc9, 0xc9, 0xc6, 0xc9, 0xc9, 0xc9, 0xcb, 0xc6, 0xc5, 0xc9, 0xc6, 0xc9, 0xcb, 0xcc, 0xcb,
    0xcb, 0xcb, 0xcb, 0xcb, 0xcc, 0xcc, 0xcc, 0xcb, 0xc9, 0xcc, 0xce, 0xcc, 0xce, 0xcb, 0xc2, 0xc6,
    0xcf, 0xce, 0xce, 0xcc, 0xd0, 0x47, 0x05, 0x06, 0x09, 0x04, 0x08, 0x06, 0x02, 0x01, 0x02, 0x33,
    0x45, 0x47, 0x24, 0x32, 0x5c, 0x58, 0x54, 0x5b, 0x57, 0x50, 0x57, 0xd4, 0x4a, 0x52, 0x3d, 0x03,
    0x4e, 0xd6, 0x5a, 0xd5, 0x5a, 0xd5, 0x49, 0xd5, 0x3e, 0x54, 0x19, 0x3e, 0x0c, 0xbc, 0x46, 0x2e,
    0x3a, 0x0e, 0x3f, 0xd6, 0x52, 0x13, 0x16, 0x53, 0x47, 0x18, 0xb3, 0xb3, 0x85, 0x7f, 0x75, 0x17,
    0x13, 0x1f, 0x0c, 0x4b, 0x43, 0x15, 0x19, 0x3a, 0x3b, 0x19, 0x32, 0xd6, 0x5c, 0x5c, 0x09, 0x0d,
    0x18, 0x32, 0x04, 0x2a, 0x48, 0x48, 0x42, 0x53, 0xd0, 0xd0, 0xcf, 0x50, 0x50, 0xce, 0xcf, 0xcc,
    0xc2, 0xb8, 0xb8, 0x21, 0x1e, 0x36, 0x45, 0xc2, 0xbe, 0xbe, 0xbe, 0xba, 0xba, 0xb8, 0xb5, 0xb5,
    0xb2, 0xb2, 0xb2, 0xaf, 0xaf, 0xaf, 0xaf, 0xa8, 0xac, 0xa9, 0xa9, 0xa9, 0xa9, 0xa1, 0xa1, 0xa1,
    0xa1, 0xa9, 0xa9, 0xa9, 0xa9, 0xa9, 0xa9, 0xa9, 0xa9, 0xa9, 0xa9, 0xa9, 0xac, 0xa8, 0xa8, 0xa8,
    0x8c, 0x8c, 0x88, 0x8c, 0x88, 0x8c, 0x93, 0x8c, 0x93, 0x93, 0x8c, 0x88, 0x88, 0x83, 0x83, 0x88,
    0x88, 0x88, 0x83, 0x83, 0x88, 0x8c, 0x8c, 0x8c, 0x88, 0x88, 0x88, 0x8c, 0x88, 0x88, 0x8c, 0x88,
    0x88, 0x88, 0x88, 0x8c, 0x8c, 0x93, 0x97, 0x97, 0x97, 0x9b, 0x9e, 0xa9, 0xac, 0xaf, 0xaf, 0xaf,
    0xac, 0xaf, 0xb2, 0xb2, 0xb5, 0xb8, 0xb8, 0xba, 0xba, 0xba, 0xba, 0xba, 0xba, 0xb8, 0xb5, 0xb5,
    0xb8, 0xb8, 0xb8, 0xba, 0xbe, 0xc2, 0xc2, 0xc2, 0xbe, 0xc2, 0xbe, 0xbe, 0xc2, 0xc6, 0xc6, 0xca,
    0xc6, 0xc9, 0xc6, 0xc9, 0xc9, 0xc9, 0xc9, 0xc9, 0xcb, 0xc6, 0xc5, 0xcb, 0xc9, 0xcb, 0xcb, 0xcb,
    0xc6, 0xc9, 0xc9, 0xcb, 0xce, 0xcc, 0xcb, 0xcb, 0xcc, 0xcb, 0xcb, 0xcb, 0xcc, 0xce, 0xc6, 0xcb,
    0x48, 0xd0, 0xce, 0xcf, 0x47, 0x48, 0xd0, 0x4e, 0x32, 0x1f, 0x18, 0x2d, 0x47, 0x27, 0x01, 0x1d,
    0x7f, 0x13, 0x16, 0x58, 0x52, 0x53, 0x59, 0x57, 0x58, 0x58, 0xd4, 0x5a, 0x4e, 0x43, 0xd6, 0x48,
    0x44, 0xd5, 0x5a, 0x5a, 0x59, 0xd5, 0x53, 0x43, 0x51, 0x48, 0x52, 0x3f, 0x4d, 0x06, 0x41, 0x2e,
    0x47, 0x46, 0x4a, 0xd4, 0x5a, 0x1c, 0x33, 0x53, 0x1e, 0x98, 0xb6, 0xaa, 0x7b, 0x75, 0x0b, 0x44,
    0x49, 0x2a, 0x0b, 0x02, 0x25, 0x34, 0x1a, 0x08, 0x40, 0xd4, 0x5c, 0x5a, 0xd5, 0x19, 0x52, 0x08,
    0x45, 0x1f, 0x02, 0x52, 0x54, 0x4e, 0x4e, 0xc9, 0xd0, 0xce, 0xd0, 0xcc, 0x48, 0x50, 0xcf, 0xcb,
    0xc9, 0xbe, 0xc6, 0xc9, 0xbe, 0xc2, 0xb8, 0xbe, 0xbe, 0xbe, 0xb8, 0xb8, 0xb8, 0xb8, 0xb8, 0xb5,
    0xb2, 0xb2, 0xb2, 0xaf, 0xa8, 0xaf, 0xa8, 0xa8, 0xac, 0xa9, 0xa9, 0xa9, 0xa9, 0xa1, 0xa1, 0xa1,
    0xa1, 0xa1, 0xa9, 0xa9, 0xa9, 0xa1, 0xa1, 0xa9, 0xa9, 0xa9, 0xa9, 0xa9, 0xa9, 0xa9, 0xac, 0xac,
    0x8c, 0x8c, 0x8c, 0x8c, 0x8c, 0x8c, 0x95, 0x93, 0x93, 0x8c, 0x8c, 0x88, 0x88, 0x83, 0x88, 0x88,
    0x88, 0x88, 0x8c, 0x8c, 0x8c, 0x8c, 0x8c, 0x8c, 0x8c, 0x8c, 0x8c, 0x8c, 0x8c, 0x8c, 0x8c, 0x88,
    0x88, 0x88, 0x8c, 0x93, 0x8c, 0x93, 0x97, 0x97, 0x97, 0x9b, 0x9e, 0xa9, 0xa9, 0xac, 0xac, 0xaf,
    0xaf, 0xb2, 0xb2, 0xb5, 0xb5, 0xb8, 0xba, 0xba, 0xba, 0xbe, 0xbe, 0xba, 0xb8, 0xb8, 0xb5, 0xb5,
    0xb5, 0xb8, 0xb8, 0xba, 0xbe, 0xbe, 0xc2, 0xc2, 0xbe, 0xbe, 0xbe, 0xc2, 0xc2, 0xc6, 0xc9, 0xc6,
    0xc9, 0xc9, 0xc9, 0xc9, 0xc6, 0xca, 0xcb, 0xcb, 0xcb, 0xc9, 0xc9, 0xc6, 0xc9, 0xcb, 0xcb, 0xcb,
    0xc9, 0xc5, 0xc6, 0xc9, 0xc9, 0xcb, 0xc9, 0xc9, 0xcb, 0xcc, 0xc9, 0xcb, 0x40, 0x42, 0xc9, 0xcb,
    0xce, 0xcc, 0xcf, 0xcf, 0xd0, 0xd0, 0x42, 0x48, 0xd1, 0xd2, 0xd2, 0x4e, 0x48, 0xc9, 0x40, 0x20,
    0x89, 0x29, 0x39, 0x40, 0x42, 0x57, 0x45, 0x54, 0x5a, 0x5a, 0x59, 0xd0, 0x53, 0x5a, 0x43, 0x5a,
    0x43, 0x5a, 0x5a, 0x57, 0x5a, 0x5a, 0x3e, 0x3a, 0xd0, 0x4a, 0x53, 0x32, 0x42, 0x2a, 0x13, 0x2c,
    0x2c, 0xd2, 0xd1, 0x50, 0x42, 0xd2, 0xd0, 0x4a, 0x16, 0x37, 0xb3, 0xb3, 0x7f, 0x13, 0x2e, 0x52,
    0x34, 0x25, 0x0d, 0x08, 0x01, 0x09, 0x2a, 0xd5, 0xd0, 0x5b, 0xd2, 0xd6, 0x25, 0x16, 0x50, 0x19,
    0x14, 0x40, 0x13, 0x50, 0x50, 0xcf, 0xcc, 0xcf, 0xcf, 0xcf, 0xd0, 0xcf, 0xd0, 0xd0, 0xcb, 0xcb,
    0xc9, 0xc9, 0xc6, 0xc2, 0xbe, 0xbe, 0xbe, 0xbe, 0xba, 0xba, 0xba, 0xb8, 0xb8, 0xb8, 0xb8, 0xb5,
    0xb5, 0xb0, 0xb2, 0xaf, 0xa8, 0xac, 0xac, 0xa8, 0xa9, 0xa9, 0xa9, 0xa9, 0xa9, 0xa1, 0xa1, 0xa1,
    0xa1, 0xa9, 0xa9, 0xa9, 0xa9, 0xa1, 0xa1, 0xa9, 0xa9, 0xa9, 0xa1, 0xa1, 0xa1, 0xa9, 0xa9, 0xa9,
    0x8c, 0x8c, 0x88, 0x88, 0x8c, 0x8c, 0x93, 0x93, 0x8c, 0x93, 0x8c, 0x83, 0x83, 0x83, 0x88, 0x88,
    0x88, 0x88, 0x8c, 0x8c, 0x93, 0x8c, 0x88, 0x88, 0x88, 0x83, 0x83, 0x88, 0x8c, 0x88, 0x83, 0x88,
    0x88, 0x8c, 0x8c, 0x93, 0x93, 0x93, 0x97, 0x97, 0x97, 0x9b, 0x9e, 0xa1, 0xa9, 0xa9, 0xac, 0xaf,
    0xb2, 0xaf, 0xb2, 0xb2, 0xb5, 0xb8, 0xb8, 0xba, 0xba, 0xbe, 0xba, 0xba, 0xba, 0xb8, 0xb5, 0xb5,
    0xb8, 0xb5, 0xb8, 0xb8, 0xba, 0xbe, 0xc2, 0xc6, 0xc6, 0xc2, 0xc2, 0xc2, 0xc2, 0xc6, 0xc9, 0xc9,
    0xc9, 0xc5, 0xc6, 0xc5, 0xc6, 0xc6, 0xc9, 0xc9, 0xcb, 0xcb, 0xcb, 0xcb, 0xcb, 0xc9, 0xc9, 0xcb,
    0xc6, 0xc9, 0xc9, 0xc9, 0xc9, 0xcb, 0xcb, 0xc9, 0xc9, 0xc9, 0xcb, 0xc9, 0xcb, 0xcb, 0xcb, 0xcb,
    0xcc, 0xcb, 0xcc, 0xd0, 0x3e, 0x42, 0x4c, 0x4e, 0x50, 0xd1, 0xd2, 0x42, 0x3b, 0x45, 0x2a, 0x16,
    0x89, 0x7f, 0x28, 0x1d, 0x40, 0x1c, 0x35, 0x5b, 0x53, 0x53, 0x57, 0x5b, 0x48, 0x4a, 0x35, 0x43,
    0x50, 0x34, 0xd6, 0x57, 0x5a, 0x5a, 0x2e, 0x3b, 0x3e, 0x5a, 0xd2, 0x40, 0x33, 0x5a, 0x0c, 0x32,
    0x11, 0x3a, 0x4c, 0x49, 0x11, 0xc6, 0xd1, 0x48, 0x68, 0x8e, 0x9a, 0x7b, 0x2f, 0x25, 0x52, 0x4e,
    0x58, 0x1b, 0x05, 0x13, 0x09, 0x32, 0xd6, 0xd2, 0x4c, 0x5c, 0x5a, 0x4c, 0x09, 0x26, 0x16, 0x43,
    0x02, 0x1a, 0x0b, 0x1f, 0x3a, 0x4a, 0x50, 0x50, 0xce, 0x3a, 0xc9, 0xd0, 0x45, 0x42, 0x3b, 0x47,
    0xc6, 0xc9, 0xc5, 0xbe, 0xb8, 0xbe, 0xba, 0xba, 0xbe, 0xbe, 0xb8, 0xb8, 0xb8, 0xb8, 0xb8, 0xb5,
    0xb5, 0xb5, 0xb0, 0xb2, 0xaf, 0xac, 0xac, 0xac, 0xa9, 0xa9, 0xa9, 0xa9, 0xa9, 0xa9, 0xa9, 0xa9,
    0xa9, 0xa9, 0xa9, 0xa9, 0xa1, 0xa1, 0xa1, 0xa1, 0xa9, 0xa1, 0xa1, 0xa1, 0xa1, 0xa1, 0xa1, 0xa1,
    0x8c, 0x8c, 0x88, 0x88, 0x93, 0x8c, 0x8c, 0x93, 0x93, 0x93, 0x8c, 0x88, 0x88, 0x8c, 0x8c, 0x8c,
    0x8c, 0x88, 0x8c, 0x8c, 0x88, 0x83, 0x83, 0x83, 0x83, 0x83, 0x83, 0x88, 0x88, 0x88, 0x88, 0x83,
    0x88, 0x8c, 0x8c, 0x93, 0x93, 0x97, 0x97, 0x97, 0x9e, 0x9e, 0x9e, 0x9e, 0xa1, 0xa3, 0xa9, 0xac,
    0xaf, 0xac, 0xaf, 0xb2, 0xb5, 0xb5, 0xb8, 0xb8, 0xba, 0xba, 0xba, 0xba, 0xb8, 0xb8, 0xb5, 0xb5,
    0xb8, 0xb8, 0xb8, 0xb8, 0xb8, 0xba, 0xbe, 0xc2, 0xc6, 0xc6, 0xc2, 0xc2, 0xc2, 0xc2, 0xc6, 0xc6,
    0xc5, 0xc6, 0xc6, 0xc6, 0xc2, 0xc6, 0xc9, 0xc9, 0xcb, 0xcc, 0xcc, 0xcb, 0xcc, 0xcb, 0xc6, 0xc6,
    0xc9, 0xc6, 0xc2, 0xca, 0xc9, 0xcb, 0xcb, 0xcb, 0xcb, 0xcb, 0xc6, 0xc6, 0xc9, 0xcb, 0xc2, 0xc9,
    0x45, 0xc6, 0xce, 0xce, 0xd0, 0xd0, 0xd0, 0xd0, 0x50, 0x53, 0x53, 0xd0, 0xce, 0x48, 0xc9, 0x13,
    0x33, 0x75, 0x75, 0x60, 0x28, 0x26, 0x48, 0x4e, 0x48, 0x4c, 0x5b, 0xd2, 0x40, 0x4a, 0xd6, 0x3f,
    0x25, 0x4e, 0x1b, 0x58, 0x5a, 0x53, 0x57, 0x40, 0x38, 0x4a, 0x50, 0x42, 0x2c, 0x45, 0x4c, 0x0c,
    0x28, 0x4a, 0x4c, 0x5c, 0xcb, 0x08, 0xd2, 0x53, 0x0f, 0x68, 0x6f, 0x68, 0x0e, 0x43, 0x57, 0x43,
    0x53, 0x1f, 0x15, 0x1f, 0x53, 0xd6, 0x5c, 0x58, 0x53, 0xd1, 0xd6, 0x54, 0x01, 0x0e, 0x0e, 0x28,
    0x0c, 0x01, 0x06, 0x54, 0xd0, 0xcf, 0xd0, 0xd0, 0xd0, 0xd0, 0xcf, 0xd0, 0xd0, 0xd0, 0xcc, 0xc6,
    0xc5, 0xbe, 0xc6, 0xc6, 0xbe, 0xbe, 0xbe, 0xbe, 0xbe, 0xbe, 0xbe, 0xbe, 0xba, 0xb8, 0xb8, 0xb8,
    0xb5, 0xb8, 0xb5, 0xb0, 0xb2, 0xaf, 0xa8, 0xac, 0xa9, 0xa9, 0xa9, 0xa9, 0xa9, 0xa9, 0xa9, 0xa9,
    0xa9, 0xa1, 0xa9, 0xa9, 0xa1, 0xa1, 0xa1, 0xa1, 0xa1, 0xa1, 0x9e, 0x9e, 0x9e, 0xa1, 0x9e, 0xa1,
    0x8c, 0x8c, 0x88, 0x8c, 0x8c, 0x8c, 0x93, 0x93, 0x93, 0x8c, 0x88, 0x88, 0x8c, 0x8c, 0x8c, 0x8c,
    0x8c, 0x8c, 0x8c, 0x8c, 0x88, 0x88, 0x88, 0x83, 0x83, 0x88, 0x88, 0x88, 0x88, 0x88, 0x88, 0x88,
    0x88, 0x8c, 0x93, 0x93, 0x95, 0x97, 0x97, 0x97, 0x9b, 0x9e, 0x9e, 0x9e, 0x9e, 0xa1, 0xa9, 0xac,
    0xac, 0xac, 0xac, 0xaf, 0xb2, 0xb2, 0xb5, 0xb8, 0xba, 0xba, 0xba, 0xba, 0xb8, 0xb8, 0xb5, 0xb5,
    0xb5, 0xb8, 0xb8, 0xb8, 0xb8, 0xb8, 0xbe, 0xbe, 0xc5, 0xc6, 0xc6, 0xc2, 0xc2, 0xc2, 0xc2, 0xc6,
    0xc6, 0xc6, 0xc6, 0xc2, 0xc2, 0xc2, 0xc6, 0xc6, 0xcb, 0xcc, 0xce, 0xcc, 0xcc, 0xc9, 0xc9, 0xc6,
    0xc2, 0xc9, 0xc9, 0xc6, 0xcb, 0xc9, 0xcc, 0xcc, 0xbe, 0x45, 0xcb, 0xc9, 0xcb, 0xcb, 0xcb, 0xcc,
    0xc6, 0xbe, 0xcb, 0xcf, 0xd0, 0xd1, 0xd0, 0xd1, 0x54, 0x53, 0xd0, 0x50, 0xcb, 0xd0, 0x4c, 0x45,
    0x19, 0x89, 0x9a, 0x63, 0x5f, 0x28, 0x45, 0x47, 0x35, 0xd0, 0xd2, 0x40, 0x18, 0xd4, 0x58, 0x58,
    0x53, 0x32, 0x0e, 0x48, 0x53, 0x3a, 0x5a, 0x3e, 0x4e, 0x42, 0x3a, 0x4e, 0x50, 0x1f, 0x41, 0x09,
    0x0f, 0x0e, 0xd2, 0xd0, 0xc9, 0x1e, 0x4e, 0x5a, 0x04, 0x18, 0x68, 0x75, 0x75, 0x29, 0x25, 0x3e,
    0x46, 0x09, 0x1f, 0x1e, 0x5a, 0xc9, 0x5a, 0x5a, 0x5c, 0x47, 0x1f, 0x36, 0x0b, 0x01, 0x24, 0x1e,
    0x29, 0x18, 0x02, 0x19, 0x38, 0x47, 0xce, 0x45, 0x4a, 0x50, 0xcf, 0x50, 0x4e, 0xcc, 0xcb, 0xcc,
    0x40, 0x38, 0x40, 0xba, 0xba, 0xbe, 0xbe, 0xbe, 0xbe, 0xc2, 0xbe, 0xbe, 0xba, 0xb8, 0xb8, 0xb0,
    0xb5, 0xb8, 0xb5, 0xb0, 0xb2, 0xb2, 0xa8, 0xac, 0xa9, 0xa9, 0xa9, 0xa9, 0xa9, 0xa9, 0xa9, 0xa9,
    0xa1, 0xa1, 0xa1, 0xa9, 0xa9, 0xa1, 0xa1, 0x9e, 0x9e, 0x9e, 0x9e, 0x9e, 0x9e, 0x9e, 0x9e, 0x9e,
    0x8c, 0x8c, 0x8c, 0x8c, 0x8c, 0x8c, 0x8c, 0x8c, 0x8c, 0x88, 0x88, 0x8c, 0x8c, 0x93, 0x93, 0x8c,
    0x8c, 0x8c, 0x93, 0x8c, 0x8c, 0x88, 0x8c, 0x8c, 0x8c, 0x8c, 0x93, 0x8c, 0x8c, 0x8c, 0x8c, 0x8c,
    0x88, 0x8c, 0x93, 0x8c, 0x97, 0x9b, 0x9b, 0x97, 0x9b, 0x9e, 0x9e, 0x9e, 0xa1, 0xa9, 0xac, 0xac,
    0xaf, 0xaf, 0xaf, 0xb2, 0xb2, 0xb2, 0xb5, 0xb8, 0xba, 0xbe, 0xbe, 0xbe, 0xba, 0xba, 0xb8, 0xb8,
    0xb8, 0xb8, 0xb8, 0xb8, 0xba, 0xba, 0xbe, 0xbe, 0xc2, 0xc6, 0xc6, 0xc6, 0xc2, 0xc2, 0xc6, 0xc5,
    0xc6, 0xc6, 0xc6, 0xc6, 0xc6, 0xc6, 0xc6, 0xcb, 0xcb, 0xcc, 0xcc, 0xce, 0xcc, 0xcb, 0xc5, 0xc6,
    0xc6, 0xc6, 0xc5, 0xc6, 0xc9, 0xc6, 0xcb, 0xce, 0xcc, 0xcb, 0xbe, 0xbe, 0x40, 0xbe, 0xc9, 0xcb,
    0xcf, 0xd0, 0xd0, 0xd0, 0xd0, 0xd1, 0xd2, 0xd2, 0xd0, 0xd1, 0xd1, 0xcf, 0xcf, 0xd0, 0xd1, 0xd2,
    0x4a, 0x18, 0x91, 0x8a, 0x9a, 0x8e, 0x3d, 0x40, 0x25, 0xd5, 0x50, 0x18, 0x3d, 0x50, 0xce, 0x34,
    0xd5, 0x48, 0x06, 0x1e, 0x4c, 0x52, 0x43, 0x54, 0x5c, 0x37, 0x2a, 0x48, 0x53, 0x29, 0x13, 0x29,
    0x06, 0xa5, 0x15, 0x44, 0x3a, 0x1b, 0x09, 0x5a, 0x26, 0x13, 0x10, 0x1a, 0x29, 0x87, 0x94, 0x44,
    0x54, 0x25, 0x3a, 0x41, 0x48, 0x5a, 0xd4, 0x54, 0x09, 0x2a, 0x48, 0x5b, 0x38, 0x07, 0x04, 0x32,
    0x45, 0x32, 0x06, 0x35, 0x45, 0x50, 0xce, 0xce, 0xd0, 0xd0, 0xd0, 0xd0, 0xd0, 0xcb, 0xc9, 0xc6,
    0xc9, 0xc9, 0xc9, 0x38, 0x3d, 0xb8, 0xc2, 0xc2, 0xc2, 0xc2, 0xbe, 0xbe, 0xbe, 0xba, 0xb8, 0xb5,
    0xb5, 0xb5, 0xb5, 0xb5, 0xb0, 0xb2, 0xb2, 0xa8, 0xa9, 0xa9, 0xa9, 0xa9, 0xa9, 0xa9, 0xa9, 0xa1,
    0xa1, 0xa1, 0xa1, 0xa1, 0xa1, 0xa1, 0xa1, 0xa1, 0xa1, 0x9e, 0x9e, 0x9e, 0x9e, 0x9e, 0x9e, 0x9e,
    0x83, 0x88, 0x88, 0x8c, 0x8c, 0x93, 0x8c, 0x8c, 0x8c, 0x8c, 0x8c, 0x93, 0x93, 0x93, 0x95, 0x93,
    0x8c, 0x8c, 0x88, 0x8c, 0x83, 0x80, 0x83, 0x8c, 0x8c, 0x88, 0x88, 0x8c, 0x93, 0x93, 0x8c, 0x8c,
    0x8c, 0x97, 0x97, 0x97, 0x9b, 0x97, 0x9b, 0x9e, 0x9e, 0x9e, 0x9e, 0x9e, 0xa1, 0xac, 0xaf, 0xb2,
    0xaf, 0xaf, 0xaf, 0xaf, 0xaf, 0xb2, 0xb2, 0xb5, 0xb8, 0xba, 0xba, 0xba, 0xbe, 0xbe, 0xba, 0xba,
    0xba, 0xb8, 0xb8, 0xb8, 0xba, 0xba, 0xba, 0xbe, 0xbe, 0xbe, 0xc2, 0xc2, 0xc2, 0xc2, 0xc2, 0xc2,
    0xc6, 0xc9, 0xc9, 0xc6, 0xc5, 0xc6, 0xc6, 0xc6, 0xc9, 0xc9, 0xcb, 0xcb, 0xcb, 0xc9, 0xc6, 0xc2,
    0xc2, 0xc6, 0xc6, 0xc6, 0xc5, 0xc6, 0x40, 0x45, 0xc9, 0xcb, 0xcb, 0xc9, 0xc6, 0xb8, 0xc6, 0xc9,
    0xcc, 0xcf, 0xd0, 0xd0, 0xd0, 0xd0, 0x50, 0x48, 0x3d, 0x3b, 0x40, 0xcb, 0xcc, 0x45, 0xcb, 0xcf,
    0xd1, 0x25, 0x68, 0x7b, 0x13, 0x1e, 0x18, 0x13, 0x65, 0x3b, 0x13, 0x09, 0x45, 0xce, 0x47, 0x59,
    0x59, 0x4a, 0x09, 0x0e, 0x42, 0xd4, 0x45, 0xd5, 0xff, 0xd1, 0x21, 0x2a, 0x54, 0x4c, 0x24, 0x24,
    0x75, 0x9d, 0x37, 0x3e, 0x16, 0xd2, 0x66, 0x0c, 0x4d, 0x0b, 0x1a, 0x1d, 0x75, 0x71, 0x68, 0x6f,
    0x49, 0x49, 0x33, 0xad, 0x50, 0x5a, 0x4c, 0x08, 0x16, 0x4a, 0x5c, 0xd4, 0x1c, 0x14, 0x0a, 0x04,
    0x21, 0x04, 0x13, 0x47, 0x40, 0x50, 0xd0, 0xd0, 0xd0, 0x50, 0x40, 0x50, 0xcf, 0xcc, 0x40, 0x3d,
    0xb8, 0xc6, 0xc6, 0xc2, 0xc6, 0xc2, 0xbe, 0xc2, 0x38, 0x3b, 0xbe, 0xbe, 0xbe, 0xba, 0xb5, 0xb5,
    0xb0, 0xb5, 0xb5, 0xb0, 0xb0, 0xb0, 0xb0, 0xaf, 0xac, 0xa9, 0xa9, 0xa1, 0xa9, 0xa9, 0xa9, 0xa1,
    0xa1, 0xa1, 0xa1, 0xa1, 0xa1, 0xa1, 0xa1, 0xa1, 0x9e, 0x9e, 0x9e, 0x9e, 0x9e, 0x9b, 0x9e, 0x9e,
    0x8c, 0x8c, 0x8c, 0x8c, 0x8c, 0x8c, 0x8c, 0x8c, 0x8c, 0x93, 0x8c, 0x8c, 0x8c, 0x8c, 0x8c, 0x8c,
    0x8c, 0x8c, 0x88, 0x88, 0x8c, 0x88, 0x8c, 0x93, 0x8c, 0x8c, 0x8c, 0x8c, 0x93, 0x97, 0x93, 0x8c,
    0x8c, 0x93, 0x93, 0x97, 0x97, 0x97, 0x97, 0x9b, 0x97, 0x97, 0x9b, 0x9e, 0xa1, 0xa9, 0xaf, 0xac,
    0xaf, 0xac, 0xaf, 0xaf, 0xb2, 0xb2, 0xb2, 0xb5, 0xb5, 0xb5, 0xb8, 0xba, 0xba, 0xbe, 0xbe, 0xba,
    0xba, 0xba, 0xb8, 0xb8, 0xba, 0xb8, 0xba, 0xba, 0xbe, 0xbe, 0xbe, 0xbe, 0xc2, 0xbe, 0xc2, 0xc2,
    0xc2, 0xc6, 0xc6, 0xc5, 0xc6, 0xc6, 0xc5, 0xc6, 0xc5, 0xc6, 0xc5, 0xc6, 0xc2, 0xc6, 0xc6, 0xc2,
    0xbe, 0xc2, 0xc2, 0xc6, 0xc6, 0xc5, 0xc9, 0xc6, 0xc9, 0xc9, 0xc9, 0xcb, 0xcc, 0xcc, 0xcc, 0xce,
    0xce, 0xcf, 0xc9, 0xd0, 0xd1, 0xd0, 0xcf, 0xcf, 0xd0, 0xd1, 0xce, 0xce, 0xcf, 0xd2, 0xd0, 0xc9,
    0x42, 0x2a, 0x12, 0x77, 0x91, 0x7f, 0x2f, 0x29, 0x16, 0x13, 0x05, 0x21, 0x42, 0x42, 0x3a, 0xd6,
    0x4a, 0x47, 0x1a, 0x06, 0x32, 0x38, 0x4e, 0x5b, 0x54, 0x5b, 0x14, 0x0c, 0x48, 0x5a, 0x2f, 0x28,
    0x2f, 0x9d, 0xb6, 0x3a, 0x4e, 0xcb, 0xb0, 0x40, 0xd1, 0x3b, 0x04, 0x65, 0x75, 0x33, 0x9d, 0xad,
    0x32, 0x29, 0x89, 0xb3, 0x50, 0x2a, 0x19, 0x21, 0x57, 0x5c, 0x42, 0x42, 0x36, 0x16, 0x14, 0x14,
    0x16, 0x01, 0x42, 0x32, 0xc6, 0x42, 0x42, 0x4a, 0x50, 0xcf, 0xcf, 0xcf, 0xcf, 0xcc, 0xc9, 0xc9,
    0xc9, 0xc6, 0xc2, 0xc2, 0xbe, 0xbe, 0xbe, 0xbe, 0xbe, 0xbe, 0xbe, 0xba, 0xba, 0xb8, 0xb5, 0xb5,
    0xb0, 0xb5, 0xb5, 0xb0, 0xb0, 0xb0, 0xb0, 0xb2, 0xb2, 0xa8, 0xa9, 0xa9, 0xa9, 0xa1, 0xa9, 0xa1,
    0xa1, 0xa1, 0xa1, 0xa1, 0xa1, 0xa1, 0xa1, 0xa1, 0x9e, 0x9e, 0x9e, 0xa1, 0x9e, 0x9e, 0x9e, 0x9e,
    0x8c, 0x93, 0x93, 0x8c, 0x8c, 0x8c, 0x8c, 0x8c, 0x8c, 0x8c, 0x8c, 0x8c, 0x8c, 0x88, 0x88, 0x88,
    0x8c, 0x8c, 0x88, 0x8c, 0x93, 0x93, 0x93, 0x97, 0x93, 0x93, 0x93, 0x93, 0x93, 0x93, 0x93, 0x8c,
    0x93, 0x93, 0x93, 0x93, 0x93, 0x93, 0x97, 0x97, 0x97, 0x93, 0x97, 0x9b, 0x9b, 0xa1, 0xa9, 0xa9,
    0xa9, 0xac, 0xaf, 0xb2, 0xb5, 0xb2, 0xb2, 0xb2, 0xb5, 0xb8, 0xba, 0xba, 0xba, 0xbe, 0xbe, 0xbe,
    0xbe, 0xbe, 0xba, 0xba, 0xba, 0xba, 0xba, 0xba, 0xba, 0xba, 0xbe, 0xbe, 0xbe, 0xbe, 0xc2, 0xc2,
    0xc2, 0xc2, 0xc2, 0xc2, 0xc6, 0xc5, 0xc6, 0xc6, 0xc6, 0xc6, 0xc2, 0xc2, 0xbe, 0xc2, 0xc2, 0xc2,
    0xc2, 0xc2, 0xc6, 0xc5, 0xc6, 0xc6, 0xc6, 0xc9, 0xc9, 0xc6, 0xcb, 0x40, 0x3d, 0x42, 0xcb, 0xcc,
    0xcc, 0xcf, 0xcf, 0xd0, 0xd1, 0xd0, 0xcf, 0xcf, 0xce, 0xcf, 0xce, 0xcf, 0xcb, 0x45, 0x4c, 0xcf,
    0xcf, 0x3d, 0x02, 0x0f, 0x62, 0x6f, 0x85, 0x91, 0xa0, 0x9d, 0x75, 0x3b, 0x3b, 0x48, 0x53, 0x58,
    0x16, 0xd1, 0x42, 0x06, 0x16, 0x24, 0x5a, 0x53, 0x58, 0xd6, 0x18, 0x0f, 0x11, 0x50, 0x98, 0x6f,
    0x94, 0xb6, 0xbc, 0x1c, 0x42, 0x4a, 0x42, 0x11, 0x19, 0x5a, 0x3d, 0x03, 0x14, 0x5f, 0x20, 0x68,
    0x28, 0x5f, 0xb3, 0x13, 0x2e, 0x18, 0x16, 0x58, 0x57, 0x59, 0x54, 0x53, 0x40, 0x53, 0x15, 0x24,
    0x28, 0x03, 0x25, 0x32, 0x47, 0xcb, 0xcf, 0xce, 0xcf, 0xcf, 0xce, 0xcc, 0xcc, 0xcf, 0xcc, 0xcb,
    0xc5, 0x36, 0x38, 0xbe, 0xbe, 0xc2, 0xbe, 0xb8, 0xc2, 0xbe, 0xbe, 0xba, 0xb8, 0xb8, 0xb8, 0xb5,
    0xb5, 0xb5, 0xb5, 0xb0, 0xb0, 0xb5, 0xb0, 0xb0, 0xb0, 0xb2, 0xa8, 0xa9, 0xa9, 0xa9, 0xa9, 0xa1,
    0xa1, 0xa1, 0xa1, 0xa1, 0xa1, 0x9e, 0xa1, 0x9e, 0x9e, 0x9e, 0x9e, 0x9e, 0x9e, 0x9e, 0x9b, 0x9e,
    0x8c, 0x8c, 0x8c, 0x8c, 0x8c, 0x8c, 0x8c, 0x8c, 0x8c, 0x93, 0x8c, 0x8c, 0x8c, 0x8c, 0x88, 0x88,
    0x88, 0x88, 0x88, 0x8c, 0x93, 0x93, 0x8c, 0x97, 0x93, 0x93, 0x97, 0x97, 0x97, 0x95, 0x97, 0x97,
    0x97, 0x97, 0x97, 0x93, 0x93, 0x8c, 0x97, 0x97, 0x93, 0x97, 0x97, 0x9b, 0x9b, 0xa1, 0xa1, 0xa1,
    0xa9, 0xac, 0xb2, 0xb5, 0xb5, 0xb5, 0xb5, 0xb2, 0xb5, 0xb5, 0xb8, 0xba, 0xba, 0xbe, 0xbe, 0xbe,
    0xbe, 0xbe, 0xbe, 0xba, 0xb8, 0xba, 0xba, 0xbe, 0xbe, 0xba, 0xbe, 0xbe, 0xbe, 0xbe, 0xbe, 0xbe,
    0xc2, 0xbe, 0xbe, 0xc2, 0xc2, 0xc6, 0xc6, 0xc6, 0xc5, 0xc2, 0xc2, 0xc2, 0xc2, 0xbe, 0xc2, 0xc2,
    0xc2, 0xc2, 0xc6, 0xc6, 0xc6, 0xc6, 0xc5, 0xc6, 0xc6, 0xc9, 0xcb, 0xcb, 0xcb, 0xcc, 0xcb, 0xc9,
    0xcc, 0xce, 0xce, 0xd0, 0xd0, 0xd0, 0x56, 0xd0, 0xd0, 0xcc, 0xcc, 0xcc, 0xce, 0xcf, 0xd0, 0xcf,
    0xcb, 0xce, 0x12, 0x02, 0x07, 0x0f, 0x5f, 0x17, 0x1d, 0x20, 0x65, 0x75, 0x38, 0x98, 0x98, 0x4c,
    0x3e, 0xd6, 0x5a, 0x21, 0x18, 0x47, 0x45, 0x47, 0x4a, 0xd6, 0x3d, 0x18, 0x26, 0x7a, 0x8e, 0x37,
    0xad, 0x7a, 0x26, 0x1c, 0xd0, 0xd1, 0x11, 0xd6, 0x15, 0x45, 0x5a, 0x11, 0x5d, 0x08, 0x0f, 0x04,
    0x03, 0x02, 0x65, 0x8e, 0x62, 0x18, 0x53, 0x54, 0x4a, 0x57, 0x5a, 0x42, 0x0e, 0x54, 0x4c, 0x08,
    0x32, 0x18, 0xd0, 0xcf, 0xcf, 0xce, 0xcf, 0xcc, 0x3b, 0xc6, 0xcc, 0xcc, 0xd0, 0xd0, 0xd0, 0xcc,
    0xc9, 0xc6, 0xc6, 0xbe, 0xc6, 0xc2, 0xc2, 0xbe, 0xbe, 0xbe, 0xbe, 0xbe, 0xb8, 0xb8, 0xb8, 0xb8,
    0xb8, 0xb8, 0xb5, 0xb5, 0xb0, 0xb0, 0xb2, 0xb5, 0xb0, 0xb2, 0xa8, 0xac, 0xa9, 0xa9, 0xa9, 0xa9,
    0xa1, 0xa1, 0xa1, 0xa1, 0x9e, 0x9e, 0x9e, 0x9e, 0x9e, 0x9b, 0x9e, 0x9e, 0x9e, 0x9e, 0x9b, 0x9e,
    0x8c, 0x8c, 0x8c, 0x8c, 0x8c, 0x8c, 0x8c, 0x8c, 0x88, 0x8c, 0x88, 0x88, 0x83, 0x83, 0x83, 0x83,
    0x88, 0x8c, 0x8c, 0x93, 0x93, 0x8c, 0x93, 0x97, 0x97, 0x97, 0x9b, 0x9b, 0x9b, 0x97, 0x97, 0x9b,
    0x9b, 0x97, 0x9b, 0x9b, 0x97, 0x97, 0x97, 0x97, 0x97, 0x97, 0x9b, 0x9b, 0x9e, 0xa1, 0xa1, 0xa1,
    0xa9, 0xac, 0xb2, 0xb5, 0xb8, 0xba, 0xb8, 0xb8, 0xb8, 0xb8, 0xba, 0xba, 0xbe, 0xbe, 0xbe, 0xbe,
    0xc2, 0xc2, 0xc2, 0xbe, 0xb8, 0xb8, 0xba, 0xbe, 0xbe, 0xbe, 0xbe, 0xbe, 0xbe, 0xbe, 0xbe, 0xbe,
    0xbe, 0xc2, 0xbe, 0xbe, 0xc2, 0xc2, 0xc2, 0xc2, 0xc6, 0xc6, 0xc6, 0xc2, 0xc2, 0xbe, 0xbe, 0xc2,
    0xc2, 0xc2, 0xc2, 0xc2, 0xc6, 0xc9, 0xc6, 0xc9, 0xc6, 0xc9, 0xc9, 0xc9, 0xcb, 0xcb, 0xcc, 0xcb,
    0xcc, 0xcc, 0xcc, 0xce, 0xcf, 0xd0, 0xd0, 0xd0, 0xcf, 0xce, 0xcc, 0xcc, 0xce, 0xcc, 0xc9, 0xcc,
    0xcf, 0xc9, 0xd0, 0x18, 0x02, 0x28, 0x1d, 0x02, 0x07, 0x07, 0x08, 0x75, 0x0a, 0x20, 0x1c, 0x06,
    0x40, 0x45, 0x4a, 0x36, 0x20, 0x7f, 0x2f, 0x6c, 0x75, 0x2f, 0x29, 0x28, 0x20, 0x68, 0x33, 0x9d,
    0x37, 0x82, 0x82, 0x1d, 0xd1, 0x32, 0x32, 0xd5, 0x21, 0x06, 0x32, 0xd0, 0x26, 0x07, 0x04, 0x01,
    0x01, 0x02, 0x06, 0x0d, 0x6c, 0x31, 0x40, 0x47, 0x53, 0x5a, 0x5b, 0x3b, 0x12, 0x16, 0x42, 0x2c,
    0x40, 0x1c, 0xd0, 0x40, 0x42, 0xd0, 0xcf, 0xcb, 0xcc, 0xcc, 0xcc, 0xcf, 0x45, 0x42, 0x4a, 0xcb,
    0xcb, 0xc9, 0xc6, 0xc2, 0xc2, 0xbe, 0xbe, 0xc2, 0xbe, 0xbe, 0xbe, 0xba, 0xba, 0xb8, 0xb8, 0xb8,
    0xb8, 0xb8, 0xb5, 0xb5, 0xb0, 0xb2, 0xb2, 0xb2, 0xb2, 0xb2, 0xa8, 0xac, 0xa9, 0xa9, 0xa9, 0xa9,
    0xa1, 0xa1, 0xa1, 0xa1, 0xa1, 0x9e, 0x9e, 0x9e, 0x9e, 0x9e, 0x9e, 0x9e, 0x9e, 0x9b, 0x9b, 0x9e,
    0x8c, 0x8c, 0x8c, 0x8c, 0x8c, 0x88, 0x8c, 0x8c, 0x88, 0x88, 0x88, 0x88, 0x83, 0x88, 0x88, 0x88,
    0x88, 0x8c, 0x93, 0x93, 0x8c, 0x93, 0x93, 0x97, 0x9b, 0x9e, 0x9e, 0x9e, 0x9e, 0x9e, 0x9e, 0x9e,
    0x9e, 0x9e, 0x9e, 0xa1, 0x9b, 0x97, 0x97, 0x93, 0x97, 0x97, 0x97, 0x97, 0x9b, 0x9e, 0x9e, 0xa1,
    0xa1, 0xa9, 0xaf, 0xb5, 0xb8, 0xba, 0xbe, 0xba, 0xba, 0xba, 0xb8, 0xba, 0xbe, 0xbe, 0xc2, 0xbe,
    0xbe, 0xc2, 0xc6, 0xc2, 0xba, 0xb8, 0xba, 0xbe, 0xbe, 0xc2, 0xbe, 0xbe, 0xbe, 0xbe, 0xbe, 0xbe,
    0xbe, 0xbe, 0xbe, 0xc2, 0xbe, 0xc2, 0xc2, 0xc2, 0xc5, 0xc6, 0xc6, 0xc6, 0xc2, 0xc2, 0xbe, 0xc2,
    0xc2, 0xc2, 0xbe, 0xbe, 0xc2, 0xc6, 0xc9, 0xca, 0xc9, 0xc9, 0xcb, 0xca, 0xc9, 0xcb, 0xcc, 0xcc,
    0xcc, 0xcc, 0xcc, 0xcc, 0xce, 0xcf, 0xcf, 0xd0, 0xcf, 0xcf, 0xcc, 0xc9, 0xc9, 0xcb, 0xcc, 0xcc,
    0xcf, 0xd0, 0xd0, 0xd0, 0x45, 0x09, 0x02, 0x02, 0x04, 0x05, 0x0d, 0x0d, 0x60, 0x04, 0x01, 0x01,
    0x0e, 0x21, 0x20, 0x1a, 0x20, 0x5f, 0x1a, 0x1a, 0x68, 0x75, 0x89, 0xb6, 0x98, 0x87, 0x94, 0xbc,
    0x29, 0x16, 0x1e, 0x1c, 0x4a, 0x0c, 0xd0, 0xb5, 0x2d, 0x1e, 0x08, 0x4a, 0xd0, 0x53, 0x4e, 0x4a,
    0x45, 0x24, 0x0e, 0x01, 0x65, 0x38, 0x28, 0x45, 0x59, 0x5c, 0x54, 0x09, 0x0d, 0x07, 0x0b, 0x38,
    0x87, 0x19, 0x5a, 0xcf, 0xce, 0xcf, 0xd0, 0xd0, 0xcf, 0xcf, 0xce, 0xcc, 0xce, 0xcf, 0xce, 0xcc,
    0xcb, 0xc6, 0xc6, 0xc2, 0xc2, 0xbf, 0xb2, 0xb0, 0xbe, 0xbe, 0xba, 0xbe, 0xba, 0xba, 0xb8, 0xb5,
    0xb5, 0xb5, 0xb0, 0xb5, 0xb0, 0xaf, 0xaf, 0xaf, 0xb2, 0xb2, 0xaf, 0xa8, 0xac, 0xa9, 0xa9, 0xa9,
    0xa9, 0xa1, 0xa1, 0xa1, 0x9e, 0x9e, 0x9e, 0x9b, 0x9b, 0x9e, 0x9b, 0x9b, 0x9b, 0x9b, 0x9b, 0x9b,
    0x8c, 0x8c, 0x8c, 0x93, 0x8c, 0x8c, 0x8c, 0x8c, 0x8c, 0x88, 0x88, 0x88, 0x88, 0x88, 0x88, 0x88,
    0x88, 0x8c, 0x8c, 0x8c, 0x8c, 0x8c, 0x93, 0x93, 0x97, 0x97, 0x97, 0x9b, 0x9b, 0x9e, 0x9e, 0xa1,
    0x9e, 0x9e, 0x9e, 0x9b, 0x9b, 0x9b, 0x97, 0x93, 0x95, 0x97, 0x9b, 0x9b, 0x9b, 0x9e, 0xa1, 0xa1,
    0xa9, 0xac, 0xac, 0xb2, 0xb5, 0xba, 0xba, 0xbe, 0xba, 0xba, 0xb8, 0xba, 0xbe, 0xc2, 0xbe, 0xbe,
    0xc2, 0xbe, 0xc2, 0xc2, 0xbe, 0xba, 0xb8, 0xba, 0xc2, 0xc6, 0xc2, 0xbe, 0xbe, 0xbe, 0xbe, 0xbe,
    0xc2, 0xbe, 0xbe, 0xbe, 0xbe, 0xbe, 0xbe, 0xc2, 0xc2, 0xc2, 0xc2, 0xc6, 0xc2, 0xc2, 0xc2, 0xc2,
    0xc2, 0xc6, 0xc9, 0xc6, 0xc2, 0xc2, 0xc6, 0xc6, 0xc9, 0xcb, 0xcb, 0xc9, 0xc9, 0xcb, 0xcb, 0xcc,
    0xcc, 0xcb, 0xcc, 0xcc, 0xcc, 0xce, 0xce, 0xcf, 0xce, 0xcb, 0xcc, 0xcb, 0xcb, 0xcc, 0xcc, 0xce,
    0xcf, 0xce, 0xcf, 0xcb, 0xcb, 0xce, 0xd1, 0xd2, 0xd0, 0x4e, 0x31, 0x0b, 0x03, 0x0b, 0x0e, 0x01,
    0x09, 0x0b, 0x1a, 0x20, 0x82, 0x90, 0x8a, 0x9a, 0x85, 0x9a, 0x85, 0x9d, 0xaa, 0x29, 0x75, 0x9d,
    0x8e, 0x26, 0x0e, 0x21, 0x11, 0xd0, 0x93, 0x0f, 0x45, 0x11, 0x1c, 0x09, 0x3a, 0x45, 0x45, 0x4c,
    0xd0, 0xd0, 0x5a, 0x04, 0x68, 0x2c, 0x42, 0x47, 0x5b, 0x3d, 0x1e, 0x45, 0x11, 0xd0, 0x1d, 0x1d,
    0x8e, 0x09, 0x35, 0x35, 0x42, 0xce, 0x43, 0x4e, 0xcc, 0xcf, 0xcf, 0xcc, 0xcb, 0xce, 0xce, 0xc9,
    0xc9, 0xc6, 0xc2, 0xbe, 0xbe, 0xbe, 0xc2, 0xbe, 0xbe, 0xbe, 0xbe, 0xbe, 0xba, 0xba, 0xba, 0xb8,
    0xb5, 0xb8, 0xb8, 0xb5, 0xb0, 0xaf, 0xb2, 0xaf, 0xb2, 0xaf, 0xaf, 0xaf, 0xac, 0xa9, 0xa9, 0xa9,
    0xa9, 0xa3, 0xa1, 0xa1, 0x9e, 0x9e, 0x9e, 0x9b, 0x9b, 0x9b, 0x9e, 0x9e, 0x9b, 0x9e, 0x9e, 0x9b,
    0x93, 0x8c, 0x93, 0x8c, 0x8c, 0x8c, 0x8c, 0x8c, 0x8c, 0x88, 0x88, 0x88, 0x88, 0x88, 0x88, 0x83,
    0x88, 0x83, 0x83, 0x83, 0x88, 0x8c, 0x8c, 0x88, 0x8c, 0x8c, 0x93, 0x97, 0x97, 0x97, 0x97, 0x9b,
    0x9b, 0x97, 0x9b, 0x9b, 0x9e, 0x9b, 0x97, 0x97, 0x97, 0x9b, 0x9e, 0x9b, 0x9e, 0xa1, 0xa1, 0xa9,
    0xa9, 0xa9, 0xac, 0xaf, 0xb2, 0xb5, 0xb5, 0xb8, 0xb8, 0xb8, 0xb5, 0xb8, 0xba, 0xbe, 0xbe, 0xc2,
    0xbe, 0xbe, 0xc2, 0xc2, 0xbe, 0xba, 0xb8, 0xb8, 0xbe, 0xbe, 0xc2, 0xbe, 0xc2, 0xbe, 0xbe, 0xc2,
    0xbe, 0xbe, 0xbe, 0xbe, 0xc2, 0xbe, 0xc2, 0xc2, 0xc2, 0xc6, 0xc2, 0xc6, 0xc6, 0xc2, 0xc2, 0xc2,
    0xc6, 0xc6, 0xc9, 0xc5, 0xc6, 0xc6, 0xc5, 0xc6, 0xc6, 0xc6, 0xcb, 0xcb, 0xcb, 0xcb, 0xcb, 0xcb,
    0xcc, 0xcc, 0xcb, 0xcc, 0xcc, 0xcb, 0xcb, 0xcc, 0xcb, 0xcb, 0xcc, 0xce, 0xcc, 0xcc, 0xce, 0xce,
    0xcc, 0xcc, 0xce, 0xce, 0xcb, 0xc9, 0xcb, 0xcc, 0xcc, 0xcf, 0xd1, 0xd1, 0xd2, 0xd1, 0x5a, 0x45,
    0x04, 0x08, 0x06, 0x1d, 0x6f, 0x8e, 0x9d, 0x85, 0xa0, 0xa0, 0x85, 0x8a, 0x85, 0x91, 0x7f, 0x2f,
    0x20, 0x1d, 0x12, 0x09, 0x52, 0x45, 0x14, 0xbe, 0xa8, 0x2c, 0x07, 0x05, 0x42, 0x3f, 0x4a, 0x4a,
    0x50, 0x50, 0xd1, 0x06, 0x62, 0x85, 0x31, 0x50, 0x48, 0x3b, 0x5c, 0x54, 0x25, 0x42, 0x50, 0x29,
    0x75, 0x16, 0xd2, 0xd0, 0xcf, 0xcc, 0xd0, 0xd0, 0xd0, 0xd0, 0xcf, 0xce, 0xce, 0xcc, 0xcc, 0xcc,
    0xcb, 0xcb, 0xc9, 0xbe, 0xbe, 0xbe, 0xbe, 0xc2, 0xbe, 0xbe, 0xbe, 0xbe, 0xba, 0xba, 0xba, 0xb8,
    0xb8, 0xb8, 0xb8, 0xb8, 0xb0, 0xb2, 0xb2, 0xaf, 0xa8, 0xa8, 0xa8, 0xa8, 0xac, 0xa9, 0xa9, 0xa9,
    0xa9, 0xa9, 0xa1, 0xa1, 0xa1, 0x9e, 0x9b, 0x9b, 0x9b, 0x9e, 0x9e, 0x9e, 0x9b, 0x9e, 0x9e, 0x9b,
    0x8c, 0x8c, 0x8c, 0x8c, 0x8c, 0x88, 0x88, 0x88, 0x83, 0x83, 0x83, 0x88, 0x88, 0x88, 0x88, 0x8c,
    0x88, 0x88, 0x88, 0x8c, 0x8c, 0x93, 0x93, 0x93, 0x93, 0x93, 0x97, 0x97, 0x9b, 0x9b, 0x9e, 0xa3,
    0xa1, 0xa1, 0x9e, 0x9e, 0x9b, 0x97, 0x93, 0x93, 0x95, 0x97, 0x97, 0x97, 0x9b, 0x9e, 0x9e, 0xa1,
    0xa9, 0xa9, 0xac, 0xac, 0xac, 0xaf, 0xaf, 0xb2, 0xb2, 0xb2, 0xb2, 0xb5, 0xb8, 0xba, 0xbe, 0xbe,
    0xbe, 0xc2, 0xbe, 0xbe, 0xc2, 0xbe, 0xba, 0xb8, 0xb8, 0xbe, 0xbe, 0xbe, 0xbe, 0xbe, 0xbe, 0xbe,
    0xc2, 0xbe, 0xc2, 0xbe, 0xbe, 0xbe, 0xbe, 0xc2, 0xc2, 0xc2, 0xc2, 0xc6, 0xc5, 0xc6, 0xc6, 0xc6,
    0xc6, 0xc5, 0xc6, 0xc9, 0xc6, 0xc5, 0xc6, 0xc6, 0xc6, 0xcb, 0xcb, 0xcb, 0xcb, 0xcb, 0xcb, 0xcb,
    0xcc, 0xcc, 0xcb, 0xcb, 0xcb, 0xcb, 0xcb, 0xcb, 0xc9, 0xc9, 0xcb, 0xcc, 0xcc, 0xcc, 0xce, 0xcc,
    0xcf, 0xcf, 0xce, 0xce, 0xce, 0xcc, 0xce, 0xce, 0xcc, 0xce, 0xd0, 0xd0, 0xce, 0xce, 0xd0, 0xd2,
    0xc6, 0x18, 0x04, 0x09, 0x0b, 0x20, 0x16, 0x7b, 0x9a, 0xa0, 0x8a, 0x8a, 0x98, 0x90, 0xb3, 0x82,
    0x21, 0x0b, 0x01, 0x38, 0xd1, 0x50, 0x45, 0x36, 0x9b, 0x5a, 0x25, 0xce, 0xd1, 0xd1, 0xd0, 0x53,
    0x53, 0x50, 0xd2, 0x11, 0x5e, 0x6f, 0x38, 0x4a, 0x43, 0x58, 0x54, 0x54, 0x42, 0x25, 0xa4, 0x7b,
    0x0b, 0x1f, 0x4c, 0xc9, 0xd0, 0xcf, 0xc9, 0x45, 0x50, 0xce, 0xd0, 0xcf, 0xce, 0xcc, 0xce, 0xce,
    0xce, 0xcc, 0xc9, 0xc6, 0xbe, 0xc2, 0xbe, 0xbe, 0xbe, 0xbe, 0xba, 0xba, 0xba, 0xba, 0xba, 0xb8,
    0xb8, 0xb8, 0xb8, 0xb8, 0xb0, 0xb0, 0xb2, 0xaf, 0xa8, 0xa8, 0xaf, 0xac, 0xac, 0xac, 0xa9, 0xa9,
    0xa9, 0xa9, 0xa1, 0xa1, 0xa1, 0x9e, 0x9e, 0x9b, 0x9b, 0x9b, 0x9e, 0x9b, 0x9b, 0x9e, 0x9e, 0x9e,
    0x8c, 0x8c, 0x8c, 0x8c, 0x8c, 0x8c, 0x8c, 0x88, 0x88, 0x88, 0x88, 0x88, 0x88, 0x8c, 0x88, 0x8c,
    0x8c, 0x88, 0x8c, 0x8c, 0x8c, 0x8c, 0x8c, 0x8c, 0x8c, 0x93, 0x93, 0x97, 0x97, 0x9e, 0xa1, 0xa1,
    0xa1, 0xa1, 0xa1, 0xa1, 0x9e, 0x97, 0x8c, 0x93, 0x93, 0x97, 0x97, 0x97, 0x9b, 0x9e, 0xa1, 0xa9,
    0xa9, 0xac, 0xac, 0xac, 0xac, 0xac, 0xac, 0xac, 0xac, 0xb2, 0xb2, 0xb5, 0xb8, 0xba, 0xba, 0xbe,
    0xbe, 0xbe, 0xbe, 0xc2, 0xbe, 0xbe, 0xbe, 0xba, 0xb8, 0xba, 0xbe, 0xbe, 0xc2, 0xbe, 0xbe, 0xbe,
    0xbe, 0xbe, 0xbe, 0xbe, 0xc2, 0xbe, 0xc2, 0xc2, 0xc2, 0xc2, 0xc2, 0xc2, 0xc6, 0xc6, 0xc5, 0xc9,
    0xc9, 0xc6, 0xc9, 0xc9, 0xc9, 0xc6, 0xc6, 0xc5, 0xc6, 0xc9, 0xcb, 0xcb, 0xcb, 0xcb, 0xcb, 0xcc,
    0xcc, 0xcb, 0xcb, 0xcb, 0xcb, 0xc9, 0xc9, 0xc9, 0xc9, 0xc9, 0xc9, 0xcb, 0xcc, 0xcc, 0xce, 0xcf,
    0xcc, 0xcc, 0xce, 0xcb, 0x3d, 0x3d, 0xc6, 0xcc, 0xd0, 0xd0, 0xce, 0xd0, 0xcf, 0xce, 0xd0, 0xd0,
    0xcf, 0xd2, 0x5a, 0x3d, 0x16, 0x04, 0x0d, 0x05, 0x65, 0xa0, 0x7b, 0x7b, 0x85, 0x85, 0x18, 0x1a,
    0x01, 0x01, 0x08, 0xd0, 0xcf, 0xd0, 0xcf, 0xd0, 0xd2, 0x45, 0x4c, 0x35, 0x4a, 0x2a, 0x3e, 0x2e,
    0x3e, 0x3f, 0x3f, 0x1c, 0x0b, 0x60, 0xa5, 0x1b, 0x58, 0x3b, 0x50, 0x45, 0x0e, 0x18, 0x63, 0x8a,
    0x02, 0xd2, 0xcf, 0xcf, 0xce, 0xcf, 0xce, 0xcf, 0xd0, 0xd0, 0xce, 0xcc, 0xc9, 0xcb, 0xce, 0xcc,
    0xcb, 0xcb, 0xc9, 0xc6, 0xbe, 0xbe, 0xbe, 0xbe, 0xba, 0xb8, 0xba, 0xba, 0xb8, 0xb8, 0xb8, 0xb8,
    0xb8, 0xb8, 0xb5, 0xb0, 0xb0, 0xb0, 0xaf, 0xa8, 0xa8, 0xa8, 0xa8, 0xac, 0xac, 0xa9, 0xac, 0xa9,
    0xa9, 0xa9, 0xa9, 0xa9, 0xa1, 0xa1, 0xa1, 0x9e, 0x9b, 0x9b, 0x9b, 0x9e, 0x9e, 0x9e, 0x9e, 0x9e,
    0x93, 0x93, 0x8c, 0x8c, 0x8c, 0x8c, 0x8c, 0x8c, 0x8c, 0x8c, 0x8c, 0x8c, 0x8c, 0x8c, 0x8c, 0x8c,
    0x8c, 0x8c, 0x8c, 0x8c, 0x88, 0x88, 0x88, 0x88, 0x8c, 0x8c, 0x8c, 0x93, 0x97, 0x9b, 0x9e, 0x9e,
    0xa1, 0xa1, 0xa1, 0xa1, 0x9b, 0x97, 0x97, 0x97, 0x97, 0x97, 0x97, 0x9b, 0x9e, 0xa1, 0xa3, 0xa9,
    0xa9, 0xac, 0xaf, 0xb2, 0xb2, 0xaf, 0xac, 0xac, 0xaf, 0xb2, 0xb2, 0xb5, 0xb8, 0xba, 0xba, 0xbe,
    0xc2, 0xbe, 0xc2, 0xbe, 0xbe, 0xbe, 0xbe, 0xba, 0xb8, 0xb8, 0xba, 0xbe, 0xbe, 0xbe, 0xbe, 0xbe,
    0xbe, 0xbe, 0xbe, 0xc2, 0xbe, 0xc2, 0xc2, 0xc2, 0xc6, 0xc6, 0xc2, 0xc2, 0xc2, 0xc2, 0xc6, 0xc9,
    0xc6, 0xc9, 0xc9, 0xcb, 0xcb, 0xc9, 0xc9, 0xc6, 0xc6, 0xc9, 0xc9, 0xc9, 0xc9, 0xcb, 0xcb, 0xcc,
    0xcb, 0xcb, 0xcb, 0xcb, 0xc9, 0xc6, 0xc9, 0xc6, 0xca, 0xc9, 0xc9, 0xcb, 0xcc, 0xce, 0xce, 0xce,
    0xcc, 0xcf, 0xcf, 0xcc, 0xcc, 0xcf, 0x47, 0x50, 0xd0, 0xd0, 0xcf, 0xba, 0xbe, 0xcf, 0xd0, 0xd0,
    0xcf, 0xd1, 0xd1, 0xd0, 0xd1, 0x54, 0x1c, 0x04, 0x01, 0x0b, 0x62, 0x5f, 0x85, 0x63, 0x5e, 0x17,
    0x01, 0x38, 0x1f, 0x0e, 0xd0, 0x45, 0x60, 0x17, 0x25, 0xcb, 0x3a, 0x35, 0x42, 0x4a, 0x06, 0x48,
    0x43, 0x42, 0xd0, 0x45, 0x02, 0x5e, 0x6f, 0x3d, 0x3b, 0x38, 0x58, 0x45, 0x16, 0x60, 0x91, 0x0a,
    0x0e, 0x48, 0xc9, 0xcb, 0xcf, 0xcf, 0xce, 0xcb, 0xce, 0xce, 0xce, 0xce, 0xcc, 0xcb, 0xcb, 0xcb,
    0xcb, 0xcb, 0xc6, 0xc6, 0xc6, 0xc2, 0xbe, 0xbe, 0xba, 0xb8, 0xb8, 0xb8, 0xb8, 0xb8, 0xb8, 0xb5,
    0xb5, 0xb5, 0xb5, 0xb0, 0xb0, 0xb2, 0xaf, 0xaf, 0xa8, 0xa8, 0xa8, 0xac, 0xac, 0xac, 0xac, 0xa9,
    0xa9, 0xa9, 0xa9, 0xa1, 0xa1, 0xa1, 0x9e, 0x9e, 0x9b, 0x9b, 0x9b, 0x9e, 0x9e, 0x9e, 0x9e, 0x9e,
    0x93, 0x93, 0x8c, 0x8c, 0x8c, 0x8c, 0x88, 0x8c, 0x88, 0x8c, 0x8c, 0x8c, 0x8c, 0x8c, 0x8c, 0x8c,
    0x8c, 0x8c, 0x8c, 0x93, 0x8c, 0x93, 0x93, 0x8c, 0x93, 0x97, 0x97, 0x9b, 0x9e, 0xa1, 0x9e, 0x9e,
    0x9e, 0xa9, 0xa9, 0xa1, 0x97, 0x9b, 0x97, 0x93, 0x97, 0x97, 0x97, 0x9b, 0x9e, 0x9e, 0xa1, 0xa9,
    0xa9, 0xaf, 0xb2, 0xb5, 0xb8, 0xb5, 0xb2, 0xaf, 0xaf, 0xb2, 0xb2, 0xb5, 0xb8, 0xb5, 0xba, 0xbe,
    0xbe, 0xbe, 0xbe, 0xc2, 0xbe, 0xbe, 0xbe, 0xba, 0xba, 0xba, 0xba, 0xba, 0xbe, 0xbe, 0xbe, 0xbe,
    0xbe, 0xba, 0xbe, 0xbe, 0xc2, 0xc2, 0xc6, 0xc9, 0xc9, 0xc9, 0xc6, 0xbe, 0xbe, 0xc2, 0xc6, 0xc6,
    0xcb, 0xc9, 0xc9, 0xcb, 0xcb, 0xcb, 0xc9, 0xc9, 0xc5, 0xc6, 0xc5, 0xc6, 0xc6, 0xc9, 0xc9, 0xc9,
    0xcb, 0xcb, 0xcb, 0xc9, 0xcb, 0xc9, 0xc6, 0xc9, 0xc9, 0xcb, 0xca, 0xcb, 0xcc, 0x45, 0x48, 0xce,
    0xcc, 0x38, 0x42, 0x40, 0x40, 0x48, 0x3b, 0x1e, 0x1e, 0x1d, 0x13, 0x5f, 0x1a, 0x13, 0x40, 0xd2,
    0xd0, 0xd0, 0xd2, 0x48, 0x48, 0x48, 0x50, 0xce, 0x07, 0x01, 0x6a, 0x77, 0x85, 0x67, 0x62, 0x5e,
    0x0e, 0x48, 0x3b, 0x04, 0x31, 0x1a, 0x87, 0xb3, 0xa0, 0x29, 0x24, 0x5a, 0xd0, 0xd0, 0xd2, 0xd0,
    0x47, 0x50, 0xcf, 0xd2, 0x18, 0x05, 0x77, 0x60, 0x62, 0xa8, 0x75, 0x1a, 0x18, 0x87, 0x1a, 0x01,
    0x32, 0x3d, 0x48, 0x4a, 0xcb, 0xcc, 0xce, 0xcc, 0xcc, 0xcb, 0xce, 0xce, 0xcc, 0xcc, 0xcb, 0xcb,
    0xc9, 0xc9, 0xcb, 0xc6, 0xc6, 0xc2, 0xbe, 0xbe, 0xbe, 0xb8, 0xb8, 0xb8, 0xb8, 0xb8, 0xb8, 0xb8,
    0xb5, 0xb5, 0xb0, 0xb2, 0xb0, 0xaf, 0xa8, 0xa8, 0xa8, 0xa8, 0xac, 0xac, 0xac, 0xac, 0xa9, 0xa9,
    0xa9, 0xa3, 0xa1, 0xa1, 0xa1, 0xa1, 0x9e, 0x9e, 0x9e, 0x9e, 0x9e, 0x9e, 0x9e, 0x9e, 0xa1, 0xa1,
    0x97, 0x97, 0x93, 0x93, 0x8c, 0x8c, 0x8c, 0x93, 0x93, 0x8c, 0x8c, 0x8c, 0x88, 0x88, 0x8c, 0x8c,
    0x8c, 0x88, 0x83, 0x88, 0x8c, 0x8c, 0x8c, 0x8c, 0x8c, 0x97, 0x97, 0x9b, 0x9b, 0x9b, 0x9e, 0xa1,
    0xa9, 0xa9, 0xa1, 0x9e, 0x9e, 0x9b, 0x97, 0x97, 0x9b, 0x9b, 0x97, 0x9b, 0x9b, 0x9b, 0x9e, 0xa1,
    0xa9, 0xac, 0xb2, 0xb5, 0xba, 0xb8, 0xb8, 0xb5, 0xb2, 0xb2, 0xb5, 0xb5, 0xb5, 0xb8, 0xba, 0xbe,
    0xbe, 0xc2, 0xbe, 0xbe, 0xc2, 0xbe, 0xbe, 0xba, 0xba, 0xba, 0xba, 0xbe, 0xbe, 0xbe, 0xbe, 0xbe,
    0xbe, 0xba, 0xbe, 0xbe, 0xc2, 0xc6, 0xc9, 0xcb, 0xcc, 0xcb, 0xc9, 0xc5, 0xbe, 0xbe, 0xc2, 0xc6,
    0xcb, 0xca, 0xc9, 0xc6, 0xc9, 0xcb, 0xc9, 0xc9, 0xc6, 0xc6, 0xc6, 0xc6, 0xc6, 0xc9, 0xc6, 0xc9,
    0xc9, 0xcb, 0xcb, 0xcb, 0xc9, 0xca, 0xc9, 0xc9, 0xc9, 0xcb, 0xcb, 0xcb, 0xcb, 0xc9, 0xcb, 0xcc,
    0xcc, 0xcf, 0xcc, 0xc6, 0xce, 0x2c, 0x60, 0x71, 0x89, 0xaa, 0xc4, 0xc4, 0xc1, 0xb6, 0x90, 0x40,
    0xd2, 0xd1, 0x42, 0x4a, 0xce, 0xce, 0xd0, 0xd2, 0x43, 0x04, 0x04, 0x61, 0x71, 0x7b, 0x68, 0x12,
    0x45, 0x4e, 0xb2, 0x05, 0x03, 0x1d, 0x6c, 0xaa, 0xaa, 0xaa, 0x7b, 0x21, 0xd2, 0xd0, 0xd0, 0xd0,
    0xd0, 0xd0, 0x54, 0xd0, 0xd0, 0x04, 0x0b, 0x07, 0x65, 0x03, 0x0d, 0x6c, 0x68, 0x05, 0x02, 0x06,
    0xd2, 0xcf, 0xce, 0xcc, 0xcb, 0xcb, 0xc9, 0xcb, 0xcb, 0xcb, 0xcc, 0xcc, 0xcc, 0xcc, 0xcc, 0xc9,
    0xcb, 0xc9, 0xc5, 0xc6, 0xc6, 0xc2, 0xc2, 0xbe, 0xbe, 0xba, 0xb8, 0xb8, 0xb8, 0xb8, 0xb8, 0xb8,
    0xb5, 0xb5, 0xb0, 0xb2, 0xaf, 0xa8, 0xa8, 0xa8, 0xa8, 0xa8, 0xac, 0xac, 0xac, 0xac, 0xa9, 0xa4,
    0xa4, 0xa1, 0xa1, 0xa3, 0xa3, 0xa3, 0xa1, 0xa1, 0x9e, 0x9e, 0x9e, 0x9e, 0x9e, 0xa1, 0xa1, 0xa1,
    0x97, 0x97, 0x97, 0x93, 0x8c, 0x8c, 0x8c, 0x8c, 0x8c, 0x88, 0x88, 0x8c, 0x88, 0x88, 0x8c, 0x88,
    0x88, 0x88, 0x88, 0x88, 0x8c, 0x8c, 0x93, 0x93, 0x97, 0x97, 0x9b, 0x97, 0x9b, 0x9e, 0xa1, 0xa9,
    0xa9, 0xa1, 0x9e, 0x9e, 0x9b, 0x9b, 0x97, 0x97, 0x97, 0x97, 0x97, 0x97, 0x97, 0x9b, 0x9e, 0xa1,
    0xa3, 0xa9, 0xb2, 0xb5, 0xba, 0xbe, 0xbe, 0xbe, 0xba, 0xb8, 0xb8, 0xb8, 0xba, 0xbe, 0xbe, 0xbe,
    0xc2, 0xc2, 0xc2, 0xc2, 0xbe, 0xbe, 0xbe, 0xba, 0xb8, 0xb8, 0xb8, 0xba, 0xbe, 0xbe, 0xbe, 0xbe,
    0xbe, 0xbe, 0xbe, 0xbe, 0xc2, 0xc6, 0xc6, 0xc9, 0xcb, 0xcc, 0xcb, 0xc9, 0xc6, 0xbe, 0xbe, 0xc2,
    0xc6, 0xc9, 0xc6, 0xc9, 0xc6, 0xc6, 0xc5, 0xc9, 0xc9, 0xc9, 0xc6, 0xc6, 0xc9, 0xc6, 0xc9, 0xc6,
    0xc9, 0xcb, 0xcb, 0xcb, 0xcb, 0xcb, 0xc9, 0xca, 0xc9, 0xcb, 0xcc, 0xcb, 0xcb, 0x42, 0x40, 0x40,
    0x35, 0x3d, 0x45, 0x45, 0xc9, 0x1a, 0x90, 0x9d, 0x98, 0xa0, 0xaa, 0xa0, 0xaa, 0xb3, 0x75, 0x0e,
    0xd0, 0xd2, 0xd2, 0xd1, 0xd1, 0xd0, 0x47, 0x40, 0x53, 0x1f, 0x07, 0x62, 0x7b, 0x6f, 0x5e, 0x07,
    0x3e, 0x47, 0xd0, 0x16, 0x6e, 0x17, 0x7f, 0xbc, 0xc8, 0xaa, 0x1a, 0x06, 0xd1, 0xd0, 0xd0, 0xd0,
    0x56, 0xd1, 0xd0, 0xd0, 0xd1, 0x2c, 0x03, 0x02, 0x03, 0x05, 0x12, 0x68, 0x0e, 0x05, 0x03, 0x53,
    0xce, 0xcc, 0xcc, 0xcb, 0xc9, 0xc9, 0xc9, 0xc9, 0xc9, 0xc9, 0xc9, 0xc9, 0xcb, 0xcb, 0xcb, 0xcb,
    0xcb, 0xc6, 0xc6, 0xc6, 0xc2, 0xc2, 0xc6, 0xc2, 0xbe, 0xbe, 0xba, 0xba, 0xb8, 0xb8, 0xb8, 0xb8,
    0xb5, 0xb5, 0xb5, 0xb2, 0xaf, 0xaf, 0xa8, 0xaf, 0xa8, 0xa8, 0xa8, 0xa8, 0xa4, 0xa4, 0xa9, 0xa9,
    0xa3, 0xa1, 0xa1, 0xa1, 0xa1, 0xa1, 0xa1, 0xa1, 0x9e, 0xa1, 0x9e, 0x9e, 0x9e, 0xa1, 0xa1, 0xa1,
    0x97, 0x97, 0x97, 0x93, 0x93, 0x8c, 0x88, 0x88, 0x83, 0x88, 0x88, 0x88, 0x8c, 0x8c, 0x88, 0x88,
    0x88, 0x83, 0x8c, 0x93, 0x8c, 0x93, 0x97, 0x97, 0x9b, 0x9b, 0x97, 0x97, 0x9b, 0x9e, 0xa1, 0xa1,
    0xa1, 0x9e, 0x9e, 0x9e, 0x9b, 0x9b, 0x9b, 0x9b, 0x97, 0x97, 0x93, 0x93, 0x97, 0x97, 0x9e, 0xa1,
    0xa3, 0xa9, 0xaf, 0xb5, 0xbe, 0xc2, 0xc6, 0xc6, 0xc2, 0xbe, 0xbe, 0xba, 0xbe, 0xbe, 0xc2, 0xc2,
    0xc6, 0xc6, 0xc2, 0xc2, 0xc2, 0xc2, 0xbe, 0xba, 0xb8, 0xb5, 0xb8, 0xb8, 0xba, 0xbe, 0xbe, 0xbe,
    0xbe, 0xbe, 0xbe, 0xbe, 0xbe, 0xc2, 0xc6, 0xc9, 0xcb, 0xcc, 0xce, 0xcc, 0xc9, 0xc6, 0xc2, 0xbe,
    0xc5, 0xc6, 0xc6, 0xc5, 0xc6, 0xc6, 0xc9, 0xc6, 0xcb, 0xc6, 0xc6, 0xc6, 0xc5, 0xc6, 0xc9, 0xc9,
    0xcb, 0xc9, 0xcb, 0xcb, 0xcb, 0xcc, 0xcb, 0xc9, 0xc9, 0xcb, 0x3b, 0x42, 0x45, 0xcb, 0xcb, 0xcb,
    0xcb, 0xcb, 0xc9, 0xcf, 0x38, 0x2f, 0x39, 0xb3, 0xbc, 0xbc, 0x9a, 0xb3, 0xa0, 0x98, 0x18, 0x17,
    0x13, 0x5b, 0xd2, 0xd1, 0xd0, 0x56, 0xd1, 0xd0, 0xd2, 0x45, 0x06, 0x1d, 0x7b, 0x77, 0x5f, 0x0e,
    0x50, 0x45, 0x45, 0x3b, 0xd0, 0x65, 0x91, 0xb6, 0x90, 0x1a, 0x0f, 0x18, 0xd0, 0xcf, 0xce, 0xcf,
    0xcf, 0x53, 0xd0, 0xcf, 0xd0, 0xd1, 0xd1, 0x50, 0x3b, 0x09, 0x13, 0x13, 0x08, 0x1c, 0xd0, 0xcf,
    0xcf, 0xce, 0xce, 0xcc, 0xcc, 0xc9, 0xc6, 0xc9, 0xc6, 0xc9, 0xcb, 0xc9, 0xc9, 0xcb, 0xcc, 0xcb,
    0xc9, 0xc6, 0xc5, 0xc2, 0xc2, 0xc2, 0xc2, 0xc2, 0xbe, 0xbe, 0xba, 0xba, 0xb8, 0xb8, 0xb8, 0xb8,
    0xb8, 0xb8, 0xb5, 0xb0, 0xb2, 0xa8, 0xa8, 0xa8, 0xa8, 0xa8, 0xa8, 0xa8, 0xa8, 0xac, 0xa9, 0xa9,
    0xa1, 0xa1, 0xa9, 0xa9, 0xa1, 0xa1, 0xa1, 0xa1, 0xa1, 0xa1, 0xa1, 0xa1, 0xa1, 0xa1, 0xa1, 0xa1,
    0x9b, 0x97, 0x97, 0x95, 0x8c, 0x8c, 0x88, 0x88, 0x88, 0x88, 0x88, 0x8c, 0x8c, 0x8c, 0x8c, 0x88,
    0x88, 0x88, 0x8c, 0x8c, 0x8c, 0x93, 0x93, 0x93, 0x93, 0x93, 0x93, 0x93, 0x97, 0x97, 0x9b, 0x9e,
    0x9e, 0xa1, 0xa1, 0x9e, 0x9e, 0xa1, 0xa9, 0xa1, 0x9b, 0x97, 0x95, 0x93, 0x97, 0x97, 0x9b, 0xa1,
    0xa9, 0xa9, 0xaf, 0xb5, 0xbe, 0xc6, 0xc9, 0xc9, 0xc9, 0xc6, 0xc2, 0xbe, 0xc2, 0xc2, 0xc6, 0xc9,
    0xc6, 0xc6, 0xc6, 0xc6, 0xc6, 0xc2, 0xc2, 0xbe, 0xb8, 0xb5, 0xb5, 0xb8, 0xb8, 0xba, 0xbe, 0xbe,
    0xbe, 0xbe, 0xbe, 0xbe, 0xbe, 0xc2, 0xc6, 0xc5, 0xc6, 0xcb, 0xcc, 0xcc, 0xcb, 0xc9, 0xc2, 0xbe,
    0xbe, 0xc2, 0xc2, 0xc6, 0xc6, 0xc6, 0xc5, 0xc6, 0xc5, 0xc6, 0xc9, 0xc6, 0xc9, 0xc6, 0xc6, 0xc9,
    0xc9, 0xc6, 0xcb, 0xcb, 0xcb, 0xcc, 0xcc, 0xcb, 0xcb, 0xcb, 0xcc, 0xcb, 0xcc, 0xcb, 0xcb, 0xcb,
    0xc9, 0xcb, 0x3d, 0x47, 0x3b, 0x10, 0x98, 0x2f, 0x89, 0xa0, 0xaa, 0xaa, 0xbc, 0xaa, 0x82, 0x1a,
    0x18, 0x08, 0xcb, 0xd2, 0x56, 0xd1, 0xd0, 0x56, 0xd1, 0x06, 0x1a, 0x1d, 0x85, 0x7f, 0x68, 0x03,
    0x11, 0x2a, 0x45, 0xd0, 0xd2, 0x0b, 0x8a, 0x8a, 0x9a, 0x6f, 0x65, 0x0e, 0xd2, 0xd0, 0xd0, 0xcf,
    0xcf, 0xce, 0xce, 0xcf, 0xcf, 0xcf, 0xcf, 0xd0, 0xd0, 0xd2, 0xd1, 0xd0, 0xd2, 0xd0, 0xce, 0xcf,
    0xcc, 0xcf, 0xce, 0xce, 0xcb, 0xce, 0xce, 0xcc, 0xc9, 0xca, 0xcb, 0xc9, 0xc9, 0xc9, 0xc9, 0xc9,
    0xc9, 0xc6, 0xc6, 0xc6, 0xc6, 0xc2, 0xc2, 0xc2, 0xbe, 0xbe, 0xbe, 0xba, 0xb8, 0xb8, 0xb8, 0xb8,
    0xb8, 0xb8, 0xb5, 0xb5, 0xb2, 0xaf, 0xa8, 0xa8, 0xa8, 0xa4, 0xa8, 0xa8, 0xac, 0xac, 0xa8, 0xa4,
    0xa4, 0xa9, 0xa9, 0xa9, 0xa1, 0xa3, 0xa1, 0xa1, 0xa1, 0xa1, 0xa1, 0xa1, 0xa1, 0xa1, 0xa1, 0xa1,
    0x9b, 0x97, 0x97, 0x93, 0x8c, 0x88, 0x88, 0x88, 0x88, 0x88, 0x8c, 0x8c, 0x8c, 0x8c, 0x8c, 0x8c,
    0x8c, 0x8c, 0x8c, 0x8c, 0x8c, 0x8c, 0x93, 0x93, 0x8c, 0x97, 0x97, 0x97, 0x97, 0x9b, 0x9b, 0x9b,
    0x9b, 0x9b, 0x9b, 0x9e, 0x9e, 0xa1, 0x9e, 0x9e, 0x9b, 0x97, 0x97, 0x93, 0x97, 0x97, 0x9b, 0x9e,
    0xa3, 0xa9, 0xac, 0xb2, 0xbe, 0xc6, 0xc6, 0xc9, 0xcb, 0xc9, 0xc9, 0xc6, 0xc2, 0xc6, 0xc6, 0xc5,
    0xc6, 0xc5, 0xc6, 0xc5, 0xc6, 0xc6, 0xc6, 0xc2, 0xbe, 0xb8, 0xb5, 0xb8, 0xba, 0xba, 0xbe, 0xbe,
    0xbe, 0xbe, 0xbe, 0xbe, 0xc2, 0xc2, 0xc2, 0xc6, 0xc6, 0xc9, 0xcb, 0xcc, 0xcb, 0xc9, 0xc6, 0xbe,
    0xc2, 0xbe, 0xc2, 0xc2, 0xc2, 0xc6, 0xc2, 0xc2, 0xc2, 0xc6, 0xc5, 0xc6, 0xc9, 0xc6, 0xc9, 0xc9,
    0xc6, 0xc9, 0xc6, 0xc9, 0xc9, 0xcc, 0xce, 0xce, 0xcc, 0xcb, 0xc9, 0xcb, 0xcb, 0xcb, 0xcb, 0xcb,
    0xcb, 0xc9, 0xcb, 0xcb, 0xcb, 0x06, 0x1a, 0x10, 0x65, 0x89, 0xa0, 0xb3, 0xb3, 0xaa, 0xbc, 0xc1,
    0xad, 0x75, 0x07, 0x53, 0x5a, 0xce, 0x48, 0x2c, 0x05, 0x12, 0x17, 0x68, 0x9d, 0xa5, 0x77, 0x24,
    0x45, 0x42, 0xd2, 0xd0, 0xd2, 0x13, 0x8a, 0x7f, 0x6f, 0x1d, 0x13, 0x1d, 0x2e, 0x3e, 0x42, 0x45,
    0x50, 0xd0, 0xd0, 0xd0, 0xcf, 0xcf, 0xcf, 0xcf, 0xd0, 0xd0, 0xce, 0xce, 0xcf, 0xce, 0xcb, 0xce,
    0xcc, 0xcc, 0xcb, 0xcc, 0xce, 0xcf, 0xcf, 0xce, 0xcc, 0xc9, 0xc9, 0xc6, 0xc5, 0xc2, 0xc5, 0xc6,
    0xc9, 0xc9, 0xc5, 0xc6, 0xc6, 0xc2, 0xc2, 0xc2, 0xbe, 0xbe, 0xbe, 0xba, 0xba, 0xb8, 0xb8, 0xb8,
    0xb8, 0xb8, 0xb8, 0xb8, 0xb0, 0xb0, 0xb2, 0xa8, 0xa8, 0xa4, 0xa4, 0xa8, 0xa8, 0xa8, 0xac, 0xa9,
    0xa9, 0xa9, 0xa9, 0xa9, 0xa9, 0xa9, 0xa1, 0xa1, 0xa1, 0xa1, 0xa1, 0xa1, 0xa1, 0xa1, 0xa1, 0xa1,
    0x9b, 0x97, 0x93, 0x93, 0x8c, 0x8c, 0x8c, 0x88, 0x8c, 0x8c, 0x8c, 0x8c, 0x93, 0x93, 0x93, 0x93,
    0x93, 0x93, 0x93, 0x93, 0x8c, 0x8c, 0x93, 0x93, 0x95, 0x97, 0x97, 0x97, 0x97, 0x9b, 0x97, 0x97,
    0x9b, 0x97, 0x97, 0x9b, 0x9e, 0x9e, 0x9b, 0x97, 0x97, 0x97, 0x97, 0x97, 0x97, 0x9b, 0x97, 0x9b,
    0x9e, 0xa1, 0xa9, 0xac, 0xb5, 0xbe, 0xc6, 0xc6, 0xcb, 0xcb, 0xc9, 0xc6, 0xc6, 0xc6, 0xc5, 0xc6,
    0xc6, 0xc6, 0xc6, 0xc6, 0xc6, 0xc9, 0xc9, 0xc6, 0xc2, 0xbe, 0xba, 0xb8, 0xba, 0xba, 0xbe, 0xbe,
    0xbe, 0xbe, 0xc2, 0xbe, 0xbe, 0xc2, 0xc2, 0xc2, 0xc2, 0xc6, 0xc9, 0xc9, 0xc9, 0xc9, 0xc6, 0xc2,
    0xc2, 0xc2, 0xc2, 0xc2, 0xc2, 0xc2, 0xc2, 0xc2, 0xc2, 0xbe, 0xc2, 0xc2, 0xc5, 0xc9, 0xc6, 0xc5,
    0xc6, 0xc6, 0xc9, 0xc9, 0xc9, 0xcb, 0xce, 0xcf, 0xcf, 0xcc, 0xcb, 0xc9, 0xc9, 0xcb, 0xcb, 0xcb,
    0xcb, 0xcb, 0xc9, 0xcb, 0xce, 0x3d, 0x13, 0x01, 0x1a, 0x24, 0x82, 0xaa, 0xb6, 0xad, 0xb3, 0xb3,
    0xb3, 0xb6, 0x9a, 0x09, 0x14, 0x0b, 0x0f, 0x5f, 0x6c, 0x6f, 0x87, 0x8a, 0x85, 0x7b, 0x6f, 0x1c,
    0xd2, 0xd2, 0x28, 0x5a, 0xd2, 0x13, 0x9a, 0xb3, 0xa5, 0x94, 0x6c, 0x1a, 0x13, 0x4a, 0x48, 0x4e,
    0xcf, 0xd0, 0x4a, 0x4c, 0xcf, 0xce, 0xcf, 0xcc, 0xce, 0xcc, 0xce, 0xcf, 0xcf, 0xcc, 0xcc, 0xce,
    0xcb, 0xce, 0xce, 0xce, 0xce, 0xd0, 0xcf, 0xcf, 0xcb, 0xcb, 0xc6, 0xc6, 0xc2, 0xc2, 0xc6, 0xc6,
    0xc6, 0xc6, 0xc6, 0xc2, 0xc2, 0xc2, 0xc2, 0xbe, 0xbe, 0xbe, 0xbe, 0xba, 0xb8, 0xb8, 0xb8, 0xb8,
    0xb8, 0xb8, 0xb8, 0xb8, 0xb8, 0xb5, 0xb0, 0xb2, 0xb2, 0xa8, 0xa8, 0xa8, 0xa4, 0xa9, 0xa9, 0xa9,
    0xa8, 0xac, 0xa9, 0xa9, 0xa9, 0xa4, 0xa3, 0xa1, 0xa1, 0xa1, 0xa1, 0xa1, 0x9e, 0x9e, 0x9e, 0x9e,
    0x97, 0x97, 0x97, 0x97, 0x93, 0x8c, 0x8c, 0x8c, 0x8c, 0x8c, 0x93, 0x93, 0x93, 0x93, 0x93, 0x95,
    0x93, 0x97, 0x97, 0x93, 0x93, 0x93, 0x8c, 0x93, 0x97, 0x97, 0x97, 0x97, 0x9b, 0x97, 0x9b, 0x97,
    0x97, 0x97, 0x97, 0x97, 0x9b, 0x9b, 0x97, 0x97, 0x97, 0x97, 0x97, 0x97, 0x97, 0x9b, 0x9b, 0x9b,
    0x9e, 0xa1, 0xa9, 0xa9, 0xac, 0xb8, 0xbe, 0xc6, 0xc9, 0xc9, 0xc6, 0xc9, 0xc6, 0xc5, 0xc6, 0xc6,
    0xc6, 0xc6, 0xc9, 0xc6, 0xc9, 0xcb, 0xc6, 0xc9, 0xc6, 0xc2, 0xbe, 0xbe, 0xbe, 0xbe, 0xbe, 0xbe,
    0xbe, 0xc2, 0xbe, 0xbe, 0xc2, 0xc2, 0xc2, 0xc2, 0xc2, 0xc2, 0xc2, 0xc6, 0xc6, 0xc9, 0xc6, 0xc6,
    0xc2, 0xbe, 0xbe, 0xbe, 0xc2, 0xc2, 0xc2, 0xc2, 0xbe, 0xc2, 0xbe, 0xbe, 0xc2, 0xc2, 0xc6, 0xc6,
    0xc6, 0xc9, 0xc9, 0xc6, 0xc9, 0xcb, 0xcc, 0xcf, 0xcf, 0xce, 0xcb, 0xcb, 0xcb, 0xcb, 0xcb, 0xcc,
    0xce, 0xce, 0xcc, 0xcc, 0xcc, 0x48, 0x47, 0x08, 0x0e, 0x17, 0x2f, 0xaa, 0xb3, 0xb6, 0xc4, 0xbc,
    0xad, 0xa0, 0xa5, 0x82, 0x7f, 0x6c, 0x20, 0x6f, 0x7f, 0x85, 0x8a, 0x7b, 0x77, 0x75, 0x20, 0x1c,
    0xd2, 0x45, 0x13, 0x08, 0x54, 0x16, 0x94, 0x75, 0x39, 0x29, 0x5f, 0x08, 0x16, 0xd1, 0xd0, 0xd0,
    0xd0, 0xd0, 0xcf, 0x50, 0xce, 0xc9, 0xcc, 0xce, 0xce, 0xce, 0xce, 0xce, 0xce, 0xcc, 0xcc, 0xcc,
    0xce, 0xcf, 0xce, 0xce, 0xcf, 0xcf, 0xcf, 0xce, 0xce, 0xcc, 0xc9, 0xc9, 0xc9, 0xc6, 0xc2, 0xc5,
    0xc6, 0xc6, 0xc2, 0xc2, 0xbe, 0xbe, 0xbe, 0xc2, 0xbe, 0xbe, 0xbe, 0xba, 0xb8, 0xb8, 0xb5, 0xb5,
    0xb8, 0xb8, 0xb8, 0xb8, 0xb8, 0xb8, 0xb0, 0xb0, 0xb2, 0xaf, 0xaf, 0xa8, 0xa8, 0xa9, 0xa4, 0xa4,
    0xac, 0xac, 0xac, 0xac, 0xac, 0xa9, 0xa9, 0xa1, 0xa1, 0xa1, 0xa1, 0xa1, 0xa1, 0xa1, 0xa1, 0xa1,
    0x97, 0x97, 0x97, 0x95, 0x93, 0x8c, 0x8c, 0x8c, 0x8c, 0x8c, 0x93, 0x93, 0x8c, 0x93, 0x95, 0x93,
    0x93, 0x97, 0x97, 0x97, 0x97, 0x97, 0x97, 0x97, 0x97, 0x97, 0x97, 0x9b, 0x9b, 0x9b, 0x9b, 0x97,
    0x93, 0x97, 0x97, 0x97, 0x97, 0x97, 0x97, 0x97, 0x9b, 0x97, 0x97, 0x9b, 0x97, 0x9b, 0x9b, 0x9e,
    0x9e, 0x9e, 0xa1, 0xa9, 0xac, 0xaf, 0xb5, 0xba, 0xbe, 0xc2, 0xc6, 0xc9, 0xc6, 0xc6, 0xc6, 0xc5,
    0xc6, 0xc6, 0xc5, 0xc6, 0xc6, 0xc9, 0xc6, 0xc9, 0xc5, 0xc2, 0xbe, 0xbe, 0xbe, 0xbe, 0xbe, 0xc2,
    0xc2, 0xc2, 0xc2, 0xc2, 0xc2, 0xc2, 0xbe, 0xc2, 0xc2, 0xbe, 0xc2, 0xc6, 0xc9, 0xc6, 0xcb, 0xc6,
    0xc6, 0xc2, 0xbe, 0xbe, 0xbe, 0xbe, 0xc2, 0xbe, 0xc2, 0xbe, 0xbe, 0xc2, 0xbe, 0xbe, 0xc2, 0xc6,
    0xc5, 0xc6, 0xc9, 0xc9, 0xca, 0xcb, 0xc9, 0xcc, 0xcc, 0xcc, 0xcb, 0xcb, 0xcb, 0xc9, 0xcb, 0xcc,
    0xcf, 0x42, 0x48, 0xc9, 0xcc, 0xcb, 0xcc, 0xd1, 0x06, 0x5f, 0x65, 0x90, 0xa0, 0xa0, 0xa0, 0x9d,
    0x98, 0xb3, 0xb6, 0xb6, 0x7b, 0x7f, 0x90, 0x85, 0x91, 0x7b, 0x91, 0x9a, 0x9a, 0x6c, 0x60, 0x04,
    0x50, 0x3a, 0x5b, 0x02, 0x25, 0x3d, 0x0d, 0x20, 0x68, 0x75, 0x14, 0x06, 0x1b, 0x42, 0x48, 0x3d,
    0x48, 0xd0, 0xd1, 0xd0, 0xd2, 0xd0, 0xd0, 0xd0, 0xcc, 0xcc, 0xce, 0xd0, 0xce, 0xcb, 0xcc, 0xce,
    0xcc, 0xcc, 0xce, 0xce, 0xd0, 0xd0, 0xd0, 0xcf, 0xce, 0xce, 0xcc, 0xc9, 0xc5, 0xc6, 0xc2, 0xc6,
    0xc6, 0xc5, 0xc2, 0xc2, 0xbe, 0xc2, 0xbe, 0xbe, 0xbe, 0xbe, 0xbe, 0xba, 0xba, 0xb8, 0xb5, 0xb5,
    0xb5, 0xb5, 0xb5, 0xb8, 0xb8, 0xb8, 0xb5, 0xb0, 0xb0, 0xb2, 0xb2, 0xaf, 0xa8, 0xac, 0xa9, 0xa9,
    0xa9, 0xa4, 0xac, 0xac, 0xa8, 0xa9, 0xa9, 0xa9, 0xa1, 0xa1, 0xa1, 0xa1, 0xa1, 0xa1, 0xa1, 0xa1,
    0x95, 0x93, 0x93, 0x95, 0x93, 0x8c, 0x8c, 0x93, 0x95, 0x93, 0x95, 0x97, 0x97, 0x9b, 0x97, 0x97,
    0x9b, 0x97, 0x97, 0x9e, 0x97, 0x97, 0x97, 0x9b, 0x9b, 0x9b, 0x97, 0x97, 0x9b, 0x9b, 0x9b, 0x97,
    0x97, 0x97, 0x97, 0x97, 0x97, 0x93, 0x97, 0x97, 0x97, 0x9b, 0x9e, 0x9b, 0x9e, 0x9b, 0x9b, 0x9e,
    0x9e, 0xa1, 0xa1, 0xa9, 0xac, 0xac, 0xaf, 0xb2, 0xb8, 0xba, 0xbe, 0xc6, 0xc5, 0xc6, 0xc6, 0xc6,
    0xc5, 0xc2, 0xc2, 0xc2, 0xc2, 0xc6, 0xc6, 0xc5, 0xc6, 0xc2, 0xbe, 0xba, 0xba, 0xba, 0xbe, 0xc6,
    0xc6, 0xc6, 0xc6, 0xc6, 0xc6, 0xc2, 0xbe, 0xbe, 0xbe, 0xc2, 0xc2, 0xc2, 0xc6, 0xc6, 0xc9, 0xcb,
    0xc9, 0xc6, 0xc2, 0xbe, 0xbe, 0xbe, 0xbe, 0xbe, 0xbe, 0xc2, 0xc2, 0xc2, 0xc2, 0xc2, 0xc2, 0xc2,
    0xc6, 0xc6, 0xc6, 0xc9, 0xc9, 0xcb, 0xcb, 0xcb, 0xcb, 0xcb, 0xcb, 0xc9, 0xcb, 0xc9, 0xcb, 0xcb,
    0xcc, 0xce, 0xcf, 0xce, 0xcb, 0xcb, 0xc2, 0x42, 0x1c, 0x03, 0x5f, 0x68, 0x65, 0x5f, 0x1a, 0x65,
    0x82, 0x9d, 0xad, 0xbc, 0xb3, 0xad, 0x98, 0xad, 0x9d, 0x9d, 0x8a, 0x67, 0x77, 0x68, 0x20, 0x03,
    0x53, 0xcb, 0x28, 0x54, 0xd0, 0xd2, 0x08, 0x04, 0x07, 0x0f, 0x04, 0x13, 0xd2, 0xcf, 0xcf, 0xd0,
    0xd0, 0xd0, 0x42, 0x42, 0xd0, 0xd2, 0xd1, 0xd0, 0xcf, 0xd0, 0xd0, 0xce, 0xce, 0xcc, 0xcc, 0xcb,
    0xcc, 0xcb, 0xce, 0xcf, 0xce, 0xcf, 0xce, 0xcc, 0xcc, 0xcb, 0xcb, 0xc9, 0xc6, 0xc6, 0xc6, 0xc6,
    0xc5, 0xc6, 0xc2, 0xc2, 0xbe, 0xbe, 0xc2, 0xbe, 0xbe, 0xbe, 0xbe, 0xba, 0xba, 0xb8, 0xb8, 0xb8,
    0xb0, 0xb5, 0xb0, 0xb8, 0xb8, 0xb8, 0xb5, 0xb0, 0xb0, 0xb0, 0xb2, 0xaf, 0xaf, 0xac, 0xac, 0xa9,
    0xa3, 0xa9, 0xa9, 0xac, 0xac, 0xac, 0xac, 0xa9, 0xa9, 0xa1, 0xa1, 0xa1, 0xa1, 0xa1, 0xa1, 0xa1,
    0x97, 0x97, 0x97, 0x95, 0x93, 0x93, 0x93, 0x95, 0x97, 0x97, 0x97, 0x97, 0x97, 0x9b, 0x97, 0x97,
    0x97, 0x97, 0x9b, 0x9b, 0x97, 0x97, 0x97, 0x95, 0x97, 0x97, 0x97, 0x97, 0x97, 0x97, 0x97, 0x93,
    0x93, 0x97, 0x97, 0x97, 0x97, 0x93, 0x93, 0x97, 0x97, 0x9b, 0x9b, 0x9b, 0x9e, 0x9e, 0x9e, 0x9e,
    0xa1, 0xa3, 0xa9, 0xac, 0xac, 0xac, 0xaf, 0xb2, 0xb5, 0xb8, 0xba, 0xbe, 0xc6, 0xc6, 0xc6, 0xc6,
    0xc6, 0xc2, 0xc2, 0xbe, 0xbe, 0xbe, 0xc2, 0xc6, 0xc6, 0xc2, 0xbe, 0xba, 0xba, 0xba, 0xbe, 0xc6,
    0xc6, 0xc9, 0xc6, 0xc9, 0xc6, 0xbe, 0xba, 0xbe, 0xbe, 0xc2, 0xc2, 0xc2, 0xc5, 0xc6, 0xcb, 0xc9,
    0xc9, 0xc9, 0xc2, 0xc2, 0xbe, 0xbe, 0xc2, 0xc2, 0xc2, 0xc2, 0xc2, 0xc2, 0xc2, 0xc2, 0xc2, 0xc2,
    0xc2, 0xc2, 0xc6, 0xc5, 0xc6, 0xc6, 0xc9, 0xc9, 0xc9, 0xc9, 0xc9, 0xc9, 0xc6, 0xc6, 0xc9, 0xc9,
    0xcb, 0xcb, 0xcc, 0xce, 0xcc, 0xcb, 0xc9, 0xcb, 0xcb, 0x13, 0x0e, 0x12, 0x05, 0x04, 0x1a, 0x12,
    0x2f, 0x89, 0x9d, 0xad, 0xa5, 0xa5, 0x98, 0x90, 0x90, 0x89, 0x6f, 0x71, 0x67, 0x61, 0x5e, 0x05,
    0xd1, 0x47, 0x50, 0x50, 0x50, 0xd1, 0xd0, 0x25, 0x09, 0x05, 0x22, 0xd0, 0xcf, 0xcf, 0xce, 0xd0,
    0x50, 0x1c, 0x7f, 0x89, 0x20, 0x1c, 0x42, 0xd0, 0xd0, 0xcf, 0xce, 0xce, 0xce, 0xce, 0xce, 0xce,
    0xce, 0xcc, 0xcc, 0xce, 0xce, 0xcc, 0xcc, 0xcc, 0xcc, 0xcb, 0xcb, 0xc9, 0xc9, 0xc6, 0xc6, 0xc9,
    0xc6, 0xc9, 0xc9, 0xc2, 0xc2, 0xbe, 0xbe, 0xbe, 0xbe, 0xbe, 0xba, 0xba, 0xb8, 0xb8, 0xb8, 0xb5,
    0xb5, 0xb0, 0xb0, 0xb5, 0xb8, 0xb5, 0xb5, 0xb0, 0xb0, 0xb0, 0xb2, 0xb2, 0xaf, 0xaf, 0xac, 0xac,
    0xa9, 0xac, 0xac, 0xac, 0xa4, 0xa9, 0xac, 0xac, 0xac, 0xa9, 0xa9, 0xa1, 0xa1, 0xa1, 0xa1, 0xa1,
    0x97, 0x9b, 0x95, 0x93, 0x97, 0x95, 0x97, 0x97, 0x97, 0x97, 0x97, 0x97, 0x97, 0x95, 0x95, 0x93,
    0x97, 0x97, 0x97, 0x97, 0x93, 0x95, 0x93, 0x93, 0x93, 0x93, 0x93, 0x8c, 0x8c, 0x93, 0x93, 0x8c,
    0x93, 0x95, 0x93, 0x93, 0x95, 0x93, 0x93, 0x97, 0x97, 0x9b, 0x9b, 0x9b, 0x9e, 0xa1, 0x9b, 0x9e,
    0xa1, 0xa9, 0xac, 0xac, 0xac, 0xaf, 0xaf, 0xaf, 0xaf, 0xb2, 0xb8, 0xbe, 0xbe, 0xc2, 0xc6, 0xc6,
    0xc6, 0xc6, 0xc6, 0xbe, 0xbe, 0xba, 0xbe, 0xc2, 0xc6, 0xc2, 0xbe, 0xba, 0xba, 0xba, 0xbe, 0xc6,
    0xc9, 0xca, 0xcb, 0xc9, 0xc9, 0xc6, 0xbe, 0xbe, 0xbe, 0xbe, 0xbe, 0xc2, 0xc2, 0xc6, 0xca, 0xc9,
    0xca, 0xc6, 0xc6, 0xc2, 0xc2, 0xc2, 0xc6, 0xc2, 0xc2, 0xc2, 0xbe, 0xbe, 0xbe, 0xbe, 0xbe, 0xc2,
    0xc2, 0xc2, 0xc2, 0xc6, 0xc9, 0xc9, 0xc6, 0xc9, 0xcb, 0xc6, 0xc9, 0xc6, 0xc9, 0xc9, 0xc6, 0xc9,
    0xc9, 0xcb, 0xcb, 0xcc, 0xcc, 0xcc, 0xc9, 0xcb, 0xc9, 0xcf, 0x45, 0x1c, 0x09, 0x02, 0x14, 0x18,
    0x1d, 0x68, 0x75, 0x85, 0x6f, 0x5f, 0x18, 0x1a, 0x29, 0x2c, 0x98, 0x8a, 0x1d, 0x14, 0x17, 0x08,
    0x1e, 0x4a, 0xcf, 0xce, 0x48, 0xd2, 0xd1, 0xd2, 0xd2, 0x50, 0xd0, 0xce, 0xce, 0xce, 0xce, 0xd0,
    0x24, 0x7f, 0xa0, 0xaa, 0xa0, 0xa0, 0x6c, 0x16, 0x26, 0xce, 0xd0, 0xcc, 0xcc, 0xce, 0xcb, 0xcc,
    0xcf, 0xce, 0xcb, 0xcb, 0xc9, 0xcc, 0xcc, 0xcb, 0xcb, 0xcb, 0xcb, 0xcb, 0xc9, 0xcb, 0xc6, 0xc9,
    0xc9, 0xc9, 0xc6, 0xc2, 0xbe, 0xbe, 0xbe, 0xbe, 0xba, 0xba, 0xba, 0xb8, 0xb8, 0xb8, 0xb8, 0xb8,
    0xb8, 0xb5, 0xb0, 0xb0, 0xb0, 0xb5, 0xb5, 0xb0, 0xb0, 0xb0, 0xb0, 0xb2, 0xaf, 0xb2, 0xaf, 0xaf,
    0xa8, 0xa8, 0xa8, 0xa8, 0xa4, 0xa9, 0xa9, 0xa8, 0xac, 0xa9, 0xa9, 0xa1, 0xa1, 0xa1, 0xa1, 0xa1,
    0x97, 0x97, 0x93, 0x95, 0x95, 0x97, 0x9b, 0x9b, 0x9b, 0x9e, 0x9b, 0x97, 0x97, 0x97, 0x93, 0x97,
    0x97, 0x9b, 0x9b, 0x97, 0x97, 0x97, 0x97, 0x97, 0x97, 0x95, 0x95, 0x97, 0x97, 0x97, 0x97, 0x93,
    0x97, 0x97, 0x97, 0x97, 0x93, 0x97, 0x97, 0x97, 0x97, 0x97, 0x97, 0x9b, 0x9b, 0x9e, 0x9e, 0xa1,
    0xa9, 0xac, 0xac, 0xac, 0xaf, 0xb2, 0xb2, 0xb2, 0xb2, 0xb2, 0xb5, 0xb8, 0xbe, 0xc2, 0xc6, 0xc5,
    0xc9, 0xc9, 0xc6, 0xc6, 0xbe, 0xbe, 0xc2, 0xbe, 0xbe, 0xc2, 0xc2, 0xbe, 0xba, 0xba, 0xbe, 0xc2,
    0xc9, 0xcb, 0xcb, 0xc9, 0xca, 0xc6, 0xc6, 0xc2, 0xbe, 0xc2, 0xbe, 0xc2, 0xc2, 0xc6, 0xc6, 0xc9,
    0xc6, 0xc6, 0xc2, 0xc2, 0xc2, 0xc2, 0xc2, 0xc2, 0xbe, 0xbe, 0xc2, 0xbe, 0xbe, 0xbe, 0xbe, 0xbe,
    0xc2, 0xc2, 0xc2, 0xc6, 0xc5, 0xc6, 0xc9, 0xca, 0xc9, 0xc6, 0xc9, 0xc9, 0xc6, 0xc6, 0xc6, 0xc5,
    0xc6, 0xc9, 0xc9, 0xcb, 0xcb, 0xcb, 0xc9, 0xca, 0xc9, 0xcb, 0xcb, 0xd0, 0xd2, 0x53, 0x05, 0x0f,
    0x14, 0x5f, 0x1d, 0x1a, 0x1a, 0x12, 0x12, 0x68, 0x68, 0x1d, 0x68, 0x6c, 0x2f, 0x20, 0x1c, 0x03,
    0x47, 0x50, 0xce, 0xd0, 0xd2, 0x45, 0x4c, 0xd0, 0xd0, 0xce, 0xcc, 0xcf, 0xce, 0xce, 0xcf, 0xd0,
    0x18, 0x7b, 0x91, 0x9d, 0x90, 0x7b, 0x85, 0x94, 0x1d, 0x12, 0x36, 0xcf, 0xce, 0xce, 0xc9, 0xcc,
    0xcb, 0xcb, 0xc6, 0xcb, 0xcb, 0xcb, 0xcb, 0xcb, 0xc9, 0xc9, 0xc9, 0xcb, 0xc9, 0xc6, 0xc9, 0xc5,
    0xc6, 0xc6, 0xc5, 0xc6, 0xc2, 0xbe, 0xbe, 0xba, 0xba, 0xba, 0xb8, 0xb8, 0xb8, 0xb8, 0xb8, 0xb8,
    0xb8, 0xb8, 0xb0, 0xb0, 0xb2, 0xb0, 0xb0, 0xb0, 0xb0, 0xb0, 0xb0, 0xb0, 0xb2, 0xb2, 0xaf, 0xb2,
    0xaf, 0xa8, 0xa8, 0xa8, 0xac, 0xa4, 0xa9, 0xa9, 0xa4, 0xa4, 0xa3, 0xa1, 0x9e, 0x9e, 0xa1, 0x9e,
    0x97, 0x97, 0x93, 0x97, 0x97, 0x97, 0x9b, 0x9b, 0x9e, 0x9e, 0x9b, 0x9b, 0x97, 0x95, 0x93, 0x95,
    0x97, 0x97, 0x97, 0x9b, 0x9b, 0x97, 0x97, 0x97, 0x97, 0x97, 0x93, 0x93, 0x93, 0x97, 0x95, 0x97,
    0x97, 0x97, 0x97, 0x97, 0x97, 0x97, 0x97, 0x97, 0x97, 0x97, 0x9b, 0x9b, 0x9e, 0xa1, 0xa1, 0xa9,
    0xa9, 0xac, 0xaf, 0xaf, 0xb2, 0xb2, 0xb2, 0xb2, 0xb5, 0xb2, 0xb2, 0xb5, 0xba, 0xbe, 0xbe, 0xc2,
    0xc6, 0xc6, 0xc5, 0xc6, 0xc6, 0xc2, 0xbe, 0xbe, 0xbe, 0xbe, 0xc2, 0xc2, 0xbe, 0xbe, 0xbe, 0xbe,
    0xc9, 0xc9, 0xc9, 0xcb, 0xc9, 0xc9, 0xc9, 0xc6, 0xc2, 0xbe, 0xc2, 0xc2, 0xc2, 0xc2, 0xc2, 0xc6,
    0xc2, 0xc2, 0xc2, 0xc2, 0xc2, 0xc2, 0xc2, 0xc2, 0xbe, 0xbe, 0xbe, 0xbe, 0xbe, 0xbe, 0xbe, 0xbe,
    0xbe, 0xbe, 0xc2, 0xbe, 0xc2, 0xc6, 0xc6, 0xc9, 0xca, 0xc9, 0xc6, 0xc9, 0xc9, 0xc5, 0xc2, 0xc2,
    0xc6, 0xc6, 0xc9, 0xc9, 0xc9, 0xcb, 0xc9, 0xc9, 0xca, 0xc9, 0xc9, 0xcb, 0xcc, 0xd0, 0x50, 0x03,
    0x06, 0x0a, 0x1a, 0x24, 0x39, 0x09, 0x02, 0x04, 0x05, 0x0f, 0x1d, 0x6c, 0x1a, 0x10, 0x05, 0x04,
    0x1f, 0x2a, 0x4a, 0xd2, 0x4c, 0x25, 0x40, 0x47, 0xce, 0xd0, 0xce, 0xcc, 0xce, 0xce, 0xcf, 0xd2,
    0x26, 0x75, 0x2f, 0x98, 0xa5, 0x98, 0x9d, 0xb3, 0xb3, 0x98, 0x2f, 0x4a, 0x47, 0x48, 0xce, 0xc2,
    0xc9, 0xcb, 0xcb, 0xcc, 0xce, 0xcb, 0xc9, 0xc6, 0xc9, 0xc6, 0xc9, 0xc6, 0xcb, 0xc9, 0xc9, 0xc6,
    0xc6, 0xc6, 0xc6, 0xc2, 0xc2, 0xbe, 0xbe, 0xba, 0xba, 0xb8, 0xb8, 0xba, 0xb8, 0xb8, 0xb8, 0xb8,
    0xb8, 0xb5, 0xb5, 0xb0, 0xb2, 0xb2, 0xb2, 0xb0, 0xb0, 0xb0, 0xb0, 0xb2, 0xb2, 0xaf, 0xaf, 0xaf,
    0xaf, 0xa8, 0xa8, 0xa8, 0xac, 0xa4, 0xa3, 0xa3, 0xa1, 0xa1, 0xa1, 0xa1, 0xa1, 0x9e, 0x9e, 0x9e,
    0x95, 0x97, 0x97, 0x97, 0x97, 0x9b, 0x9b, 0x9e, 0x9e, 0x9b, 0x97, 0x97, 0x97, 0x93, 0x95, 0x97,
    0x97, 0x97, 0x97, 0x97, 0x97, 0x97, 0x97, 0x93, 0x97, 0x97, 0x93, 0x8c, 0x93, 0x93, 0x93, 0x93,
    0x95, 0x93, 0x93, 0x93, 0x97, 0x97, 0x97, 0x97, 0x9b, 0x9b, 0x9e, 0x9e, 0x9e, 0xa1, 0xa3, 0xa9,
    0xac, 0xac, 0xaf, 0xb2, 0xb2, 0xb5, 0xb5, 0xb5, 0xb5, 0xb2, 0xb2, 0xb2, 0xb5, 0xb8, 0xbe, 0xbe,
    0xbe, 0xc2, 0xc2, 0xc6, 0xc9, 0xc6, 0xbe, 0xbe, 0xba, 0xbe, 0xbe, 0xc2, 0xc2, 0xbe, 0xba, 0xbe,
    0xc2, 0xc5, 0xc6, 0xc9, 0xca, 0xc9, 0xc6, 0xc6, 0xc2, 0xc2, 0xc2, 0xc2, 0xc6, 0xc6, 0xc6, 0xc2,
    0xc2, 0xc2, 0xbe, 0xbe, 0xbe, 0xc2, 0xc2, 0xbe, 0xbe, 0xc2, 0xbe, 0xc2, 0xc2, 0xbe, 0xbe, 0xc2,
    0xbe, 0xc2, 0xc2, 0xc2, 0xc6, 0xc6, 0xc9, 0xcb, 0xc9, 0xcb, 0xcb, 0xc9, 0xc9, 0xc6, 0xc6, 0xc2,
    0xc2, 0xc5, 0xc6, 0xc9, 0xc6, 0xcb, 0xcc, 0xcc, 0xcc, 0xcb, 0xcb, 0xcb, 0xcc, 0xce, 0xd0, 0x4e,
    0x02, 0x07, 0x0f, 0x0e, 0x18, 0x08, 0x01, 0x04, 0x0a, 0x0d, 0x04, 0x08, 0x17, 0x0d, 0x02, 0x1b,
    0x47, 0x42, 0x50, 0xd2, 0xd1, 0xc9, 0xcc, 0xcc, 0xd0, 0xd0, 0xce, 0xcf, 0xce, 0xcc, 0xce, 0xc9,
    0x28, 0x20, 0x1a, 0x20, 0x6c, 0x7f, 0x9d, 0x85, 0x8a, 0x65, 0x17, 0x24, 0x4e, 0x47, 0x3b, 0x45,
    0xcf, 0xce, 0xce, 0xcc, 0xcc, 0xc9, 0xc9, 0xc9, 0xc6, 0xc9, 0xc9, 0xc6, 0xc9, 0xcb, 0xc9, 0xc9,
    0xc6, 0xc5, 0xc2, 0xc2, 0xc2, 0xbe, 0xba, 0xba, 0xba, 0xb8, 0xb8, 0xba, 0xb8, 0xb8, 0xb8, 0xb8,
    0xb8, 0xb8, 0xb5, 0xb5, 0xb0, 0xb2, 0xb2, 0xb0, 0xb0, 0xb0, 0xb0, 0xaf, 0xaf, 0xa8, 0xa8, 0xa8,
    0xb2, 0xaf, 0xa8, 0xa8, 0xa4, 0xa4, 0xa4, 0xa3, 0xa1, 0xa1, 0xa1, 0x9e, 0x9e, 0x9e, 0x9b, 0x9b,
    0x97, 0x97, 0x97, 0x9b, 0x9b, 0x9e, 0x9b, 0x9b, 0x9e, 0x9b, 0x97, 0x97, 0x95, 0x95, 0x95, 0x97,
    0x95, 0x97, 0x97, 0x97, 0x97, 0x97, 0x93, 0x93, 0x93, 0x93, 0x95, 0x95, 0x8c, 0x8c, 0x8c, 0x8c,
    0x93, 0x93, 0x8c, 0x93, 0x93, 0x97, 0x97, 0x9b, 0x9b, 0x9e, 0xa1, 0xa1, 0xa1, 0xa1, 0xa1, 0xa9,
    0xac, 0xac, 0xb2, 0xb5, 0xb5, 0xb5, 0xb5, 0xb5, 0xb2, 0xb2, 0xaf, 0xaf, 0xb2, 0xb2, 0xb8, 0xb8,
    0xba, 0xbe, 0xbe, 0xc2, 0xc2, 0xbe, 0xbe, 0xbe, 0xba, 0xba, 0xba, 0xbe, 0xbe, 0xbe, 0xba, 0xba,
    0xbe, 0xbe, 0xc6, 0xc6, 0xc9, 0xc6, 0xc9, 0xc6, 0xc6, 0xc2, 0xc2, 0xc2, 0xc6, 0xc6, 0xc6, 0xc2,
    0xc2, 0xbe, 0xbe, 0xbe, 0xbe, 0xbe, 0xbe, 0xbe, 0xc2, 0xbe, 0xbe, 0xbe, 0xc2, 0xc2, 0xc2, 0xbe,
    0xbe, 0xbe, 0xbe, 0xc2, 0xc6, 0xc5, 0xc9, 0xc6, 0xc9, 0xcb, 0xcb, 0xcb, 0xcb, 0xc9, 0xc9, 0xc6,
    0xc2, 0xc2, 0xc6, 0xc6, 0xcb, 0x2b, 0x13, 0x1c, 0x3b, 0xcc, 0xcb, 0xcb, 0xcc, 0xce, 0xce, 0xd0,
    0x4c, 0x0d, 0x01, 0x02, 0x07, 0x01, 0x35, 0x53, 0x45, 0x1c, 0x02, 0x02, 0x01, 0x06, 0x3d, 0xd0,
    0xd0, 0xcf, 0xce, 0xce, 0xd0, 0xcc, 0xcf, 0xd0, 0xd0, 0xcf, 0xd0, 0xd0, 0xcf, 0xcf, 0xd0, 0xc9,
    0x32, 0x08, 0x12, 0x5f, 0x62, 0x1d, 0x68, 0x75, 0x89, 0x8e, 0x75, 0x0b, 0x4c, 0x48, 0x48, 0xc6,
    0x38, 0x47, 0xc9, 0xcb, 0xcb, 0xcb, 0xcb, 0xc6, 0xc9, 0xc9, 0xc5, 0xc9, 0xca, 0xcb, 0xcb, 0xc6,
    0xc6, 0xc2, 0xc2, 0xc2, 0xbe, 0xbe, 0xbe, 0xba, 0xb8, 0xb8, 0xb8, 0xb8, 0xba, 0xba, 0xb8, 0xb8,
    0xb8, 0xb8, 0xb5, 0xb8, 0xb0, 0xb0, 0xb0, 0xb0, 0xb0, 0xaf, 0xa8, 0xaf, 0xa8, 0xac, 0xa8, 0xa8,
    0xa8, 0xa8, 0xa8, 0xa8, 0xac, 0xa4, 0xa4, 0xa4, 0xa4, 0xa3, 0xa1, 0xa1, 0x9e, 0x9b, 0x9b, 0x9e,
    0x9b, 0x97, 0x97, 0x9b, 0x9b, 0x9b, 0x9b, 0x9b, 0x9e, 0x9b, 0x97, 0x97, 0x97, 0x93, 0x95, 0x97,
    0x93, 0x97, 0x97, 0x97, 0x93, 0x97, 0x93, 0x8c, 0x93, 0x8c, 0x95, 0x93, 0x8c, 0x8c, 0x93, 0x93,
    0x8c, 0x93, 0x93, 0x97, 0x97, 0x9b, 0x9e, 0x9e, 0xa1, 0xa3, 0xa3, 0xa9, 0xa3, 0xa1, 0xa1, 0xa9,
    0xac, 0xaf, 0xb2, 0xb5, 0xb8, 0xba, 0xba, 0xb8, 0xb2, 0xaf, 0xaf, 0xaf, 0xaf, 0xaf, 0xb2, 0xb2,
    0xb8, 0xba, 0xbe, 0xbe, 0xbe, 0xba, 0xba, 0xbe, 0xbe, 0xbe, 0xbe, 0xbe, 0xc2, 0xbe, 0xba, 0xba,
    0xbe, 0xbe, 0xc2, 0xc6, 0xc9, 0xc9, 0xc6, 0xc6, 0xc5, 0xc6, 0xc6, 0xc6, 0xc6, 0xc9, 0xc6, 0xc6,
    0xc2, 0xbe, 0xbe, 0xbe, 0xba, 0xba, 0xba, 0xbe, 0xbe, 0xbe, 0xc2, 0xbe, 0xc2, 0xc2, 0xc2, 0xbe,
    0xc2, 0xbe, 0xbe, 0xc2, 0xc6, 0xc6, 0xc5, 0xc9, 0xc9, 0xcb, 0xcb, 0xcb, 0xcb, 0xc9, 0xc6, 0xc6,
    0xc2, 0xc2, 0xc2, 0xc6, 0xbe, 0x0d, 0x7f, 0x6c, 0x18, 0x2a, 0xce, 0xcb, 0xcb, 0xcc, 0xcc, 0xce,
    0xcf, 0xd0, 0xd2, 0x47, 0x2c, 0x48, 0x4c, 0xd0, 0xd2, 0xd2, 0x47, 0x08, 0x4a, 0x48, 0xcc, 0xd0,
    0xcf, 0xd1, 0xd2, 0x45, 0x3d, 0xc2, 0xd1, 0xd0, 0xcf, 0xd0, 0xd0, 0xce, 0xd0, 0x48, 0x3b, 0x42,
    0x47, 0x13, 0x03, 0x0f, 0x17, 0x06, 0x17, 0x12, 0x65, 0x61, 0x12, 0x05, 0x21, 0x45, 0x45, 0x42,
    0xcc, 0xcc, 0xce, 0xce, 0xcc, 0xc9, 0xcb, 0xcb, 0xc6, 0xc9, 0xc6, 0xc9, 0xc9, 0xc9, 0xc6, 0xc9,
    0xc6, 0xc6, 0xc2, 0xbe, 0xc2, 0xbe, 0xbe, 0xba, 0xb8, 0xb8, 0xb8, 0xb8, 0xba, 0xb8, 0xb8, 0xb8,
    0xb8, 0xb8, 0xb5, 0xb5, 0xb5, 0xb0, 0xb2, 0xb0, 0xb0, 0xb0, 0xaf, 0xaf, 0xa8, 0xa8, 0xa8, 0xac,
    0xac, 0xac, 0xac, 0xa8, 0xa4, 0xa4, 0xa4, 0xa4, 0xa4, 0xa3, 0xa3, 0xa1, 0xa1, 0x9e, 0x9e, 0x9b,
    0x9b, 0x9b, 0x9b, 0x97, 0x97, 0x95, 0x95, 0x9b, 0x9b, 0x9b, 0x9b, 0x97, 0x97, 0x97, 0x93, 0x93,
    0x93, 0x93, 0x97, 0x93, 0x93, 0x97, 0x93, 0x93, 0x8c, 0x93, 0x93, 0x8c, 0x8c, 0x8c, 0x93, 0x93,
    0x93, 0x8c, 0x97, 0x97, 0x97, 0x9b, 0x9e, 0x9f, 0xa1, 0xa1, 0xa1, 0xa9, 0xa9, 0xa1, 0xa9, 0xac,
    0xaf, 0xaf, 0xb2, 0xb5, 0xb8, 0xbe, 0xbe, 0xb8, 0xb2, 0xac, 0xac, 0xac, 0xac, 0xac, 0xac, 0xaf,
    0xb5, 0xb8, 0xb8, 0xb8, 0xb8, 0xb5, 0xb5, 0xb8, 0xbe, 0xbe, 0xc2, 0xc2, 0xbe, 0xbe, 0xbe, 0xbe,
    0xbe, 0xc2, 0xc2, 0xc6, 0xc6, 0xc9, 0xc9, 0xc6, 0xc6, 0xc6, 0xc5, 0xc9, 0xc9, 0xcb, 0xc9, 0xc9,
    0xc2, 0xbe, 0xbe, 0xba, 0xb8, 0xb8, 0xb8, 0xba, 0xbe, 0xbe, 0xc2, 0xc2, 0xc2, 0xc2, 0xc2, 0xc2,
    0xc2, 0xc6, 0xc6, 0xc6, 0xc5, 0xc6, 0xc6, 0xc6, 0xc9, 0xcb, 0xcb, 0xcb, 0xcb, 0xca, 0xc9, 0xc6,
    0xc2, 0xbe, 0xc2, 0xc6, 0x31, 0x5f, 0xa0, 0xa5, 0xa5, 0x29, 0x21, 0xce, 0xce, 0xce, 0xce, 0xce,
    0xce, 0xce, 0xcc, 0xc6, 0x42, 0x45, 0x4a, 0xd1, 0xd0, 0x47, 0x42, 0x4a, 0xd0, 0xd0, 0xcf, 0xcf,
    0xd1, 0x3a, 0x13, 0x5f, 0x62, 0x14, 0x09, 0x2d, 0xd2, 0xd0, 0xce, 0xd0, 0x2e, 0x45, 0xcf, 0xcf,
    0xd0, 0x53, 0x06, 0x18, 0x08, 0x12, 0x05, 0x14, 0x75, 0x75, 0x0c, 0x03, 0x4a, 0xcb, 0x45, 0x45,
    0x40, 0x48, 0xcb, 0xce, 0xcc, 0xcc, 0xcb, 0xc9, 0xc9, 0xc6, 0xc9, 0xcb, 0xc9, 0xca, 0xc9, 0xc9,
    0xc5, 0xc6, 0xc2, 0xbe, 0xbe, 0xbe, 0xbe, 0xba, 0xb8, 0xb8, 0xb8, 0xb8, 0xb8, 0xb8, 0xb8, 0xb8,
    0xb8, 0xb8, 0xb5, 0xb0, 0xb0, 0xb0, 0xb0, 0xb2, 0xaf, 0xb0, 0xaf, 0xaf, 0xa8, 0xb0, 0xac, 0xac,
    0xac, 0xac, 0xa4, 0xa4, 0xa3, 0xa3, 0xa3, 0xa3, 0xa3, 0xa3, 0xa3, 0xa1, 0xa3, 0xa1, 0x9e, 0x9e,
    0x9b, 0x9b, 0x9b, 0x97, 0x97, 0x97, 0x97, 0x97, 0x97, 0x9b, 0x9b, 0x97, 0x9b, 0x97, 0x97, 0x93,
    0x95, 0x95, 0x95, 0x97, 0x97, 0x97, 0x97, 0x97, 0x97, 0x93, 0x93, 0x8c, 0x8c, 0x8c, 0x93, 0x97,
    0x97, 0x97, 0x97, 0x97, 0x9e, 0x9b, 0x9b, 0x9e, 0x9e, 0x9e, 0xa1, 0xa9, 0xa9, 0xa9, 0xac, 0xac,
    0xaf, 0xaf, 0xb2, 0xb2, 0xb8, 0xba, 0xba, 0xb5, 0xaf, 0xac, 0xac, 0xac, 0xac, 0xac, 0xa9, 0xac,
    0xaf, 0xaf, 0xb2, 0xb5, 0xb2, 0xb2, 0xaf, 0xb5, 0xba, 0xc2, 0xbe, 0xc2, 0xc2, 0xc2, 0xbe, 0xbe,
    0xbe, 0xbe, 0xbe, 0xc6, 0xc5, 0xc9, 0xc6, 0xc9, 0xc9, 0xc6, 0xc9, 0xc6, 0xc9, 0xcb, 0xcb, 0xc9,
    0xc6, 0xbe, 0xba, 0xb8, 0xb8, 0xb8, 0xb8, 0xba, 0xbe, 0xc2, 0xc6, 0xc2, 0xc2, 0xc2, 0xc2, 0xc2,
    0xc6, 0xc5, 0xc9, 0xc9, 0xc6, 0xc6, 0xc5, 0xc6, 0xc9, 0xc6, 0xc9, 0xcb, 0xcb, 0xc9, 0xc6, 0xc6,
    0xc2, 0xc2, 0xbe, 0xc2, 0x38, 0x14, 0x82, 0xc4, 0xb6, 0x28, 0x1a, 0x13, 0xc6, 0xd0, 0xd0, 0xcf,
    0xcf, 0xce, 0xcf, 0xd0, 0xd0, 0xd1, 0x50, 0x47, 0xd2, 0xd2, 0xd1, 0xcf, 0xcf, 0xd0, 0xd0, 0xd0,
    0x40, 0x0b, 0xaa, 0xc1, 0xc4, 0x98, 0x3c, 0x24, 0x2c, 0xcf, 0xce, 0xcf, 0xd0, 0xd0, 0xcf, 0xcf,
    0xd0, 0xd0, 0xd2, 0xd0, 0xd0, 0x40, 0x16, 0x04, 0x02, 0x13, 0x02, 0x13, 0x48, 0xc6, 0xcb, 0xce,
    0xcf, 0xce, 0xcc, 0xce, 0xce, 0xcc, 0xcc, 0xcb, 0xc9, 0xcb, 0xcb, 0xcb, 0xcb, 0xcb, 0xc9, 0xc6,
    0xc6, 0xc2, 0xc2, 0xbe, 0xbe, 0xba, 0xba, 0xba, 0xb8, 0xb8, 0xb0, 0xb8, 0xb8, 0xb8, 0xb8, 0xb8,
    0xb8, 0xb8, 0xb8, 0xb0, 0xb0, 0xb0, 0xb0, 0xaf, 0xaf, 0xaf, 0xaf, 0xaf, 0xaf, 0xa8, 0xa8, 0xa8,
    0xac, 0xa8, 0xac, 0xac, 0xa4, 0xa3, 0xa3, 0xa3, 0xa3, 0xa4, 0xa3, 0xa4, 0xa3, 0xa3, 0xa1, 0x9e,
    0xa1, 0x9e, 0x9e, 0x9e, 0x9e, 0x9e, 0xa1, 0x9e, 0xa1, 0xa3, 0xa3, 0xa3, 0xa9, 0xa3, 0xa1, 0x9e,
    0x9b, 0x9b, 0x9b, 0x9b, 0x9e, 0x9b, 0x97, 0x97, 0x97, 0x97, 0x97, 0x93, 0x93, 0x95, 0x9b, 0x9b,
    0x9b, 0x9b, 0x97, 0x9b, 0x9b, 0x9e, 0x9e, 0x9b, 0x9e, 0xa1, 0xa9, 0xac, 0xaf, 0xaf, 0xaf, 0xac,
    0xaf, 0xaf, 0xaf, 0xb2, 0xb2, 0xb5, 0xb2, 0xaf, 0xac, 0xa9, 0xac, 0xac, 0xac, 0xac, 0xac, 0xac,
    0xaf, 0xb2, 0xb2, 0xb5, 0xb5, 0xb2, 0xb2, 0xb2, 0xb5, 0xba, 0xbe, 0xc2, 0xc2, 0xc6, 0xc2, 0xc2,
    0xc2, 0xc2, 0xbe, 0xc2, 0xc2, 0xc5, 0xc9, 0xc6, 0xc6, 0xc6, 0xc9, 0xc9, 0xc9, 0xc9, 0xcb, 0xcb,
    0xc9, 0xc2, 0xbe, 0xba, 0xba, 0xba, 0xb8, 0xba, 0xbe, 0xbe, 0xc2, 0xc2, 0xc2, 0xc2, 0xc2, 0xc2,
    0xc2, 0xc6, 0xc5, 0xc9, 0xc9, 0xc6, 0xc2, 0xc2, 0xc5, 0xc6, 0xc9, 0xcb, 0xcb, 0xc9, 0xc9, 0xc6,
    0xc2, 0xc2, 0xbe, 0xbe, 0xc6, 0x14, 0x9a, 0xb6, 0xb3, 0x37, 0x26, 0x1c, 0x1c, 0x1e, 0x32, 0x50,
    0xd2, 0xd0, 0xd0, 0xd0, 0x47, 0x2a, 0x40, 0x5a, 0xd2, 0xd0, 0xcf, 0xd0, 0xcf, 0xce, 0xce, 0xcf,
    0x5f, 0xa0, 0xaa, 0xbc, 0xc4, 0x7f, 0x94, 0x39, 0x08, 0xd2, 0xcf, 0xce, 0xce, 0xce, 0xd0, 0xd0,
    0xd0, 0xd0, 0xd0, 0xcf, 0xd0, 0xd0, 0xd0, 0x3b, 0x0e, 0x1c, 0x3d, 0xcf, 0xcc, 0xcb, 0xcb, 0xcc,
    0xcc, 0xcc, 0xce, 0xcc, 0xcc, 0xcc, 0xcc, 0xcb, 0xcb, 0xcc, 0xcc, 0xcc, 0xcc, 0xcb, 0xc9, 0xc6,
    0xc6, 0xc2, 0xbe, 0xbe, 0xba, 0xb8, 0xb8, 0xb8, 0xb8, 0xb8, 0xb0, 0xb8, 0xb8, 0xb8, 0xb0, 0xb8,
    0xb8, 0xb8, 0xb8, 0xb0, 0xb0, 0xb0, 0xb0, 0xaf, 0xaf, 0xa8, 0xa8, 0xaf, 0xaf, 0xa8, 0xa8, 0xa8,
    0xa8, 0xa8, 0xac, 0xac, 0xac, 0xa9, 0xa3, 0xa9, 0xa3, 0xa3, 0xa4, 0xa4, 0xa3, 0xa3, 0xa1, 0xa1,
    0x9e, 0xa1, 0xa1, 0xa1, 0xa3, 0xa1, 0xa1, 0xa1, 0xa1, 0xa3, 0xa9, 0xa9, 0xa9, 0xa9, 0xa9, 0x9e,
    0x9e, 0x9e, 0x9e, 0x9e, 0x97, 0x97, 0x97, 0x93, 0x93, 0x93, 0x93, 0x93, 0x8c, 0x97, 0x97, 0x97,
    0x97, 0x97, 0x97, 0x97, 0x97, 0x97, 0x97, 0x97, 0x9e, 0xa1, 0xa1, 0xa9, 0xac, 0xaf, 0xaf, 0xac,
    0xac, 0xac, 0xaf, 0xaf, 0xaf, 0xaf, 0xac, 0xac, 0xac, 0xa9, 0xac, 0xac, 0xac, 0xac, 0xac, 0xac,
    0xb2, 0xb2, 0xb5, 0xba, 0xba, 0xb8, 0xb5, 0xb2, 0xb5, 0xb5, 0xbe, 0xc2, 0xc6, 0xc6, 0xc9, 0xc6,
    0xc6, 0xc2, 0xc2, 0xbe, 0xc2, 0xc2, 0xc6, 0xc6, 0xc6, 0xc5, 0xc6, 0xc6, 0xc9, 0xca, 0xc9, 0xcb,
    0xc6, 0xc2, 0xbe, 0xba, 0xba, 0xb8, 0xb8, 0xba, 0xbe, 0xbe, 0xbe, 0xc2, 0xc2, 0xc6, 0xc6, 0xc6,
    0xc6, 0xc6, 0xc6, 0xc5, 0xc6, 0xc2, 0xc2, 0xc2, 0xc6, 0xc6, 0xc5, 0xc9, 0xc9, 0xca, 0xc9, 0xc6,
    0xc6, 0xbe, 0xbe, 0xc2, 0xc9, 0x0e, 0x1d, 0xb6, 0xb6, 0xbc, 0xb6, 0x41, 0x82, 0x37, 0x33, 0x1e,
    0x1f, 0x32, 0x1c, 0x0f, 0x1d, 0x90, 0x89, 0x1e, 0xd1, 0xd0, 0xd0, 0xd0, 0xd1, 0xd0, 0xd2, 0x13,
    0x6c, 0xaa, 0x8a, 0xb6, 0xc8, 0xc1, 0x29, 0x1a, 0x65, 0x50, 0xd2, 0xcc, 0xd0, 0xce, 0xc9, 0xd0,
    0xd2, 0xd0, 0xcf, 0xd0, 0xcf, 0xce, 0xcc, 0xce, 0xcf, 0xce, 0xcc, 0xcb, 0xcb, 0xcc, 0xcb, 0xcb,
    0xcc, 0xcc, 0xce, 0xce, 0xcc, 0xcc, 0xce, 0xcc, 0xcc, 0xce, 0xce, 0xce, 0xcc, 0xcc, 0xc9, 0xc6,
    0xc6, 0xc2, 0xbe, 0xbe, 0xba, 0xb8, 0xb8, 0xb8, 0xb8, 0xb8, 0xb8, 0xb8, 0xb8, 0xb8, 0xb0, 0xb0,
    0xb0, 0xb8, 0xb5, 0xb5, 0xb0, 0xb0, 0xb0, 0xaf, 0xa8, 0xa8, 0xa8, 0xa8, 0xaf, 0xaf, 0xa8, 0xa8,
    0xa8, 0xac, 0xac, 0xac, 0xac, 0xac, 0xa9, 0xa3, 0xa1, 0xa1, 0xa3, 0xa3, 0xa3, 0xa1, 0xa1, 0xa3,
    0x9e, 0xa1, 0xa3, 0xa1, 0xa1, 0xa1, 0xa1, 0x9e, 0xa1, 0xa9, 0xa9, 0xa9, 0xa9, 0xa9, 0xa9, 0xa1,
    0xa1, 0x9e, 0x9e, 0x9b, 0x97, 0x93, 0x95, 0x93, 0x93, 0x8c, 0x8c, 0x93, 0x93, 0x97, 0x97, 0x95,
    0x97, 0x95, 0x93, 0x97, 0x97, 0x97, 0x9b, 0x9e, 0x9e, 0x9e, 0x9e, 0xa3, 0xa9, 0xa9, 0xaf, 0xaf,
    0xaf, 0xb2, 0xaf, 0xac, 0xac, 0xac, 0xac, 0xa9, 0xa9, 0xac, 0xac, 0xac, 0xac, 0xac, 0xac, 0xaf,
    0xb2, 0xb8, 0xba, 0xba, 0xbe, 0xb8, 0xb5, 0xb5, 0xb5, 0xb5, 0xb5, 0xbe, 0xc2, 0xc6, 0xc6, 0xc5,
    0xc6, 0xc6, 0xc2, 0xc2, 0xbe, 0xbe, 0xbe, 0xc2, 0xc2, 0xc2, 0xc2, 0xc6, 0xc6, 0xc9, 0xc9, 0xca,
    0xc9, 0xc6, 0xbe, 0xbe, 0xb8, 0xb8, 0xba, 0xba, 0xbe, 0xbe, 0xbe, 0xc2, 0xc6, 0xc9, 0xc6, 0xc9,
    0xc6, 0xc5, 0xc2, 0xc2, 0xc2, 0xc2, 0xbe, 0xc2, 0xc2, 0xbe, 0xc2, 0xc2, 0xc6, 0xc9, 0xcb, 0xc6,
    0xc9, 0xc2, 0xc9, 0xc9, 0xc9, 0x1c, 0x29, 0xc8, 0xc4, 0xbc, 0xc8, 0xcd, 0xbc, 0xbc, 0xb3, 0x37,
    0x26, 0x65, 0x1a, 0x13, 0x18, 0xa5, 0xb3, 0x37, 0x1b, 0xd0, 0xd2, 0xd1, 0x56, 0x5a, 0x1c, 0x75,
    0x9d, 0xb3, 0xa0, 0xb3, 0xc1, 0xc8, 0xc4, 0xc1, 0xbc, 0x2e, 0x4c, 0x43, 0x48, 0x48, 0xcb, 0xcf,
    0xd0, 0xd0, 0xce, 0xcc, 0xcc, 0xcc, 0xcc, 0xcb, 0xcb, 0xcc, 0xc9, 0xcb, 0xc9, 0xcb, 0xcb, 0xcb,
    0xcc, 0xcc, 0xcc, 0xce, 0xce, 0xce, 0xce, 0xce, 0xce, 0xce, 0xce, 0xcc, 0xcc, 0xcb, 0xcb, 0xc9,
    0xc5, 0xc6, 0xbe, 0xbe, 0xbe, 0xba, 0xb8, 0xb0, 0xb8, 0xb8, 0xb8, 0xb0, 0xb0, 0xb8, 0xb0, 0xb0,
    0xb0, 0xb0, 0xb5, 0xb0, 0xb0, 0xb0, 0xb0, 0xb0, 0xaf, 0xa8, 0xaf, 0xa8, 0xaf, 0xaf, 0xa8, 0xa8,
    0xa8, 0xac, 0xa4, 0xa9, 0xac, 0xa9, 0xa3, 0xa3, 0xa1, 0xa1, 0xa1, 0xa1, 0xa1, 0xa1, 0xa1, 0xa3,
    0x9e, 0xa1, 0xa1, 0x9e, 0x9e, 0x9e, 0x9e, 0x9e, 0xa1, 0xa3, 0xa9, 0xa9, 0xac, 0xa9, 0xa9, 0xa3,
    0x9e, 0x9e, 0x9e, 0x9b, 0x95, 0x95, 0x93, 0x8c, 0x8c, 0x93, 0x8c, 0x93, 0x97, 0x97, 0x97, 0x97,
    0x97, 0x97, 0x97, 0x97, 0x97, 0x97, 0x9b, 0x9e, 0xa1, 0xa1, 0xa1, 0xa3, 0xa3, 0xa9, 0xac, 0xaf,
    0xb2, 0xb5, 0xb5, 0xaf, 0xac, 0xac, 0xa9, 0xa9, 0xa9, 0xac, 0xac, 0xac, 0xac, 0xac, 0xac, 0xac,
    0xb2, 0xb5, 0xba, 0xbe, 0xbe, 0xba, 0xb8, 0xb8, 0xb5, 0xb5, 0xb8, 0xba, 0xbe, 0xbe, 0xc2, 0xc6,
    0xc6, 0xc6, 0xc6, 0xc2, 0xc2, 0xc2, 0xbe, 0xbe, 0xbe, 0xbe, 0xc2, 0xc2, 0xc6, 0xc5, 0xc9, 0xc6,
    0xc9, 0xc6, 0xc2, 0xbe, 0xba, 0xba, 0xba, 0xba, 0xbe, 0xbe, 0xbe, 0xc2, 0xc6, 0xc6, 0xc9, 0xc9,
    0xc6, 0xc6, 0xc2, 0xc2, 0xc2, 0xbe, 0xc2, 0xbe, 0xbe, 0xc2, 0xbe, 0xc2, 0xc5, 0xc6, 0xca, 0xc9,
    0xc9, 0x3b, 0x3b, 0x45, 0xcc, 0x1c, 0x3c, 0x57, 0xc4, 0xc1, 0xcd, 0x58, 0xcd, 0xc4, 0xbc, 0x3c,
    0x33, 0x13, 0x16, 0xc4, 0x13, 0x68, 0xa5, 0x6f, 0x5f, 0x08, 0x24, 0x50, 0x48, 0x1e, 0x28, 0x82,
    0xa5, 0x9d, 0x1c, 0x5f, 0xad, 0xa5, 0xbc, 0xc8, 0xcd, 0xbc, 0x2e, 0x50, 0xce, 0xcf, 0xd0, 0x53,
    0x3e, 0xce, 0xcc, 0xcb, 0xc6, 0xc9, 0xcb, 0xcb, 0xcb, 0xc9, 0xc6, 0xc6, 0xc9, 0xcb, 0xc9, 0xcb,
    0xcb, 0xcb, 0xcb, 0xcc, 0xcc, 0xce, 0xce, 0xce, 0xce, 0xce, 0xce, 0xce, 0xcc, 0xcb, 0xc9, 0xc6,
    0xc6, 0xc2, 0xbe, 0xbe, 0xbe, 0xba, 0xba, 0xb8, 0xb5, 0xb0, 0xb0, 0xb8, 0xb8, 0xb8, 0xb0, 0xb0,
    0xb0, 0xb0, 0xb0, 0xb0, 0xb5, 0xb0, 0xb0, 0xaf, 0xa8, 0xa8, 0xa8, 0xac, 0xa8, 0xa8, 0xa8, 0xa8,
    0xac, 0xac, 0xa4, 0xa4, 0xa9, 0xa9, 0xa4, 0xa3, 0xa1, 0xa1, 0xa1, 0x9e, 0x9e, 0xa1, 0x9e, 0x9e,
    0xa1, 0xa1, 0x9e, 0x9e, 0x9b, 0x9b, 0x97, 0x9e, 0x9e, 0xa1, 0xa1, 0xa3, 0xa9, 0xa9, 0xa9, 0xa1,
    0xa1, 0x9e, 0x9e, 0x9b, 0x9b, 0x9b, 0x97, 0x97, 0x97, 0x97, 0x97, 0x97, 0x97, 0x97, 0x9b, 0x9e,
    0x9b, 0x9b, 0x9b, 0x97, 0x9b, 0xa1, 0xa1, 0xa1, 0xa3, 0xa1, 0xa3, 0xa9, 0xa9, 0xa9, 0xa9, 0xac,
    0xaf, 0xb2, 0xb2, 0xaf, 0xac, 0xa9, 0xa9, 0xa9, 0xa9, 0xa9, 0xa9, 0xac, 0xac, 0xac, 0xac, 0xaf,
    0xb2, 0xb5, 0xb8, 0xbe, 0xbe, 0xbe, 0xba, 0xb8, 0xb5, 0xb5, 0xb5, 0xb8, 0xba, 0xbe, 0xbe, 0xc2,
    0xc2, 0xc6, 0xc6, 0xc2, 0xbe, 0xbe, 0xbe, 0xbe, 0xbe, 0xbe, 0xbe, 0xbe, 0xc2, 0xc2, 0xc6, 0xc6,
    0xc6, 0xc6, 0xc6, 0xc2, 0xbe, 0xbe, 0xba, 0xba, 0xbe, 0xbe, 0xbe, 0xc2, 0xc5, 0xc9, 0xc9, 0xc6,
    0xc9, 0xc6, 0xc6, 0xc2, 0xc2, 0xbe, 0xbe, 0xbe, 0xc2, 0xbe, 0xbe, 0xbe, 0xc2, 0xc6, 0x42, 0x45,
    0xcb, 0xc2, 0x45, 0x42, 0x40, 0x1c, 0xbc, 0xc8, 0xc1, 0x46, 0xb6, 0xb6, 0xaa, 0xaa, 0xb6, 0xad,
    0x1a, 0x1e, 0x37, 0x39, 0x24, 0x06, 0x20, 0x91, 0x7f, 0x6f, 0x2f, 0x16, 0x17, 0x9d, 0xb6, 0x9a,
    0x94, 0x18, 0x48, 0x3f, 0x13, 0xa0, 0xc1, 0xc1, 0xc4, 0xa5, 0x98, 0x1e, 0x4e, 0x48, 0xcb, 0xcf,
    0xd0, 0xd0, 0xce, 0xcb, 0xc6, 0xbe, 0xbe, 0xbe, 0xc2, 0xc6, 0xc9, 0xc6, 0xc9, 0xcb, 0xcb, 0xcb,
    0xcb, 0xcb, 0xcb, 0xcb, 0xcb, 0xcc, 0xce, 0xcc, 0xce, 0xce, 0xce, 0xce, 0xcc, 0xcb, 0xc9, 0xc6,
    0xc6, 0xc2, 0xc2, 0xbe, 0xbe, 0xbe, 0xba, 0xba, 0xb8, 0xb8, 0xb8, 0xb8, 0xb8, 0xb8, 0xb8, 0xb0,
    0xb0, 0xb0, 0xb0, 0xb0, 0xb0, 0xb0, 0xb0, 0xb0, 0xaf, 0xa8, 0xa8, 0xac, 0xac, 0xa8, 0xa8, 0xa8,
    0xac, 0xa4, 0xa4, 0xa4, 0xa4, 0xa4, 0xa4, 0xa3, 0xa1, 0xa1, 0x9e, 0x9e, 0x9e, 0x9e, 0x9e, 0x9b,
    0xa1, 0x9e, 0x9e, 0x9e, 0x9b, 0x9b, 0x9e, 0xa1, 0xa1, 0xa1, 0xa1, 0xa9, 0xa3, 0xa3, 0xa3, 0xa1,
    0xa1, 0x9e, 0x9b, 0x9b, 0x9b, 0x9b, 0x9b, 0x97, 0x97, 0x97, 0x97, 0x97, 0x97, 0x97, 0x9b, 0x9e,
    0x9b, 0x97, 0x9b, 0x9e, 0xa3, 0xa9, 0xa1, 0xa1, 0xa1, 0xa1, 0xa3, 0xa9, 0xa9, 0xa9, 0xa9, 0xac,
    0xaf, 0xaf, 0xaf, 0xac, 0xac, 0xa9, 0xa9, 0xa3, 0xa3, 0xa3, 0xa3, 0xa9, 0xac, 0xac, 0xac, 0xaf,
    0xb2, 0xb2, 0xb5, 0xb8, 0xb8, 0xba, 0xba, 0xb8, 0xb5, 0xb5, 0xb5, 0xb8, 0xb5, 0xb8, 0xba, 0xba,
    0xbe, 0xc2, 0xc2, 0xbe, 0xbe, 0xba, 0xba, 0xb8, 0xba, 0xba, 0xbe, 0xbe, 0xbe, 0xbe, 0xc2, 0xc6,
    0xc6, 0xc6, 0xc6, 0xc6, 0xc2, 0xbe, 0xbe, 0xba, 0xbe, 0xbe, 0xbe, 0xbe, 0xc6, 0xc9, 0xc6, 0xcb,
    0xc6, 0xc9, 0xc6, 0xc6, 0xc2, 0xbe, 0xc2, 0xbe, 0xbe, 0xbe, 0xc2, 0xbe, 0xbe, 0xc2, 0xc6, 0xc6,
    0xc9, 0xbe, 0x45, 0xc2, 0xcf, 0x1e, 0x1c, 0x39, 0x2a, 0x32, 0x1e, 0x3c, 0x2f, 0x9d, 0x87, 0x82,
    0x1a, 0x18, 0x4b, 0x14, 0x29, 0x17, 0x0d, 0x91, 0x9a, 0x6f, 0x82, 0x39, 0x82, 0x90, 0x98, 0x87,
    0x16, 0x3c, 0x44, 0x26, 0x17, 0xbc, 0xbc, 0xaa, 0xb3, 0x98, 0x3c, 0x09, 0x25, 0x45, 0x4e, 0x40,
    0x3d, 0x1b, 0x2a, 0x45, 0xbe, 0xc6, 0xbe, 0xc9, 0xcb, 0xc9, 0xcb, 0xc9, 0xca, 0xcc, 0xcb, 0xcb,
    0xcb, 0xcb, 0xc9, 0xc9, 0xc9, 0xcb, 0xcb, 0xcc, 0xce, 0xce, 0xce, 0xce, 0xcc, 0xcb, 0xc9, 0xc5,
    0xc2, 0xc2, 0xbe, 0xbe, 0xbe, 0xba, 0xba, 0xba, 0xba, 0xb8, 0xb8, 0xb8, 0xba, 0xb8, 0xb8, 0xb0,
    0xb5, 0xb0, 0xb0, 0xb0, 0xb0, 0xb0, 0xb0, 0xb0, 0xaf, 0xaf, 0xa8, 0xa8, 0xa8, 0xa8, 0xa8, 0xa8,
    0xac, 0xa4, 0xa4, 0xa4, 0xa3, 0xa3, 0xa4, 0xa3, 0xa1, 0xa1, 0x9e, 0x9e, 0x9e, 0x9e, 0x9e, 0x9b,
    0xa1, 0x9e, 0x9e, 0x9e, 0x9e, 0x9e, 0x9e, 0x9e, 0xa1, 0xa1, 0xa1, 0xa1, 0xa1, 0xa1, 0xa3, 0xa1,
    0xa1, 0x9e, 0x9e, 0x9b, 0x9b, 0x9b, 0x9b, 0x9b, 0x9b, 0x9b, 0x97, 0x97, 0x97, 0x97, 0x97, 0x97,
    0x97, 0x9b, 0x9b, 0x9e, 0xa3, 0xa1, 0xa1, 0xa1, 0xa1, 0xa3, 0xa9, 0xa9, 0xa9, 0xa9, 0xa9, 0xac,
    0xac, 0xac, 0xac, 0xac, 0xa9, 0xa9, 0xa9, 0xa3, 0xa3, 0xa9, 0xa3, 0xa3, 0xa3, 0xac, 0xac, 0xaf,
    0xb2, 0xaf, 0xaf, 0xb2, 0xb5, 0xb8, 0xba, 0xba, 0xba, 0xb8, 0xb8, 0xb5, 0xb5, 0xb5, 0xb8, 0xb8,
    0xba, 0xbe, 0xc2, 0xbe, 0xba, 0xb5, 0xb5, 0xb5, 0xb8, 0xb8, 0xba, 0xbe, 0xbe, 0xbe, 0xbe, 0xbe,
    0xbe, 0xc2, 0xc2, 0xc2, 0xc2, 0xbe, 0xbe, 0xba, 0xba, 0xbe, 0xbe, 0xbe, 0xc6, 0xc6, 0xc9, 0xc9,
    0xc9, 0xc9, 0xc6, 0xc6, 0xc6, 0xc6, 0xc2, 0xbe, 0xc2, 0xbe, 0xc2, 0xbe, 0xbe, 0xbe, 0xc2, 0xc6,
    0xc6, 0x32, 0x2c, 0x40, 0x2a, 0x16, 0x08, 0x2c, 0x1f, 0x1c, 0xc1, 0x3c, 0x06, 0x16, 0x1e, 0xb3,
    0x82, 0x28, 0x3c, 0x5d, 0x0d, 0x12, 0x08, 0x82, 0x7f, 0x75, 0x5f, 0x0a, 0x10, 0x65, 0x2f, 0x65,
    0x14, 0x41, 0x1d, 0x0a, 0x04, 0x13, 0x8a, 0x9a, 0x85, 0x62, 0x5f, 0x10, 0x19, 0x1f, 0x35, 0x38,
    0xcc, 0xcc, 0xce, 0xcb, 0xcb, 0xcb, 0xc9, 0xc9, 0xc9, 0xc9, 0xc9, 0xcb, 0xcb, 0xcb, 0xcb, 0xcb,
    0xcc, 0xcb, 0xcb, 0xcb, 0xc9, 0xc9, 0xcb, 0xce, 0xcf, 0xce, 0xce, 0xce, 0xcc, 0xcb, 0xc9, 0xc6,
    0xc2, 0xc2, 0xc2, 0xbe, 0xbe, 0xba, 0xba, 0xb8, 0xb8, 0xb8, 0xb8, 0xb8, 0xba, 0xba, 0xb8, 0xb8,
    0xb8, 0xb8, 0xb0, 0xb0, 0xb0, 0xaf, 0xaf, 0xaf, 0xaf, 0xaf, 0xaf, 0xaf, 0xa8, 0xa8, 0xa8, 0xac,
    0xa4, 0xa4, 0xa4, 0xa3, 0xa3, 0xa3, 0xa3, 0xa3, 0xa1, 0xa1, 0xa1, 0x9e, 0x9b, 0x9b, 0x9b, 0x9e,
    0x9e, 0x9e, 0x9e, 0x9e, 0x9e, 0x9e, 0x9e, 0x9e, 0xa1, 0x9e, 0x9e, 0x9e, 0x9e, 0x9b, 0xa1, 0xa1,
    0xa3, 0xa1, 0x9e, 0x9e, 0x9e, 0x9e, 0x9e, 0xa1, 0x9e, 0x9e, 0x9b, 0x97, 0x97, 0x97, 0x93, 0x97,
    0x9b, 0x9b, 0x9e, 0x9e, 0xa3, 0xa1, 0xa1, 0xa1, 0x9e, 0xa1, 0xa9, 0xa9, 0xa9, 0xac, 0xac, 0xac,
    0xac, 0xac, 0xac, 0xac, 0xac, 0xa9, 0xa9, 0xa9, 0xa3, 0xa1, 0x9e, 0xa1, 0xa3, 0xa9, 0xac, 0xa9,
    0xac, 0xac, 0xaf, 0xaf, 0xac, 0xaf, 0xb5, 0xb8, 0xba, 0xba, 0xb8, 0xb8, 0xb5, 0xb8, 0xb5, 0xb8,
    0xba, 0xbe, 0xbe, 0xbe, 0xba, 0xba, 0xb8, 0xb8, 0xb8, 0xb8, 0xba, 0xbe, 0xbe, 0xbe, 0xba, 0xba,
    0xba, 0xbe, 0xbe, 0xc2, 0xc2, 0xc2, 0xbe, 0xbe, 0xba, 0xbe, 0xbe, 0xc2, 0xc6, 0xc6, 0xcb, 0xcb,
    0xcb, 0xc9, 0xcb, 0xc6, 0xc9, 0xc6, 0xc2, 0xc2, 0xc2, 0xbe, 0xc2, 0xc2, 0xc2, 0xc2, 0xbe, 0xc2,
    0xc5, 0xc9, 0xc6, 0xbe, 0xc9, 0xcc, 0x31, 0x08, 0x05, 0x13, 0x15, 0x0c, 0x01, 0x02, 0x39, 0x33,
    0xa5, 0x21, 0x26, 0x1d, 0x12, 0x13, 0x17, 0x37, 0x2f, 0x61, 0x29, 0x41, 0x10, 0x0f, 0x0b, 0x29,
    0x12, 0x18, 0x2f, 0x20, 0x26, 0x17, 0x0f, 0x8a, 0x91, 0x7f, 0x7f, 0x26, 0x09, 0x13, 0x1c, 0x5a,
    0xd0, 0xd0, 0x47, 0xc6, 0xd0, 0xcf, 0xcb, 0xc6, 0xc9, 0xcb, 0xcb, 0xcb, 0xcb, 0xcb, 0xcb, 0xcb,
    0xcb, 0xcb, 0xcb, 0xc5, 0xcb, 0xc9, 0xc9, 0xcc, 0xce, 0xce, 0xce, 0xce, 0xcc, 0xcb, 0xc9, 0xc6,
    0xc2, 0xc2, 0xbe, 0xbe, 0xbe, 0xba, 0xba, 0xba, 0xb8, 0xb8, 0xb8, 0xb8, 0xb8, 0xb8, 0xb8, 0xb8,
    0xb8, 0xb5, 0xb5, 0xb0, 0xb0, 0xb0, 0xaf, 0xaf, 0xaf, 0xaf, 0xaf, 0xa8, 0xa8, 0xa8, 0xa8, 0xa4,
    0xa4, 0xa4, 0xa3, 0xa3, 0xa3, 0xa3, 0xa1, 0xa1, 0xa1, 0xa1, 0x9e, 0x9b, 0x9b, 0x9b, 0x9b, 0x9b,
    0x9e, 0x9e, 0x9b, 0x9e, 0x9e, 0xa1, 0xa1, 0xa3, 0xa1, 0x9e, 0x9b, 0x9b, 0x9b, 0x9e, 0x9e, 0x9e,
    0xa1, 0xa1, 0xa1, 0xa1, 0xa3, 0xa3, 0xa1, 0xa1, 0xa1, 0x9e, 0x9b, 0x97, 0x97, 0x93, 0x97, 0x97,
    0x9b, 0x9e, 0x9e, 0xa1, 0xa1, 0xa1, 0x9e, 0x9e, 0x9e, 0xa1, 0xa9, 0xa9, 0xa9, 0xa9, 0xa9, 0xac,
    0xa9, 0xac, 0xac, 0xa9, 0xac, 0xac, 0xac, 0xa9, 0xa3, 0xa1, 0x9e, 0xa1, 0xa3, 0xa9, 0xac, 0xac,
    0xaf, 0xaf, 0xaf, 0xaf, 0xac, 0xac, 0xaf, 0xb5, 0xb8, 0xba, 0xb8, 0xb8, 0xb8, 0xb8, 0xb5, 0xb5,
    0xb8, 0xba, 0xba, 0xba, 0xbe, 0xba, 0xba, 0xb8, 0xb8, 0xb8, 0xb8, 0xba, 0xbe, 0xbe, 0xbe, 0xba,
    0xba, 0xba, 0xbe, 0xbe, 0xc2, 0xc2, 0xc6, 0xc6, 0xc2, 0xc2, 0xc2, 0xbe, 0xc6, 0xc9, 0xcb, 0xcc,
    0xcb, 0xcb, 0xc9, 0xc9, 0xc6, 0xc9, 0xc9, 0xc6, 0xc6, 0xc2, 0xc2, 0xc2, 0xc6, 0xc6, 0xbe, 0xc2,
    0xc2, 0xc2, 0xc6, 0xc9, 0xc6, 0xc6, 0xcb, 0xce, 0xd0, 0xcf, 0xcf, 0xd0, 0x50, 0x0b, 0x0e, 0x1d,
    0x90, 0xb6, 0x1a, 0x03, 0x07, 0x12, 0x6f, 0x37, 0x68, 0x13, 0x82, 0x41, 0x39, 0x13, 0x3c, 0x44,
    0x03, 0x10, 0x26, 0x29, 0x18, 0x0a, 0x03, 0x60, 0x67, 0x7f, 0x63, 0x20, 0x65, 0x77, 0x75, 0x2c,
    0xd2, 0xd0, 0xcf, 0xcf, 0xce, 0xce, 0xcc, 0xcb, 0xca, 0xc9, 0xcb, 0xcb, 0xcc, 0xcb, 0xcb, 0xcb,
    0xcb, 0xcb, 0xcb, 0xcb, 0xcb, 0xca, 0xc9, 0xcb, 0xce, 0xcf, 0xcf, 0xce, 0xcc, 0xcb, 0xcb, 0xc6,
    0xc6, 0xc2, 0xbe, 0xbe, 0xba, 0xba, 0xba, 0xba, 0xb8, 0xb8, 0xb8, 0xb5, 0xb5, 0xb5, 0xb0, 0xb0,
    0xb5, 0xb8, 0xb8, 0xb5, 0xb0, 0xb0, 0xaf, 0xa8, 0xaf, 0xaf, 0xa8, 0xa8, 0xa8, 0xac, 0xa8, 0xa8,
    0xa4, 0xa4, 0xa3, 0xa3, 0x9e, 0xa1, 0xa1, 0x9e, 0x9e, 0x9e, 0x9e, 0x9b, 0x9b, 0x95, 0x97, 0x97,
    0xa3, 0x9e, 0x9e, 0x9e, 0xa1, 0xa1, 0xa3, 0xa3, 0xa1, 0xa1, 0x9b, 0x9b, 0x9b, 0x9b, 0xa1, 0x9e,
    0x9e, 0xa1, 0x9e, 0xa1, 0xa1, 0xa9, 0xa3, 0xa1, 0xa1, 0xa1, 0x9b, 0x97, 0x95, 0x97, 0x97, 0x97,
    0x9b, 0xa1, 0xa1, 0xa1, 0xa1, 0xa1, 0x9e, 0x9e, 0x9e, 0xa1, 0xa3, 0xa1, 0xa9, 0xac, 0xac, 0xac,
    0xac, 0xac, 0xac, 0xaf, 0xaf, 0xaf, 0xac, 0xac, 0xa9, 0xa3, 0xa1, 0xa1, 0xa1, 0xa9, 0xaf, 0xaf,
    0xb2, 0xb2, 0xaf, 0xaf, 0xac, 0xaf, 0xaf, 0xaf, 0xb2, 0xb5, 0xb8, 0xb8, 0xba, 0xb8, 0xb5, 0xb5,
    0xb5, 0xb8, 0xba, 0xbe, 0xbe, 0xbe, 0xbe, 0xba, 0xb8, 0xb8, 0xb5, 0xb8, 0xbe, 0xbe, 0xbe, 0xbe,
    0xbe, 0xbe, 0xba, 0xbe, 0xbe, 0xc2, 0xc9, 0xc9, 0xc6, 0xc6, 0xc6, 0xc2, 0xc6, 0xc9, 0xcb, 0xcc,
    0xcc, 0xcb, 0xc9, 0xc6, 0xc9, 0xc9, 0xc9, 0xc9, 0xc6, 0xc6, 0xc2, 0xbe, 0xc2, 0xc6, 0xc2, 0xc2,
    0xbe, 0xc2, 0xc2, 0xc6, 0xc5, 0xc6, 0xc6, 0xc9, 0xc9, 0xc9, 0xcb, 0xcb, 0xcc, 0xcf, 0x06, 0x0b,
    0x68, 0x98, 0x9a, 0x13, 0x75, 0x89, 0x2f, 0x9d, 0x10, 0x37, 0x29, 0x12, 0x14, 0x08, 0x0b, 0x3f,
    0x0a, 0x0e, 0x33, 0x5f, 0x1d, 0x5f, 0x05, 0x6f, 0x91, 0xaa, 0xb3, 0x94, 0x1c, 0x1d, 0x29, 0x16,
    0xcf, 0xcf, 0xcc, 0xcf, 0xcb, 0xce, 0xce, 0xcc, 0xcc, 0xcc, 0xcc, 0xcb, 0xcc, 0xcc, 0xcc, 0xcc,
    0xcc, 0xcc, 0xcc, 0xcc, 0xcc, 0xcc, 0xcb, 0xcb, 0xce, 0xcf, 0xcf, 0xcf, 0xcc, 0xcb, 0xc9, 0xc6,
    0xc6, 0xc2, 0xbe, 0xba, 0xba, 0xba, 0xba, 0xba, 0xb8, 0xb0, 0xb0, 0xb0, 0xb0, 0xb0, 0xb0, 0xb0,
    0xb0, 0xb5, 0xb8, 0xb5, 0xb0, 0xb0, 0xa8, 0xa8, 0xa8, 0xa8, 0xa8, 0xa8, 0xa8, 0xa8, 0xa8, 0xa8,
    0xac, 0xa4, 0xa3, 0xa1, 0xa1, 0xa1, 0xa1, 0xa1, 0x9e, 0x9e, 0x9b, 0x9b, 0x9b, 0x97, 0x97, 0x97,
    0xa1, 0xa1, 0x9e, 0xa1, 0xa1, 0xa1, 0xa1, 0xa1, 0xa1, 0x9e, 0x9e, 0x9b, 0x97, 0x97, 0x9b, 0x9e,
    0x9e, 0x9e, 0xa1, 0xa3, 0xa3, 0xa3, 0xa1, 0x9e, 0x9e, 0x9e, 0x9b, 0x97, 0x97, 0x95, 0x97, 0x97,
    0x97, 0x9e, 0xa1, 0x9e, 0xa1, 0xa1, 0xa1, 0x9e, 0x9e, 0xa1, 0xa1, 0xa1, 0xa9, 0xac, 0xac, 0xac,
    0xaf, 0xaf, 0xaf, 0xaf, 0xaf, 0xaf, 0xac, 0xac, 0xac, 0xa3, 0xa1, 0xa1, 0xa1, 0xa3, 0xa9, 0xaf,
    0xb2, 0xb2, 0xaf, 0xaf, 0xac, 0xaf, 0xaf, 0xac, 0xaf, 0xb2, 0xb5, 0xb8, 0xb8, 0xb5, 0xb5, 0xb5,
    0xb5, 0xb5, 0xba, 0xbe, 0xc2, 0xc2, 0xc2, 0xbe, 0xba, 0xb8, 0xba, 0xba, 0xbe, 0xbe, 0xc2, 0xc2,
    0xc2, 0xbe, 0xba, 0xba, 0xbe, 0xc2, 0xc6, 0xc6, 0xc9, 0xc6, 0xc9, 0xc6, 0xc5, 0xc9, 0xcb, 0xcc,
    0xcb, 0xcb, 0xc9, 0xc6, 0xc6, 0xcb, 0xcc, 0xcc, 0xcb, 0xc9, 0xc6, 0xc6, 0xc9, 0xbe, 0xb8, 0xbe,
    0xc6, 0xc2, 0xbe, 0xc2, 0xc6, 0xc9, 0xc9, 0xc6, 0xc9, 0xcb, 0xcb, 0xcc, 0xcc, 0xcc, 0xc6, 0x03,
    0x04, 0x05, 0x75, 0x9a, 0x67, 0x77, 0x7f, 0x20, 0x0b, 0x37, 0x20, 0x5f, 0x07, 0x07, 0x17, 0x0a,
    0x0a, 0x13, 0x33, 0x14, 0x32, 0x26, 0x04, 0x1d, 0x94, 0x91, 0xb6, 0xaa, 0x9a, 0x7b, 0x8e, 0x17,
    0xcc, 0xce, 0xcf, 0xcc, 0xcc, 0xcb, 0xcb, 0xcc, 0xcc, 0xcc, 0xcc, 0xcb, 0xcb, 0xcc, 0xcb, 0xce,
    0xce, 0xce, 0xce, 0xce, 0xce, 0xcc, 0xcc, 0xcb, 0xcc, 0xce, 0xce, 0xcf, 0xce, 0xcb, 0xc9, 0xc6,
    0xc2, 0xc2, 0xc2, 0xbe, 0xbe, 0xba, 0xba, 0xba, 0xb8, 0xb0, 0xb0, 0xb0, 0xb0, 0xb0, 0xb0, 0xb0,
    0xb0, 0xb0, 0xb8, 0xb0, 0xb0, 0xb0, 0xb0, 0xa8, 0xa8, 0xa8, 0xaf, 0xa8, 0xa8, 0xaf, 0xaf, 0xac,
    0xac, 0xa4, 0xa4, 0xa3, 0x9f, 0xa1, 0xa1, 0xa1, 0xa1, 0x9e, 0x9e, 0x9b, 0x9b, 0x9b, 0x95, 0x97,
    0xa3, 0xa3, 0xa3, 0xa3, 0xa1, 0xa1, 0xa1, 0xa1, 0x9e, 0x9e, 0x9b, 0x97, 0x97, 0x97, 0x97, 0x9b,
    0x9e, 0xa3, 0xa1, 0xa3, 0xa1, 0xa1, 0xa1, 0x9e, 0x9e, 0x9b, 0x9b, 0x9e, 0x9b, 0x97, 0x97, 0x9b,
    0x9b, 0x9e, 0x9e, 0x9e, 0xa1, 0xa1, 0xa1, 0xa1, 0xa1, 0xa3, 0xa1, 0xa1, 0xa1, 0xa3, 0xa9, 0xac,
    0xaf, 0xaf, 0xaf, 0xaf, 0xaf, 0xaf, 0xac, 0xac, 0xac, 0xa9, 0xa3, 0xa1, 0xa1, 0xa1, 0xa3, 0xa9,
    0xac, 0xaf, 0xaf, 0xaf, 0xb2, 0xaf, 0xaf, 0xaf, 0xaf, 0xaf, 0xb5, 0xb8, 0xb8, 0xb8, 0xb5, 0xb5,
    0xb5, 0xb5, 0xb8, 0xba, 0xbe, 0xc2, 0xc2, 0xbe, 0xbe, 0xba, 0xba, 0xba, 0xba, 0xbe, 0xc2, 0xc2,
    0xbe, 0xbe, 0xbe, 0xbe, 0xbe, 0xbe, 0xc2, 0xc6, 0xc6, 0xc9, 0xc9, 0xc6, 0xc9, 0xc6, 0xc9, 0xcb,
    0xcb, 0xc9, 0xc6, 0xc5, 0xc6, 0xc9, 0xcb, 0xcc, 0xcc, 0xcb, 0xc6, 0xc6, 0xc2, 0xc6, 0xc6, 0xbe,
    0xbe, 0xc2, 0xc6, 0xc2, 0xc6, 0xc6, 0xc5, 0xc9, 0xc9, 0xcb, 0xcc, 0x42, 0x47, 0xcc, 0xcf, 0xc9,
    0x08, 0x03, 0x09, 0x2f, 0x7f, 0x90, 0xad, 0x20, 0x17, 0x20, 0x3c, 0x39, 0x0b, 0x18, 0x2c, 0x44,
    0x0f, 0x08, 0x17, 0x04, 0x18, 0x1a, 0x0d, 0x13, 0x1d, 0xad, 0xb6, 0xb3, 0x98, 0x61, 0x28, 0x13,
    0xd0, 0xcc, 0xcc, 0xcc, 0xcc, 0xcc, 0xcb, 0xcb, 0xcb, 0xcc, 0xcb, 0xcb, 0xcb, 0xcb, 0xcc, 0xcc,
    0xce, 0xce, 0xce, 0xce, 0xce, 0xce, 0xcc, 0xcc, 0xcc, 0xcc, 0xce, 0xce, 0xce, 0xcc, 0xc9, 0xc6,
    0xc2, 0xbe, 0xbe, 0xbe, 0xbe, 0xba, 0xba, 0xb8, 0xb8, 0xb8, 0xb0, 0xb0, 0xb0, 0xb0, 0xb0, 0xb0,
    0xb0, 0xb0, 0xb0, 0xb0, 0xb0, 0xb0, 0xb0, 0xa8, 0xa8, 0xa8, 0xa8, 0xa8, 0xaf, 0xaf, 0xaf, 0xac,
    0xac, 0xa4, 0xa3, 0xa3, 0xa1, 0x9e, 0xa1, 0xa1, 0xa1, 0x9e, 0x9e, 0x9b, 0x9b, 0x9b, 0x95, 0x95,
    0xac, 0xa9, 0xa3, 0xa3, 0xa3, 0xa1, 0xa1, 0xa1, 0x9e, 0x9e, 0x9b, 0x97, 0x97, 0x97, 0x97, 0x9b,
    0x9e, 0xa9, 0xa9, 0xa3, 0xa1, 0xa1, 0x9e, 0x9e, 0x9e, 0x9e, 0x9e, 0x9e, 0x9e, 0x9e, 0x9b, 0x9e,
    0xa1, 0xa1, 0xa1, 0xa1, 0xa1, 0xa1, 0xa3, 0xa1, 0xa1, 0xa1, 0xa1, 0xa1, 0x9e, 0xa1, 0xa9, 0xa9,
    0xac, 0xac, 0xac, 0xac, 0xac, 0xac, 0xaf, 0xac, 0xac, 0xac, 0xa9, 0xa3, 0xa3, 0xa1, 0xa1, 0xa3,
    0xa9, 0xac, 0xb2, 0xb5, 0xb2, 0xb2, 0xaf, 0xaf, 0xaf, 0xb2, 0xb2, 0xb8, 0xb8, 0xb8, 0xb8, 0xb5,
    0xb5, 0xb8, 0xb8, 0xb8, 0xbe, 0xc2, 0xc2, 0xc2, 0xbe, 0xba, 0xba, 0xba, 0xbe, 0xbe, 0xc2, 0xc2,
    0xc2, 0xbe, 0xbe, 0xbe, 0xbe, 0xbe, 0xbe, 0xc6, 0xc9, 0xc6, 0xc9, 0xc6, 0xc6, 0xc6, 0xc5, 0xc9,
    0xc9, 0xc6, 0xc9, 0xc2, 0xc2, 0xc6, 0xc9, 0xc9, 0xcb, 0xc9, 0xc9, 0xc5, 0xc2, 0xc2, 0xc2, 0xc6,
    0xc6, 0xc6, 0xc6, 0xc6, 0xc5, 0xc6, 0xc6, 0x32, 0x3b, 0x40, 0xc6, 0xcc, 0xcc, 0xcc, 0x42, 0xc9,
    0x4e, 0x36, 0x03, 0x0d, 0x1d, 0xa0, 0xc1, 0x0c, 0x2c, 0x1d, 0x44, 0x06, 0x2f, 0xad, 0x2c, 0x4a,
    0x2c, 0x05, 0x09, 0x41, 0x08, 0x0a, 0x12, 0x5d, 0x1e, 0x2f, 0x39, 0x21, 0x1a, 0x12, 0x18, 0x02,
    0x47, 0x42, 0xc2, 0xc6, 0xcb, 0xcc, 0xcb, 0xc9, 0xc9, 0xcb, 0xcb, 0xcb, 0xcb, 0xcb, 0xcb, 0xcb,
    0xcb, 0xcc, 0xcc, 0xcc, 0xcc, 0xce, 0xcc, 0xcc, 0xcc, 0xcb, 0xcc, 0xcc, 0xce, 0xcc, 0xc9, 0xc5,
    0xc2, 0xbe, 0xbe, 0xbe, 0xba, 0xba, 0xb8, 0xb8, 0xb8, 0xb8, 0xb0, 0xb0, 0xb0, 0xb0, 0xb5, 0xb0,
    0xb0, 0xb0, 0xb0, 0xb0, 0xb0, 0xb0, 0xb0, 0xaf, 0xa8, 0xa8, 0xac, 0xa8, 0xa8, 0xaf, 0xac, 0xac,
    0xac, 0xac, 0xa4, 0xa3, 0xa3, 0xa1, 0x9e, 0xa1, 0xa1, 0xa1, 0x9e, 0x9e, 0x9b, 0x9b, 0x97, 0x97,
    0xac, 0xac, 0xa9, 0xa9, 0xa1, 0xa1, 0xa1, 0xa1, 0xa1, 0x9e, 0x9b, 0x9b, 0x97, 0x97, 0x97, 0x9e,
    0xa3, 0xa9, 0xa9, 0xa9, 0xa9, 0xa1, 0x9b, 0x9e, 0x9e, 0x9b, 0x9e, 0x9e, 0x9e, 0x9e, 0x9b, 0x9e,
    0x9e, 0x9e, 0xa3, 0xa9, 0xa3, 0xa3, 0xa3, 0xa1, 0xa9, 0xa9, 0xa3, 0xa1, 0xa1, 0xa1, 0xa9, 0xa3,
    0xa9, 0xac, 0xa9, 0xa9, 0xa9, 0xa9, 0xac, 0xac, 0xac, 0xac, 0xac, 0xa9, 0xa9, 0xa1, 0xa1, 0xa1,
    0xa9, 0xa9, 0xaf, 0xb2, 0xb2, 0xb2, 0xb2, 0xb2, 0xb2, 0xb2, 0xb2, 0xb5, 0xb8, 0xba, 0xba, 0xba,
    0xb8, 0xb8, 0xb8, 0xb8, 0xba, 0xbe, 0xc2, 0xc2, 0xbe, 0xba, 0xba, 0xbe, 0xbe, 0xbe, 0xc2, 0xc2,
    0xc2, 0xbe, 0xbe, 0xbe, 0xbe, 0xbe, 0xc2, 0xc6, 0xc5, 0xc6, 0xc5, 0xc2, 0xc2, 0xc2, 0xc2, 0xc2,
    0xc6, 0xc9, 0xc6, 0xc2, 0xc2, 0xc2, 0xbe, 0xc6, 0xc6, 0xc6, 0xc5, 0xc6, 0xc2, 0xc2, 0xbe, 0xbe,
    0xc2, 0xc2, 0xc6, 0xc5, 0xc6, 0xc6, 0xc6, 0xc6, 0xc6, 0xc6, 0xc6, 0xc9, 0xce, 0xce, 0xc6, 0x45,
    0xc6, 0x3b, 0x2a, 0x04, 0x62, 0xa5, 0xb6, 0x5f, 0x23, 0x0a, 0x14, 0x1c, 0x41, 0x33, 0x0d, 0x0d,
    0x0b, 0x06, 0x37, 0x2f, 0x08, 0x0d, 0x17, 0x09, 0x26, 0x28, 0x82, 0x65, 0x62, 0x17, 0x0d, 0x16,
    0x42, 0xb0, 0x40, 0x40, 0xcb, 0xcb, 0xcb, 0xcc, 0xcb, 0xcb, 0xcc, 0xcb, 0xcb, 0xcb, 0xcb, 0xc9,
    0xc9, 0xc9, 0xcb, 0xcb, 0xcb, 0xcc, 0xcc, 0xcb, 0xcb, 0xcb, 0xcb, 0xcb, 0xcb, 0xcb, 0xc9, 0xc5,
    0xc2, 0xbe, 0xbe, 0xbe, 0xba, 0xba, 0xb8, 0xb8, 0xb8, 0xb8, 0xb0, 0xb0, 0xb0, 0xb0, 0xb0, 0xb0,
    0xb0, 0xb0, 0xb0, 0xb0, 0xb0, 0xb0, 0xaf, 0xaf, 0xaf, 0xa8, 0xac, 0xa4, 0xac, 0xac, 0xac, 0xac,
    0xac, 0xac, 0xa4, 0xa3, 0xa3, 0xa3, 0xa3, 0x9e, 0x9e, 0x9e, 0x9e, 0x9e, 0x9b, 0x9b, 0x95, 0x95,
    0xaf, 0xac, 0xac, 0xa9, 0xa9, 0xa3, 0xa1, 0xa3, 0xa1, 0xa1, 0x9e, 0x9b, 0x9b, 0x9b, 0x9b, 0xa1,
    0xa3, 0xa9, 0xa9, 0xa3, 0xa9, 0xa1, 0x9e, 0x9b, 0x9b, 0x9e, 0x9e, 0x9b, 0x9b, 0x9b, 0x9b, 0x9b,
    0x9b, 0x9e, 0xa3, 0xa1, 0xa1, 0xa3, 0xa1, 0xa3, 0xa9, 0xa9, 0xa3, 0xa3, 0xa1, 0xa1, 0xa3, 0xa3,
    0xa9, 0xa9, 0xa9, 0xa3, 0xa3, 0xa9, 0xa9, 0xac, 0xac, 0xac, 0xac, 0xac, 0xac, 0xac, 0xa9, 0xa9,
    0xa9, 0xa9, 0xac, 0xaf, 0xaf, 0xb5, 0xb5, 0xb2, 0xb5, 0xb5, 0xb5, 0xb5, 0xb8, 0xba, 0xbe, 0xbe,
    0xba, 0xba, 0xba, 0xba, 0xb8, 0xba, 0xbe, 0xbe, 0xbe, 0xba, 0xba, 0xba, 0xba, 0xbe, 0xbe, 0xbe,
    0xbe, 0xbe, 0xbe, 0xbe, 0xba, 0xbe, 0xc2, 0xc2, 0xc2, 0xc2, 0xc2, 0xbe, 0xbe, 0xbe, 0xbe, 0xbe,
    0xc2, 0xc6, 0xc5, 0xc2, 0xc2, 0xc2, 0xc2, 0xc2, 0xc2, 0xc6, 0xc6, 0xc6, 0xc2, 0xc2, 0xc2, 0xbe,
    0xbe, 0xc2, 0xc6, 0xc9, 0xc9, 0xc9, 0xc5, 0xc6, 0xc6, 0xc6, 0xc9, 0x32, 0x3b, 0x47, 0x48, 0xc5,
    0xcb, 0xce, 0xd0, 0x35, 0x0a, 0x5f, 0x8e, 0x7f, 0x12, 0x04, 0x0b, 0x18, 0x39, 0x3f, 0x65, 0x0f,
    0x07, 0x3f, 0x29, 0x0a, 0x06, 0x0a, 0x13, 0x1e, 0x1e, 0x82, 0x75, 0x65, 0x0d, 0x0b, 0x02, 0x19,
    0x32, 0x3d, 0xc6, 0xce, 0xcc, 0xc9, 0xcb, 0xcb, 0xcb, 0xc9, 0xc9, 0xc9, 0xc9, 0xc9, 0xcb, 0xcb,
    0xcb, 0xc9, 0xc9, 0xc9, 0xc9, 0xcb, 0xcb, 0xcb, 0xc9, 0xc9, 0xc9, 0xc9, 0xc9, 0xc9, 0xc6, 0xc6,
    0xc2, 0xc2, 0xbe, 0xbe, 0xbe, 0xba, 0xba, 0xb8, 0xb8, 0xb5, 0xb0, 0xb0, 0xb0, 0xb0, 0xb0, 0xb0,
    0xb0, 0xb0, 0xb0, 0xb0, 0xb0, 0xb0, 0xb0, 0xb0, 0xaf, 0xa8, 0xa8, 0xac, 0xa4, 0xac, 0xac, 0xa4,
    0xac, 0xa4, 0xa3, 0xa3, 0xa1, 0xa1, 0x9e, 0x9e, 0x9e, 0x9e, 0x9e, 0x9e, 0x9b, 0x9b, 0x95, 0x95,
    0xaf, 0xaf, 0xac, 0xac, 0xa9, 0xa9, 0xa9, 0xa9, 0xa1, 0x9e, 0x9e, 0x9e, 0x9e, 0x9e, 0x9b, 0x9e,
    0x9e, 0xa1, 0xa1, 0x9e, 0x9e, 0x9b, 0x9b, 0x9b, 0x9b, 0x9e, 0x9e, 0xa1, 0x9e, 0x9e, 0x9e, 0x9e,
    0x9f, 0x9e, 0x9e, 0x9b, 0x9b, 0x9b, 0x9e, 0x9e, 0xa1, 0xa1, 0xa1, 0xa1, 0xa1, 0xa1, 0xa9, 0xa3,
    0xa9, 0xac, 0xac, 0xa9, 0xa3, 0xa9, 0xa9, 0xac, 0xac, 0xac, 0xaf, 0xaf, 0xac, 0xac, 0xac, 0xac,
    0xa9, 0xa9, 0xac, 0xac, 0xaf, 0xaf, 0xaf, 0xaf, 0xb2, 0xb5, 0xb5, 0xb5, 0xb8, 0xb8, 0xbe, 0xbe,
    0xbe, 0xbe, 0xbe, 0xba, 0xb8, 0xb8, 0xba, 0xba, 0xba, 0xb8, 0xb8, 0xb8, 0xb8, 0xba, 0xbe, 0xbe,
    0xbe, 0xbe, 0xbe, 0xbe, 0xbe, 0xbe, 0xc2, 0xc2, 0xc2, 0xc2, 0xc2, 0xbe, 0xbe, 0xbe, 0xbe, 0xbe,
    0xbe, 0xbe, 0xc2, 0xc2, 0xc2, 0xc2, 0xbe, 0xbe, 0xbe, 0xbe, 0xc2, 0xc2, 0xc6, 0xc6, 0xc2, 0xbe,
    0xc2, 0xbe, 0xbe, 0xc2, 0xc5, 0xc6, 0xc6, 0xc6, 0xc5, 0xc9, 0xc9, 0xc9, 0xcb, 0xcc, 0xce, 0xcc,
    0xce, 0x35, 0x38, 0x32, 0x1a, 0x60, 0x90, 0xa0, 0x7b, 0x61, 0x14, 0x0f, 0x12, 0x65, 0x14, 0x5f,
    0x13, 0x33, 0x3c, 0x1a, 0x0a, 0x65, 0x68, 0x1d, 0x89, 0xbc, 0x7f, 0x14, 0x02, 0x02, 0x11, 0x48,
    0xc6, 0xcb, 0xcc, 0xc9, 0xc9, 0xc6, 0xc9, 0xc9, 0xcc, 0xcb, 0xcb, 0xcb, 0xcb, 0xc7, 0xc9, 0xc9,
    0xc6, 0xc6, 0xc9, 0xc6, 0xc9, 0xc9, 0xc9, 0xc9, 0xcb, 0xc9, 0xc6, 0xc6, 0xc6, 0xc5, 0xc6, 0xc6,
    0xc6, 0xc2, 0xc2, 0xc2, 0xbe, 0xbe, 0xb8, 0xb8, 0xb8, 0xb0, 0xb8, 0xb8, 0xb0, 0xb0, 0xb0, 0xb0,
    0xb0, 0xb0, 0xb0, 0xb0, 0xb0, 0xb0, 0xb0, 0xaf, 0xaf, 0xa8, 0xa8, 0xac, 0xa4, 0xa4, 0xa4, 0xa4,
    0xa4, 0xa4, 0xa3, 0xa3, 0xa3, 0xa1, 0x9e, 0x9e, 0x9e, 0x9e, 0x9e, 0x9e, 0x9b, 0x9b, 0x9b, 0x95,
    0xb2, 0xaf, 0xaf, 0xac, 0xac, 0xa9, 0xa3, 0xa1, 0xa1, 0x9e, 0x9e, 0x9b, 0x9b, 0x9b, 0x9b, 0x9b,
    0x9e, 0x9b, 0x9e, 0x9e, 0x9b, 0x9e, 0x9e, 0x9e, 0xa1, 0xa1, 0xa1, 0x9e, 0x9e, 0x9e, 0x9e, 0x9e,
    0x9e, 0x9b, 0x9b, 0x9b, 0x9b, 0x9b, 0x9e, 0x9f, 0x9e, 0xa1, 0xa1, 0xa1, 0xa3, 0xa3, 0xa9, 0xac,
    0xac, 0xac, 0xac, 0xa9, 0xa9, 0xa3, 0xa3, 0xa9, 0xa9, 0xa9, 0xaf, 0xaf, 0xaf, 0xac, 0xac, 0xac,
    0xa9, 0xa9, 0xa9, 0xa9, 0xac, 0xaf, 0xac, 0xaf, 0xb2, 0xb2, 0xb2, 0xb5, 0xb5, 0xb5, 0xba, 0xbe,
    0xbe, 0xc2, 0xbe, 0xbe, 0xba, 0xb8, 0xb8, 0xb8, 0xb8, 0xb8, 0xb5, 0xb5, 0xb8, 0xb8, 0xb8, 0xba,
    0xba, 0xbe, 0xbe, 0xbe, 0xbe, 0xbe, 0xbe, 0xc2, 0xc2, 0xc2, 0xc2, 0xbe, 0xbe, 0xbe, 0xba, 0xba,
    0xbe, 0xbe, 0xbe, 0xc2, 0xc2, 0xc2, 0xbe, 0xbe, 0xbe, 0xbe, 0xbe, 0xbe, 0xc2, 0xc6, 0xc2, 0xc2,
    0xbe, 0xbe, 0xbe, 0xbe, 0xbe, 0xc2, 0xc2, 0xc6, 0xc6, 0xc6, 0xc5, 0xc6, 0xc9, 0xcb, 0xbe, 0x3d,
    0x45, 0xc9, 0xce, 0xd0, 0x18, 0x0d, 0x63, 0x6c, 0x63, 0x67, 0x7b, 0x67, 0x12, 0x05, 0x02, 0x0f,
    0x0a, 0x5f, 0x33, 0x1a, 0x10, 0x09, 0x61, 0x6a, 0x7b, 0x1a, 0x1d, 0x03, 0x14, 0xd0, 0xce, 0xcf,
    0xcc, 0xcc, 0xc2, 0xc9, 0xcb, 0xc6, 0xc9, 0xbe, 0x3d, 0x47, 0xc6, 0xc9, 0xc6, 0xc5, 0xc9, 0xc6,
    0xc9, 0xc9, 0xc6, 0xc6, 0xc6, 0xc5, 0xc6, 0xc9, 0xc6, 0xc6, 0xc6, 0xc6, 0xc5, 0xc6, 0xc6, 0xc6,
    0xc6, 0xc2, 0xc2, 0xc2, 0xbe, 0xbe, 0xba, 0xb5, 0xb8, 0xb5, 0xb8, 0xb5, 0xb0, 0xb0, 0xb0, 0xb0,
    0xb0, 0xb0, 0xb0, 0xaf, 0xaf, 0xaf, 0xaf, 0xaf, 0xaf, 0xaf, 0xaf, 0xac, 0xa4, 0xa4, 0xa4, 0xa4,
    0xa4, 0xa3, 0xa3, 0xa3, 0xa3, 0xa1, 0x9e, 0x9e, 0x9e, 0x9b, 0x9b, 0x9e, 0x9b, 0x9b, 0x95, 0x95,
    0xb2, 0xb2, 0xb2, 0xaf, 0xac, 0xa9, 0xa3, 0xa1, 0xa1, 0xa1, 0x9e, 0x9e, 0x9b, 0x9b, 0x9b, 0x9b,
    0x9e, 0x9b, 0x9b, 0x9b, 0x9e, 0x9b, 0x9e, 0x9e, 0x9e, 0x9e, 0x9e, 0x9b, 0x9b, 0x9b, 0x97, 0x9b,
    0x97, 0x97, 0x97, 0x97, 0x97, 0x97, 0x9e, 0x9e, 0xa1, 0xa3, 0xa3, 0xa3, 0xa3, 0xa3, 0xa9, 0xac,
    0xac, 0xac, 0xac, 0xa3, 0xa9, 0xa3, 0xa1, 0xa3, 0xa9, 0xa9, 0xac, 0xac, 0xac, 0xac, 0xac, 0xac,
    0xac, 0xac, 0xa9, 0xa9, 0xa9, 0xac, 0xaf, 0xb2, 0xaf, 0xaf, 0xb2, 0xb2, 0xb2, 0xb5, 0xb8, 0xba,
    0xbe, 0xbe, 0xbe, 0xbe, 0xba, 0xb8, 0xb8, 0xb5, 0xb8, 0xb8, 0xb5, 0xb2, 0xb5, 0xb8, 0xb8, 0xba,
    0xba, 0xbe, 0xbe, 0xba, 0xbe, 0xbe, 0xba, 0xbe, 0xbe, 0xbe, 0xbe, 0xbe, 0xbe, 0xbe, 0xba, 0xba,
    0xbe, 0xbe, 0xbe, 0xbe, 0xc2, 0xc2, 0xc2, 0xbe, 0xbe, 0xbe, 0xbe, 0xbe, 0xbe, 0xc2, 0xc2, 0xc2,
    0xbe, 0xc2, 0xbe, 0xb8, 0xb8, 0xbe, 0xbe, 0xc6, 0xc5, 0xc6, 0xc6, 0xc6, 0xc5, 0xc6, 0xc9, 0xc9,
    0xc2, 0x47, 0xc9, 0xcb, 0x4e, 0x02, 0x0f, 0x12, 0x0f, 0x14, 0x5d, 0x68, 0x7f, 0x1d, 0x1a, 0x0b,
    0x0b, 0x0d, 0x0d, 0x0d, 0x0a, 0x17, 0x61, 0x60, 0x6c, 0x17, 0x1a, 0x02, 0xd2, 0x40, 0x45, 0xc9,
    0xc9, 0x32, 0xc2, 0xcb, 0xc9, 0xc5, 0xc7, 0xcb, 0xcb, 0xc7, 0xc9, 0xc9, 0xc5, 0xc6, 0xc6, 0xc5,
    0xc6, 0xc5, 0xc6, 0xc5, 0xc6, 0xc2, 0xc6, 0xc5, 0xc9, 0xc9, 0xc6, 0xc9, 0xc6, 0xc5, 0xc6, 0xc5,
    0xc6, 0xc2, 0xc2, 0xc2, 0xbe, 0xbe, 0xbe, 0xba, 0xb8, 0xb8, 0xb5, 0xb0, 0xb0, 0xb5, 0xb0, 0xb0,
    0xb0, 0xb0, 0xaf, 0xaf, 0xaf, 0xaf, 0xa8, 0xaf, 0xaf, 0xa8, 0xac, 0xac, 0xa4, 0xa4, 0xa4, 0xa3,
    0xa3, 0xa3, 0xa3, 0xa3, 0xa3, 0xa1, 0x9e, 0x9e, 0x9b, 0x9b, 0x9b, 0x9b, 0x9e, 0x9e, 0x95, 0x95,
    0xb5, 0xb5, 0xb2, 0xb2, 0xac, 0xa9, 0xa3, 0xa3, 0xa1, 0xa3, 0xa1, 0x9e, 0x9e, 0x9e, 0x9b, 0x9b,
    0x9b, 0x9b, 0x9b, 0x9b, 0x9b, 0x97, 0x9b, 0x9b, 0x9b, 0x9b, 0x9b, 0x9b, 0x97, 0x97, 0x97, 0x95,
    0x95, 0x97, 0x97, 0x95, 0x97, 0x9b, 0x9b, 0x9e, 0x9e, 0x9e, 0xa1, 0xa9, 0xa9, 0xa9, 0xa9, 0xac,
    0xac, 0xac, 0xa9, 0xa9, 0xac, 0xa3, 0x9e, 0xa1, 0xa1, 0xa9, 0xa9, 0xa9, 0xa9, 0xac, 0xac, 0xac,
    0xaf, 0xaf, 0xac, 0xa9, 0xa9, 0xa9, 0xac, 0xaf, 0xaf, 0xb2, 0xb2, 0xaf, 0xb2, 0xb2, 0xb5, 0xb8,
    0xb8, 0xba, 0xba, 0xb8, 0xb5, 0xb5, 0xb5, 0xb2, 0xb2, 0xaf, 0xb2, 0xb5, 0xb5, 0xb5, 0xb5, 0xb5,
    0xba, 0xba, 0xbe, 0xbe, 0xbe, 0xba, 0xba, 0xb8, 0xba, 0xba, 0xbe, 0xba, 0xbe, 0xba, 0xba, 0xbe,
    0xbe, 0xbe, 0xbe, 0xbe, 0xbe, 0xbe, 0xbe, 0xbe, 0xbe, 0xbe, 0xbe, 0xbe, 0xbe, 0xbe, 0xbe, 0xc2,
    0xc2, 0xbe, 0xbe, 0xbe, 0xbe, 0xbe, 0xbe, 0xbe, 0xc2, 0xc2, 0xc2, 0xc2, 0xbe, 0xc6, 0xc9, 0xc9,
    0xc9, 0xc9, 0xc9, 0xc9, 0xcc, 0x28, 0x04, 0x02, 0x0d, 0x14, 0x60, 0x62, 0x7f, 0xb3, 0xc1, 0xaa,
    0x6f, 0x0a, 0x03, 0x0a, 0x0e, 0x65, 0x89, 0x90, 0x87, 0x26, 0x14, 0x02, 0x35, 0x3b, 0xcb, 0xcc,
    0xce, 0xcc, 0xcb, 0x3d, 0x42, 0x3b, 0x28, 0x38, 0x42, 0xb8, 0xc6, 0xc6, 0xc6, 0xc6, 0xc3, 0xc2,
    0xc6, 0xc6, 0xc6, 0xc2, 0xc2, 0xc2, 0xc2, 0xc6, 0xc6, 0xc6, 0xc9, 0xc6, 0xc6, 0xc6, 0xc2, 0xc2,
    0xc2, 0xc2, 0xc2, 0xbe, 0xc2, 0xbe, 0xbe, 0xba, 0xb8, 0xb8, 0xb5, 0xb0, 0xaf, 0xb0, 0xb0, 0xb0,
    0xaf, 0xaf, 0xaf, 0xaf, 0xaf, 0xaf, 0xaf, 0xaf, 0xaf, 0xaf, 0xaf, 0xac, 0xa4, 0xa4, 0xa4, 0xa3,
    0xa3, 0xa3, 0xa3, 0xa3, 0x9f, 0x9e, 0x9e, 0x9b, 0x9b, 0x9b, 0x9b, 0x9b, 0x9b, 0x9b, 0x9e, 0x97,
    0xb2, 0xb2, 0xb5, 0xaf, 0xac, 0xa9, 0xa3, 0xa1, 0xa1, 0x9e, 0x9e, 0x9b, 0x97, 0x9b, 0x9b, 0x9b,
    0x9b, 0x9b, 0x97, 0x9b, 0x97, 0x97, 0x97, 0x9b, 0x9b, 0x9b, 0x97, 0x9b, 0x97, 0x97, 0x97, 0x93,
    0x95, 0x93, 0x97, 0x97, 0x9b, 0x9b, 0x9b, 0x9b, 0x9b, 0x9e, 0xa3, 0xa9, 0xac, 0xac, 0xac, 0xac,
    0xaf, 0xac, 0xac, 0xac, 0xac, 0xac, 0xa9, 0xa3, 0xa1, 0xa3, 0xa3, 0xa3, 0xa3, 0xa9, 0xa9, 0xac,
    0xac, 0xac, 0xac, 0xac, 0xac, 0xac, 0xac, 0xaf, 0xaf, 0xb2, 0xb2, 0xb2, 0xaf, 0xaf, 0xb2, 0xb2,
    0xb5, 0xb5, 0xb5, 0xb8, 0xb5, 0xb2, 0xb0, 0xb2, 0xb2, 0xb2, 0xb2, 0xb2, 0xb5, 0xb5, 0xb8, 0xb8,
    0xb8, 0xba, 0xbe, 0xbe, 0xbe, 0xbe, 0xbe, 0xba, 0xba, 0xba, 0xbe, 0xbe, 0xba, 0xba, 0xba, 0xbe,
    0xbe, 0xbe, 0xbe, 0xbe, 0xc2, 0xbe, 0xc2, 0xc2, 0xc2, 0xbe, 0xbe, 0xbe, 0xbe, 0xbe, 0xbe, 0xbe,
    0xbe, 0xc2, 0xbe, 0xc2, 0xbe, 0xbe, 0xbe, 0xbe, 0xbe, 0xbe, 0xbe, 0xc2, 0xc6, 0xbe, 0xc6, 0xc5,
    0xc5, 0xc6, 0xc5, 0xc9, 0xc9, 0xcc, 0xcf, 0x18, 0x05, 0x0b, 0x08, 0x02, 0x17, 0xa0, 0xbc, 0xaa,
    0x9d, 0x7f, 0x12, 0x2f, 0xad, 0xb3, 0xb6, 0xa5, 0x82, 0x82, 0x04, 0x0c, 0x2a, 0x3b, 0x3b, 0x3b,
    0x40, 0xb0, 0xc6, 0xc7, 0xc6, 0xc9, 0xc6, 0xc3, 0xc3, 0xc2, 0xc3, 0xc6, 0xc6, 0xc6, 0xc6, 0xc6,
    0xc2, 0xc2, 0xc2, 0xc2, 0xc2, 0xc2, 0xc2, 0xc2, 0xc5, 0xc9, 0xc9, 0xc9, 0xc9, 0xc6, 0xc6, 0xc2,
    0xc2, 0xbe, 0xbe, 0xbe, 0xbe, 0xbe, 0xbe, 0xba, 0xba, 0xb8, 0xb5, 0xb0, 0xb0, 0xaf, 0xa8, 0xa8,
    0xa8, 0xa8, 0xa8, 0xa8, 0xaf, 0xaf, 0xaf, 0xaf, 0xa8, 0xa8, 0xac, 0xac, 0xa4, 0xa4, 0xa4, 0xa3,
    0xa1, 0xa3, 0x9f, 0x9f, 0x9e, 0x9e, 0x9b, 0x9b, 0x9b, 0x9b, 0x95, 0x95, 0x9b, 0x9b, 0x9b, 0x9b,
    0xb2, 0xb2, 0xaf, 0xaf, 0xac, 0xa9, 0xa3, 0xa1, 0xa1, 0xa1, 0x9e, 0x9e, 0x9b, 0x9b, 0x9e, 0x9e,
    0x9b, 0x9b, 0x9b, 0x9b, 0x9b, 0x9b, 0x97, 0x9b, 0x9b, 0x9b, 0x9b, 0x9b, 0x9b, 0x9b, 0x97, 0x95,
    0x93, 0x95, 0x93, 0x97, 0x97, 0x97, 0x9b, 0x9b, 0x9e, 0xa1, 0xa3, 0xa9, 0xac, 0xac, 0xac, 0xac,
    0xac, 0xac, 0xac, 0xaf, 0xaf, 0xaf, 0xaf, 0xa9, 0xa1, 0xa1, 0xa1, 0xa3, 0xa3, 0xa3, 0xa3, 0xa9,
    0xac, 0xac, 0xac, 0xac, 0xac, 0xac, 0xac, 0xac, 0xaf, 0xb2, 0xb2, 0xb2, 0xaf, 0xaf, 0xaf, 0xaf,
    0xaf, 0xb2, 0xb2, 0xb2, 0xb5, 0xb2, 0xb2, 0xb2, 0xb2, 0xb2, 0xb2, 0xaf, 0xb2, 0xb2, 0xb5, 0xb8,
    0xb8, 0xb8, 0xba, 0xbe, 0xbe, 0xbe, 0xbe, 0xbe, 0xbe, 0xbe, 0xbe, 0xbe, 0xbe, 0xbe, 0xbe, 0xba,
    0xbe, 0xbe, 0xc2, 0xbe, 0xc2, 0xc2, 0xc2, 0xc6, 0xc6, 0xc6, 0xc2, 0xbe, 0xbe, 0xbe, 0xbe, 0xbe,
    0xbe, 0xbe, 0xbe, 0xbe, 0xc2, 0xbe, 0xbe, 0xbe, 0xbe, 0xbe, 0xbe, 0xbe, 0xc6, 0xc2, 0xc6, 0xc2,
    0xc6, 0xc6, 0xc6, 0xc6, 0xca, 0xc9, 0xc6, 0xce, 0x42, 0x24, 0x1c, 0x1c, 0x06, 0x87, 0x9d, 0x98,
    0x68, 0x62, 0x67, 0x7f, 0x89, 0x8e, 0x13, 0x5f, 0x1a, 0x1a, 0x06, 0xd4, 0xd0, 0xcc, 0xcb, 0xbe,
    0xba, 0xc6, 0xc2, 0xbe, 0xc2, 0xc2, 0xc2, 0xc2, 0xc2, 0xc2, 0xc3, 0xc6, 0xc9, 0xc9, 0xc6, 0xc9,
    0xc6, 0xc2, 0xc2, 0xc2, 0xbe, 0xbe, 0xc2, 0xc2, 0xc3, 0xc5, 0xc9, 0xc6, 0xc9, 0xc9, 0xc6, 0xc2,
    0xbe, 0xbe, 0xc2, 0xbe, 0xbe, 0xbe, 0xbe, 0xba, 0xba, 0xb5, 0xb5, 0xb0, 0xaf, 0xac, 0xac, 0xa4,
    0xa4, 0xa4, 0xac, 0xa8, 0xa8, 0xaf, 0xa8, 0xac, 0xac, 0xac, 0xac, 0xa4, 0xa4, 0xa4, 0xa3, 0xa1,
    0xa1, 0x9e, 0x9e, 0x9e, 0x9e, 0x9b, 0x9b, 0x95, 0x9b, 0x9b, 0x95, 0x95, 0x9b, 0x9b, 0x9b, 0x9b,
    0xaf, 0xac, 0xac, 0xac, 0xac, 0xac, 0xa3, 0xa3, 0xa1, 0xa1, 0xa1, 0x9e, 0x9e, 0x9e, 0x9b, 0x9e,
    0x9e, 0x9e, 0x9e, 0x9e, 0x9b, 0x97, 0x97, 0x97, 0x9b, 0x9e, 0x9e, 0x9b, 0x9b, 0x97, 0x95, 0x93,
    0x97, 0x97, 0x97, 0x97, 0x97, 0x9b, 0x9b, 0x9e, 0xa1, 0xa1, 0xa3, 0xa9, 0xa9, 0xa9, 0xac, 0xa9,
    0xa9, 0xa9, 0xa9, 0xac, 0xaf, 0xaf, 0xaf, 0xac, 0xa9, 0xa3, 0x9e, 0x9f, 0xa1, 0xa3, 0xa3, 0xa9,
    0xac, 0xac, 0xac, 0xac, 0xac, 0xac, 0xac, 0xaf, 0xb2, 0xb2, 0xb2, 0xb5, 0xb5, 0xb2, 0xaf, 0xb2,
    0xb2, 0xb2, 0xb2, 0xb2, 0xb2, 0xb2, 0xb2, 0xaf, 0xac, 0xac, 0xac, 0xaf, 0xac, 0xaf, 0xb2, 0xb2,
    0xb5, 0xb8, 0xb8, 0xba, 0xbe, 0xc2, 0xbe, 0xbe, 0xc2, 0xc2, 0xc2, 0xbe, 0xbe, 0xbe, 0xbe, 0xbe,
    0xbe, 0xbe, 0xbe, 0xbe, 0xbe, 0xc2, 0xc6, 0xc6, 0xc9, 0xc9, 0xc6, 0xc2, 0xbe, 0xc2, 0xbe, 0xbe,
    0xba, 0xba, 0xbe, 0xbe, 0xbe, 0xc2, 0xbe, 0xc2, 0xbe, 0xbe, 0xbe, 0xbe, 0xbe, 0xbe, 0xbe, 0xc2,
    0xc6, 0xc5, 0xc6, 0xc6, 0xc2, 0xc6, 0xc9, 0xc6, 0xc9, 0xcb, 0xcf, 0xd0, 0xc9, 0x0a, 0x87, 0x7f,
    0x62, 0x63, 0x5f, 0x62, 0x61, 0x1d, 0x75, 0x5e, 0x0f, 0x04, 0x21, 0x50, 0xce, 0xc2, 0xc9, 0xc9,
    0xcc, 0xc9, 0xc6, 0xc2, 0xbe, 0xba, 0xbe, 0xbe, 0xc2, 0xbe, 0x36, 0xba, 0xc3, 0xc6, 0xc9, 0xc9,
    0xc5, 0xc2, 0xc2, 0xc2, 0xbe, 0xbe, 0xbe, 0xc2, 0xc2, 0xc3, 0xc6, 0xc9, 0xc9, 0xc5, 0xc2, 0xbe,
    0xc2, 0xbe, 0xbe, 0xba, 0xba, 0xb8, 0xb8, 0xb8, 0xb8, 0xb5, 0xb0, 0xaf, 0xa8, 0xa4, 0xa4, 0xa4,
    0xa4, 0xa4, 0xa4, 0xa4, 0xa8, 0xa8, 0xa8, 0xa8, 0xac, 0xac, 0xa4, 0xa4, 0xa3, 0xa3, 0xa3, 0xa3,
    0x9f, 0x9e, 0x9e, 0x9e, 0x9b, 0x95, 0x95, 0x95, 0x95, 0x95, 0x97, 0x95, 0x95, 0x95, 0x95, 0x9b,
    0xac, 0xa9, 0xac, 0xa9, 0xac, 0xa9, 0xa3, 0xa3, 0xa3, 0xa1, 0x9e, 0x9e, 0x9e, 0x9e, 0x9e, 0x9e,
    0x9e, 0x9e, 0x9e, 0x9e, 0x9e, 0x9b, 0x9b, 0x97, 0x9b, 0x9e, 0x9e, 0x9b, 0x9b, 0x97, 0x97, 0x97,
    0x9b, 0x9b, 0x97, 0x9b, 0x9b, 0x9b, 0x9e, 0x9e, 0xa9, 0xa9, 0xa9, 0xa9, 0xa9, 0xac, 0xa9, 0xa9,
    0xa9, 0xa9, 0xa9, 0xa9, 0xac, 0xac, 0xaf, 0xaf, 0xaf, 0xa9, 0xa3, 0xa1, 0xa3, 0xa3, 0xa3, 0xa9,
    0xac, 0xa9, 0xa9, 0xa9, 0xac, 0xac, 0xac, 0xaf, 0xaf, 0xb2, 0xb2, 0xb5, 0xb5, 0xb2, 0xaf, 0xb2,
    0xb2, 0xb2, 0xb2, 0xb2, 0xb2, 0xb2, 0xb2, 0xb2, 0xaf, 0xac, 0xac, 0xac, 0xaf, 0xb2, 0xb2, 0xb5,
    0xb5, 0xb8, 0xba, 0xba, 0xbe, 0xbe, 0xc2, 0xc2, 0xc6, 0xc6, 0xc9, 0xc9, 0xc6, 0xc2, 0xc2, 0xbe,
    0xbe, 0xbe, 0xbe, 0xbe, 0xc2, 0xc2, 0xc6, 0xc9, 0xca, 0xcb, 0xcb, 0xc9, 0xc6, 0xc2, 0xbe, 0xbe,
    0xbe, 0xba, 0xba, 0xba, 0xba, 0xbe, 0xbe, 0xbe, 0xbe, 0xbe, 0xbe, 0xbe, 0xbe, 0xc2, 0xc2, 0xc6,
    0xc6, 0xc6, 0xc2, 0xc2, 0xc9, 0xc5, 0xbe, 0xc6, 0xcc, 0xc9, 0xcc, 0xcb, 0xce, 0x2c, 0x02, 0x13,
    0x5f, 0x5d, 0x12, 0x0d, 0x05, 0x04, 0x0a, 0x0b, 0x13, 0x23, 0xcb, 0xc6, 0x45, 0xb8, 0xc6, 0xcb,
    0xc6, 0xc5, 0xc6, 0xc2, 0xc2, 0xbe, 0xbe, 0xc2, 0xc6, 0xc2, 0xc2, 0xc2, 0xc2, 0xc3, 0xc6, 0xc5,
    0xc6, 0xc6, 0xc2, 0xc2, 0xbe, 0xbe, 0xc2, 0xbe, 0xbe, 0xc2, 0xc2, 0xc6, 0xc5, 0xc2, 0xc2, 0xc2,
    0xbe, 0xbe, 0xba, 0xba, 0xb8, 0xb8, 0xb8, 0xb8, 0xb8, 0xb0, 0xb0, 0xb0, 0xb0, 0xa8, 0xa4, 0xa4,
    0xa3, 0xa3, 0xa3, 0xa3, 0xa4, 0xa8, 0xaf, 0xa8, 0xaf, 0xac, 0xac, 0xa4, 0xa3, 0xa1, 0x9f, 0x9e,
    0x9e, 0x9b, 0x9b, 0x9b, 0x9b, 0x95, 0x95, 0x95, 0x95, 0x95, 0x95, 0x95, 0x95, 0x95, 0x95, 0x95,
    0xac, 0xac, 0xa9, 0xa9, 0xa9, 0xa9, 0xa9, 0xa9, 0xa9, 0xa3, 0xa1, 0x9e, 0x9e, 0x9e, 0x9e, 0x9e,
    0x9e, 0x9e, 0x9e, 0x9e, 0x9e, 0x9b, 0x9b, 0x97, 0x97, 0x9b, 0x9e, 0x9b, 0x9b, 0x95, 0x97, 0x97,
    0x97, 0x9b, 0x97, 0x9b, 0x9b, 0x9b, 0x9e, 0x9f, 0xa3, 0xa3, 0xa9, 0xa9, 0xa9, 0xa9, 0xa9, 0xac,
    0xac, 0xac, 0xa9, 0xa3, 0xa3, 0xa9, 0xaf, 0xb2, 0xb2, 0xaf, 0xac, 0xa9, 0xa9, 0xac, 0xa9, 0xa9,
    0xac, 0xa9, 0xa9, 0xa9, 0xa9, 0xa9, 0xac, 0xaf, 0xaf, 0xb2, 0xb2, 0xb5, 0xb5, 0xb2, 0xb2, 0xb2,
    0xb2, 0xb5, 0xb2, 0xb2, 0xb2, 0xb2, 0xb2, 0xb2, 0xb2, 0xaf, 0xac, 0xac, 0xaf, 0xb2, 0xb2, 0xb5,
    0xb8, 0xb8, 0xba, 0xba, 0xbe, 0xbe, 0xc2, 0xc6, 0xc6, 0xc6, 0xc9, 0xc9, 0xc9, 0xc2, 0xc2, 0xbe,
    0xbe, 0xbe, 0xbe, 0xbe, 0xbe, 0xbe, 0xc6, 0xc6, 0xcb, 0xcb, 0xcb, 0xcb, 0xc9, 0xc2, 0xc2, 0xbe,
    0xbe, 0xbe, 0xba, 0xba, 0xba, 0xba, 0xbe, 0xc2, 0xbe, 0xbe, 0xbe, 0xc2, 0xc2, 0xc2, 0xc6, 0xc6,
    0xc6, 0xc5, 0xc6, 0xc6, 0xc2, 0xc6, 0xc5, 0xc9, 0xcb, 0xcc, 0xcb, 0xcb, 0xc9, 0xcf, 0x2b, 0x04,
    0x03, 0x06, 0x0f, 0x12, 0x04, 0x02, 0x09, 0x40, 0xcc, 0xbe, 0x3d, 0xc6, 0xd0, 0xbe, 0x31, 0x24,
    0x2c, 0x3d, 0xbe, 0xc6, 0xc6, 0xc3, 0xb0, 0xc2, 0xc2, 0xc2, 0xbe, 0xbe, 0xbe, 0xc2, 0xc2, 0xc6,
    0xc6, 0xc7, 0xc6, 0xc2, 0xc2, 0xbe, 0xbe, 0xbe, 0xbe, 0xc2, 0xc2, 0xc2, 0xc2, 0xc2, 0xc2, 0xbe,
    0xbe, 0xbe, 0xba, 0xb8, 0xb5, 0xb5, 0xb5, 0xb0, 0xb0, 0xb0, 0xb0, 0xaf, 0xb0, 0xa8, 0xa4, 0xa4,
    0xa3, 0xa3, 0xa3, 0xa3, 0xa4, 0xac, 0xaf, 0xaf, 0xaf, 0xaf, 0xac, 0xac, 0xa4, 0xa1, 0x9f, 0x9e,
    0x9e, 0x9b, 0x95, 0x95, 0x9b, 0x9b, 0x95, 0x95, 0x93, 0x95, 0x93, 0x93, 0x95, 0x93, 0x95, 0x93,
    0xac, 0xac, 0xa9, 0xa3, 0xa3, 0xa3, 0xa3, 0xa9, 0xa3, 0xa1, 0xa1, 0x9e, 0xa1, 0x9b, 0x9e, 0x9e,
    0x9e, 0x9e, 0x9e, 0xa1, 0x9e, 0x9e, 0x9b, 0x97, 0x97, 0x9b, 0x9b, 0x9b, 0x9b, 0x97, 0x97, 0x97,
    0x97, 0x97, 0x9b, 0x9b, 0x9b, 0x9b, 0x9e, 0xa1, 0xa3, 0xa3, 0xa3, 0xa3, 0xa9, 0xa9, 0xac, 0xac,
    0xaf, 0xac, 0xa9, 0xa9, 0xa1, 0xa1, 0xa9, 0xac, 0xaf, 0xb2, 0xb2, 0xaf, 0xaf, 0xaf, 0xaf, 0xac,
    0xac, 0xac, 0xac, 0xac, 0xa9, 0xa9, 0xac, 0xac, 0xaf, 0xb2, 0xb5, 0xb5, 0xb5, 0xb5, 0xb5, 0xb5,
    0xb5, 0xb5, 0xb5, 0xb2, 0xb2, 0xaf, 0xb2, 0xb2, 0xb2, 0xb2, 0xaf, 0xb2, 0xb2, 0xaf, 0xb2, 0xb5,
    0xb8, 0xba, 0xbe, 0xbe, 0xbe, 0xc2, 0xbe, 0xc2, 0xc5, 0xc6, 0xc9, 0xc9, 0xc6, 0xc6, 0xc2, 0xbe,
    0xbe, 0xbe, 0xbe, 0xba, 0xbe, 0xbe, 0xc2, 0xc6, 0xc9, 0xc6, 0xc9, 0xc9, 0xc9, 0xc6, 0xc2, 0xc2,
    0xbe, 0xbe, 0xbe, 0xba, 0xba, 0xba, 0xba, 0xbe, 0xbe, 0xbe, 0xc2, 0xc2, 0xc2, 0xc6, 0xc2, 0xc2,
    0xc9, 0xc6, 0xc9, 0xc6, 0xc9, 0xc9, 0xc9, 0xc9, 0xce, 0xce, 0xcf, 0xce, 0xcb, 0xcb, 0xce, 0xd0,
    0xb0, 0x2d, 0x28, 0x18, 0x1c, 0x45, 0xc9, 0xbe, 0xbe, 0xb0, 0x3d, 0xb8, 0xb5, 0xbe, 0xc2, 0xc9,
    0xc9, 0xb8, 0x36, 0x3b, 0x36, 0x28, 0x2d, 0x31, 0x3d, 0xbe, 0xc2, 0xbe, 0xc2, 0xbe, 0xc2, 0xc5,
    0xc9, 0xc9, 0xc6, 0xc2, 0xbe, 0xbe, 0xbe, 0xbe, 0xbe, 0xbe, 0xc2, 0xbe, 0xc2, 0xbe, 0xbe, 0xc2,
    0xbe, 0xbe, 0xb8, 0xb0, 0xb0, 0xb0, 0xb0, 0xb0, 0xb0, 0xb0, 0xaf, 0xaf, 0xa8, 0xa8, 0xa4, 0xa4,
    0xa3, 0xa3, 0xa3, 0xa3, 0xa3, 0xa4, 0xa8, 0xaf, 0xaf, 0xaf, 0xac, 0xac, 0xa4, 0xa3, 0x9f, 0xa1,
    0x9e, 0x9b, 0x95, 0x95, 0x9b, 0x9b, 0x9b, 0x95, 0x95, 0x93, 0x95, 0x95, 0x93, 0x95, 0x93, 0x95,
    0xac, 0xa9, 0xa9, 0xa9, 0xa1, 0xa3, 0xa9, 0xa3, 0xa3, 0xa1, 0xa1, 0xa1, 0xa1, 0x9e, 0x9e, 0x9e,
    0x9e, 0x9e, 0x9e, 0x9e, 0xa1, 0xa1, 0x9e, 0x9b, 0x9b, 0x9b, 0x9b, 0x9b, 0x9b, 0x9b, 0x9b, 0x97,
    0x97, 0x97, 0x97, 0x97, 0x97, 0x97, 0x9b, 0x9e, 0x9e, 0x9e, 0xa1, 0xa1, 0xa3, 0xa9, 0xa9, 0xaf,
    0xac, 0xaf, 0xac, 0xac, 0xa9, 0xa3, 0xa1, 0xa3, 0xac, 0xb2, 0xb2, 0xb5, 0xb5, 0xb2, 0xaf, 0xac,
    0xac, 0xac, 0xac, 0xa9, 0xac, 0xa9, 0xac, 0xac, 0xac, 0xaf, 0xb2, 0xb5, 0xb5, 0xb2, 0xb2, 0xb2,
    0xb2, 0xb2, 0xb2, 0xb5, 0xb2, 0xb2, 0xb2, 0xb2, 0xb5, 0xb5, 0xb5, 0xb5, 0xb5, 0xb2, 0xb2, 0xb8,
    0xba, 0xbe, 0xbe, 0xbe, 0xbe, 0xbe, 0xbe, 0xbe, 0xc2, 0xc2, 0xc2, 0xc5, 0xc6, 0xc2, 0xc2, 0xbe,
    0xbe, 0xba, 0xba, 0xb8, 0xba, 0xbe, 0xbe, 0xc2, 0xc2, 0xc6, 0xc9, 0xc6, 0xc6, 0xc6, 0xc6, 0xc2,
    0xbe, 0xc2, 0xbe, 0xbe, 0xba, 0xb8, 0xba, 0xba, 0xbe, 0xbe, 0xbe, 0xc2, 0xc2, 0xc2, 0xc2, 0xc2,
    0xc6, 0xc6, 0xc9, 0xcb, 0xcb, 0xcb, 0xc5, 0xc9, 0xcb, 0xcf, 0xcc, 0xce, 0xcb, 0xcb, 0xcb, 0xcb,
    0xcb, 0xc2, 0xbe, 0xc9, 0xcc, 0xc9, 0xc9, 0xbe, 0xc6, 0xbe, 0xbe, 0xc2, 0xc2, 0xc2, 0xc2, 0xc9,
    0xc9, 0xc7, 0xbe, 0xc6, 0xc6, 0xcc, 0xcb, 0xc9, 0xc2, 0xc2, 0xc2, 0xc2, 0xc2, 0xc2, 0xc2, 0xc6,
    0xc6, 0xc9, 0xc9, 0xc2, 0xbe, 0xbe, 0xbe, 0xbe, 0xbe, 0xbe, 0xbe, 0xc2, 0xbe, 0xbe, 0xbe, 0xbe,
    0xbe, 0xba, 0xb5, 0xb0, 0xaf, 0xaf, 0xb0, 0xb0, 0xb0, 0xb0, 0xaf, 0xaf, 0xa8, 0xa8, 0xa8, 0xa4,
    0xa4, 0xa4, 0xa4, 0xa4, 0xa4, 0xa4, 0xac, 0xa8, 0xac, 0xac, 0xac, 0xa4, 0xa3, 0xa3, 0x9f, 0x9e,
    0x9e, 0x9b, 0x95, 0x9b, 0x95, 0x95, 0x9b, 0x9b, 0x95, 0x95, 0x93, 0x95, 0x95, 0x93, 0x95, 0x93,
    0xac, 0xac, 0xac, 0xa9, 0xa3, 0xa3, 0xa9, 0xa9, 0xa9, 0xa3, 0xa3, 0xa3, 0xa1, 0xa3, 0xa1, 0x9e,
    0xa1, 0x9e, 0xa1, 0xa1, 0x9e, 0x9e, 0x9b, 0x9b, 0x9b, 0x9b, 0x9b, 0x9b, 0x9b, 0x9b, 0x97, 0x97,
    0x9e, 0x9b, 0x97, 0x95, 0x95, 0x95, 0x97, 0x97, 0x9b, 0x9b, 0x9e, 0xa1, 0xa1, 0xa3, 0xa9, 0xac,
    0xac, 0xac, 0xac, 0xac, 0xa9, 0xa3, 0xa1, 0xa3, 0xac, 0xaf, 0xb2, 0xb5, 0xb5, 0xb5, 0xaf, 0xaf,
    0xaf, 0xaf, 0xac, 0xac, 0xac, 0xa9, 0xa9, 0xac, 0xa9, 0xac, 0xaf, 0xb2, 0xb2, 0xb2, 0xb2, 0xaf,
    0xaf, 0xb2, 0xaf, 0xb2, 0xb2, 0xb5, 0xb5, 0xb8, 0xba, 0xba, 0xba, 0xb8, 0xb8, 0xba, 0xb8, 0xb8,
    0xba, 0xbe, 0xbe, 0xc2, 0xbe, 0xc2, 0xbe, 0xbe, 0xbe, 0xbe, 0xbe, 0xbe, 0xbe, 0xbe, 0xc2, 0xc2,
    0xbe, 0xba, 0xba, 0xba, 0xbe, 0xc2, 0xc2, 0xbe, 0xbe, 0xbe, 0xc2, 0xc5, 0xc6, 0xc6, 0xc2, 0xc2,
    0xbe, 0xbe, 0xbe, 0xbe, 0xbe, 0xba, 0xba, 0xba, 0xba, 0xbe, 0xbe, 0xbe, 0xbe, 0xbe, 0xc2, 0xc2,
    0xc2, 0xc2, 0xc6, 0xc6, 0xc9, 0xc9, 0xcb, 0xca, 0xc6, 0xc9, 0xcc, 0xcc, 0xcb, 0xcb, 0xcb, 0xce,
    0xcc, 0x40, 0x3b, 0xa8, 0xc2, 0xbe, 0xb5, 0xbe, 0xbe, 0xb5, 0xba, 0xcc, 0x2c, 0x2d, 0x31, 0x3b,
    0x2b, 0x36, 0x31, 0xa8, 0x1e, 0x2c, 0x38, 0xc6, 0xc6, 0xc2, 0xc2, 0xc2, 0xc3, 0xc2, 0xc2, 0xc2,
    0xc6, 0xc6, 0xc5, 0xc6, 0xc2, 0xbe, 0xbe, 0xbe, 0xbe, 0xbe, 0xbe, 0xbe, 0xbe, 0xbe, 0xba, 0xba,
    0xba, 0xba, 0xb5, 0xb0, 0xa8, 0xa8, 0xa8, 0xaf, 0xaf, 0xa8, 0xa8, 0xa8, 0xa8, 0xa8, 0xa8, 0xa4,
    0xa4, 0xa3, 0xa3, 0xa3, 0xa4, 0xac, 0xa8, 0xaf, 0xaf, 0xac, 0xac, 0xa4, 0xa4, 0xa3, 0xa3, 0x9e,
    0x9e, 0x9e, 0x9b, 0x9b, 0x9b, 0x9b, 0x9b, 0x9b, 0x9b, 0x95, 0x95, 0x93, 0x95, 0x95, 0x93, 0x95,
    0xaf, 0xac, 0xac, 0xa9, 0xa9, 0xa3, 0xa3, 0xa3, 0xa1, 0xa1, 0xa1, 0xa1, 0x9e, 0x9e, 0xa1, 0xa1,
    0xa1, 0xa1, 0xa1, 0x9e, 0x9e, 0x9e, 0x9e, 0x9b, 0x9b, 0x9b, 0x9b, 0x97, 0x9b, 0x97, 0x97, 0x9b,
    0x9b, 0x9e, 0x9b, 0x97, 0x97, 0x93, 0x95, 0x97, 0x97, 0x9b, 0xa1, 0xa1, 0xa3, 0xa3, 0xa9, 0xa9,
    0xa9, 0xac, 0xac, 0xac, 0xa9, 0xa1, 0xa1, 0xa3, 0xa9, 0xa9, 0xac, 0xaf, 0xb2, 0xb2, 0xb2, 0xb2,
    0xb2, 0xaf, 0xac, 0xac, 0xac, 0xac, 0xac, 0xac, 0xac, 0xac, 0xac, 0xaf, 0xb2, 0xb2, 0xb2, 0xaf,
    0xaf, 0xaf, 0xaf, 0xb2, 0xb5, 0xb5, 0xb8, 0xba, 0xbe, 0xbe, 0xbe, 0xbe, 0xba, 0xba, 0xba, 0xba,
    0xba, 0xbe, 0xbe, 0xbe, 0xbe, 0xbe, 0xbe, 0xba, 0xbe, 0xc2, 0xbe, 0xbe, 0xba, 0xba, 0xbe, 0xc2,
    0xbe, 0xba, 0xba, 0xba, 0xbe, 0xc6, 0xc6, 0xc2, 0xbe, 0xba, 0xba, 0xbe, 0xc2, 0xc2, 0xc2, 0xc2,
    0xbe, 0xbe, 0xbe, 0xbe, 0xbe, 0xba, 0xba, 0xb8, 0xb8, 0xbe, 0xbe, 0xbe, 0xba, 0xbe, 0xbe, 0xbe,
    0xbe, 0xbe, 0xbe, 0xbe, 0xc5, 0xc6, 0xc2, 0xc6, 0xc9, 0xcb, 0xcb, 0xcb, 0xcc, 0xce, 0xcb, 0xcc,
    0xce, 0xcb, 0xc2, 0xb5, 0xbe, 0xc2, 0xbe, 0xbe, 0xbe, 0xc2, 0xcb, 0xc2, 0xc6, 0xc2, 0xbe, 0xc2,
    0xc6, 0xc6, 0xc2, 0xbe, 0xc2, 0xc2, 0xc2, 0xc2, 0xc2, 0xc2, 0xc2, 0xc6, 0xc6, 0xc6, 0xc3, 0xc2,
    0xc3, 0xc3, 0xc3, 0xc6, 0xc6, 0xc2, 0xbe, 0xbe, 0xbe, 0xbe, 0xbe, 0xbe, 0xbe, 0xba, 0xb8, 0xb5,
    0xb8, 0xb8, 0xb0, 0xaf, 0xa8, 0xa8, 0xa8, 0xa8, 0xa8, 0xa8, 0xa8, 0xa8, 0xa8, 0xa8, 0xa8, 0xac,
    0xa4, 0xa3, 0xa3, 0xa3, 0xa4, 0xac, 0xac, 0xac, 0xac, 0xac, 0xac, 0xac, 0xa3, 0xa3, 0xa3, 0x9f,
    0xa1, 0x9e, 0x9e, 0x9b, 0x9b, 0x9b, 0x9b, 0x9b, 0x9b, 0x9b, 0x95, 0x95, 0x95, 0x93, 0x95, 0x93,
    0xac, 0xac, 0xac, 0xac, 0xa9, 0xa3, 0xa1, 0xa1, 0xa1, 0xa1, 0x9e, 0x9e, 0x9e, 0x9f, 0xa1, 0xa1,
    0xa1, 0xa3, 0xa1, 0x9e, 0x9b, 0x9e, 0x9e, 0x9e, 0x9e, 0x9e, 0x9b, 0x97, 0x97, 0x97, 0x9b, 0x9e,
    0x9e, 0x9e, 0x9b, 0x9b, 0x97, 0x95, 0x97, 0x97, 0x9e, 0x9e, 0xa1, 0xa3, 0xa3, 0xa9, 0xa9, 0xa9,
    0xa9, 0xac, 0xac, 0xac, 0xa9, 0xa3, 0xa3, 0xa1, 0xa3, 0xa9, 0xac, 0xac, 0xaf, 0xb2, 0xb2, 0xb2,
    0xb2, 0xb2, 0xaf, 0xac, 0xac, 0xac, 0xac, 0xac, 0xac, 0xac, 0xac, 0xac, 0xaf, 0xb2, 0xb2, 0xb2,
    0xb2, 0xaf, 0xaf, 0xaf, 0xb2, 0xb2, 0xb5, 0xb8, 0xbe, 0xc2, 0xc2, 0xbe, 0xba, 0xb8, 0xb8, 0xba,
    0xba, 0xbe, 0xc2, 0xbe, 0xbe, 0xb8, 0xba, 0xba, 0xbe, 0xbe, 0xbe, 0xbe, 0xba, 0xba, 0xbe, 0xbe,
    0xc2, 0xbe, 0xbe, 0xba, 0xba, 0xc2, 0xc2, 0xc6, 0xbe, 0xba, 0xb8, 0xba, 0xbe, 0xbe, 0xbe, 0xbe,
    0xba, 0xba, 0xbe, 0xbe, 0xbe, 0xba, 0xba, 0xba, 0xb8, 0xba, 0xbe, 0xbe, 0xb8, 0xba, 0xb8, 0xba,
    0xba, 0xbe, 0xbe, 0xba, 0xc2, 0xc9, 0xc6, 0xcb, 0xc9, 0xc2, 0xc9, 0xcb, 0xc9, 0xcc, 0xcc, 0xcb,
    0xcb, 0xc9, 0xc6, 0xc9, 0xbe, 0x3d, 0x3d, 0x28, 0x3b, 0xc2, 0xc9, 0xc6, 0xbe, 0xbe, 0xb5, 0xc2,
    0xbe, 0xbe, 0xba, 0xb5, 0xb8, 0xbe, 0xba, 0xbe, 0xc2, 0xc3, 0xc2, 0xc3, 0xc3, 0xc3, 0xc6, 0xc6,
    0xc6, 0xc6, 0xc6, 0xc6, 0xc6, 0xc6, 0xc2, 0xbe, 0xbe, 0xbe, 0xba, 0xba, 0xba, 0xba, 0xb8, 0xb8,
    0xb0, 0xb0, 0xb4, 0xa8, 0xa8, 0xa4, 0xa8, 0xa8, 0xa8, 0xa8, 0xa8, 0xa8, 0xa8, 0xa4, 0xac, 0xac,
    0xac, 0xa4, 0xa4, 0xa3, 0xa3, 0xa4, 0xac, 0xa4, 0xa3, 0xa3, 0xa4, 0xa4, 0xa3, 0xa3, 0xa3, 0x9f,
    0x9f, 0x9f, 0x9e, 0x9b, 0x9b, 0x9b, 0x9b, 0x9e, 0x9b, 0x9b, 0x95, 0x95, 0x95, 0x95, 0x95, 0x95,
    0xaf, 0xac, 0xac, 0xa9, 0xac, 0xac, 0xa9, 0xa3, 0xa3, 0xa1, 0xa3, 0xa1, 0xa1, 0xa3, 0xa1, 0xa3,
    0xa3, 0xa3, 0xa3, 0xa3, 0xa3, 0xa3, 0xa3, 0xa1, 0xa3, 0x9f, 0x9b, 0x9b, 0x9b, 0x9b, 0xa1, 0xa3,
    0xa3, 0xa1, 0xa1, 0x9e, 0x9b, 0x9b, 0x9e, 0x9e, 0x9f, 0xa1, 0xa1, 0xa9, 0xa3, 0xa9, 0xa9, 0xac,
    0xac, 0xac, 0xac, 0xac, 0xaf, 0xac, 0xa9, 0xa3, 0xa1, 0xa9, 0xa9, 0xaf, 0xaf, 0xb2, 0xb2, 0xb2,
    0xb8, 0xb5, 0xb5, 0xb2, 0xac, 0xac, 0xac, 0xac, 0xaf, 0xaf, 0xac, 0xac, 0xac, 0xaf, 0xb2, 0xb2,
    0xb2, 0xaf, 0xac, 0xa9, 0xac, 0xac, 0xaf, 0xb5, 0xb5, 0xba, 0xbe, 0xbe, 0xba, 0xb8, 0xba, 0xba,
    0xbe, 0xbe, 0xc2, 0xc2, 0xbe, 0xba, 0xba, 0xb8, 0xba, 0xbe, 0xbe, 0xbe, 0xbe, 0xbe, 0xbe, 0xbe,
    0xbe, 0xc2, 0xc2, 0xbe, 0xbe, 0xbe, 0xbe, 0xc2, 0xc2, 0xbe, 0xba, 0xb8, 0xb8, 0xba, 0xba, 0xba,
    0xba, 0xba, 0xb8, 0xb8, 0xba, 0xba, 0xba, 0xbe, 0xba, 0xb8, 0xba, 0xbe, 0xb8, 0xb8, 0xb8, 0xba,
    0xba, 0xb8, 0xba, 0xbe, 0xbe, 0xc2, 0xc2, 0xc6, 0xc6, 0xc9, 0xc6, 0xc9, 0xc9, 0xc9, 0xc9, 0xcc,
    0xcb, 0xcb, 0xc9, 0xc5, 0xc6, 0x3b, 0xa4, 0xc6, 0xbe, 0x3d, 0xa8, 0xcb, 0xc6, 0xc2, 0x21, 0x2d,
    0xb8, 0xba, 0xba, 0xba, 0xbe, 0xb8, 0xba, 0xbe, 0xbe, 0xbf, 0xbe, 0xc2, 0xc2, 0xc2, 0xc6, 0xc9,
    0xc6, 0xc9, 0xc9, 0xc5, 0xc6, 0xc5, 0xc2, 0xc2, 0xc2, 0xbe, 0xbe, 0xbe, 0xba, 0xba, 0xb8, 0xb5,
    0xb5, 0xb0, 0xb0, 0xa8, 0xac, 0xa8, 0xa4, 0xa8, 0xaf, 0xa8, 0xa8, 0xa8, 0xa8, 0xa4, 0xac, 0xac,
    0xac, 0xac, 0xa4, 0xa4, 0xa3, 0xa3, 0xa3, 0xa3, 0xa3, 0xa3, 0xa3, 0xa3, 0xa3, 0xa3, 0x9f, 0x9e,
    0x9e, 0x9e, 0x9e, 0x9b, 0x9b, 0x9b, 0x9b, 0x9b, 0x9b, 0x95, 0x95, 0x95, 0x95, 0x95, 0x95, 0x95,
    0xaf, 0xac, 0xac, 0xac, 0xa9, 0xac, 0xac, 0xa9, 0xa9, 0xa3, 0xa3, 0xa3, 0xa1, 0xa1, 0xa1, 0xa3,
    0xa9, 0xa9, 0xa9, 0xa9, 0xa9, 0xa3, 0xa3, 0xa1, 0xa1, 0x9e, 0x9e, 0x9e, 0x9e, 0x9e, 0x9f, 0x9e,
    0xa1, 0xa3, 0xa1, 0x9e, 0x9e, 0x9e, 0x9f, 0x9e, 0x9e, 0xa1, 0xa3, 0xa3, 0xa9, 0xa9, 0xac, 0xac,
    0xac, 0xac, 0xac, 0xac, 0xaf, 0xac, 0xa9, 0xa9, 0xa9, 0xa3, 0xa9, 0xac, 0xac, 0xac, 0xaf, 0xaf,
    0xb2, 0xb8, 0xb5, 0xb2, 0xaf, 0xac, 0xac, 0xac, 0xac, 0xaf, 0xaf, 0xac, 0xac, 0xb2, 0xb2, 0xb2,
    0xb2, 0xb2, 0xb2, 0xaf, 0xac, 0xac, 0xac, 0xb2, 0xb5, 0xb8, 0xb8, 0xba, 0xba, 0xba, 0xbe, 0xbe,
    0xc2, 0xc2, 0xc6, 0xc6, 0xc2, 0xbe, 0xba, 0xb5, 0xb8, 0xba, 0xba, 0xba, 0xba, 0xba, 0xba, 0xba,
    0xba, 0xbe, 0xc2, 0xbe, 0xbe, 0xbe, 0xbe, 0xbe, 0xbe, 0xbe, 0xba, 0xb8, 0xb8, 0xb8, 0xb8, 0xba,
    0xba, 0xb8, 0xb8, 0xb5, 0xb8, 0xb8, 0xb8, 0xba, 0xba, 0xb8, 0xb8, 0xb8, 0xb8, 0xb5, 0xb8, 0xb8,
    0xb5, 0xb8, 0xba, 0xbe, 0xc2, 0xc2, 0xc2, 0xc9, 0xc9, 0xcb, 0xc6, 0xbe, 0xbe, 0xc2, 0xc6, 0xc6,
    0xc9, 0xc9, 0xcb, 0xc9, 0xc2, 0xba, 0xb5, 0xbe, 0xc2, 0xc6, 0xc2, 0xbe, 0xc6, 0xbe, 0xc3, 0xba,
    0xb8, 0xb5, 0xb8, 0xbe, 0xc2, 0xbe, 0xbe, 0xc2, 0xbe, 0xc2, 0xbe, 0xbe, 0xbe, 0xbe, 0xc2, 0xc9,
    0xc9, 0xc9, 0xc9, 0xc6, 0xc9, 0xc6, 0xc6, 0xc6, 0xc6, 0xc2, 0xc2, 0xc2, 0xbe, 0xbe, 0xba, 0xb8,
    0xb8, 0xb5, 0xb0, 0xaf, 0xa8, 0xa8, 0xa4, 0xa8, 0xa8, 0xa8, 0xac, 0xa4, 0xa4, 0xa4, 0xa4, 0xa4,
    0xac, 0xac, 0xa4, 0xa4, 0xa3, 0xa3, 0x9f, 0x9f, 0x9e, 0x9b, 0x9e, 0x9e, 0x9e, 0x9e, 0x9b, 0x9b,
    0x9b, 0x9b, 0x9b, 0x9b, 0x9b, 0x9b, 0x9b, 0x9b, 0x97, 0x9b, 0x9b, 0x95, 0x93, 0x95, 0x95, 0x93,
    0xaf, 0xac, 0xa9, 0xa3, 0xa3, 0xa9, 0xa9, 0xa9, 0xa3, 0xa3, 0xa3, 0xa3, 0xa3, 0x9f, 0xa1, 0xa3,
    0xa3, 0xa9, 0xac, 0xac, 0xac, 0xa9, 0xa3, 0xa3, 0xa1, 0xa3, 0xa3, 0x9e, 0x9e, 0x9e, 0x9e, 0x9e,
    0x9e, 0xa1, 0xa1, 0x9e, 0x9e, 0x9f, 0x9e, 0x9e, 0x9f, 0xa1, 0xa3, 0xa3, 0xa9, 0xa9, 0xac, 0xaf,
    0xac, 0xac, 0xac, 0xac, 0xb2, 0xb2, 0xac, 0xa9, 0xa9, 0xa9, 0xa9, 0xa9, 0xa9, 0xa9, 0xac, 0xac,
    0xaf, 0xb5, 0xb5, 0xb2, 0xaf, 0xac, 0xa9, 0xac, 0xac, 0xac, 0xaf, 0xaf, 0xaf, 0xb2, 0xb2, 0xb2,
    0xb2, 0xb2, 0xb2, 0xb2, 0xaf, 0xac, 0xa9, 0xb2, 0xb5, 0xb8, 0xb8, 0xb8, 0xba, 0xba, 0xba, 0xc2,
    0xbe, 0xc6, 0xc6, 0xc6, 0xc6, 0xc6, 0xbe, 0xba, 0xb8, 0xb5, 0xb5, 0xb8, 0xb8, 0xba, 0xb8, 0xba,
    0xba, 0xbe, 0xbe, 0xc2, 0xc2, 0xc6, 0xc6, 0xc2, 0xbe, 0xbe, 0xbe, 0xba, 0xba, 0xba, 0xba, 0xba,
    0xba, 0xb8, 0xb5, 0xb5, 0xb5, 0xb5, 0xb8, 0xb8, 0xb8, 0xb8, 0xb8, 0xb8, 0xba, 0xb5, 0xb0, 0xb5,
    0xb0, 0xb5, 0xb8, 0xbe, 0xbe, 0xc2, 0xc6, 0xc6, 0xc9, 0xc5, 0xc9, 0xc6, 0xc2, 0xbe, 0xbe, 0xba,
    0xc5, 0xcb, 0xcb, 0xcc, 0xc9, 0xba, 0xc9, 0xc6, 0xc2, 0xc9, 0xc2, 0xbe, 0xc2, 0xbf, 0xbe, 0xba,
    0xb8, 0xb8, 0xba, 0xb8, 0xbe, 0xc2, 0xc2, 0xc2, 0xc2, 0xc2, 0xc2, 0xbe, 0xc2, 0xbe, 0xc2, 0xc3,
    0xc6, 0xcb, 0xcb, 0xc9, 0xc9, 0xc9, 0xc5, 0xc6, 0xc6, 0xc6, 0xc9, 0xc6, 0xc2, 0xbe, 0xba, 0xb8,
    0xb8, 0xb0, 0xb0, 0xb0, 0xa8, 0xa4, 0xa4, 0xa4, 0xa4, 0xa8, 0xac, 0xac, 0xac, 0xac, 0xa4, 0xa4,
    0xa4, 0xac, 0xa4, 0xa4, 0xa3, 0xa3, 0x9f, 0x9e, 0x9e, 0x9b, 0x95, 0x95, 0x95, 0x95, 0x95, 0x95,
    0x95, 0x95, 0x9b, 0x95, 0x9b, 0x9b, 0x9b, 0x9b, 0x9b, 0x9b, 0x9b, 0x95, 0x95, 0x93, 0x95, 0x95,
    0xac, 0xac, 0xa9, 0xa3, 0xa3, 0xa3, 0xa3, 0xa9, 0xa9, 0xa3, 0xa3, 0xa3, 0xa1, 0xa3, 0xa1, 0xa1,
    0xa3, 0xa9, 0xaf, 0xaf, 0xac, 0xac, 0xac, 0xa3, 0xa3, 0xa3, 0xa3, 0x9e, 0x9e, 0x9e, 0x9e, 0x9e,
    0xa1, 0xa3, 0xa1, 0xa1, 0xa1, 0x9e, 0x9e, 0x9e, 0x9e, 0xa1, 0xa3, 0xa9, 0xac, 0xac, 0xaf, 0xaf,
    0xaf, 0xaf, 0xaf, 0xaf, 0xb2, 0xb2, 0xaf, 0xac, 0xa9, 0xa9, 0xa3, 0xa3, 0xa3, 0xa3, 0xa9, 0xac,
    0xaf, 0xaf, 0xb5, 0xb5, 0xaf, 0xac, 0xa9, 0xa9, 0xac, 0xac, 0xaf, 0xaf, 0xaf, 0xaf, 0xb2, 0xb2,
    0xaf, 0xb2, 0xb2, 0xb2, 0xb2, 0xaf, 0xaf, 0xac, 0xb2, 0xb2, 0xb5, 0xb8, 0xb8, 0xb8, 0xb8, 0xba,
    0xbe, 0xbe, 0xc2, 0xc6, 0xc5, 0xc6, 0xc6, 0xbe, 0xba, 0xb8, 0xb8, 0xb8, 0xba, 0xba, 0xba, 0xb8,
    0xb8, 0xba, 0xbe, 0xbe, 0xc2, 0xc9, 0xc9, 0xc9, 0xc2, 0xc2, 0xc2, 0xbe, 0xbe, 0xbe, 0xbe, 0xbe,
    0xba, 0xb8, 0xba, 0xb8, 0xb5, 0xb0, 0xb5, 0xb8, 0xba, 0xb8, 0xb8, 0xb8, 0xbe, 0xb8, 0xb5, 0xb0,
    0xb2, 0xaf, 0xb0, 0xb5, 0xba, 0xbe, 0xbe, 0xbe, 0xc2, 0xc2, 0xc6, 0xc9, 0xc2, 0xba, 0xba, 0xb8,
    0xba, 0xc5, 0xc9, 0xcb, 0xc9, 0xc6, 0xc9, 0xc9, 0xbe, 0xbe, 0xc2, 0xc9, 0xc9, 0xbe, 0xbe, 0xb8,
    0xba, 0xba, 0xba, 0xbe, 0xc3, 0xc6, 0xc3, 0xc3, 0xc2, 0xc2, 0xc2, 0xc2, 0xbe, 0xbe, 0xbe, 0xbe,
    0xc2, 0xc7, 0xc9, 0xc9, 0xc9, 0xc6, 0xc2, 0xc2, 0xc2, 0xc5, 0xc9, 0xc9, 0xc3, 0xbe, 0xba, 0xb7,
    0xb7, 0xb4, 0xb4, 0xaf, 0xaf, 0xa8, 0xa4, 0xa4, 0xac, 0xac, 0xa8, 0xa8, 0xaf, 0xac, 0xac, 0xac,
    0xa4, 0xac, 0xa4, 0xa4, 0xa4, 0xa3, 0xa3, 0x9f, 0x9f, 0x9e, 0x95, 0x95, 0x95, 0x95, 0x95, 0x95,
    0x95, 0x95, 0x9b, 0x9b, 0x9b, 0x9b, 0x9b, 0x9b, 0x9b, 0x95, 0x95, 0x95, 0x95, 0x93, 0x95, 0x93,
    0xaf, 0xac, 0xa9, 0xa3, 0xa3, 0xa3, 0xa3, 0xa3, 0xa9, 0xa9, 0xa9, 0xa3, 0xa3, 0xa1, 0xa1, 0xa1,
    0xa3, 0xa9, 0xaf, 0xaf, 0xaf, 0xac, 0xa9, 0xa9, 0xa3, 0xa3, 0xa3, 0xa1, 0x9f, 0xa1, 0xa1, 0xa1,
    0xa3, 0xa3, 0xa1, 0xa1, 0x9f, 0x9e, 0x9b, 0x9e, 0xa1, 0xa1, 0xa1, 0xa3, 0xac, 0xaf, 0xaf, 0xb2,
    0xb2, 0xb2, 0xaf, 0xaf, 0xb2, 0xb5, 0xb5, 0xaf, 0xac, 0xac, 0xa9, 0xa9, 0xa3, 0xa9, 0xa3, 0xa9,
    0xa9, 0xac, 0xaf, 0xb2, 0xaf, 0xaf, 0xac, 0xac, 0xac, 0xaf, 0xaf, 0xb2, 0xaf, 0xaf, 0xaf, 0xb2,
    0xb2, 0xb2, 0xb2, 0xb2, 0xb2, 0xb5, 0xb2, 0xb2, 0xb2, 0xb2, 0xb2, 0xb8, 0xbe, 0xba, 0xb8, 0xb8,
    0xb8, 0xba, 0xbe, 0xbe, 0xc2, 0xc6, 0xc9, 0xc6, 0xc2, 0xbe, 0xba, 0xb8, 0xba, 0xbe, 0xba, 0xb8,
    0xb5, 0xb8, 0xba, 0xba, 0xbe, 0xc6, 0xc6, 0xc9, 0xc9, 0xc6, 0xc6, 0xc2, 0xbe, 0xba, 0xbe, 0xbe,
    0xbe, 0xbe, 0xb8, 0xb5, 0xb0, 0xb0, 0xb2, 0xb5, 0xb8, 0xb8, 0xb8, 0xb5, 0xb8, 0xb8, 0xb5, 0xb2,
    0xb2, 0xb2, 0xaf, 0xb2, 0xb5, 0xba, 0xbe, 0xba, 0xb8, 0xbe, 0xbe, 0xc2, 0xbe, 0xb8, 0xb8, 0xbe,
    0xc2, 0xc6, 0xc9, 0xc9, 0xcc, 0xc2, 0xc6, 0xc6, 0xc2, 0xc6, 0xbe, 0xc2, 0xc2, 0xc6, 0xbe, 0xbe,
    0xbe, 0xc2, 0xc6, 0xc6, 0xc2, 0xc3, 0xc6, 0xc3, 0xc3, 0xc3, 0xc2, 0xc2, 0xbe, 0xbe, 0xbe, 0xbe,
    0xbe, 0xbe, 0xc3, 0xc6, 0xc6, 0xc7, 0xc2, 0xc2, 0xc2, 0xc6, 0xc6, 0xc6, 0xc6, 0xbe, 0xbb, 0xb8,
    0xb4, 0xaf, 0xaf, 0xb4, 0xaf, 0xaf, 0xac, 0xac, 0xa4, 0xa4, 0xac, 0xac, 0xac, 0xaf, 0xac, 0xac,
    0xa4, 0xa4, 0xa4, 0xa4, 0xa4, 0xa3, 0xa3, 0x9e, 0x9e, 0x9e, 0x9b, 0x95, 0x95, 0x95, 0x95, 0x95,
    0x95, 0x95, 0x95, 0x9b, 0x9b, 0x95, 0x95, 0x95, 0x95, 0x95, 0x95, 0x9b, 0x95, 0x95, 0x95, 0x95,
    0xaf, 0xac, 0xac, 0xa9, 0xa3, 0xa3, 0xa3, 0xa3, 0xa9, 0xa9, 0xa9, 0xa3, 0x9f, 0xa1, 0xa3, 0xa3,
    0xa3, 0xa9, 0xac, 0xac, 0xaf, 0xac, 0xa9, 0xa3, 0xa3, 0xa3, 0xa1, 0x9e, 0x9e, 0x9e, 0x9e, 0xa1,
    0x9f, 0x9e, 0xa1, 0x9e, 0x9e, 0x9b, 0x9b, 0x9e, 0x9e, 0x9e, 0xa1, 0xa3, 0xa9, 0xac, 0xaf, 0xb2,
    0xaf, 0xb2, 0xb2, 0xb2, 0xb5, 0xb2, 0xb5, 0xb2, 0xb2, 0xaf, 0xac, 0xa9, 0xa9, 0xa9, 0xa9, 0xa3,
    0xa6, 0xa9, 0xac, 0xaf, 0xaf, 0xb2, 0xaf, 0xaf, 0xaf, 0xaf, 0xac, 0xaf, 0xaf, 0xac, 0xaf, 0xb2,
    0xb2, 0xb2, 0xb2, 0xb2, 0xb5, 0xb5, 0xb5, 0xb5, 0xb2, 0xb2, 0xb2, 0xb5, 0xba, 0xba, 0xbe, 0xba,
    0xba, 0xb5, 0xb5, 0xb8, 0xbe, 0xc2, 0xc2, 0xc6, 0xc2, 0xc2, 0xbe, 0xbe, 0xbe, 0xc2, 0xbe, 0xba,
    0xb5, 0xb8, 0xb8, 0xba, 0xbe, 0xbe, 0xc2, 0xc6, 0xc6, 0xc5, 0xc6, 0xc6, 0xc2, 0xbe, 0xba, 0xba,
    0xbe, 0xbe, 0xb8, 0xb8, 0xb5, 0xb5, 0xb2, 0xb2, 0xb0, 0xb5, 0xb5, 0xb5, 0xb8, 0xb8, 0xb8, 0xb5,
    0xb0, 0xb2, 0xaf, 0xb2, 0xb5, 0xb5, 0xb5, 0xb8, 0xb8, 0xba, 0xbe, 0xbe, 0xbe, 0xb8, 0xbe, 0xc2,
    0xc9, 0xc9, 0xc6, 0xc2, 0xc6, 0xc2, 0xc2, 0xc2, 0xc2, 0xc2, 0xbe, 0xbe, 0xbe, 0xba, 0xbe, 0xbe,
    0xc2, 0xc2, 0xc2, 0xc2, 0xc2, 0xc2, 0xc3, 0xc2, 0xc7, 0xc6, 0xc3, 0xc3, 0xc2, 0xc2, 0xbe, 0xba,
    0xba, 0xba, 0xbe, 0xc2, 0xc7, 0xc6, 0xc3, 0xc2, 0xc2, 0xc6, 0xc6, 0xc9, 0xc6, 0xc2, 0xbe, 0xb8,
    0xb5, 0xb4, 0xb4, 0xaf, 0xaf, 0xac, 0xa4, 0xa4, 0xa3, 0xa4, 0xa4, 0xac, 0xac, 0xaf, 0xac, 0xa4,
    0xa4, 0xa4, 0xa4, 0xa4, 0xa4, 0xa3, 0x9f, 0x9f, 0x9e, 0x9e, 0x9e, 0x95, 0x95, 0x95, 0x95, 0x95,
    0x93, 0x95, 0x95, 0x95, 0x9b, 0x95, 0x95, 0x95, 0x95, 0x95, 0x95, 0x95, 0x95, 0x95, 0x95, 0x95,
    0xaf, 0xac, 0xac, 0xa9, 0xa9, 0xa9, 0xa9, 0xa9, 0xa9, 0xa9, 0xa9, 0xa1, 0xa1, 0xa1, 0xa1, 0xa3,
    0xa3, 0xa3, 0xa9, 0xac, 0xac, 0xac, 0xac, 0xa9, 0xa9, 0xa1, 0x9e, 0x9e, 0x9b, 0x9b, 0x9e, 0x9f,
    0x9e, 0x9e, 0x9e, 0x9e, 0x9f, 0x9e, 0x9b, 0x9e, 0x9e, 0xa1, 0xa1, 0xa3, 0xa9, 0xac, 0xaf, 0xaf,
    0xaf, 0xb2, 0xb2, 0xb2, 0xb5, 0xb5, 0xb5, 0xb2, 0xb2, 0xb2, 0xaf, 0xaf, 0xac, 0xa9, 0xa9, 0xa9,
    0xa9, 0xa9, 0xac, 0xaf, 0xaf, 0xb2, 0xb2, 0xaf, 0xaf, 0xac, 0xac, 0xac, 0xac, 0xaf, 0xaf, 0xb2,
    0xb5, 0xb5, 0xb2, 0xb2, 0xb2, 0xb2, 0xb5, 0xb5, 0xb2, 0xb2, 0xb2, 0xb2, 0xb8, 0xba, 0xbe, 0xbe,
    0xba, 0xb8, 0xb8, 0xb8, 0xba, 0xbe, 0xbe, 0xbe, 0xc2, 0xc2, 0xc2, 0xc6, 0xc2, 0xc2, 0xbe, 0xbe,
    0xba, 0xba, 0xba, 0xba, 0xba, 0xba, 0xbe, 0xbe, 0xbe, 0xc2, 0xc2, 0xc6, 0xc2, 0xbe, 0xb8, 0xba,
    0xba, 0xba, 0xb8, 0xb8, 0xb5, 0xb2, 0xb2, 0xb2, 0xaf, 0xb2, 0xb5, 0xb5, 0xb5, 0xb8, 0xb8, 0xb8,
    0xb5, 0xb2, 0xb2, 0xb2, 0xb0, 0xb5, 0xb5, 0xb5, 0xb5, 0xb8, 0xb5, 0xb8, 0xbe, 0xbe, 0xc2, 0xc6,
    0xc6, 0xc7, 0xc9, 0xc7, 0xc2, 0xba, 0xbe, 0xbe, 0xbe, 0xbe, 0xba, 0xbe, 0xc3, 0xc3, 0xc2, 0xc2,
    0xbe, 0xc2, 0xbe, 0xbe, 0xc2, 0xbf, 0xbe, 0xc2, 0xc3, 0xc7, 0xc9, 0xc9, 0xc7, 0xc3, 0xbe, 0xbe,
    0xba, 0xb8, 0xb7, 0xbe, 0xc2, 0xc3, 0xc3, 0xc6, 0xc6, 0xc3, 0xc6, 0xc5, 0xc6, 0xbe, 0xbe, 0xb8,
    0xb5, 0xaf, 0xb4, 0xaf, 0xac, 0xa4, 0xa4, 0xa3, 0xa3, 0xa6, 0xa4, 0xac, 0xac, 0xac, 0xac, 0xa4,
    0xa4, 0xa4, 0xa4, 0xa4, 0xa4, 0xa3, 0x9f, 0x9f, 0x9f, 0x9e, 0x9b, 0x9b, 0x95, 0x95, 0x95, 0x95,
    0x95, 0x95, 0x93, 0x95, 0x95, 0x95, 0x95, 0x95, 0x9b, 0x95, 0x95, 0x95, 0x95, 0x95, 0x95, 0x95,
    0xaf, 0xaf, 0xac, 0xac, 0xa9, 0xa3, 0xa3, 0xa3, 0xa9, 0xa3, 0xa3, 0xa3, 0xa3, 0x9f, 0xa3, 0x9f,
    0x9f, 0xa3, 0xa9, 0xac, 0xaf, 0xac, 0xac, 0xac, 0xa9, 0xa1, 0xa1, 0x9e, 0x9b, 0x9b, 0x9e, 0x9e,
    0x9b, 0x9b, 0x9b, 0x9b, 0x9e, 0x9e, 0x99, 0x9b, 0x9b, 0xa1, 0xa1, 0xa1, 0xa3, 0xa9, 0xac, 0xaf,
    0xac, 0xaf, 0xaf, 0xb2, 0xb5, 0xb5, 0xb2, 0xaf, 0xaf, 0xaf, 0xaf, 0xaf, 0xac, 0xac, 0xa9, 0xa9,
    0xa9, 0xac, 0xa9, 0xac, 0xac, 0xaf, 0xb2, 0xb2, 0xac, 0xaf, 0xaf, 0xaf, 0xaf, 0xaf, 0xb2, 0xb2,
    0xb5, 0xb8, 0xb5, 0xb5, 0xaf, 0xaf, 0xb2, 0xb2, 0xb8, 0xb2, 0xaf, 0xaf, 0xb2, 0xb8, 0xbe, 0xbe,
    0xbe, 0xba, 0xb8, 0xba, 0xb8, 0xb8, 0xb8, 0xba, 0xbe, 0xbe, 0xbe, 0xbe, 0xc2, 0xc2, 0xc2, 0xc2,
    0xbe, 0xba, 0xba, 0xbe, 0xba, 0xb8, 0xba, 0xb8, 0xb8, 0xbe, 0xbe, 0xbe, 0xbe, 0xbe, 0xbe, 0xba,
    0xb8, 0xb8, 0xb8, 0xb8, 0xb8, 0xb5, 0xb2, 0xb2, 0xaf, 0xb2, 0xb2, 0xb2, 0xb0, 0xb0, 0xb5, 0xb8,
    0xb8, 0xb5, 0xb5, 0xb2, 0xb2, 0xb0, 0xb5, 0xb2, 0xb0, 0xb8, 0xb5, 0xb2, 0xb8, 0xba, 0xbe, 0xc2,
    0xc6, 0xca, 0xc9, 0xc9, 0xbe, 0xaf, 0xb5, 0xb5, 0xb5, 0xb7, 0xba, 0xb8, 0xc2, 0xc6, 0xc2, 0xbe,
    0xbe, 0xc0, 0xbe, 0xbe, 0xbe, 0xbe, 0xc2, 0xbe, 0xc2, 0xc7, 0xcb, 0xcb, 0xc9, 0xc7, 0xc3, 0xbe,
    0xbe, 0xb7, 0xb7, 0xba, 0xbe, 0xc2, 0xc3, 0xc3, 0xc3, 0xc6, 0xc6, 0xc6, 0xc2, 0xbe, 0xbe, 0xb8,
    0xb5, 0xb4, 0xaf, 0xaf, 0xac, 0xa4, 0xa3, 0xa3, 0xa3, 0xa3, 0xac, 0xac, 0xac, 0xaf, 0xac, 0xa4,
    0xac, 0xa4, 0xa4, 0xa3, 0xa3, 0x9f, 0x9f, 0x9e, 0x9e, 0x9f, 0x9f, 0x9e, 0x9b, 0x9b, 0x99, 0x95,
    0x95, 0x93, 0x95, 0x93, 0x95, 0x95, 0x9b, 0x9b, 0x9b, 0x9b, 0x95, 0x95, 0x95, 0x95, 0x95, 0x95,
    0xaf, 0xaf, 0xac, 0xac, 0xa9, 0xa3, 0xa3, 0xa3, 0xa3, 0xa3, 0xa3, 0xa3, 0xa3, 0xa3, 0x9e, 0x9f,
    0x9f, 0x9f, 0xa3, 0xa9, 0xac, 0xaf, 0xac, 0xa9, 0xa9, 0xa3, 0xa1, 0x9f, 0x9e, 0x9e, 0x9b, 0x9b,
    0x9b, 0x97, 0x9b, 0x9b, 0x9e, 0x9b, 0x9b, 0x9b, 0x9b, 0x9e, 0xa1, 0x9e, 0xa1, 0xa1, 0xa1, 0xa9,
    0xac, 0xaf, 0xaf, 0xb2, 0xb2, 0xb5, 0xb5, 0xaf, 0xac, 0xac, 0xaf, 0xaf, 0xaf, 0xaf, 0xac, 0xac,
    0xa9, 0xac, 0xa9, 0xa9, 0xac, 0xaf, 0xac, 0xaf, 0xb2, 0xaf, 0xaf, 0xac, 0xaf, 0xaf, 0xb2, 0xb2,
    0xb5, 0xb8, 0xb5, 0xb5, 0xb2, 0xb2, 0xb2, 0xb5, 0xb2, 0xb2, 0xac, 0xaf, 0xaf, 0xb2, 0xb5, 0xba,
    0xba, 0xba, 0xba, 0xba, 0xb5, 0xb2, 0xb5, 0xb8, 0xba, 0xba, 0xba, 0xbe, 0xbe, 0xbe, 0xbe, 0xbe,
    0xbe, 0xbe, 0xb8, 0xb5, 0xb5, 0xb5, 0xb5, 0xb5, 0xb8, 0xba, 0xba, 0xbe, 0xbe, 0xc2, 0xc2, 0xbe,
    0xba, 0xb8, 0xb5, 0xb5, 0xb5, 0xb8, 0xb8, 0xb8, 0xb5, 0xb2, 0xaf, 0xaf, 0xaf, 0xaf, 0xb2, 0xb5,
    0xb8, 0xb8, 0xb8, 0xb5, 0xb2, 0xaf, 0xb2, 0xb5, 0xb5, 0xb0, 0xb5, 0xb5, 0xb5, 0xb5, 0xb5, 0xb8,
    0xc2, 0xc7, 0xc9, 0xcb, 0xc3, 0xbe, 0xaf, 0xb4, 0xb4, 0xb4, 0xb7, 0xb8, 0xba, 0xbb, 0xbe, 0xb7,
    0xba, 0xb7, 0xba, 0xbb, 0xb7, 0xbb, 0xbe, 0xbe, 0xbe, 0xc2, 0xc6, 0xc7, 0xc9, 0xc6, 0xc3, 0xc2,
    0xbe, 0xbe, 0xbb, 0xbe, 0xbe, 0xbe, 0xc2, 0xc3, 0xc7, 0xc7, 0xc6, 0xc6, 0xc3, 0xbf, 0xbe, 0xba,
    0xb5, 0xaf, 0xb4, 0xaf, 0xaf, 0xac, 0xa4, 0xa4, 0xa3, 0xa3, 0xa4, 0xa4, 0xa4, 0xac, 0xac, 0xac,
    0xac, 0xa4, 0xa3, 0x9f, 0x9f, 0x9f, 0x9f, 0x9f, 0x9e, 0x9e, 0x9e, 0x9f, 0x9e, 0x9e, 0x9e, 0x95,
    0x95, 0x95, 0x95, 0x95, 0x95, 0x9b, 0x9e, 0x9b, 0x9b, 0x9b, 0x95, 0x95, 0x95, 0x93, 0x95, 0x95,
    0xaf, 0xac, 0xac, 0xac, 0xa9, 0xa3, 0xa3, 0xa3, 0xa3, 0xa9, 0xa9, 0xa9, 0xa3, 0xa3, 0xa3, 0xa1,
    0x9e, 0xa1, 0xa3, 0xac, 0xac, 0xac, 0xa9, 0xa9, 0xa3, 0xa1, 0xa3, 0xa1, 0xa1, 0x9e, 0x9e, 0x9b,
    0x97, 0x97, 0x9b, 0x9b, 0x9b, 0x9b, 0x9b, 0x9b, 0x9b, 0x9b, 0x9e, 0x9b, 0x9b, 0x9b, 0x9e, 0xa1,
    0xa9, 0xac, 0xaf, 0xaf, 0xb5, 0xb2, 0xb2, 0xaf, 0xac, 0xaf, 0xac, 0xac, 0xac, 0xaf, 0xaf, 0xac,
    0xac, 0xac, 0xa9, 0xa9, 0xac, 0xaf, 0xac, 0xaf, 0xaf, 0xaf, 0xaf, 0xaf, 0xaf, 0xaf, 0xb2, 0xb2,
    0xb2, 0xb5, 0xb5, 0xb5, 0xb5, 0xb5, 0xb5, 0xb8, 0xb5, 0xb2, 0xb5, 0xb2, 0xaf, 0xaf, 0xb2, 0xb8,
    0xba, 0xbe, 0xbe, 0xbe, 0xb8, 0xb5, 0xb2, 0xb5, 0xb5, 0xb5, 0xb8, 0xb8, 0xba, 0xba, 0xba, 0xba,
    0xbe, 0xbe, 0xbe, 0xba, 0xb8, 0xb5, 0xb5, 0xb5, 0xb5, 0xb5, 0xb5, 0xba, 0xbe, 0xc2, 0xc6, 0xc2,
    0xbe, 0xb8, 0xb8, 0xb8, 0xb8, 0xb8, 0xb8, 0xb8, 0xb5, 0xb2, 0xaf, 0xaf, 0xac, 0xac, 0xac, 0xb2,
    0xb8, 0xb8, 0xb8, 0xb8, 0xb8, 0xb5, 0xb5, 0xb8, 0xb8, 0xb5, 0xb5, 0xb5, 0xb8, 0xb8, 0xb5, 0xb5,
    0xbe, 0xc2, 0xc7, 0xc7, 0xc9, 0xc3, 0xb7, 0xb7, 0xb7, 0xb7, 0xba, 0xb7, 0xba, 0xba, 0xbe, 0xbe,
    0xba, 0xbb, 0xbb, 0xb7, 0xbb, 0xb7, 0xbe, 0xbb, 0xbb, 0xbb, 0xc0, 0xc2, 0xc3, 0xc3, 0xc3, 0xc3,
    0xc2, 0xc2, 0xbe, 0xbe, 0xbe, 0xbe, 0xc2, 0xc2, 0xc3, 0xc3, 0xc3, 0xc3, 0xc2, 0xbe, 0xbe, 0xb7,
    0xb4, 0xb4, 0xaf, 0xaf, 0xaf, 0xac, 0xa4, 0xa4, 0xa6, 0xa3, 0xa4, 0xa4, 0xa6, 0xa4, 0xac, 0xa6,
    0xa4, 0xa4, 0xa3, 0x9f, 0x9f, 0x9f, 0x9f, 0x9f, 0x9f, 0x9c, 0x9c, 0x9e, 0x9f, 0x9e, 0x9e, 0x9e,
    0x9b, 0x95, 0x95, 0x9b, 0x9b, 0x9b, 0x9b, 0x9e, 0x9b, 0x9b, 0x9b, 0x95, 0x95, 0x95, 0x95, 0x95,
    0xac, 0xac, 0xac, 0xac, 0xa9, 0xa3, 0xa3, 0xa3, 0xa3, 0xa9, 0xac, 0xa9, 0xa9, 0xa3, 0x9f, 0x9e,
    0x9e, 0x9e, 0xa3, 0xa9, 0xa9, 0xac, 0xa9, 0xa3, 0xa1, 0xa1, 0xa1, 0xa1, 0xa1, 0xa1, 0x9e, 0x9b,
    0x9b, 0x97, 0x97, 0x97, 0x97, 0x9b, 0x97, 0x9b, 0x9b, 0x9b, 0x97, 0x9b, 0x97, 0x9b, 0x9b, 0x9e,
    0xa1, 0xa9, 0xac, 0xac, 0xaf, 0xaf, 0xaf, 0xaf, 0xac, 0xac, 0xac, 0xac, 0xac, 0xac, 0xac, 0xac,
    0xac, 0xac, 0xac, 0xac, 0xac, 0xaf, 0xaf, 0xaf, 0xaf, 0xaf, 0xaf, 0xaf, 0xb2, 0xaf, 0xaf, 0xaf,
    0xaf, 0xaf, 0xb5, 0xb5, 0xb5, 0xb8, 0xb8, 0xb8, 0xb5, 0xb5, 0xb5, 0xb2, 0xaf, 0xac, 0xaf, 0xb2,
    0xb5, 0xba, 0xbe, 0xba, 0xb8, 0xb5, 0xb2, 0xaf, 0xaf, 0xb2, 0xb5, 0xb5, 0xb8, 0xba, 0xb5, 0xb5,
    0xba, 0xbe, 0xbe, 0xbe, 0xba, 0xb8, 0xb5, 0xaf, 0xb2, 0xb2, 0xb5, 0xb8, 0xbe, 0xc2, 0xc6, 0xc6,
    0xbe, 0xbe, 0xb8, 0xb8, 0xb8, 0xb8, 0xb8, 0xb8, 0xb8, 0xb2, 0xb2, 0xaf, 0xac, 0xac, 0xa4, 0xac,
    0xb5, 0xb5, 0xb8, 0xba, 0xba, 0xba, 0xb8, 0xb8, 0xb5, 0xb2, 0xb5, 0xb8, 0xba, 0xb8, 0xb8, 0xba,
    0xb8, 0xbe, 0xc7, 0xcb, 0xc9, 0xc7, 0xc3, 0xbb, 0xbb, 0xb7, 0xb7, 0xb7, 0xbb, 0xbe, 0xbe, 0xbe,
    0xbb, 0xbe, 0xbb, 0xbb, 0xbb, 0xbb, 0xbe, 0xbb, 0xbb, 0xbb, 0xbb, 0xbb, 0xbf, 0xc2, 0xc3, 0xc7,
    0xc3, 0xc3, 0xc3, 0xc3, 0xc3, 0xc2, 0xc2, 0xc2, 0xc2, 0xc2, 0xc2, 0xc2, 0xc2, 0xbe, 0xba, 0xb7,
    0xac, 0xaf, 0xaf, 0xaf, 0xac, 0xac, 0xac, 0xa4, 0xa4, 0xa6, 0xa6, 0xa6, 0xa3, 0xa3, 0xa4, 0xa6,
    0xa3, 0xa3, 0xa3, 0x9f, 0x9f, 0x9f, 0x9f, 0x9f, 0x9c, 0x99, 0x99, 0x9b, 0x9b, 0x9c, 0x9b, 0x9c,
    0x99, 0x99, 0x9b, 0x9b, 0x9e, 0x9b, 0x9b, 0x9b, 0x9e, 0x9b, 0x9b, 0x95, 0x95, 0x95, 0x95, 0x95,
    0xa3, 0xa9, 0xac, 0xa9, 0xac, 0xa9, 0xa9, 0xa4, 0xa3, 0xa3, 0xa9, 0xac, 0xa9, 0xa3, 0x9f, 0x9e,
    0x9e, 0xa1, 0xa3, 0xa3, 0xa9, 0xa9, 0xa9, 0xa3, 0xa3, 0xa1, 0x9e, 0x9e, 0xa1, 0xa3, 0xa1, 0x9e,
    0x9b, 0x97, 0x97, 0x97, 0x97, 0x97, 0x97, 0x97, 0x97, 0x97, 0x97, 0x97, 0x97, 0x9b, 0x9b, 0x9b,
    0x9e, 0xa1, 0xa3, 0xa9, 0xa9, 0xac, 0xac, 0xac, 0xa9, 0xac, 0xa9, 0xa9, 0xa9, 0xa9, 0xac, 0xac,
    0xaf, 0xaf, 0xaf, 0xaf, 0xaf, 0xb5, 0xb4, 0xaf, 0xaf, 0xaf, 0xaf, 0xaf, 0xaf, 0xb5, 0xaf, 0xac,
    0xac, 0xac, 0xaf, 0xb2, 0xb5, 0xb8, 0xb8, 0xb8, 0xb5, 0xb2, 0xb2, 0xb2, 0xaf, 0xac, 0xac, 0xa9,
    0xac, 0xb2, 0xb5, 0xb8, 0xb5, 0xb2, 0xaf, 0xac, 0xa9, 0xac, 0xac, 0xb8, 0xb8, 0xb8, 0xb5, 0xb5,
    0xb5, 0xb8, 0xba, 0xbe, 0xbe, 0xba, 0xb8, 0xb2, 0xac, 0xaf, 0xb2, 0xb8, 0xbe, 0xc2, 0xc9, 0xc6,
    0xc2, 0xbe, 0xb8, 0xb5, 0xb5, 0xb5, 0xb8, 0xb8, 0xba, 0xb8, 0xb0, 0xaf, 0xaf, 0xaf, 0xac, 0xa9,
    0xaf, 0xb5, 0xba, 0xba, 0xba, 0xba, 0xba, 0xb8, 0xb5, 0xb2, 0xb5, 0xba, 0xbe, 0xba, 0xbb, 0xc0,
    0xbe, 0xc0, 0xc3, 0xc7, 0xc7, 0xc7, 0xc3, 0xc3, 0xbe, 0xb7, 0xb4, 0xb7, 0xbb, 0xba, 0xba, 0xbb,
    0xba, 0xba, 0xbe, 0xc0, 0xbe, 0xbe, 0xc0, 0xc0, 0xc0, 0xbb, 0xb7, 0xba, 0xba, 0xbe, 0xc2, 0xc2,
    0xc3, 0xc7, 0xc7, 0xc6, 0xc6, 0xc3, 0xc3, 0xc2, 0xbe, 0xbe, 0xbe, 0xbe, 0xc2, 0xbe, 0xbb, 0xb7,
    0xb4, 0xaf, 0xac, 0xac, 0xac, 0xac, 0xac, 0xac, 0xa4, 0xa4, 0xa4, 0xa4, 0xa3, 0xa3, 0xa6, 0xa3,
    0xa3, 0xa3, 0xa3, 0x9f, 0x9f, 0x9c, 0x9b, 0x9b, 0x9b, 0x95, 0x9b, 0x95, 0x95, 0x95, 0x95, 0x95,
    0x95, 0x95, 0x95, 0x95, 0x9b, 0x9e, 0x9b, 0x9b, 0x9e, 0x9b, 0x9b, 0x95, 0x95, 0x95, 0x95, 0x95,
    0xa3, 0xa3, 0xa3, 0xa9, 0xac, 0xac, 0xa9, 0xa3, 0xa3, 0xa3, 0xa3, 0xa9, 0xa9, 0xa3, 0xa3, 0x9f,
    0x9f, 0xa3, 0xa3, 0xa9, 0xa9, 0xa9, 0xa9, 0xa3, 0xa3, 0x9e, 0x9e, 0xa1, 0xa1, 0xa1, 0xa1, 0x9e,
    0x9b, 0x9b, 0x97, 0x95, 0x95, 0x95, 0x97, 0x95, 0x95, 0x95, 0x95, 0x95, 0x95, 0x95, 0x97, 0x9b,
    0x9b, 0x9e, 0x9e, 0xa1, 0xa1, 0xa1, 0xa9, 0xa9, 0xa9, 0xac, 0xac, 0xa9, 0xa9, 0xa9, 0xa9, 0xac,
    0xac, 0xac, 0xac, 0xaf, 0xb4, 0xb4, 0xb2, 0xa9, 0xac, 0xac, 0xac, 0xaf, 0xaf, 0xaf, 0xaf, 0xac,
    0xa9, 0xac, 0xa9, 0xaf, 0xb2, 0xb5, 0xba, 0xb8, 0xb5, 0xb2, 0xb5, 0xb2, 0xb2, 0xb2, 0xb2, 0xaf,
    0xaf, 0xaf, 0xb2, 0xb2, 0xb5, 0xb5, 0xaf, 0xac, 0xac, 0xac, 0xac, 0xb5, 0xb8, 0xb5, 0xb2, 0xb5,
    0xb5, 0xb5, 0xb8, 0xba, 0xbe, 0xbe, 0xba, 0xb5, 0xaf, 0xaf, 0xb2, 0xb5, 0xba, 0xc2, 0xc6, 0xc6,
    0xc2, 0xbe, 0xbe, 0xb8, 0xb5, 0xb8, 0xb8, 0xba, 0xb8, 0xba, 0xb5, 0xb2, 0xb2, 0xaf, 0xaf, 0xac,
    0xac, 0xaf, 0xb0, 0xb8, 0xbe, 0xbe, 0xba, 0xb8, 0xb5, 0xb2, 0xb2, 0xb8, 0xba, 0xbe, 0xbe, 0xbb,
    0xbe, 0xbe, 0xbe, 0xc3, 0xc3, 0xc7, 0xc7, 0xc3, 0xc2, 0xbb, 0xb4, 0xb7, 0xb7, 0xb4, 0xb7, 0xb7,
    0xb7, 0xb7, 0xbe, 0xbb, 0xc3, 0xc0, 0xbb, 0xc3, 0xbb, 0xbb, 0xb7, 0xb7, 0xb7, 0xba, 0xbe, 0xbe,
    0xc2, 0xc7, 0xc7, 0xc7, 0xc9, 0xc9, 0xc7, 0xc3, 0xc2, 0xbe, 0xbe, 0xbe, 0xbe, 0xbe, 0xbb, 0xb7,
    0xb4, 0xaf, 0xac, 0xac, 0xac, 0xac, 0xac, 0xac, 0xac, 0xac, 0xa6, 0xa4, 0xa4, 0xa4, 0xa4, 0xa3,
    0xa3, 0xa3, 0x9f, 0x9f, 0x9f, 0x9e, 0x9c, 0x9c, 0x9c, 0x9c, 0x9b, 0x99, 0x95, 0x95, 0x95, 0x9b,
    0x95, 0x95, 0x95, 0x95, 0x9b, 0x9b, 0x9b, 0x9b, 0x99, 0x9b, 0x9b, 0x95, 0x95, 0x95, 0x95, 0x95,
    0xa3, 0xa3, 0xa3, 0xa9, 0xa9, 0xa9, 0xa4, 0xa3, 0xa3, 0xa3, 0xa3, 0xa3, 0xa3, 0xa9, 0xa3, 0xa3,
    0xa3, 0xa3, 0xa9, 0xa9, 0xa9, 0xa9, 0xa9, 0xa3, 0xa3, 0xa3, 0x9f, 0x9e, 0x9e, 0xa1, 0xa1, 0xa1,
    0x9e, 0x9b, 0x97, 0x93, 0x95, 0x93, 0x93, 0x93, 0x93, 0x93, 0x95, 0x97, 0x97, 0x97, 0x97, 0x97,
    0x9b, 0x97, 0x97, 0x9b, 0x9b, 0x9b, 0x9e, 0xa1, 0xa9, 0xa9, 0xa9, 0xa9, 0xa9, 0xa3, 0xa3, 0xa3,
    0xa9, 0xac, 0xaf, 0xaf, 0xaf, 0xaf, 0xaf, 0xac, 0xac, 0xac, 0xac, 0xac, 0xac, 0xaf, 0xb2, 0xb5,
    0xb2, 0xaf, 0xac, 0xac, 0xaf, 0xb5, 0xb8, 0xb8, 0xb5, 0xb2, 0xb5, 0xb2, 0xb2, 0xb5, 0xb2, 0xaf,
    0xac, 0xac, 0xac, 0xaf, 0xb2, 0xb5, 0xb2, 0xaf, 0xac, 0xac, 0xac, 0xaf, 0xb2, 0xb5, 0xaf, 0xb2,
    0xb2, 0xb2, 0xb5, 0xb2, 0xb8, 0xbe, 0xbe, 0xbe, 0xb8, 0xaf, 0xb2, 0xaf, 0xb5, 0xbe, 0xbe, 0xc6,
    0xc6, 0xc2, 0xbe, 0xba, 0xb8, 0xb5, 0xb8, 0xb5, 0xb5, 0xb5, 0xb2, 0xb2, 0xb2, 0xaf, 0xac, 0xac,
    0xac, 0xaf, 0xb2, 0xb5, 0xba, 0xbe, 0xbe, 0xba, 0xb8, 0xb5, 0xb5, 0xb5, 0xb8, 0xba, 0xbe, 0xbe,
    0xbe, 0xbe, 0xbb, 0xc0, 0xc2, 0xc2, 0xc3, 0xc3, 0xc3, 0xc2, 0xc0, 0xbb, 0xb7, 0xb7, 0xb7, 0xbb,
    0xbb, 0xbb, 0xc0, 0xbb, 0xbb, 0xc3, 0xc3, 0xc3, 0xc3, 0xbb, 0xb7, 0xb4, 0xb4, 0xb4, 0xb7, 0xb7,
    0xbb, 0xbe, 0xc2, 0xc3, 0xc7, 0xc9, 0xc9, 0xc7, 0xc3, 0xc0, 0xbb, 0xbb, 0xbb, 0xb7, 0xb7, 0xb7,
    0xaf, 0xaf, 0xac, 0xac, 0xac, 0xaf, 0xac, 0xac, 0xac, 0xa4, 0xa6, 0xa4, 0xa4, 0xa4, 0xa4, 0xa4,
    0xa4, 0xa3, 0x9f, 0x9f, 0x9f, 0x9c, 0x9b, 0x9b, 0x9f, 0x9c, 0x99, 0x95, 0x95, 0x95, 0x95, 0x95,
    0x95, 0x95, 0x95, 0x95, 0x95, 0x99, 0x95, 0x9b, 0x9b, 0x9b, 0x95, 0x95, 0x95, 0x95, 0x95, 0x95,
    0xa3, 0x9f, 0xa3, 0xa3, 0xa9, 0xac, 0xa3, 0xa9, 0xa3, 0xa3, 0xa3, 0xa3, 0xa3, 0xa3, 0xa3, 0xa9,
    0xa9, 0xa9, 0xa3, 0xa3, 0xa1, 0xa1, 0xa1, 0xa1, 0x9e, 0xa1, 0x9e, 0x9e, 0x9e, 0x9f, 0x9e, 0x9e,
    0x9e, 0x9b, 0x97, 0x93, 0x93, 0x93, 0x93, 0x8c, 0x93, 0x93, 0x93, 0x97, 0x97, 0x97, 0x97, 0x97,
    0x97, 0x97, 0x97, 0x97, 0x97, 0x97, 0x97, 0x9e, 0x9e, 0x9e, 0xa3, 0xa3, 0xa3, 0xa1, 0xa1, 0x9f,
    0xa3, 0xa9, 0xac, 0xac, 0xaf, 0xaf, 0xaf, 0xaf, 0xac, 0xac, 0xac, 0xac, 0xaf, 0xaf, 0xb2, 0xb8,
    0xb8, 0xb5, 0xaf, 0xac, 0xac, 0xb2, 0xb5, 0xb5, 0xb5, 0xb5, 0xb5, 0xb2, 0xaf, 0xaf, 0xaf, 0xac,
    0xac, 0xa9, 0xa9, 0xac, 0xac, 0xaf, 0xaf, 0xaf, 0xaf, 0xac, 0xa9, 0xa9, 0xac, 0xac, 0xaf, 0xaf,
    0xaf, 0xb2, 0xb2, 0xb2, 0xb5, 0xba, 0xbe, 0xbe, 0xbe, 0xb8, 0xb2, 0xb2, 0xb5, 0xb8, 0xbe, 0xc2,
    0xc2, 0xc6, 0xc2, 0xbe, 0xba, 0xba, 0xb8, 0xb8, 0xb2, 0xaf, 0xac, 0xaf, 0xb2, 0xac, 0xac, 0xac,
    0xaf, 0xaf, 0xaf, 0xb5, 0xb8, 0xbe, 0xbe, 0xbe, 0xbe, 0xbe, 0xb8, 0xb4, 0xb4, 0xb8, 0xbe, 0xc3,
    0xc0, 0xc0, 0xbb, 0xbe, 0xc0, 0xc0, 0xc0, 0xc0, 0xc3, 0xc3, 0xc3, 0xc3, 0xbe, 0xc0, 0xbb, 0xbb,
    0xbb, 0xbb, 0xbb, 0xbe, 0xc3, 0xc2, 0xc3, 0xc3, 0xc3, 0xc0, 0xb7, 0xaf, 0xaf, 0xaf, 0xb7, 0xb7,
    0xb7, 0xbb, 0xbb, 0xc2, 0xc7, 0xc7, 0xc7, 0xc9, 0xc7, 0xc3, 0xbe, 0xb7, 0xb7, 0xb7, 0xb5, 0xb4,
    0xb4, 0xaf, 0xaf, 0xac, 0xac, 0xac, 0xac, 0xac, 0xac, 0xac, 0xa4, 0xa4, 0xa4, 0xa4, 0xa4, 0xa4,
    0xa4, 0xa3, 0xa3, 0xa3, 0xa3, 0x9f, 0x9c, 0x99, 0x9c, 0x9c, 0x99, 0x95, 0x95, 0x95, 0x95, 0x95,
    0x95, 0x95, 0x95, 0x95, 0x95, 0x95, 0x95, 0x9b, 0x9b, 0x9b, 0x9b, 0x9b, 0x9b, 0x95, 0x95, 0x95,
    0x9f, 0x9f, 0x9e, 0x9f, 0xa3, 0xa3, 0xa3, 0xa9, 0xa3, 0xa3, 0xa3, 0xa3, 0xa9, 0xa3, 0xa9, 0xac,
    0xa9, 0xa3, 0xa3, 0x9f, 0x9e, 0x9e, 0x9e, 0x9b, 0x9e, 0x9b, 0x9e, 0x9b, 0x9b, 0x9b, 0x9e, 0x9b,
    0x9b, 0x97, 0x97, 0x93, 0x8c, 0x8c, 0x8c, 0x93, 0x8c, 0x93, 0x93, 0x97, 0x97, 0x9b, 0x97, 0x97,
    0x97, 0x97, 0x97, 0x97, 0x97, 0x95, 0x97, 0x97, 0x9b, 0x9e, 0xa1, 0xa1, 0xa1, 0x9f, 0x9e, 0x9e,
    0x9f, 0xa1, 0xa3, 0xa9, 0xac, 0xac, 0xa9, 0xac, 0xac, 0xa9, 0xa9, 0xac, 0xac, 0xaf, 0xaf, 0xb2,
    0xb5, 0xb2, 0xb5, 0xaf, 0xaf, 0xb2, 0xb2, 0xb5, 0xb8, 0xb8, 0xb8, 0xb2, 0xaf, 0xac, 0xac, 0xac,
    0xac, 0xa9, 0xa1, 0xa3, 0xa9, 0xac, 0xac, 0xaf, 0xaf, 0xac, 0xac, 0xa9, 0xa3, 0xa3, 0xa9, 0xac,
    0xb2, 0xb2, 0xb2, 0xb2, 0xb5, 0xba, 0xbe, 0xbe, 0xbe, 0xbe, 0xbe, 0xbe, 0xba, 0xba, 0xba, 0xbe,
    0xc2, 0xc6, 0xc6, 0xc2, 0xc2, 0xbe, 0xbe, 0xba, 0xb8, 0xb5, 0xaf, 0xa9, 0xac, 0xac, 0xac, 0xac,
    0xac, 0xaf, 0xaf, 0xb2, 0xb5, 0xba, 0xbe, 0xc2, 0xc2, 0xc2, 0xbe, 0xba, 0xb7, 0xb7, 0xbe, 0xc3,
    0xc3, 0xc2, 0xc3, 0xbb, 0xbb, 0xbb, 0xbb, 0xbb, 0xc0, 0xc3, 0xc7, 0xc3, 0xc3, 0xc2, 0xc2, 0xbb,
    0xbb, 0xbb, 0xbb, 0xbb, 0xbb, 0xbb, 0xc2, 0xc3, 0xc3, 0xbe, 0xb7, 0xb4, 0xb4, 0xb4, 0xb7, 0xb7,
    0xb7, 0xb7, 0xbb, 0xc0, 0xc3, 0xc7, 0xc7, 0xc9, 0xc7, 0xc7, 0xc2, 0xbb, 0xb7, 0xb5, 0xb4, 0xaf,
    0xaf, 0xac, 0xac, 0xac, 0xa4, 0xa4, 0xa4, 0xa4, 0xa4, 0xac, 0xac, 0xac, 0xac, 0xac, 0xac, 0xa4,
    0xa4, 0xa6, 0xa3, 0xa3, 0xa3, 0xa3, 0x9c, 0x99, 0x9b, 0x9b, 0x99, 0x95, 0x95, 0x95, 0x95, 0x95,
    0x95, 0x95, 0x95, 0x92, 0x93, 0x95, 0x95, 0x95, 0x95, 0x95, 0x95, 0x99, 0x99, 0x99, 0x95, 0x95,
    0xa3, 0x9f, 0x9b, 0x9e, 0x9f, 0xa3, 0xa3, 0xa9, 0xa9, 0xa9, 0xa9, 0xa9, 0xa9, 0xac, 0xac, 0xac,
    0xa9, 0xa9, 0xa3, 0xa1, 0x9e, 0x9b, 0x9b, 0x9b, 0x9b, 0x9b, 0x9b, 0x9b, 0x9b, 0x9b, 0x9b, 0x9b,
    0x9b, 0x9b, 0x97, 0x93, 0x93, 0x8c, 0x93, 0x93, 0x8c, 0x93, 0x8c, 0x97, 0x97, 0x9b, 0x97, 0x97,
    0x9b, 0x9b, 0x97, 0x9b, 0x97, 0x97, 0x95, 0x97, 0x9b, 0x9b, 0x9e, 0x9e, 0xa1, 0x9f, 0x9f, 0x9f,
    0x9e, 0xa1, 0xa3, 0xa3, 0xa3, 0xac, 0xac, 0xac, 0xac, 0xac, 0xa9, 0xac, 0xac, 0xac, 0xac, 0xaf,
    0xb5, 0xb5, 0xb5, 0xb2, 0xac, 0xaf, 0xb2, 0xb8, 0xb8, 0xba, 0xba, 0xb5, 0xaf, 0xac, 0xac, 0xa9,
    0xa9, 0xa9, 0xa9, 0xac, 0xa9, 0xac, 0xac, 0xac, 0xaf, 0xaf, 0xac, 0xac, 0xa3, 0xa1, 0xa1, 0xa9,
    0xac, 0xaf, 0xb2, 0xaf, 0xaf, 0xb2, 0xb8, 0xbe, 0xbe, 0xbe, 0xbe, 0xbe, 0xbe, 0xb8, 0xb8, 0xba,
    0xbe, 0xc2, 0xc2, 0xc2, 0xc2, 0xbe, 0xbe, 0xbe, 0xbe, 0xb8, 0xb2, 0xac, 0xac, 0xac, 0xac, 0xaf,
    0xac, 0xac, 0xac, 0xaf, 0xb2, 0xb8, 0xba, 0xbe, 0xc2, 0xc2, 0xc2, 0xbe, 0xb7, 0xb7, 0xbb, 0xc0,
    0xc3, 0xc3, 0xc3, 0xc0, 0xbb, 0xbb, 0xbb, 0xbb, 0xbb, 0xc0, 0xc3, 0xc3, 0xc7, 0xc7, 0xc3, 0xc2,
    0xc0, 0xbb, 0xb7, 0xb7, 0xb7, 0xbb, 0xc0, 0xc0, 0xc0, 0xc0, 0xbb, 0xbb, 0xb7, 0xb7, 0xb7, 0xb8,
    0xbb, 0xbb, 0xc0, 0xc0, 0xc2, 0xc3, 0xc7, 0xc7, 0xc9, 0xc7, 0xc3, 0xc2, 0xbb, 0xb7, 0xb4, 0xaf,
    0xac, 0xa6, 0xac, 0xac, 0xa4, 0xa6, 0xa6, 0xa3, 0xa3, 0xa4, 0xa4, 0xa4, 0xa4, 0xa4, 0xa6, 0xa3,
    0xa3, 0xa3, 0xa3, 0xa3, 0xa3, 0xa3, 0x9f, 0x99, 0x9b, 0x99, 0x9b, 0x95, 0x95, 0x95, 0x95, 0x92,
    0x92, 0x92, 0x92, 0x92, 0x92, 0x95, 0x95, 0x95, 0x95, 0x95, 0x95, 0x95, 0x95, 0x95, 0x95, 0x95,
    0xa3, 0xa3, 0x9e, 0x9e, 0x9e, 0x9f, 0xa3, 0xa3, 0xa9, 0xac, 0xac, 0xac, 0xa9, 0xac, 0xac, 0xac,
    0xac, 0xa9, 0xa3, 0xa1, 0x9e, 0x9e, 0x9b, 0x9b, 0x9b, 0x9b, 0x9b, 0x9b, 0x9b, 0x9b, 0x9b, 0x97,
    0x97, 0x97, 0x95, 0x93, 0x8c, 0x8c, 0x93, 0x93, 0x93, 0x8c, 0x93, 0x95, 0x97, 0x97, 0x97, 0x9b,
    0x9b, 0x9b, 0x9b, 0x9b, 0x9b, 0x9b, 0x97, 0x97, 0x97, 0x9b, 0x9b, 0x9e, 0x9f, 0xa3, 0xa3, 0x9f,
    0xa3, 0xa3, 0xa6, 0xa6, 0xa3, 0xa9, 0xac, 0xac, 0xa9, 0xac, 0xac, 0xa9, 0xac, 0xa9, 0xac, 0xaf,
    0xb4, 0xaf, 0xaf, 0xaf, 0xac, 0xa9, 0xac, 0xaf, 0xb5, 0xb8, 0xba, 0xb8, 0xb2, 0xac, 0xa9, 0xa1,
    0xa3, 0xa9, 0xac, 0xaf, 0xa9, 0xac, 0xac, 0xaf, 0xaf, 0xaf, 0xaf, 0xaf, 0xa4, 0xa3, 0xa1, 0xa1,
    0xa3, 0xac, 0xaf, 0xaf, 0xaf, 0xaf, 0xb8, 0xba, 0xbe, 0xbe, 0xbe, 0xbe, 0xba, 0xba, 0xb8, 0xb5,
    0xb5, 0xba, 0xbe, 0xbe, 0xbe, 0xc2, 0xbe, 0xc2, 0xbe, 0xbe, 0xba, 0xb5, 0xaf, 0xa9, 0xa9, 0xac,
    0xac, 0xac, 0xac, 0xa9, 0xac, 0xaf, 0xb2, 0xb5, 0xba, 0xbe, 0xbe, 0xbe, 0xb7, 0xb7, 0xb7, 0xbb,
    0xc0, 0xc3, 0xc3, 0xc3, 0xc0, 0xbb, 0xbb, 0xbb, 0xb7, 0xbb, 0xc0, 0xc3, 0xc7, 0xc9, 0xc7, 0xc7,
    0xc3, 0xc0, 0xbb, 0xb7, 0xb7, 0xb7, 0xbb, 0xbb, 0xbb, 0xbb, 0xbb, 0xb7, 0xb7, 0xb7, 0xb7, 0xb7,
    0xbe, 0xc2, 0xc2, 0xc2, 0xc2, 0xc3, 0xc7, 0xc7, 0xc7, 0xc7, 0xc7, 0xc2, 0xbe, 0xb7, 0xaf, 0xae,
    0xac, 0xa6, 0xa6, 0xa6, 0xa6, 0xa6, 0x9f, 0x9f, 0x9f, 0xa3, 0xa3, 0xa3, 0xa6, 0xa6, 0xa6, 0xa3,
    0xa3, 0xa3, 0xa3, 0xa3, 0xa3, 0xa3, 0xa3, 0x9f, 0x99, 0x99, 0x95, 0x95, 0x95, 0x95, 0x95, 0x92,
    0x92, 0x92, 0x92, 0x93, 0x95, 0x95, 0x95, 0x95, 0x95, 0x95, 0x95, 0x95, 0x95, 0x95, 0x95, 0x95,
    0xa9, 0xa3, 0x9f, 0x9e, 0x9e, 0x9e, 0x9f, 0xa3, 0xac, 0xac, 0xac, 0xac, 0xa9, 0xac, 0xac, 0xac,
    0xac, 0xa9, 0xa3, 0xa3, 0x9e, 0x9e, 0x9b, 0x9b, 0x97, 0x95, 0x95, 0x97, 0x97, 0x97, 0x97, 0x97,
    0x9b, 0x97, 0x95, 0x93, 0x8c, 0x8c, 0x93, 0x8c, 0x93, 0x95, 0x93, 0x93, 0x93, 0x93, 0x97, 0x97,
    0x9b, 0x9e, 0x9e, 0x9e, 0x9e, 0x9e, 0x9b, 0x9b, 0x9b, 0x9b, 0x9b, 0x9e, 0x9f, 0xa1, 0xa3, 0xa3,
    0xa6, 0xa6, 0xa9, 0xa9, 0xa3, 0xa3, 0xa3, 0xa9, 0xa9, 0xa9, 0xac, 0xa9, 0xac, 0xa9, 0xa9, 0xac,
    0xaf, 0xaf, 0xac, 0xa9, 0xa9, 0xa3, 0xa1, 0xa9, 0xac, 0xb5, 0xb8, 0xb8, 0xb5, 0xaf, 0xa9, 0x9e,
    0xa3, 0xa3, 0xa9, 0xac, 0xa9, 0xa9, 0xac, 0xac, 0xac, 0xac, 0xac, 0xb2, 0xac, 0xa4, 0xa4, 0xa3,
    0xa3, 0xa9, 0xac, 0xaf, 0xaf, 0xb2, 0xb5, 0xba, 0xbe, 0xbe, 0xc2, 0xbe, 0xbe, 0xbe, 0xba, 0xb5,
    0xb5, 0xb8, 0xb8, 0xba, 0xbe, 0xbe, 0xbe, 0xbe, 0xc2, 0xbe, 0xbe, 0xbe, 0xb5, 0xac, 0xa3, 0xa9,
    0xac, 0xaf, 0xac, 0xa9, 0xac, 0xac, 0xac, 0xac, 0xb5, 0xb5, 0xb5, 0xb8, 0xb5, 0xb7, 0xb7, 0xbb,
    0xb7, 0xbb, 0xc2, 0xc2, 0xc3, 0xc2, 0xc0, 0xc0, 0xbb, 0xbb, 0xbb, 0xc2, 0xc7, 0xcb, 0xc9, 0xc9,
    0xc7, 0xc3, 0xc0, 0xbb, 0xb7, 0xb7, 0xb7, 0xb7, 0xb7, 0xb7, 0xb7, 0xb7, 0xb7, 0xb7, 0xb7, 0xb7,
    0xbb, 0xc3, 0xc3, 0xc3, 0xc3, 0xc3, 0xc3, 0xc3, 0xc2, 0xc3, 0xc3, 0xc2, 0xbb, 0xb7, 0xb4, 0xac,
    0xac, 0xa6, 0xa6, 0xa3, 0xa3, 0x9f, 0xa6, 0xa6, 0x9f, 0x9f, 0x9f, 0x9f, 0xa6, 0xa4, 0xa4, 0x9f,
    0x9f, 0x9f, 0x9f, 0x9f, 0x9f, 0xa3, 0x9f, 0x9f, 0x9c, 0x99, 0x95, 0x95, 0x95, 0x95, 0x95, 0x92,
    0x92, 0x92, 0x92, 0x93, 0x92, 0x95, 0x92, 0x95, 0x95, 0x95, 0x95, 0x95, 0x95, 0x92, 0x95, 0x95,
    0xa3, 0xa3, 0x9f, 0x9e, 0x9e, 0x9e, 0x9f, 0x9f, 0xac, 0xac, 0xac, 0xac, 0xac, 0xa9, 0xac, 0xa9,
    0xac, 0xa9, 0xa3, 0xa1, 0x9e, 0x9e, 0x9b, 0x9b, 0x97, 0x95, 0x93, 0x97, 0x95, 0x95, 0x97, 0x97,
    0x97, 0x97, 0x93, 0x93, 0x93, 0x8c, 0x93, 0x93, 0x93, 0x93, 0x93, 0x8c, 0x93, 0x93, 0x97, 0x97,
    0x9b, 0x9b, 0x9e, 0x9e, 0x9e, 0x9e, 0x9e, 0x9f, 0x9b, 0x9b, 0x99, 0x9b, 0xa1, 0xa1, 0xa3, 0xa6,
    0xa6, 0xa9, 0xa9, 0xa6, 0xa3, 0xa9, 0xa3, 0xa1, 0xa3, 0xa9, 0xa9, 0xac, 0xac, 0xa9, 0xac, 0xaf,
    0xaf, 0xac, 0xac, 0xa9, 0xa3, 0xa3, 0xa9, 0xa9, 0xaf, 0xb2, 0xb5, 0xb8, 0xb8, 0xb2, 0xa9, 0xa3,
    0xa3, 0xa3, 0xa1, 0xa9, 0xa3, 0xa3, 0xa3, 0xa3, 0xa9, 0xac, 0xac, 0xaf, 0xaf, 0xac, 0xa9, 0xa1,
    0xa1, 0xa1, 0xa3, 0xac, 0xaf, 0xaf, 0xb2, 0xb8, 0xba, 0xbe, 0xbe, 0xbe, 0xba, 0xba, 0xb8, 0xb8,
    0xb5, 0xb5, 0xb5, 0xb5, 0xba, 0xbe, 0xbe, 0xbe, 0xbe, 0xbe, 0xc2, 0xbe, 0xbe, 0xb2, 0xac, 0xac,
    0xac, 0xac, 0xac, 0xaf, 0xac, 0xac, 0xa4, 0xac, 0xaf, 0xaf, 0xaf, 0xaf, 0xb5, 0xb5, 0xb7, 0xb7,
    0xb7, 0xb7, 0xb7, 0xb7, 0xbb, 0xc3, 0xbb, 0xbb, 0xbb, 0xbb, 0xbb, 0xbb, 0xc3, 0xc7, 0xc7, 0xc7,
    0xc3, 0xc3, 0xc2, 0xbb, 0xb7, 0xb7, 0xb7, 0xb7, 0xb7, 0xb7, 0xb7, 0xb7, 0xb7, 0xb7, 0xb7, 0xb7,
    0xb7, 0xc0, 0xc3, 0xc7, 0xcb, 0xc7, 0xc7, 0xc3, 0xc0, 0xc0, 0xbb, 0xbb, 0xbb, 0xb7, 0xb4, 0xac,
    0xac, 0xa4, 0xa3, 0x9f, 0x9f, 0x9f, 0xa3, 0x9f, 0x9f, 0x9f, 0x9f, 0x9f, 0x9f, 0x9f, 0x9f, 0x9f,
    0x9f, 0x9f, 0x9f, 0x9c, 0x9c, 0x9f, 0x9f, 0x9c, 0x9c, 0x99, 0x95, 0x95, 0x95, 0x95, 0x92, 0x92,
    0x92, 0x92, 0x92, 0x92, 0x92, 0x92, 0x8b, 0x92, 0x92, 0x92, 0x99, 0x95, 0x95, 0x95, 0x93, 0x95,
    0xa3, 0xa3, 0x9f, 0x9e, 0x9b, 0x9e, 0x9f, 0x9f, 0xa3, 0xac, 0xac, 0xac, 0xac, 0xac, 0xac, 0xa9,
    0xac, 0xac, 0xa9, 0xa3, 0x9f, 0x9e, 0x9e, 0x9b, 0x97, 0x95, 0x95, 0x93, 0x93, 0x93, 0x93, 0x93,
    0x93, 0x93, 0x93, 0x8c, 0x8c, 0x8c, 0x8c, 0x93, 0x95, 0x93, 0x8c, 0x93, 0x93, 0x8c, 0x93, 0x97,
    0x97, 0x9e, 0x9e, 0x9e, 0xa1, 0xa3, 0xa1, 0xa3, 0xa3, 0xa1, 0x9b, 0x9b, 0x9c, 0x9f, 0xa6, 0xac,
    0xa9, 0xa9, 0xa6, 0xa6, 0xa3, 0xa3, 0x9f, 0xa3, 0xa1, 0xa3, 0xa9, 0xac, 0xaf, 0xac, 0xa9, 0xa9,
    0xac, 0xa9, 0xa9, 0xa3, 0xa3, 0xa3, 0xa3, 0xa3, 0xa9, 0xac, 0xb2, 0xb2, 0xb8, 0xb5, 0xaf, 0xa9,
    0xa9, 0xa3, 0xa3, 0xa9, 0xa9, 0xa3, 0xa1, 0x9e, 0x9e, 0x9e, 0xa1, 0xac, 0xac, 0xac, 0xac, 0xac,
    0xa3, 0xa1, 0xa3, 0xa9, 0xac, 0xaf, 0xb2, 0xb8, 0xba, 0xba, 0xb8, 0xb5, 0xb8, 0xb8, 0xb8, 0xb5,
    0xb5, 0xb2, 0xb2, 0xb5, 0xb8, 0xba, 0xbe, 0xbe, 0xbe, 0xbe, 0xbe, 0xba, 0xba, 0xb5, 0xb2, 0xb2,
    0xaf, 0xac, 0xac, 0xac, 0xac, 0xac, 0xa4, 0xa4, 0xac, 0xac, 0xaf, 0xaf, 0xaf, 0xb0, 0xb0, 0xb7,
    0xb7, 0xb7, 0xb7, 0xb7, 0xbb, 0xbb, 0xc0, 0xc3, 0xbb, 0xbb, 0xbb, 0xbb, 0xc0, 0xc3, 0xc3, 0xc3,
    0xc3, 0xc0, 0xc0, 0xbb, 0xb7, 0xb7, 0xbb, 0xb7, 0xb7, 0xb7, 0xb7, 0xb7, 0xb7, 0xb7, 0xb7, 0xb4,
    0xb7, 0xbb, 0xc2, 0xc7, 0xc7, 0xc7, 0xc3, 0xc2, 0xc0, 0xbb, 0xb7, 0xb7, 0xb4, 0xb4, 0xae, 0xa6,
    0xa6, 0xa6, 0xa3, 0x9f, 0x9f, 0x9f, 0x9f, 0x9f, 0x9f, 0x9f, 0x9f, 0x9f, 0x9f, 0x9f, 0x9f, 0x9f,
    0x9f, 0x9f, 0x9f, 0x9c, 0x9c, 0x9c, 0x9f, 0x9f, 0x9f, 0x9c, 0x99, 0x95, 0x95, 0x95, 0x92, 0x92,
    0x92, 0x92, 0x92, 0x92, 0x92, 0x92, 0x92, 0x92, 0x92, 0x92, 0x92, 0x95, 0x92, 0x92, 0x92, 0x93,
    0x9f, 0x9f, 0x9e, 0x9b, 0x9b, 0x9b, 0x9e, 0x9f, 0x9f, 0xa3, 0xa3, 0xac, 0xac, 0xac, 0xac, 0xa9,
    0xac, 0xa9, 0xac, 0xa3, 0xa3, 0x9f, 0x9f, 0x9b, 0x9b, 0x99, 0x95, 0x93, 0x93, 0x8c, 0x93, 0x8c,
    0x8c, 0x8c, 0x8c, 0x8c, 0x8c, 0x8c, 0x8c, 0x8c, 0x93, 0x8c, 0x93, 0x93, 0x8c, 0x93, 0x95, 0x97,
    0x97, 0x9b, 0x9e, 0x9e, 0xa1, 0xa3, 0xa9, 0xa9, 0xa9, 0xa9, 0xa1, 0x9f, 0x99, 0x9f, 0xa3, 0xac,
    0xac, 0xac, 0xa9, 0xa6, 0xa3, 0xa1, 0x9f, 0xa1, 0x9f, 0xa3, 0xa3, 0xa9, 0xaf, 0xaf, 0xa9, 0xa3,
    0xa3, 0xa3, 0xa3, 0xa1, 0xa1, 0xa1, 0xa1, 0xa1, 0xa3, 0xa9, 0xac, 0xaf, 0xb2, 0xb5, 0xb2, 0xac,
    0xa9, 0xa3, 0xa3, 0xa9, 0xa9, 0xa3, 0xa1, 0x9e, 0x9e, 0x9e, 0xa1, 0xac, 0xac, 0xaf, 0xaf, 0xaf,
    0xac, 0xa9, 0xa3, 0xa3, 0xa9, 0xaf, 0xaf, 0xb5, 0xb8, 0xb8, 0xb8, 0xb5, 0xb5, 0xb8, 0xb8, 0xb8,
    0xb5, 0xb2, 0xaf, 0xaf, 0xb5, 0xb8, 0xba, 0xbe, 0xbe, 0xba, 0xba, 0xba, 0xb5, 0xb5, 0xb5, 0xb5,
    0xb2, 0xac, 0xac, 0xac, 0xac, 0xac, 0xac, 0xac, 0xac, 0xac, 0xac, 0xaf, 0xaf, 0xb4, 0xb4, 0xb7,
    0xb7, 0xb7, 0xb7, 0xbb, 0xb7, 0xbb, 0xbb, 0xbb, 0xc3, 0xbb, 0xbb, 0xbb, 0xc0, 0xc2, 0xc2, 0xc3,
    0xc0, 0xbb, 0xbb, 0xb7, 0xb7, 0xb7, 0xbb, 0xb7, 0xb7, 0xb7, 0xb7, 0xb7, 0xb7, 0xb4, 0xb7, 0xb4,
    0xb4, 0xb7, 0xc0, 0xc3, 0xc7, 0xc7, 0xc3, 0xbe, 0xbe, 0xbb, 0xb7, 0xb4, 0xaf, 0xaf, 0xac, 0xa6,
    0x9f, 0x9f, 0x9c, 0x9c, 0x9c, 0x9c, 0x9c, 0x9c, 0x9f, 0x9f, 0xa3, 0x9f, 0x9f, 0x9f, 0x9f, 0x9f,
    0xa3, 0xa3, 0x9f, 0x9f, 0x9c, 0x9c, 0x9c, 0x9f, 0x9c, 0x9f, 0x99, 0x99, 0x99, 0x95, 0x95, 0x95,
    0x92, 0x8b, 0x92, 0x92, 0x92, 0x92, 0x92, 0x92, 0x92, 0x8b, 0x92, 0x92, 0x95, 0x92, 0x93, 0x95,
    0x9f, 0x9f, 0x9e, 0x9b, 0x9b, 0x9b, 0x9b, 0x9b, 0x9e, 0x9f, 0xa3, 0xa4, 0xac, 0xac, 0xac, 0xac,
    0xac, 0xac, 0xac, 0xa9, 0xa3, 0x9f, 0x9e, 0x9b, 0x9b, 0x9b, 0x97, 0x97, 0x95, 0x93, 0x93, 0x8c,
    0x93, 0x8c, 0x8c, 0x8c, 0x8c, 0x8c, 0x8c, 0x93, 0x95, 0x95, 0x95, 0x93, 0x93, 0x93, 0x95, 0x97,
    0x97, 0x9b, 0x9e, 0x9e, 0xa1, 0xa3, 0xa9, 0xac, 0xac, 0xac, 0xac, 0xa9, 0x9e, 0x9c, 0x9f, 0xa3,
    0xac, 0xa9, 0xa9, 0xa6, 0x9f, 0x9f, 0x9f, 0x9e, 0x9e, 0x9f, 0xa3, 0xa9, 0xa9, 0xac, 0xac, 0xa3,
    0x9e, 0x9e, 0x9f, 0x9f, 0xa1, 0xa1, 0xa1, 0xa1, 0xa1, 0xa3, 0xa9, 0xac, 0xac, 0xb2, 0xb2, 0xac,
    0xa9, 0xa3, 0xa1, 0xa1, 0xa3, 0xa3, 0xa3, 0xa1, 0xa1, 0xa1, 0x9e, 0xa3, 0xa9, 0xaf, 0xb2, 0xb5,
    0xaf, 0xac, 0xac, 0xa3, 0xac, 0xac, 0xac, 0xaf, 0xb2, 0xb5, 0xb5, 0xb5, 0xb8, 0xb8, 0xb8, 0xb8,
    0xb8, 0xb5, 0xb5, 0xb5, 0xb5, 0xb5, 0xb8, 0xba, 0xba, 0xbe, 0xba, 0xb8, 0xb5, 0xb5, 0xb5, 0xb2,
    0xb2, 0xaf, 0xac, 0xac, 0xac, 0xac, 0xac, 0xaf, 0xaf, 0xac, 0xac, 0xaf, 0xb5, 0xb4, 0xb7, 0xb7,
    0xbb, 0xbb, 0xbb, 0xbb, 0xbb, 0xbb, 0xc3, 0xc3, 0xc2, 0xc3, 0xc0, 0xbe, 0xbb, 0xbb, 0xc0, 0xc3,
    0xbb, 0xc3, 0xbb, 0xb7, 0xb7, 0xb7, 0xb4, 0xb7, 0xbb, 0xbb, 0xbb, 0xb7, 0xb7, 0xb7, 0xb7, 0xb7,
    0xb7, 0xb7, 0xbb, 0xc2, 0xc3, 0xc7, 0xc3, 0xc0, 0xbb, 0xba, 0xb7, 0xb4, 0xae, 0xae, 0xa6, 0xa6,
    0x9f, 0x9c, 0x99, 0x99, 0x9c, 0x99, 0x99, 0x9c, 0x9c, 0x9c, 0x9c, 0x9f, 0xa3, 0x9f, 0x9f, 0x9f,
    0x9f, 0x9f, 0x9f, 0x9f, 0x9c, 0x9c, 0x9c, 0x9e, 0x9c, 0x9c, 0x9e, 0x99, 0x99, 0x99, 0x95, 0x95,
    0x95, 0x92, 0x92, 0x92, 0x92, 0x8b, 0x92, 0x92, 0x92, 0x8b, 0x8b, 0x8b, 0x92, 0x93, 0x95, 0x95,
    0x9e, 0x9b, 0x9b, 0x9b, 0x9b, 0x9b, 0x9b, 0x9b, 0x9b, 0x9f, 0xa3, 0xa4, 0xac, 0xac, 0xac, 0xac,
    0xac, 0xac, 0xac, 0xac, 0xac, 0xa3, 0xa1, 0x9e, 0x9e, 0x9b, 0x9b, 0x9b, 0x9b, 0x95, 0x8c, 0x93,
    0x8c, 0x8c, 0x93, 0x8c, 0x8c, 0x8c, 0x8c, 0x93, 0x93, 0x93, 0x8c, 0x95, 0x95, 0x95, 0x97, 0x97,
    0x9b, 0x9b, 0x9b, 0xa1, 0xa1, 0xa3, 0xa3, 0xa9, 0xaf, 0xac, 0xaf, 0xac, 0xa6, 0x9f, 0x9b, 0x9c,
    0xa3, 0xa9, 0xa6, 0xa3, 0xa3, 0x9f, 0x9e, 0x9c, 0x9f, 0xa3, 0x9f, 0xa1, 0xa9, 0xa9, 0xac, 0xa9,
    0x9e, 0x9b, 0x9c, 0x9e, 0x9f, 0xa1, 0xa1, 0x9e, 0x9b, 0x9b, 0x9b, 0xa1, 0xa3, 0xa9, 0xac, 0xa9,
    0xa9, 0xa1, 0x9e, 0x9e, 0x9e, 0xa1, 0xa1, 0xa1, 0x9e, 0x9b, 0x9b, 0xa3, 0xa3, 0xac, 0xaf, 0xaf,
    0xaf, 0xaf, 0xac, 0xac, 0xac, 0xaf, 0xac, 0xac, 0xac, 0xac, 0xaf, 0xb2, 0xb5, 0xb8, 0xba, 0xba,
    0xba, 0xb8, 0xb5, 0xb5, 0xb2, 0xac, 0xb2, 0xaf, 0xb5, 0xb8, 0xb8, 0xb5, 0xb2, 0xaf, 0xaf, 0xaf,
    0xaf, 0xaf, 0xac, 0xaf, 0xaf, 0xac, 0xac, 0xac, 0xaf, 0xaf, 0xaf, 0xaf, 0xb5, 0xb7, 0xb7, 0xb7,
    0xb7, 0xb7, 0xb7, 0xbb, 0xb7, 0xb7, 0xbb, 0xc2, 0xc2, 0xc2, 0xc0, 0xbb, 0xbb, 0xbb, 0xbb, 0xbb,
    0xc3, 0xbb, 0xc0, 0xbb, 0xb7, 0xb7, 0xb7, 0xb7, 0xbb, 0xbb, 0xbb, 0xbb, 0xbb, 0xb7, 0xb7, 0xb7,
    0xb4, 0xb7, 0xbb, 0xc0, 0xc3, 0xc3, 0xc3, 0xc0, 0xb7, 0xb4, 0xb4, 0xaf, 0xac, 0xa6, 0xa6, 0xa6,
    0x9f, 0x9c, 0x9c, 0x99, 0x92, 0x99, 0x99, 0x99, 0x99, 0x99, 0x99, 0x9c, 0x9f, 0x9f, 0x9f, 0x9f,
    0x9f, 0x9f, 0x9f, 0x9f, 0xa3, 0x9f, 0x95, 0x95, 0x99, 0x99, 0x99, 0x99, 0x99, 0x99, 0x9b, 0x95,
    0x92, 0x92, 0x92, 0x92, 0x92, 0x92, 0x92, 0x92, 0x92, 0x8b, 0x8b, 0x8b, 0x92, 0x95, 0x95, 0x95,
    0x97, 0x95, 0x95, 0x95, 0x95, 0x95, 0x95, 0x95, 0x95, 0x9b, 0x9f, 0xa3, 0xa3, 0xa4, 0xa9, 0xac,
    0xac, 0xac, 0xaf, 0xac, 0xac, 0xac, 0xa3, 0xa3, 0xa1, 0x9e, 0x9e, 0x9e, 0x9e, 0x9b, 0x97, 0x93,
    0x93, 0x8c, 0x93, 0x8c, 0x8c, 0x8c, 0x93, 0x8c, 0x93, 0x93, 0x93, 0x93, 0x95, 0x93, 0x97, 0x9b,
    0x9b, 0x9b, 0x9e, 0xa1, 0xa1, 0xa1, 0xa3, 0xa9, 0xac, 0xaf, 0xb2, 0xaf, 0xac, 0xa9, 0xa3, 0x9f,
    0xa6, 0xa6, 0xa6, 0x9f, 0x9f, 0x9f, 0x9f, 0x9c, 0x9c, 0x99, 0x9c, 0x9b, 0x9e, 0x9e, 0xa1, 0x9e,
    0x9e, 0x9b, 0x9b, 0x9b, 0x9e, 0x9b, 0x9b, 0x9b, 0x97, 0x9b, 0x9e, 0x9e, 0x9e, 0xa1, 0xa9, 0xa9,
    0xa9, 0xac, 0xa3, 0xa3, 0xa3, 0xa3, 0xa3, 0xa3, 0x9e, 0x9e, 0x9e, 0x9f, 0xa3, 0xa9, 0xac, 0xaf,
    0xaf, 0xaf, 0xb2, 0xaf, 0xaf, 0xb2, 0xb5, 0xb5, 0xaf, 0xac, 0xac, 0xaf, 0xaf, 0xb5, 0xb8, 0xba,
    0xbe, 0xbe, 0xba, 0xb8, 0xb2, 0xaf, 0xac, 0xac, 0xac, 0xb2, 0xb2, 0xb2, 0xb2, 0xaf, 0xac, 0xac,
    0xa9, 0xa9, 0xac, 0xac, 0xac, 0xac, 0xac, 0xaf, 0xac, 0xaf, 0xb4, 0xb4, 0xb5, 0xba, 0xbb, 0xbb,
    0xb7, 0xb7, 0xb7, 0xbb, 0xbb, 0xbb, 0xbb, 0xc0, 0xc3, 0xc2, 0xbb, 0xbb, 0xbb, 0xb7, 0xbb, 0xbb,
    0xbb, 0xc3, 0xbb, 0xbb, 0xbb, 0xb7, 0xb7, 0xb7, 0xb7, 0xb7, 0xbb, 0xbb, 0xbb, 0xbb, 0xb7, 0xb7,
    0xb7, 0xb7, 0xbb, 0xbb, 0xc3, 0xc7, 0xc2, 0xc0, 0xb7, 0xaf, 0xae, 0xac, 0xa6, 0xa6, 0xa6, 0x9f,
    0x9c, 0x9c, 0x9c, 0x99, 0x95, 0x99, 0x99, 0x99, 0x99, 0x95, 0x95, 0x99, 0x99, 0x9c, 0x9c, 0x9f,
    0x9f, 0x9f, 0x9f, 0x9f, 0x9f, 0x9f, 0x9c, 0x99, 0x99, 0x95, 0x95, 0x99, 0x99, 0x99, 0x99, 0x95,
    0x95, 0x92, 0x92, 0x92, 0x92, 0x92, 0x92, 0x92, 0x92, 0x8b, 0x8b, 0x86, 0x8b, 0x8b, 0x93, 0x95,
    0x9b, 0x9b, 0x95, 0x95, 0x95, 0x95, 0x95, 0x95, 0x95, 0x9b, 0x9e, 0x9f, 0xa3, 0xa3, 0xa3, 0xa9,
    0xa9, 0xa9, 0xac, 0xac, 0xac, 0xac, 0xa9, 0xa3, 0x9f, 0x9b, 0x9e, 0x9e, 0x9b, 0x9b, 0x97, 0x93,
    0x93, 0x8c, 0x8c, 0x86, 0x8c, 0x8c, 0x93, 0x93, 0x93, 0x8c, 0x93, 0x93, 0x93, 0x95, 0x97, 0x97,
    0x9b, 0x9b, 0x9b, 0x9e, 0x9e, 0xa1, 0xa9, 0xa9, 0xac, 0xac, 0xb2, 0xb5, 0xaf, 0xaf, 0xac, 0xa6,
    0xa6, 0xa6, 0xa3, 0x9f, 0x9c, 0x99, 0x9c, 0x99, 0x9b, 0x99, 0x9b, 0x9b, 0x97, 0x9b, 0x9b, 0x9b,
    0x9e, 0x9e, 0x9b, 0x9b, 0x9b, 0x97, 0x9b, 0x97, 0x97, 0x9b, 0x9e, 0x9e, 0x9b, 0x9e, 0xa1, 0xa3,
    0xac, 0xac, 0xa9, 0xa3, 0xa1, 0xa3, 0xa9, 0xa9, 0xa1, 0x9e, 0x9f, 0x9f, 0xa3, 0xa3, 0xac, 0xac,
    0xaf, 0xaf, 0xaf, 0xb2, 0xb5, 0xb8, 0xbe, 0xba, 0xb8, 0xaf, 0xac, 0xac, 0xac, 0xb2, 0xb5, 0xba,
    0xbe, 0xc2, 0xbe, 0xba, 0xb5, 0xb2, 0xac, 0xa9, 0xa9, 0xa9, 0xaf, 0xaf, 0xaf, 0xaf, 0xaf, 0xac,
    0xa4, 0xa3, 0xa3, 0xa3, 0xa9, 0xa9, 0xac, 0xac, 0xac, 0xac, 0xaf, 0xaf, 0xb5, 0xb7, 0xbb, 0xbb,
    0xbb, 0xbb, 0xbb, 0xbb, 0xbb, 0xbb, 0xbb, 0xc0, 0xc3, 0xc3, 0xc3, 0xc3, 0xbb, 0xb7, 0xbb, 0xbb,
    0xbb, 0xbb, 0xbb, 0xbb, 0xbb, 0xbb, 0xbb, 0xbb, 0xb7, 0xb7, 0xb7, 0xb7, 0xb7, 0xb7, 0xb7, 0xb7,
    0xb7, 0xb7, 0xbb, 0xbb, 0xc0, 0xbb, 0xc2, 0xbb, 0xb7, 0xb4, 0xae, 0xa6, 0xa6, 0xa6, 0xa6, 0x9c,
    0x9c, 0x9c, 0x9c, 0x9c, 0x99, 0x99, 0x99, 0x99, 0x95, 0x95, 0x95, 0x99, 0x99, 0x95, 0x99, 0x99,
    0x9c, 0x9f, 0x9f, 0x9f, 0x9f, 0x9f, 0x9f, 0x9c, 0x99, 0x95, 0x95, 0x95, 0x99, 0x95, 0x99, 0x95,
    0x92, 0x92, 0x92, 0x92, 0x92, 0x92, 0x92, 0x92, 0x8b, 0x8b, 0x8b, 0x8b, 0x8b, 0x8b, 0x8b, 0x8b,
    0x95, 0x95, 0x95, 0x93, 0x93, 0x95, 0x95, 0x95, 0x95, 0x9b, 0x9e, 0x9e, 0x9f, 0xa3, 0xa3, 0xa6,
    0xa6, 0xa3, 0xa9, 0xac, 0xa9, 0xa6, 0xa9, 0xa3, 0x9f, 0x9e, 0x9b, 0x97, 0x9b, 0x97, 0x95, 0x93,
    0x8c, 0x93, 0x8c, 0x8c, 0x8c, 0x8c, 0x93, 0x8c, 0x8c, 0x93, 0x93, 0x93, 0x95, 0x93, 0x95, 0x97,
    0x97, 0x9b, 0x9e, 0x9e, 0x9e, 0x9e, 0xa1, 0xa1, 0xa3, 0xac, 0xaf, 0xb2, 0xb4, 0xb4, 0xac, 0xac,
    0xa6, 0xa6, 0xa6, 0xa3, 0x9c, 0x99, 0x99, 0x99, 0x9b, 0x9b, 0x9c, 0x9b, 0x9e, 0x9b, 0x9e, 0x9b,
    0x9e, 0x9e, 0x9e, 0x97, 0x97, 0x9b, 0x97, 0x9b, 0x9e, 0x9e, 0x9e, 0x9e, 0x9e, 0x9e, 0x9e, 0xa1,
    0xa1, 0xa3, 0xa3, 0x9f, 0x9b, 0x9e, 0xa3, 0xa1, 0xa1, 0x9b, 0x9e, 0x9b, 0x9b, 0x9e, 0xa3, 0xa3,
    0xa9, 0xa9, 0xa3, 0xaf, 0xb8, 0xb8, 0xba, 0xba, 0xb8, 0xaf, 0xac, 0xa9, 0xac, 0xac, 0xac, 0xb8,
    0xbe, 0xc2, 0xbe, 0xba, 0xb8, 0xb5, 0xaf, 0xac, 0xa9, 0xa3, 0xa9, 0xac, 0xac, 0xac, 0xaf, 0xac,
    0xac, 0xa3, 0xa3, 0xa3, 0xa3, 0xa3, 0xa3, 0xac, 0xac, 0xac, 0xac, 0xac, 0xb4, 0xb7, 0xb7, 0xbb,
    0xbb, 0xbb, 0xb7, 0xbb, 0xbb, 0xbb, 0xbb, 0xc0, 0xc3, 0xc7, 0xc7, 0xc3, 0xc0, 0xb7, 0xb7, 0xb7,
    0xb7, 0xb7, 0xbb, 0xbb, 0xc0, 0xc0, 0xc0, 0xbb, 0xb7, 0xb7, 0xb4, 0xb4, 0xb7, 0xb7, 0xb7, 0xb7,
    0xb7, 0xb7, 0xb7, 0xb7, 0xbb, 0xbb, 0xbb, 0xbb, 0xb7, 0xb4, 0xae, 0xa6, 0xa6, 0xa6, 0xa6, 0x9f,
    0x9f, 0x9f, 0x9f, 0x9f, 0x9f, 0x9c, 0x99, 0x99, 0x9c, 0x95, 0x99, 0x99, 0x99, 0x95, 0x99, 0x99,
    0x9c, 0x9c, 0x9f, 0x9c, 0x9f, 0x9f, 0x9f, 0x9f, 0x99, 0x95, 0x95, 0x95, 0x95, 0x95, 0x95, 0x95,
    0x95, 0x92, 0x8b, 0x92, 0x92, 0x95, 0x95, 0x92, 0x8b, 0x8b, 0x8b, 0x8b, 0x8b, 0x8b, 0x8b, 0x92,
    0x95, 0x95, 0x93, 0x8b, 0x8b, 0x8b, 0x93, 0x93, 0x95, 0x95, 0x9b, 0x9b, 0x9e, 0x9f, 0x9f, 0xa3,
    0xa3, 0xa3, 0xa3, 0xa3, 0xa1, 0x9f, 0xa1, 0x9e, 0x9b, 0x9b, 0x9b, 0x97, 0x97, 0x95, 0x95, 0x93,
    0x93, 0x93, 0x8c, 0x8c, 0x8c, 0x86, 0x8c, 0x8c, 0x8c, 0x8c, 0x8c, 0x93, 0x93, 0x95, 0x97, 0x97,
    0x97, 0x97, 0x9b, 0x9b, 0x9b, 0x9e, 0x9e, 0xa1, 0xa3, 0xa9, 0xac, 0xaf, 0xaf, 0xaf, 0xaf, 0xac,
    0xa9, 0xa6, 0xa3, 0x9f, 0x9e, 0x9b, 0x95, 0x97, 0x97, 0x9b, 0x99, 0x99, 0x99, 0x97, 0x99, 0x9b,
    0x9b, 0x9e, 0x9e, 0x97, 0x9b, 0x9b, 0x9b, 0x9f, 0x9f, 0x9f, 0x9f, 0x9f, 0xa3, 0xa1, 0xa1, 0xa1,
    0xa9, 0xa9, 0xa9, 0xa3, 0xa1, 0xa1, 0xa3, 0xa9, 0xa1, 0x9b, 0x97, 0x97, 0x97, 0x9b, 0x9e, 0x9e,
    0xa1, 0xa3, 0xa9, 0xac, 0xaf, 0xb5, 0xb8, 0xb8, 0xb5, 0xaf, 0xac, 0xa6, 0xa6, 0xa9, 0xa9, 0xb5,
    0xba, 0xbe, 0xc2, 0xc2, 0xbe, 0xb8, 0xb2, 0xaf, 0xa9, 0xa3, 0x9f, 0x9f, 0x9b, 0xa3, 0xa3, 0xa4,
    0xac, 0xa6, 0xa4, 0xa3, 0xa3, 0xa3, 0xa3, 0xa3, 0xac, 0xac, 0xac, 0xaf, 0xaf, 0xb4, 0xb4, 0xb7,
    0xb7, 0xb7, 0xb4, 0xb7, 0xbb, 0xbb, 0xb7, 0xbb, 0xc0, 0xc0, 0xc3, 0xc3, 0xc0, 0xbb, 0xb7, 0xb7,
    0xb7, 0xb7, 0xbb, 0xbb, 0xbb, 0xc3, 0xbb, 0xc0, 0xbb, 0xb4, 0xaf, 0xaf, 0xae, 0xb4, 0xb7, 0xb7,
    0xb7, 0xb7, 0xb7, 0xb7, 0xb7, 0xbb, 0xb7, 0xb7, 0xb7, 0xb2, 0xb4, 0xac, 0xa6, 0x9f, 0xa6, 0xa6,
    0x9f, 0x9c, 0x9f, 0x9f, 0x9c, 0x9c, 0x9c, 0x99, 0x99, 0x92, 0x92, 0x92, 0x92, 0x92, 0x92, 0x95,
    0x92, 0x95, 0x99, 0x99, 0x9c, 0x9c, 0x9c, 0x9c, 0x9c, 0x99, 0x95, 0x92, 0x92, 0x92, 0x92, 0x95,
    0x92, 0x92, 0x92, 0x92, 0x95, 0x93, 0x95, 0x92, 0x95, 0x8b, 0x86, 0x8b, 0x8b, 0x8b, 0x8b, 0x8b,
    0x95, 0x93, 0x93, 0x93, 0x8b, 0x8b, 0x8b, 0x8b, 0x93, 0x95, 0x95, 0x9b, 0x9b, 0x9b, 0x9e, 0x9f,
    0x9f, 0x9f, 0x9f, 0x9f, 0x9e, 0x9e, 0x9b, 0x97, 0x97, 0x9b, 0x97, 0x95, 0x95, 0x93, 0x95, 0x93,
    0x8c, 0x8c, 0x8c, 0x8c, 0x8c, 0x86, 0x86, 0x86, 0x8c, 0x8c, 0x8c, 0x93, 0x95, 0x93, 0x97, 0x97,
    0x97, 0x9b, 0x9b, 0x9b, 0x9b, 0x9e, 0x9e, 0xa3, 0xa3, 0xa9, 0xac, 0xac, 0xaf, 0xaf, 0xac, 0xa9,
    0xa9, 0xa1, 0xa1, 0xa3, 0xa1, 0x9b, 0x97, 0x97, 0x97, 0x97, 0x97, 0x9b, 0x9b, 0x9b, 0x9b, 0x97,
    0x97, 0x9b, 0x9b, 0x97, 0x9b, 0x9f, 0xa1, 0xa3, 0x9f, 0x9f, 0x9f, 0xa3, 0xa3, 0xa3, 0x9f, 0x9e,
    0xa3, 0xa9, 0xa9, 0xa3, 0xa1, 0xa1, 0xa1, 0xa1, 0xa1, 0x9e, 0x97, 0x97, 0x97, 0x97, 0x9b, 0x9b,
    0x9b, 0xa1, 0xa3, 0xa9, 0xac, 0xaf, 0xb2, 0xb5, 0xb2, 0xaf, 0xac, 0xac, 0xac, 0xac, 0xac, 0xb2,
    0xb5, 0xba, 0xbe, 0xc2, 0xbe, 0xba, 0xb5, 0xb2, 0xac, 0xac, 0xa6, 0xa3, 0x9f, 0x9e, 0x9f, 0xa6,
    0xa3, 0xa9, 0xa9, 0xa6, 0xa9, 0xa6, 0xa3, 0xa3, 0xa6, 0xac, 0xac, 0xaf, 0xb4, 0xaf, 0xaf, 0xb4,
    0xb4, 0xb4, 0xb4, 0xb4, 0xb7, 0xb7, 0xb7, 0xb7, 0xb7, 0xbb, 0xc0, 0xc0, 0xbb, 0xb7, 0xb7, 0xb4,
    0xb4, 0xb7, 0xbb, 0xbb, 0xbb, 0xbb, 0xc3, 0xbb, 0xbb, 0xb7, 0xb4, 0xae, 0xae, 0xa6, 0xb4, 0xb4,
    0xb4, 0xb4, 0xb4, 0xb7, 0xb7, 0xb7, 0xb7, 0xb7, 0xb7, 0xb4, 0xae, 0xa6, 0xa6, 0x9f, 0x9f, 0x9f,
    0x9c, 0x9c, 0x9c, 0x9f, 0x9c, 0x9c, 0x9c, 0x9c, 0x9c, 0x99, 0x99, 0x99, 0x92, 0x92, 0x95, 0x95,
    0x92, 0x92, 0x95, 0x99, 0x99, 0x99, 0x99, 0x9c, 0x9c, 0x99, 0x95, 0x92, 0x92, 0x92, 0x92, 0x92,
    0x92, 0x92, 0x92, 0x92, 0x92, 0x92, 0x92, 0x95, 0x92, 0x8b, 0x8b, 0x8b, 0x8b, 0x8b, 0x8b, 0x92,
    0x93, 0x95, 0x95, 0x95, 0x93, 0x8c, 0x8b, 0x93, 0x8b, 0x95, 0x95, 0x95, 0x97, 0x95, 0x9b, 0x9e,
    0x9f, 0x9e, 0x9e, 0x9e, 0x9b, 0x9b, 0x95, 0x95, 0x95, 0x97, 0x97, 0x97, 0x97, 0x95, 0x93, 0x93,
    0x8c, 0x8c, 0x93, 0x86, 0x8c, 0x8c, 0x86, 0x8c, 0x8c, 0x86, 0x8c, 0x93, 0x93, 0x95, 0x95, 0x95,
    0x95, 0x97, 0x97, 0x97, 0x9b, 0x9e, 0x9e, 0xa1, 0xa1, 0xa3, 0xa9, 0xa9, 0xa9, 0xa9, 0xa3, 0x9e,
    0x9e, 0x9e, 0x9e, 0xa1, 0xa1, 0x9e, 0x9b, 0x97, 0x92, 0x95, 0x9b, 0x9b, 0x9e, 0x9e, 0x9e, 0x9b,
    0x97, 0x9b, 0x9b, 0x97, 0x9b, 0x9f, 0xac, 0xa9, 0xa9, 0xa1, 0xa1, 0xa3, 0x9f, 0x9f, 0x9f, 0x9c,
    0x9f, 0xa3, 0xa3, 0x9e, 0x9e, 0x9e, 0x9b, 0x9e, 0xa1, 0x9e, 0x9e, 0x9b, 0x9b, 0x9b, 0x9b, 0x9e,
    0x9e, 0x9f, 0xa3, 0xa3, 0xa9, 0xac, 0xaf, 0xb4, 0xb2, 0xaf, 0xac, 0xac, 0xac, 0xac, 0xaf, 0xb2,
    0xb5, 0xb8, 0xba, 0xbe, 0xbe, 0xbe, 0xba, 0xb5, 0xaf, 0xac, 0xaf, 0xac, 0xa6, 0x9f, 0x9f, 0x9f,
    0x9f, 0xa3, 0xa9, 0xa6, 0xac, 0xac, 0xa6, 0xa6, 0xa6, 0xa9, 0xac, 0xb4, 0xaf, 0xb4, 0xaf, 0xaf,
    0xaf, 0xae, 0xae, 0xaf, 0xb4, 0xb4, 0xb7, 0xb7, 0xb7, 0xb7, 0xb7, 0xbb, 0xb7, 0xb7, 0xb4, 0xb4,
    0xb4, 0xb4, 0xb7, 0xbb, 0xc3, 0xbb, 0xbb, 0xbb, 0xbb, 0xb7, 0xaf, 0xae, 0xae, 0xa6, 0xa6, 0xa9,
    0xae, 0xac, 0xb4, 0xb7, 0xb7, 0xb7, 0xb7, 0xb7, 0xb4, 0xac, 0xae, 0xa6, 0xa6, 0x9f, 0x9c, 0x99,
    0x99, 0x99, 0x9c, 0x9f, 0xa6, 0x9f, 0x9f, 0x9f, 0xa6, 0xa6, 0x9f, 0x9c, 0x99, 0x99, 0x99, 0x99,
    0x95, 0x95, 0x95, 0x95, 0x95, 0x95, 0x95, 0x95, 0x99, 0x95, 0x95, 0x95, 0x92, 0x92, 0x8b, 0x8b,
    0x92, 0x92, 0x8b, 0x8b, 0x8b, 0x8b, 0x92, 0x92, 0x92, 0x92, 0x8b, 0x8b, 0x8b, 0x8b, 0x92, 0x92,
    0x95, 0x95, 0x93, 0x93, 0x93, 0x93, 0x8b, 0x93, 0x93, 0x93, 0x95, 0x95, 0x93, 0x95, 0x95, 0x95,
    0x9b, 0x9b, 0x9b, 0x9b, 0x97, 0x97, 0x95, 0x93, 0x93, 0x95, 0x95, 0x93, 0x95, 0x93, 0x8c, 0x93,
    0x93, 0x8c, 0x93, 0x8c, 0x8c, 0x8c, 0x8c, 0x8c, 0x86, 0x86, 0x8c, 0x8c, 0x93, 0x93, 0x97, 0x97,
    0x93, 0x95, 0x97, 0x97, 0x97, 0x9b, 0x9b, 0x9b, 0x9e, 0xa1, 0xa1, 0xa1, 0xa3, 0xa3, 0x9f, 0x9b,
    0x99, 0x97, 0x9b, 0x9e, 0x9e, 0x9f, 0x9b, 0x9b, 0x97, 0x95, 0x97, 0x97, 0x9b, 0x9e, 0x9f, 0x9b,
    0x97, 0x9b, 0x9b, 0x9b, 0x9b, 0x9f, 0xac, 0xa9, 0xac, 0xa9, 0xa9, 0xa3, 0xa3, 0xa3, 0xa3, 0x9f,
    0x9f, 0xa3, 0xa9, 0xa1, 0xa1, 0x9e, 0x9e, 0x9b, 0x9e, 0xa3, 0xa3, 0x9b, 0x9b, 0x9b, 0x9b, 0x9e,
    0xa1, 0xa3, 0xa9, 0xa9, 0xac, 0xa9, 0xaf, 0xaf, 0xb4, 0xaf, 0xac, 0xac, 0xac, 0xac, 0xb2, 0xb2,
    0xb2, 0xb2, 0xb5, 0xba, 0xbe, 0xbe, 0xba, 0xb5, 0xaf, 0xaf, 0xaf, 0xaf, 0xaf, 0xac, 0xa6, 0x9f,
    0x9f, 0x9f, 0xa3, 0xa3, 0xa4, 0xa4, 0xa9, 0xac, 0xac, 0xac, 0xaf, 0xaf, 0xaf, 0xb5, 0xb8, 0xb7,
    0xb4, 0xb4, 0xae, 0xae, 0xae, 0xb4, 0xb4, 0xb7, 0xb7, 0xb7, 0xb7, 0xb7, 0xb4, 0xb7, 0xb7, 0xb4,
    0xac, 0xb4, 0xb7, 0xb7, 0xbb, 0xbb, 0xb7, 0xb7, 0xb7, 0xb7, 0xb4, 0xae, 0xac, 0xa6, 0xa6, 0xa6,
    0xa6, 0xae, 0xaf, 0xb4, 0xb4, 0xb7, 0xb7, 0xaf, 0xaf, 0xb4, 0xaf, 0xa6, 0xa6, 0x9f, 0x9c, 0x99,
    0x99, 0x99, 0x99, 0x9c, 0x9f, 0x9f, 0x9f, 0x9f, 0x9f, 0xa6, 0x9f, 0x9c, 0x9c, 0x9c, 0x9c, 0x99,
    0x95, 0x95, 0x92, 0x92, 0x92, 0x92, 0x92, 0x92, 0x92, 0x95, 0x95, 0x95, 0x92, 0x92, 0x92, 0x92,
    0x92, 0x92, 0x92, 0x8b, 0x86, 0x8b, 0x8b, 0x8b, 0x8b, 0x92, 0x92, 0x8b, 0x8b, 0x92, 0x92, 0x92,
    0x95, 0x93, 0x95, 0x8c, 0x93, 0x8c, 0x93, 0x8c, 0x8c, 0x93, 0x93, 0x93, 0x93, 0x95, 0x93, 0x95,
    0x95, 0x97, 0x97, 0x97, 0x97, 0x95, 0x93, 0x93, 0x93, 0x93, 0x93, 0x8c, 0x8c, 0x8b, 0x8b, 0x8c,
    0x93, 0x93, 0x8c, 0x8c, 0x8c, 0x8c, 0x93, 0x8b, 0x8c, 0x86, 0x93, 0x93, 0x93, 0x95, 0x95, 0x93,
    0x95, 0x93, 0x95, 0x97, 0x97, 0x9b, 0x9b, 0x9b, 0x9b, 0x9b, 0x9b, 0x9e, 0xa1, 0xa3, 0xa1, 0x9e,
    0x97, 0x97, 0x97, 0x97, 0x9b, 0x9b, 0x9b, 0x9b, 0x97, 0x97, 0x95, 0x97, 0x95, 0x9b, 0x9b, 0x9b,
    0x9b, 0x97, 0x97, 0x97, 0x95, 0x9b, 0x9f, 0xa3, 0xa9, 0xa9, 0xa9, 0xa9, 0xa1, 0x9e, 0x9b, 0x9e,
    0x9e, 0xa1, 0xa3, 0x9f, 0xa1, 0x9e, 0xa1, 0x9e, 0x9b, 0x9e, 0x9e, 0x9e, 0x9b, 0x9e, 0x9e, 0xa3,
    0xa3, 0xa3, 0xa9, 0xac, 0xac, 0xac, 0xac, 0xaf, 0xaf, 0xaf, 0xac, 0x9f, 0x9f, 0xa3, 0xaf, 0xb5,
    0xb2, 0xb4, 0xb4, 0xb8, 0xba, 0xba, 0xba, 0xb8, 0xb5, 0xb2, 0xaf, 0xaf, 0xaf, 0xac, 0xac, 0xa6,
    0xa3, 0x9f, 0x9f, 0x9f, 0xa3, 0xa3, 0x9f, 0xa3, 0xac, 0xac, 0xa6, 0xaf, 0xaf, 0xaf, 0xb4, 0xaf,
    0xb4, 0xac, 0xae, 0xae, 0xae, 0xb4, 0xb7, 0xb7, 0xb7, 0xb7, 0xbb, 0xb7, 0xb7, 0xb7, 0xb7, 0xaf,
    0xb4, 0xaf, 0xb4, 0xb7, 0xb7, 0xb7, 0xb7, 0xb4, 0xb4, 0xb4, 0xae, 0xae, 0xa7, 0xa6, 0xa6, 0xa6,
    0xa6, 0xac, 0xae, 0xaf, 0xaf, 0xaf, 0xb4, 0xb4, 0xaf, 0xaf, 0xae, 0xac, 0xa6, 0x9f, 0x9c, 0x99,
    0x99, 0x95, 0x95, 0x99, 0x99, 0x9c, 0x9f, 0x9f, 0x9f, 0x9f, 0x9f, 0x9f, 0x9c, 0x9c, 0x9c, 0x99,
    0x99, 0x95, 0x95, 0x92, 0x92, 0x92, 0x92, 0x92, 0x92, 0x95, 0x95, 0x92, 0x92, 0x8b, 0x8b, 0x92,
    0x92, 0x92, 0x92, 0x92, 0x8b, 0x8b, 0x8b, 0x8b, 0x8b, 0x92, 0x92, 0x92, 0x92, 0x8b, 0x92, 0x92,
    0x95, 0x93, 0x95, 0x93, 0x8b, 0x8b, 0x93, 0x8c, 0x8b, 0x8c, 0x8c, 0x8c, 0x93, 0x93, 0x93, 0x95,
    0x93, 0x95, 0x97, 0x95, 0x95, 0x93, 0x95, 0x8c, 0x95, 0x8b, 0x86, 0x86, 0x8c, 0x8c, 0x8c, 0x8c,
    0x8c, 0x8c, 0x8c, 0x8c, 0x93, 0x93, 0x93, 0x93, 0x93, 0x93, 0x93, 0x95, 0x95, 0x93, 0x95, 0x95,
    0x97, 0x95, 0x93, 0x95, 0x97, 0x97, 0x9b, 0x97, 0x97, 0x95, 0x97, 0x9b, 0x9b, 0x9e, 0x9e, 0xa1,
    0x9e, 0x9b, 0x97, 0x97, 0x97, 0x97, 0x97, 0x97, 0x97, 0x97, 0x93, 0x97, 0x97, 0x97, 0x97, 0x97,
    0x97, 0x9b, 0x9b, 0x97, 0x97, 0x97, 0x9b, 0x9f, 0xa3, 0xa1, 0xa1, 0xa1, 0x9e, 0x97, 0x97, 0x9b,
    0x9b, 0x9e, 0x9e, 0xa3, 0x9e, 0x9e, 0x9e, 0x9e, 0x9b, 0x9b, 0x9b, 0x9b, 0x9b, 0x9e, 0x9e, 0x9e,
    0xa1, 0xa3, 0xa3, 0xa9, 0xac, 0xaf, 0xaf, 0xac, 0xac, 0xac, 0xa3, 0x9e, 0x9b, 0x9f, 0xa3, 0xac,
    0xaf, 0xaf, 0xaf, 0xb2, 0xb5, 0xb2, 0xb5, 0xb8, 0xb8, 0xb2, 0xac, 0xac, 0xaf, 0xb4, 0xaf, 0xaf,
    0xac, 0xa9, 0xa3, 0x9f, 0xa3, 0xa3, 0x9f, 0xa3, 0x9f, 0xa3, 0xa6, 0xac, 0xac, 0xac, 0xa9, 0xa6,
    0xa4, 0xac, 0xac, 0xa6, 0xa6, 0xa6, 0xae, 0xb4, 0xb7, 0xbb, 0xbb, 0xbb, 0xb7, 0xb7, 0xb7, 0xb4,
    0xae, 0xae, 0xaf, 0xb4, 0xb4, 0xb4, 0xb4, 0xb4, 0xaf, 0xae, 0xae, 0xae, 0xa6, 0xa6, 0xa2, 0x9f,
    0xa6, 0xa6, 0xa6, 0xae, 0xb4, 0xb4, 0xaf, 0xb4, 0xae, 0xaf, 0xae, 0xae, 0xa6, 0x9f, 0x9c, 0x99,
    0x99, 0x95, 0x95, 0x92, 0x95, 0x99, 0x9c, 0x9f, 0x9f, 0x9f, 0x9f, 0x9f, 0x9f, 0x9f, 0x9c, 0x9c,
    0x99, 0x95, 0x95, 0x92, 0x95, 0x92, 0x92, 0x92, 0x92, 0x95, 0x92, 0x95, 0x92, 0x8b, 0x86, 0x95,
    0x92, 0x8b, 0x92, 0x92, 0x92, 0x8b, 0x8b, 0x92, 0x92, 0x92, 0x92, 0x92, 0x92, 0x92, 0x92, 0x95,
    0x95, 0x95, 0x93, 0x8c, 0x86, 0x86, 0x86, 0x86, 0x86, 0x86, 0x86, 0x8c, 0x93, 0x8c, 0x8c, 0x8b,
    0x93, 0x8b, 0x93, 0x95, 0x93, 0x93, 0x93, 0x93, 0x93, 0x8b, 0x8c, 0x88, 0x86, 0x8c, 0x8b, 0x93,
    0x8c, 0x8c, 0x8c, 0x8c, 0x8c, 0x8c, 0x8c, 0x8c, 0x8c, 0x8c, 0x93, 0x8c, 0x95, 0x93, 0x93, 0x93,
    0x93, 0x93, 0x93, 0x93, 0x93, 0x95, 0x97, 0x97, 0x97, 0x95, 0x93, 0x93, 0x97, 0x97, 0x9b, 0x9e,
    0x9e, 0x9b, 0x97, 0x97, 0x97, 0x97, 0x97, 0x97, 0x97, 0x97, 0x97, 0x95, 0x95, 0x95, 0x97, 0x97,
    0x9b, 0x9b, 0x9b, 0x97, 0x97, 0x97, 0x9b, 0x99, 0x9b, 0x9b, 0x9b, 0x97, 0x97, 0x97, 0x97, 0x97,
    0x97, 0x97, 0x9b, 0x9f, 0x9e, 0x9e, 0x9b, 0x9b, 0x9b, 0x97, 0x97, 0x97, 0x9b, 0x9b, 0x9b, 0x9b,
    0x9e, 0xa3, 0x9f, 0xa3, 0xac, 0xaf, 0xaf, 0xaf, 0xac, 0xa6, 0xa3, 0x9f, 0x9b, 0x9b, 0x9f, 0xa3,
    0xac, 0xac, 0xaf, 0xaf, 0xac, 0xac, 0xaf, 0xb2, 0xb5, 0xb2, 0xac, 0xaf, 0xac, 0xb2, 0xaf, 0xaf,
    0xaf, 0xaf, 0xac, 0xa1, 0xa3, 0x9f, 0x9f, 0x9f, 0x9f, 0x9f, 0xa3, 0xa3, 0xac, 0xac, 0xac, 0xa3,
    0xa3, 0xa6, 0xa6, 0x9f, 0x9f, 0x9c, 0xa2, 0xa7, 0xb4, 0xbb, 0xbb, 0xbb, 0xb7, 0xb7, 0xb4, 0xb4,
    0xae, 0xae, 0xae, 0xae, 0xae, 0xae, 0xae, 0xaf, 0xb4, 0xae, 0xae, 0xa7, 0xa6, 0xa6, 0x9f, 0x9f,
    0xa6, 0xa6, 0xa6, 0xac, 0xac, 0xae, 0xae, 0xae, 0xac, 0xae, 0xac, 0xac, 0xa6, 0xa6, 0x9f, 0x9c,
    0x99, 0x99, 0x95, 0x92, 0x95, 0x99, 0x99, 0x9c, 0x9f, 0x9f, 0x9f, 0x9f, 0x9c, 0x9c, 0x9c, 0x9c,
    0x99, 0x95, 0x92, 0x92, 0x95, 0x95, 0x92, 0x92, 0x92, 0x92, 0x92, 0x92, 0x8b, 0x8b, 0x8b, 0x86,
    0x8b, 0x8b, 0x92, 0x8b, 0x92, 0x92, 0x92, 0x92, 0x92, 0x92, 0x92, 0x92, 0x95, 0x95, 0x95, 0x95,
    0x93, 0x93, 0x8c, 0x86, 0x86, 0x8c, 0x86, 0x8b, 0x86, 0x86, 0x86, 0x86, 0x8c, 0x8c, 0x8b, 0x8c,
    0x8c, 0x8b, 0x8b, 0x8b, 0x8c, 0x8c, 0x8b, 0x8c, 0x93, 0x8c, 0x86, 0x86, 0x86, 0x86, 0x86, 0x8c,
    0x8c, 0x86, 0x8c, 0x8c, 0x8c, 0x8c, 0x8c, 0x93, 0x8c, 0x93, 0x93, 0x8c, 0x93, 0x8b, 0x8c, 0x8c,
    0x8c, 0x8b, 0x8c, 0x8c, 0x93, 0x93, 0x93, 0x95, 0x97, 0x97, 0x93, 0x8b, 0x8c, 0x95, 0x95, 0x97,
    0x97, 0x97, 0x93, 0x93, 0x8c, 0x93, 0x93, 0x95, 0x95, 0x95, 0x95, 0x93, 0x95, 0x93, 0x95, 0x93,
    0x97, 0x97, 0x99, 0x97, 0x97, 0x97, 0x97, 0x95, 0x95, 0x9b, 0x9b, 0x97, 0x97, 0x97, 0x97, 0x97,
    0x95, 0x97, 0x97, 0x9b, 0x9b, 0x9e, 0x9e, 0x9b, 0x97, 0x97, 0x97, 0x97, 0x97, 0x9b, 0x97, 0x9b,
    0x9e, 0x9e, 0x9f, 0x9e, 0x9f, 0xac, 0xb4, 0xb5, 0xaf, 0xac, 0xa3, 0x9f, 0x9f, 0x9e, 0x9b, 0x9f,
    0xa6, 0xa6, 0xa9, 0xac, 0xa6, 0xac, 0xac, 0xaf, 0xaf, 0xaf, 0xaf, 0xaf, 0xac, 0xac, 0xac, 0xac,
    0xaf, 0xac, 0xac, 0xa3, 0x9f, 0x9b, 0x99, 0x9c, 0x9f, 0x9f, 0x9f, 0x9f, 0xa3, 0xac, 0xac, 0xac,
    0xa3, 0xa3, 0x9f, 0xa6, 0xa3, 0x9f, 0x9f, 0xa6, 0xae, 0xb7, 0xbb, 0xbb, 0xb7, 0xb7, 0xaf, 0xb4,
    0xaf, 0xae, 0xa7, 0xa7, 0xa7, 0xa7, 0xae, 0xae, 0xae, 0xae, 0xae, 0xa6, 0xa6, 0xa6, 0x9f, 0xa6,
    0xa6, 0xa6, 0xa6, 0xa6, 0xa6, 0xa6, 0xa6, 0xa6, 0xa6, 0xa6, 0xa6, 0xa6, 0xa6, 0x9f, 0x9c, 0x9c,
    0x9c, 0x99, 0x99, 0x99, 0x92, 0x92, 0x99, 0x99, 0x9c, 0x9c, 0x9c, 0x9c, 0x9c, 0x99, 0x99, 0x99,
    0x92, 0x92, 0x92, 0x95, 0x8b, 0x92, 0x92, 0x95, 0x92, 0x92, 0x92, 0x92, 0x92, 0x8b, 0x8b, 0x8b,
    0x86, 0x8b, 0x8b, 0x8b, 0x92, 0x92, 0x8b, 0x8b, 0x8b, 0x92, 0x92, 0x92, 0x95, 0x95, 0x95, 0x95,
    0x93, 0x86, 0x86, 0x86, 0x86, 0x86, 0x8b, 0x8c, 0x8b, 0x8c, 0x86, 0x86, 0x86, 0x8c, 0x8c, 0x8c,
    0x8c, 0x8c, 0x86, 0x86, 0x8c, 0x86, 0x86, 0x8b, 0x8b, 0x86, 0x86, 0x86, 0x88, 0x86, 0x86, 0x86,
    0x86, 0x86, 0x86, 0x8c, 0x93, 0x8c, 0x8b, 0x93, 0x93, 0x8c, 0x93, 0x93, 0x8c, 0x8c, 0x86, 0x86,
    0x86, 0x86, 0x86, 0x8c, 0x8c, 0x8c, 0x8c, 0x8c, 0x95, 0x97, 0x97, 0x93, 0x8c, 0x8b, 0x8c, 0x8b,
    0x93, 0x93, 0x8b, 0x8c, 0x86, 0x86, 0x93, 0x93, 0x95, 0x93, 0x93, 0x92, 0x93, 0x95, 0x95, 0x97,
    0x97, 0x9b, 0x9b, 0x97, 0x97, 0x97, 0x97, 0x9b, 0x9b, 0x9b, 0x95, 0x99, 0x97, 0x95, 0x93, 0x93,
    0x93, 0x93, 0x95, 0x95, 0x97, 0x9b, 0x9e, 0x9b, 0x97, 0x97, 0x9b, 0x97, 0x97, 0x9e, 0x9e, 0x9e,
    0x9f, 0x9f, 0xa3, 0x9f, 0x9f, 0xa9, 0xaf, 0xb5, 0xb5, 0xaf, 0xa9, 0xa3, 0x9f, 0x99, 0x9e, 0x9e,
    0x9f, 0x9f, 0x9f, 0x9f, 0x9f, 0x9f, 0xa3, 0xa3, 0xa6, 0xac, 0xaf, 0xaf, 0xac, 0xac, 0xa9, 0xac,
    0xaf, 0xac, 0xac, 0xa3, 0xa3, 0xa1, 0x9f, 0x9b, 0x9b, 0x9f, 0x9f, 0x9e, 0x9f, 0xa3, 0xac, 0xac,
    0xa6, 0xa3, 0x9c, 0x99, 0x9c, 0x9c, 0x9c, 0x9c, 0xa6, 0xb4, 0xb4, 0xb7, 0xb7, 0xb7, 0xb9, 0xaf,
    0xae, 0xae, 0xa7, 0xa6, 0xa6, 0xa6, 0xa6, 0xa6, 0xa7, 0xa7, 0xa6, 0xa2, 0x9c, 0x9c, 0xa2, 0xa6,
    0x9f, 0x9f, 0x9f, 0x9c, 0x9c, 0x9c, 0x9c, 0x9c, 0x9f, 0x9f, 0x9f, 0x9c, 0x9c, 0x9c, 0x9c, 0x9c,
    0x9c, 0x9c, 0x99, 0x99, 0x99, 0x95, 0x99, 0x9c, 0x9c, 0x9c, 0x9f, 0x9c, 0x9c, 0x9c, 0x99, 0x95,
    0x95, 0x92, 0x92, 0x95, 0x92, 0x92, 0x92, 0x92, 0x95, 0x95, 0x92, 0x92, 0x92, 0x92, 0x92, 0x8b,
    0x86, 0x86, 0x86, 0x8b, 0x8b, 0x92, 0x8b, 0x8b, 0x92, 0x92, 0x92, 0x92, 0x95, 0x95, 0x95, 0x9b,
    0x8c, 0x86, 0x86, 0x86, 0x86, 0x86, 0x86, 0x86, 0x86, 0x86, 0x86, 0x86, 0x86, 0x86, 0x86, 0x8c,
    0x8c, 0x93, 0x8c, 0x86, 0x86, 0x86, 0x86, 0x86, 0x86, 0x8b, 0x8c, 0x8c, 0x8c, 0x8c, 0x8c, 0x86,
    0x86, 0x86, 0x86, 0x8c, 0x8c, 0x8c, 0x8c, 0x8c, 0x8c, 0x93, 0x93, 0x8c, 0x8c, 0x86, 0x86, 0x86,
    0x83, 0x83, 0x86, 0x86, 0x8c, 0x8c, 0x8c, 0x8c, 0x93, 0x95, 0x97, 0x97, 0x93, 0x8c, 0x8c, 0x86,
    0x8c, 0x8c, 0x86, 0x86, 0x86, 0x86, 0x86, 0x8c, 0x8c, 0x92, 0x8b, 0x8c, 0x8b, 0x95, 0x93, 0x93,
    0x95, 0x97, 0x9b, 0x97, 0x97, 0x97, 0x97, 0x95, 0x97, 0x97, 0x95, 0x97, 0x95, 0x95, 0x93, 0x93,
    0x8c, 0x8c, 0x93, 0x93, 0x97, 0x9b, 0x9b, 0x9b, 0x97, 0x97, 0x97, 0x97, 0x9b, 0x9f, 0xa3, 0x9f,
    0xa1, 0xa3, 0x9f, 0x9f, 0x9f, 0xa3, 0xac, 0xb2, 0xb8, 0xb5, 0xac, 0xa9, 0x9f, 0x9b, 0x9e, 0x9e,
    0x9c, 0x9e, 0x9e, 0x9c, 0x9e, 0x9f, 0xa3, 0xa3, 0xa3, 0xa6, 0xac, 0xaf, 0xac, 0xac, 0xac, 0xac,
    0xac, 0xac, 0xac, 0xa9, 0xa3, 0xa1, 0x9f, 0x9c, 0x9b, 0x9b, 0x9e, 0x9b, 0x9e, 0x9f, 0xa3, 0xac,
    0xac, 0xa6, 0x9f, 0x99, 0x9c, 0x9f, 0x9f, 0x9c, 0x9f, 0xa7, 0xb4, 0xb4, 0xb7, 0xb7, 0xb4, 0xb4,
    0xae, 0xae, 0xae, 0xae, 0xa7, 0xa6, 0xa2, 0xa2, 0xa2, 0xa7, 0xa2, 0xa2, 0x9c, 0x9c, 0x9c, 0x9c,
    0x9c, 0x9c, 0x9c, 0x9c, 0x99, 0x99, 0xf8, 0xf8, 0x99, 0x99, 0x99, 0x9c, 0x9c, 0x9c, 0x9c, 0x9c,
    0x9c, 0x9c, 0x9c, 0x99, 0x99, 0x99, 0x99, 0x99, 0x99, 0x99, 0x9c, 0x99, 0x99, 0x99, 0x99, 0x95,
    0x92, 0x92, 0x92, 0x92, 0x92, 0x92, 0x92, 0x92, 0x92, 0x95, 0x95, 0x92, 0x8b, 0x92, 0x92, 0x92,
    0x92, 0x8b, 0x86, 0x86, 0x86, 0x86, 0x86, 0x86, 0x8b, 0x8b, 0x8b, 0x92, 0x95, 0x95, 0x9c, 0x9b,
    0x86, 0x86, 0x86, 0x86, 0x86, 0x86, 0x86, 0x86, 0x86, 0x83, 0x83, 0x83, 0x83, 0x86, 0x86, 0x86,
    0x86, 0x86, 0x86, 0x86, 0x86, 0x86, 0x86, 0x86, 0x86, 0x86, 0x88, 0x8c, 0x8c, 0x8c, 0x86, 0x86,
    0x88, 0x88, 0x86, 0x86, 0x8c, 0x86, 0x8c, 0x8c, 0x8c, 0x8c, 0x93, 0x8c, 0x8c, 0x86, 0x86, 0x86,
    0x83, 0x81, 0x81, 0x83, 0x86, 0x8c, 0x8c, 0x93, 0x8b, 0x93, 0x97, 0x9b, 0x95, 0x8b, 0x8c, 0x86,
    0x86, 0x86, 0x86, 0x86, 0x83, 0x83, 0x86, 0x83, 0x88, 0x8b, 0x8b, 0x8b, 0x8b, 0x93, 0x95, 0x93,
    0x93, 0x97, 0x97, 0x97, 0x97, 0x97, 0x97, 0x97, 0x93, 0x97, 0x97, 0x9b, 0x97, 0x95, 0x95, 0x93,
    0x93, 0x8b, 0x86, 0x93, 0x95, 0x97, 0x9b, 0x9b, 0x97, 0x95, 0x9b, 0x9b, 0x9b, 0x9b, 0x9e, 0x9f,
    0x9e, 0xa1, 0x9e, 0x9e, 0x9e, 0x9f, 0xa3, 0xac, 0xb5, 0xb5, 0xb5, 0xac, 0xa3, 0x9f, 0x9e, 0x9c,
    0x9e, 0x9e, 0x9f, 0x9f, 0x9f, 0xa3, 0xa3, 0xa3, 0xa6, 0xa6, 0xac, 0xac, 0xac, 0xac, 0xac, 0xa3,
    0xa9, 0xa6, 0xa9, 0xac, 0xa3, 0xa1, 0x9f, 0x9f, 0x9f, 0x9b, 0x99, 0x9c, 0x9f, 0x9f, 0xa6, 0xa6,
    0xa6, 0xa6, 0xa6, 0x9f, 0x9f, 0x9f, 0x9f, 0x9f, 0x9f, 0x9c, 0xa6, 0xb4, 0xb4, 0xaf, 0xae, 0xae,
    0xae, 0xae, 0xb4, 0xae, 0xa7, 0xa7, 0xa6, 0xa2, 0xa2, 0xa2, 0xa2, 0xa2, 0xa2, 0x9c, 0xf9, 0x9c,
    0x9c, 0x9c, 0x9c, 0x9c, 0x99, 0x99, 0x99, 0xf6, 0x92, 0x92, 0x99, 0x9c, 0x9c, 0x9c, 0x9c, 0x9c,
    0x9c, 0x9c, 0x9c, 0x9c, 0x99, 0x99, 0x99, 0x99, 0x99, 0x99, 0x99, 0x99, 0x99, 0x99, 0x99, 0x95,
    0x92, 0x92, 0x92, 0x8b, 0x92, 0x92, 0x92, 0x92, 0x92, 0x92, 0x95, 0x92, 0x8b, 0x8b, 0x92, 0x92,
    0x92, 0x8b, 0x86, 0x86, 0x86, 0x86, 0x86, 0x86, 0x8b, 0x8b, 0x8b, 0x92, 0x95, 0x95, 0x99, 0x95,
    0x86, 0x86, 0x86, 0x86, 0x86, 0x86, 0x86, 0x86, 0x83, 0x83, 0x83, 0x83, 0x83, 0x86, 0x83, 0x86,
    0x86, 0x86, 0x86, 0x86, 0x86, 0x86, 0x86, 0x86, 0x86, 0x88, 0x88, 0x88, 0x8c, 0x86, 0x86, 0x86,
    0x88, 0x83, 0x83, 0x86, 0x88, 0x86, 0x86, 0x86, 0x8c, 0x8c, 0x93, 0x93, 0x8c, 0x86, 0x86, 0x86,
    0x83, 0x83, 0x81, 0x83, 0x83, 0x86, 0x8c, 0x93, 0x95, 0x95, 0x95, 0x95, 0x97, 0x8b, 0x8c, 0x86,
    0x86, 0x86, 0x86, 0x86, 0x86, 0x86, 0x86, 0x83, 0x86, 0x86, 0x8c, 0x8b, 0x86, 0x8b, 0x86, 0x8b,
    0x8b, 0x93, 0x97, 0x97, 0x9b, 0x9e, 0x9b, 0x97, 0x97, 0x97, 0x95, 0x95, 0x9e, 0x95, 0x93, 0x8c,
    0x8c, 0x8c, 0x8c, 0x8c, 0x95, 0x93, 0x95, 0x95, 0x97, 0x95, 0x97, 0x9b, 0x9b, 0x9b, 0x9e, 0x9e,
    0x9e, 0x9e, 0xa3, 0x9e, 0x9f, 0x9f, 0xa3, 0xa3, 0xac, 0xaf, 0xaf, 0xb2, 0xaf, 0xac, 0x9f, 0x9f,
    0x9e, 0x9e, 0x9e, 0x9b, 0x95, 0x9b, 0x9f, 0x9f, 0x9f, 0xa6, 0xa6, 0xa9, 0xa6, 0xac, 0xac, 0xa9,
    0xa9, 0xa3, 0xa3, 0xa6, 0xac, 0xa6, 0xa1, 0x9e, 0x9e, 0x9c, 0x9c, 0x9f, 0xa3, 0xa6, 0xa6, 0xa6,
    0xa6, 0x9f, 0x9f, 0xa6, 0x9f, 0x9f, 0xa3, 0x9c, 0x9f, 0x9f, 0xa6, 0xa6, 0xa6, 0xa7, 0xa7, 0xa7,
    0xa7, 0xa7, 0xae, 0xa7, 0xa7, 0xa7, 0xa7, 0xa6, 0x9c, 0x9c, 0xa2, 0xa2, 0xa2, 0xa2, 0x9c, 0x9c,
    0x9c, 0xa2, 0x9c, 0x99, 0x99, 0x99, 0x99, 0x92, 0x92, 0x92, 0x92, 0x99, 0x9c, 0x9c, 0x99, 0x99,
    0x99, 0x99, 0x9c, 0x9c, 0x9c, 0x9c, 0x99, 0x99, 0x99, 0x99, 0x99, 0x99, 0x9c, 0x9c, 0x9c, 0x99,
    0x99, 0x99, 0x95, 0x95, 0x99, 0x9c, 0x9c, 0x95, 0x92, 0x92, 0x95, 0x92, 0x92, 0x92, 0x8b, 0x92,
    0x8b, 0x8b, 0x86, 0x8b, 0x8b, 0x8b, 0x86, 0x8b, 0x8b, 0x8b, 0x8b, 0x8b, 0x92, 0x95, 0x95, 0x95,
    0x86, 0x83, 0x83, 0x86, 0x83, 0x83, 0x86, 0x86, 0x83, 0x81, 0x81, 0x81, 0x81, 0x83, 0x83, 0x83,
    0x81, 0x83, 0x86, 0x86, 0x86, 0x86, 0x86, 0x86, 0x86, 0x86, 0x83, 0x83, 0x86, 0x88, 0x83, 0x83,
    0x83, 0x83, 0x80, 0x83, 0x83, 0x83, 0x88, 0x88, 0x88, 0x8c, 0x8c, 0x93, 0x8c, 0x86, 0x86, 0x86,
    0x86, 0x83, 0x83, 0x83, 0x83, 0x86, 0x86, 0x93, 0x95, 0x97, 0x97, 0x97, 0x97, 0x95, 0x8b, 0x8c,
    0x8c, 0x88, 0x86, 0x86, 0x86, 0x83, 0x83, 0x83, 0x83, 0x86, 0x88, 0x88, 0x86, 0x88, 0x86, 0x86,
    0x86, 0x8b, 0x95, 0x97, 0x9b, 0x9f, 0x9e, 0x9b, 0x97, 0x95, 0x95, 0x95, 0x9e, 0x9b, 0x9b, 0x95,
    0x93, 0x8c, 0x8c, 0x86, 0x8c, 0x93, 0x93, 0x93, 0x93, 0x93, 0x93, 0x95, 0x97, 0x97, 0x97, 0x9b,
    0x9b, 0x9b, 0x9b, 0x9f, 0xa3, 0x9f, 0xa3, 0x9e, 0x9f, 0xa6, 0xac, 0xaf, 0xac, 0xa3, 0x9f, 0x9e,
    0x9e, 0x9e, 0x9b, 0x9b, 0x99, 0x9b, 0x9e, 0x9f, 0xa3, 0xa3, 0xa3, 0xa6, 0xac, 0xaf, 0xac, 0xac,
    0xac, 0xac, 0xa9, 0xa6, 0xa6, 0xa3, 0x9e, 0x99, 0x9e, 0x9e, 0x9c, 0xa3, 0xac, 0xac, 0xa6, 0xa6,
    0xa6, 0x9f, 0xa6, 0xa6, 0xa6, 0xa6, 0xa6, 0xa6, 0xa6, 0xa6, 0xa6, 0xa2, 0xa6, 0xa7, 0xa7, 0xa7,
    0xa7, 0xa7, 0xa7, 0xa7, 0xa7, 0xa7, 0xa7, 0xa7, 0xa6, 0xa2, 0xa2, 0xa2, 0xa2, 0x9c, 0x9c, 0x9c,
    0x9c, 0x9c, 0x9c, 0x9c, 0x9c, 0x9c, 0x99, 0x99, 0x92, 0xf6, 0x92, 0x99, 0x9c, 0x9c, 0x9c, 0x99,
    0x9c, 0x99, 0x99, 0x99, 0x99, 0x99, 0x95, 0x99, 0x99, 0x99, 0x99, 0x99, 0x99, 0x99, 0x99, 0x99,
    0x99, 0x99, 0x9c, 0x9c, 0x92, 0x14, 0x23, 0x86, 0x99, 0x86, 0x23, 0x23, 0x8b, 0x99, 0x8b, 0x8b,
    0x8b, 0x8b, 0x8b, 0x8b, 0x8b, 0x8b, 0x8b, 0x8b, 0x8b, 0x8b, 0x8b, 0x8b, 0x92, 0x95, 0x95, 0x95,
    0x81, 0x83, 0x83, 0x83, 0x83, 0x83, 0x83, 0x83, 0x81, 0x81, 0x81, 0x81, 0x80, 0x80, 0x80, 0x80,
    0x80, 0x80, 0x81, 0x83, 0x86, 0x86, 0x86, 0x88, 0x88, 0x88, 0x83, 0x83, 0x83, 0x83, 0x83, 0x83,
    0x83, 0x83, 0x80, 0xf0, 0x83, 0x83, 0x86, 0x86, 0x86, 0x88, 0x86, 0x8c, 0x86, 0x88, 0x86, 0x88,
    0x86, 0x86, 0x83, 0x83, 0x83, 0x83, 0x86, 0x8c, 0x93, 0x95, 0x97, 0x9b, 0x9b, 0x97, 0x93, 0x86,
    0x8c, 0x86, 0x8c, 0x8c, 0x86, 0x83, 0x83, 0x86, 0x83, 0x83, 0x83, 0x88, 0x86, 0x86, 0x86, 0x86,
    0x86, 0x86, 0x92, 0x93, 0x97, 0x97, 0x97, 0x97, 0x95, 0x93, 0x95, 0x95, 0x95, 0x95, 0x95, 0x93,
    0x93, 0x93, 0x8b, 0x8c, 0x8c, 0x93, 0x95, 0x95, 0x93, 0x95, 0x93, 0x93, 0x93, 0x95, 0x97, 0x9b,
    0x9b, 0x9b, 0x9e, 0x9e, 0x9f, 0x9e, 0x9e, 0x9b, 0x9b, 0x99, 0x9e, 0x9f, 0xa1, 0xa1, 0x9e, 0x9e,
    0x9e, 0x9e, 0x9b, 0x9b, 0x9b, 0x9b, 0x9e, 0x9e, 0x9f, 0xa3, 0xac, 0xac, 0xac, 0xac, 0xac, 0xac,
    0xaf, 0xaf, 0xac, 0xac, 0xa3, 0x9f, 0x9f, 0x99, 0x9e, 0x9e, 0x9e, 0x9f, 0xac, 0xaf, 0xac, 0xa6,
    0xa6, 0xa6, 0xa6, 0xa6, 0xa6, 0xa6, 0xa6, 0xa6, 0xa6, 0xa7, 0xa6, 0xa6, 0xa6, 0xa6, 0xa7, 0xa6,
    0xa6, 0xa2, 0xa6, 0xa7, 0xa6, 0xa6, 0xa6, 0xa7, 0xa6, 0xa2, 0xa2, 0xa2, 0x9f, 0x9c, 0x9c, 0x9c,
    0x9c, 0x9c, 0x9f, 0x9f, 0x9f, 0xa2, 0x9c, 0x9c, 0x9c, 0x99, 0x99, 0x99, 0x99, 0x99, 0x99, 0x9c,
    0x99, 0x99, 0x99, 0x99, 0x99, 0x99, 0x92, 0x95, 0x95, 0x99, 0x99, 0x99, 0x99, 0x99, 0x99, 0x99,
    0x95, 0xa2, 0x86, 0x1a, 0x29, 0x65, 0x29, 0x65, 0x75, 0x8e, 0x94, 0x7f, 0x0d, 0x5f, 0x99, 0x8b,
    0x8b, 0x8b, 0x8b, 0x8b, 0x86, 0x86, 0x86, 0x8b, 0x8b, 0x8b, 0x8b, 0x8b, 0x92, 0x93, 0x95, 0x95,
    0x83, 0x83, 0x83, 0x83, 0x86, 0x83, 0x83, 0x81, 0x81, 0x80, 0x81, 0x81, 0x81, 0x80, 0xf0, 0x80,
    0x81, 0x80, 0x80, 0x83, 0x83, 0x83, 0x83, 0x83, 0x86, 0x86, 0x83, 0x81, 0x83, 0x83, 0x83, 0x83,
    0x80, 0x80, 0x80, 0x80, 0x80, 0x83, 0x83, 0x83, 0x86, 0x86, 0x88, 0x86, 0x86, 0x8c, 0x86, 0x86,
    0x86, 0x86, 0x86, 0x86, 0x86, 0x83, 0x83, 0x86, 0x86, 0x93, 0x95, 0x97, 0x9b, 0x95, 0x93, 0x86,
    0x8c, 0x8c, 0x8b, 0x8b, 0x86, 0x86, 0x83, 0x83, 0x83, 0x83, 0x88, 0x86, 0x8c, 0x8c, 0x8b, 0x86,
    0x83, 0x86, 0x86, 0x86, 0x93, 0x93, 0x93, 0x95, 0x93, 0x93, 0x93, 0x93, 0x86, 0x86, 0x8c, 0x8c,
    0x8c, 0x8b, 0x8c, 0x8c, 0x8c, 0x8c, 0x8c, 0x95, 0x95, 0x93, 0x97, 0x95, 0x93, 0x93, 0x95, 0x9b,
    0x9e, 0x9e, 0x9e, 0x9e, 0x9b, 0x9b, 0x9b, 0x97, 0x97, 0x97, 0x99, 0x97, 0x9b, 0x9b, 0x9e, 0xa3,
    0xa3, 0x9f, 0x9e, 0x9b, 0x9b, 0x97, 0x9b, 0x99, 0x9f, 0xa6, 0xac, 0xaf, 0xaf, 0xa9, 0xa9, 0xa9,
    0xac, 0xac, 0xac, 0xac, 0xac, 0xa3, 0x9f, 0x9e, 0x9b, 0x9b, 0x9b, 0x9b, 0xa9, 0xac, 0xac, 0xa6,
    0xa6, 0xa6, 0x9f, 0x9f, 0x9f, 0xa3, 0xa6, 0xa6, 0x9f, 0xa6, 0xa7, 0xa6, 0xa6, 0xa2, 0xa6, 0xa2,
    0xa2, 0xa2, 0xa2, 0xa2, 0xa2, 0x9c, 0xa2, 0xa6, 0xa6, 0xa2, 0xa2, 0xa2, 0xa2, 0xa2, 0xa2, 0x9c,
    0x9c, 0x9c, 0x9c, 0x9f, 0xa2, 0x9f, 0x9f, 0x9c, 0x99, 0x99, 0x99, 0x99, 0x99, 0x99, 0x99, 0x99,
    0x99, 0x99, 0x99, 0x99, 0x99, 0x99, 0x99, 0x95, 0x99, 0x99, 0x99, 0x99, 0x99, 0x99, 0x99, 0x99,
    0xa6, 0x17, 0x5f, 0x94, 0x9d, 0x8e, 0x8e, 0x2f, 0x7f, 0x94, 0x8a, 0x6f, 0x6c, 0x0e, 0x1a, 0xa2,
    0x92, 0x8b, 0x8b, 0x8b, 0x86, 0x86, 0x8b, 0x8b, 0x8b, 0x8b, 0x8b, 0x92, 0x92, 0x95, 0x9c, 0x9f,
    0x83, 0x83, 0x83, 0x83, 0x83, 0x83, 0x80, 0x83, 0x80, 0x83, 0x81, 0x80, 0x80, 0x80, 0x80, 0x80,
    0x80, 0x80, 0x80, 0x81, 0x80, 0x83, 0x83, 0x83, 0x83, 0x86, 0x83, 0x83, 0x83, 0x80, 0x80, 0x80,
    0x80, 0x80, 0x80, 0x80, 0xf0, 0x80, 0x80, 0x83, 0x83, 0x86, 0x86, 0x86, 0x86, 0x8c, 0x8c, 0x86,
    0x8c, 0x86, 0x86, 0x86, 0x86, 0x86, 0x86, 0x86, 0x86, 0x8b, 0x93, 0x95, 0x97, 0x97, 0x95, 0x88,
    0x86, 0x8c, 0x86, 0x86, 0x86, 0x86, 0x83, 0x83, 0x83, 0x83, 0x83, 0x86, 0x86, 0x86, 0x8b, 0x8c,
    0x86, 0x86, 0x83, 0x86, 0x8c, 0x93, 0x8b, 0x93, 0x95, 0x93, 0x95, 0x8b, 0x8c, 0x88, 0x88, 0x88,
    0x88, 0x86, 0x86, 0x88, 0x88, 0x86, 0x86, 0x8c, 0x93, 0x95, 0x93, 0x97, 0x95, 0x8c, 0x93, 0x97,
    0x9b, 0x9e, 0x9e, 0x9e, 0x9b, 0x9b, 0x9b, 0x97, 0x97, 0x97, 0x97, 0x97, 0x95, 0x97, 0x9e, 0x9f,
    0xa1, 0xa1, 0x9e, 0x9e, 0x9b, 0x93, 0x95, 0x97, 0x9b, 0xa1, 0xac, 0xaf, 0xb4, 0xac, 0xa9, 0xa9,
    0xac, 0xac, 0xac, 0xac, 0xac, 0xac, 0xac, 0x9f, 0x9f, 0x9b, 0x9e, 0xa1, 0xa3, 0xa9, 0xa9, 0xa3,
    0x9f, 0xa6, 0xa6, 0x9f, 0x9c, 0x99, 0x9f, 0x9f, 0xa6, 0xa2, 0xa6, 0xa6, 0xa7, 0xa6, 0xa6, 0xa2,
    0xa2, 0xa6, 0xa2, 0xa2, 0x9c, 0x9f, 0x9f, 0x9c, 0xa2, 0xa2, 0xa6, 0x9c, 0x9c, 0x9c, 0x9c, 0x9c,
    0x9c, 0x99, 0x9c, 0x9c, 0x9f, 0xa6, 0x9f, 0x99, 0x95, 0x99, 0x99, 0x95, 0x99, 0x99, 0x9c, 0x9c,
    0x9c, 0x9c, 0x9c, 0x99, 0x99, 0x9c, 0x99, 0x99, 0x99, 0x99, 0x99, 0x99, 0x99, 0x99, 0x99, 0x9c,
    0x12, 0x6c, 0x75, 0x94, 0x94, 0x8e, 0x77, 0x77, 0x94, 0x98, 0x94, 0x87, 0x5f, 0x1a, 0x06, 0x0b,
    0x6e, 0x92, 0x99, 0x99, 0x92, 0x92, 0x8b, 0x92, 0x95, 0x92, 0x92, 0x92, 0x9c, 0x80, 0x16, 0x0e,
    0x83, 0x83, 0x83, 0x83, 0x83, 0x80, 0x80, 0x81, 0x80, 0x80, 0x80, 0x80, 0x7c, 0xf0, 0x80, 0x80,
    0x80, 0x80, 0x81, 0x80, 0x80, 0x80, 0x81, 0x83, 0x83, 0x83, 0x83, 0x83, 0x81, 0x80, 0x80, 0x7c,
    0xf0, 0xf0, 0x80, 0x80, 0x80, 0x80, 0x80, 0x80, 0x83, 0x83, 0x86, 0x86, 0x86, 0x8c, 0x8c, 0x8c,
    0x8c, 0x86, 0x86, 0x86, 0x86, 0x8c, 0x86, 0x8c, 0x8c, 0x8c, 0x8b, 0x95, 0x97, 0x97, 0x8b, 0x86,
    0x86, 0x8c, 0x86, 0x86, 0x86, 0x86, 0x83, 0x83, 0x83, 0x83, 0x86, 0x86, 0x86, 0x86, 0x8b, 0x92,
    0x8b, 0x86, 0x83, 0x83, 0x88, 0x93, 0x92, 0x8b, 0x8b, 0x8b, 0x8c, 0x8c, 0x8b, 0x83, 0x83, 0x83,
    0x83, 0x86, 0x86, 0x88, 0x88, 0x86, 0x8c, 0x8c, 0x93, 0x93, 0x95, 0x97, 0x97, 0x97, 0x97, 0x9b,
    0x9b, 0x9e, 0x9e, 0x9b, 0x9b, 0x97, 0x97, 0x95, 0x95, 0x95, 0x97, 0x95, 0x97, 0x9b, 0x9e, 0x9e,
    0x9e, 0x9e, 0x9e, 0x9f, 0x9e, 0x97, 0x97, 0x9b, 0x9b, 0x9f, 0xac, 0xaf, 0xb2, 0xaf, 0xac, 0xa9,
    0xa9, 0xa3, 0xa9, 0xa9, 0xac, 0xac, 0xac, 0xac, 0xa9, 0x9f, 0x9f, 0xa1, 0xa3, 0x9f, 0x9f, 0x9c,
    0x9c, 0x9f, 0xa6, 0xa6, 0x9f, 0x9c, 0x99, 0x9c, 0x9f, 0x9f, 0xa2, 0xa6, 0xa6, 0xa7, 0xa2, 0xa2,
    0xa2, 0xa2, 0xa2, 0xa2, 0x9c, 0x9c, 0x9c, 0xa2, 0xa2, 0xa2, 0x9c, 0x9c, 0x9c, 0x9c, 0x9f, 0x9f,
    0x9c, 0x9c, 0x9c, 0x9c, 0x9f, 0xa6, 0xa6, 0x9f, 0x9c, 0x99, 0x99, 0x99, 0x9c, 0x9c, 0x9c, 0x9c,
    0x9c, 0x9c, 0x9c, 0x9c, 0x99, 0x99, 0x99, 0x99, 0x99, 0x99, 0x99, 0x99, 0x99, 0x99, 0x9f, 0x1a,
    0x14, 0x1a, 0x2f, 0x9d, 0x94, 0x98, 0x98, 0x87, 0x71, 0x77, 0x77, 0x8e, 0x94, 0x87, 0x65, 0x29,
    0x1c, 0x13, 0x13, 0x0d, 0x64, 0x86, 0x31, 0x2c, 0x36, 0x27, 0x95, 0x80, 0x1c, 0x2c, 0xc9, 0xcc,
    0xf0, 0x80, 0x81, 0x80, 0x80, 0x80, 0x80, 0xf0, 0x7d, 0x7c, 0x7d, 0x7d, 0x7d, 0x7d, 0x7d, 0x81,
    0x80, 0x80, 0x80, 0x80, 0x80, 0x80, 0x80, 0x80, 0x80, 0x80, 0x80, 0x80, 0x80, 0x7c, 0x80, 0x80,
    0x80, 0x80, 0x80, 0x80, 0x80, 0x80, 0x80, 0x81, 0x81, 0x83, 0x83, 0x83, 0x83, 0x86, 0x86, 0x86,
    0x86, 0x86, 0x86, 0x86, 0x86, 0x86, 0x86, 0x86, 0x86, 0x86, 0x86, 0x8b, 0x92, 0x95, 0x86, 0x86,
    0x86, 0x86, 0x86, 0x86, 0x83, 0x83, 0x81, 0x81, 0x81, 0x83, 0x83, 0x86, 0x83, 0x86, 0x86, 0x86,
    0x8b, 0x8b, 0x83, 0x83, 0x86, 0x8b, 0x93, 0x8b, 0x8b, 0x8b, 0x8c, 0x8b, 0x95, 0x8c, 0x86, 0x86,
    0x83, 0x86, 0x86, 0x86, 0x86, 0x8c, 0x8c, 0x93, 0x95, 0x95, 0x93, 0x95, 0x97, 0x97, 0x9b, 0x9b,
    0x9b, 0x9b, 0x9b, 0x9b, 0x9b, 0x97, 0x93, 0x93, 0x93, 0x93, 0x97, 0x97, 0x97, 0x9b, 0x9e, 0x9b,
    0x97, 0x9b, 0x9b, 0x9e, 0x9f, 0x9b, 0x9b, 0x9b, 0x9b, 0x9e, 0x9f, 0xac, 0xaf, 0xaf, 0xac, 0xa9,
    0xa6, 0xa6, 0xa9, 0xa9, 0xa3, 0xa9, 0xa9, 0xac, 0xac, 0xa6, 0x9f, 0x9f, 0x9f, 0x9c, 0x9c, 0x9c,
    0x9b, 0x99, 0x9f, 0xa6, 0xa6, 0xa6, 0x9c, 0x99, 0x9c, 0x9f, 0x9f, 0x9f, 0xa2, 0xa6, 0xa6, 0xa2,
    0xa2, 0xa2, 0xa2, 0xa2, 0xa2, 0x9c, 0x9c, 0xa2, 0xa2, 0xa2, 0x9c, 0x9c, 0xa2, 0x9c, 0xa2, 0x9c,
    0x9c, 0x9c, 0x9c, 0x9c, 0x9c, 0x9f, 0xa6, 0xa6, 0x9f, 0x99, 0x99, 0x99, 0x99, 0x9c, 0x9c, 0x9c,
    0x9c, 0x9c, 0x9c, 0x9c, 0x9c, 0x9c, 0x99, 0x99, 0x9c, 0x99, 0x99, 0x99, 0x99, 0x9c, 0x9f, 0x0e,
    0x75, 0x98, 0x98, 0x94, 0x94, 0x8e, 0x90, 0x7f, 0x8e, 0x75, 0x75, 0x75, 0x7f, 0x7f, 0x6f, 0x28,
    0x82, 0x8e, 0x8e, 0x82, 0x6c, 0x1c, 0xc6, 0xcb, 0x23, 0x18, 0x1c, 0x2d, 0xcb, 0x45, 0xc2, 0xc9,
    0x7d, 0x7d, 0x80, 0x80, 0x80, 0x7c, 0xf0, 0x7d, 0x7d, 0x7c, 0x7c, 0x7d, 0x7d, 0x7d, 0x7d, 0x7d,
    0x7c, 0x7c, 0x80, 0xf0, 0x80, 0x80, 0x80, 0x80, 0x80, 0x80, 0x80, 0x7c, 0x80, 0x80, 0x80, 0x80,
    0x80, 0x80, 0xf0, 0xf0, 0x80, 0x80, 0x81, 0x81, 0x81, 0x81, 0x83, 0x83, 0x83, 0x83, 0x86, 0x86,
    0x86, 0x86, 0x86, 0x83, 0x83, 0x83, 0x86, 0x86, 0x86, 0x83, 0x81, 0x83, 0x86, 0x86, 0x86, 0x86,
    0x86, 0x86, 0x86, 0x86, 0x83, 0x83, 0x83, 0x81, 0xf0, 0xf0, 0x81, 0x86, 0x86, 0x86, 0x86, 0x92,
    0x92, 0x8b, 0x8b, 0x86, 0x86, 0x8b, 0x95, 0x93, 0x93, 0x95, 0x95, 0x93, 0x8b, 0x8b, 0x86, 0x86,
    0x86, 0x86, 0x86, 0x86, 0x8c, 0x8b, 0x8c, 0x8c, 0x92, 0x93, 0x8c, 0x93, 0x93, 0x97, 0x97, 0x9b,
    0x9b, 0x9b, 0x9e, 0xa1, 0x9e, 0x9b, 0x97, 0x97, 0x95, 0x95, 0x97, 0x99, 0x99, 0x97, 0x97, 0x97,
    0x97, 0x97, 0x97, 0x9b, 0x9b, 0x9e, 0x97, 0x97, 0x9b, 0x95, 0x99, 0xa6, 0xac, 0xac, 0xac, 0xa9,
    0xa9, 0xa9, 0xa3, 0xa3, 0xa3, 0xa3, 0xac, 0xac, 0xac, 0xac, 0xa3, 0x9f, 0x9c, 0x9c, 0x9c, 0x9c,
    0x9b, 0x99, 0x99, 0x9c, 0xa6, 0xa6, 0xa2, 0x9f, 0x99, 0x99, 0x9c, 0x9f, 0x9c, 0xa2, 0xa2, 0xa2,
    0xa2, 0xa2, 0xa2, 0xa6, 0xa2, 0xa2, 0xa2, 0xa2, 0xa2, 0xa7, 0xa6, 0xa2, 0x9f, 0xa2, 0x9c, 0x9c,
    0x9c, 0x9c, 0x9c, 0x9c, 0x9c, 0x9c, 0x9c, 0xa2, 0xa6, 0x9f, 0x99, 0x92, 0x92, 0x99, 0x9c, 0x9c,
    0x9c, 0x9f, 0x9c, 0x9f, 0x9f, 0x9c, 0x9c, 0x9f, 0x9c, 0x9f, 0x9f, 0x9f, 0x9f, 0x9f, 0x1c, 0x68,
    0x6c, 0x98, 0x94, 0x94, 0x94, 0x94, 0x87, 0x8e, 0x87, 0x87, 0x8e, 0x8e, 0x7f, 0x75, 0x75, 0x6f,
    0x6f, 0x6c, 0x68, 0x75, 0x20, 0xb8, 0xcc, 0xcc, 0xc9, 0x06, 0x14, 0x26, 0x24, 0x18, 0xa8, 0xc2,
    0x7d, 0x7d, 0x7c, 0xf0, 0x7d, 0x7c, 0x7d, 0x7d, 0x7d, 0x7d, 0x79, 0x7c, 0x7c, 0x78, 0x78, 0x79,
    0x79, 0x7c, 0x7c, 0x7c, 0x7c, 0x7c, 0x7c, 0x7c, 0x7c, 0x79, 0x79, 0x79, 0x7c, 0x7c, 0x7d, 0x7c,
    0x7c, 0x7d, 0x78, 0x78, 0x78, 0x7d, 0x7d, 0x7d, 0x7d, 0x7d, 0x7d, 0x7d, 0xf0, 0xf0, 0x81, 0x83,
    0x83, 0x83, 0x83, 0x81, 0x81, 0x81, 0x81, 0x83, 0x83, 0x83, 0x83, 0x83, 0x86, 0x86, 0x8b, 0x86,
    0x86, 0x8b, 0x86, 0x86, 0x86, 0x86, 0x83, 0x86, 0x83, 0x81, 0xf0, 0x83, 0x86, 0x8c, 0x93, 0x8c,
    0x8c, 0x8c, 0x86, 0x86, 0x86, 0x86, 0x86, 0x93, 0x95, 0x97, 0x95, 0x95, 0x93, 0x8b, 0x86, 0x86,
    0x86, 0x86, 0x86, 0x86, 0x86, 0x86, 0x86, 0x86, 0x8b, 0x8b, 0x86, 0x86, 0x8b, 0x95, 0x95, 0x97,
    0x9b, 0x9b, 0x9f, 0xa3, 0xa3, 0xa3, 0x9b, 0x97, 0x97, 0x95, 0x93, 0x95, 0x95, 0x95, 0x93, 0x93,
    0x95, 0x97, 0x9b, 0x9b, 0x97, 0x95, 0x95, 0x95, 0x95, 0x93, 0x95, 0x9b, 0xac, 0xac, 0xac, 0xa9,
    0xa3, 0xa9, 0xa9, 0xa9, 0xa3, 0xa3, 0xa3, 0xa3, 0xa6, 0xa3, 0x9f, 0x9f, 0x9c, 0x9b, 0x9c, 0x9c,
    0x9b, 0x99, 0x99, 0x99, 0x9c, 0xa2, 0xa2, 0xa2, 0xa2, 0xa6, 0xa2, 0xa2, 0xa2, 0xa2, 0xa6, 0xa6,
    0xa2, 0xa6, 0xa6, 0xa7, 0xa6, 0xa7, 0xa6, 0xa6, 0xa6, 0xa2, 0xa2, 0xa2, 0x9c, 0x9c, 0x9c, 0x9c,
    0x9c, 0x9f, 0x9f, 0x9f, 0x9f, 0x9c, 0x9f, 0xa6, 0xa6, 0xa6, 0xa6, 0x9f, 0x9c, 0x9f, 0x9f, 0xa3,
    0xa6, 0xa6, 0x9f, 0xa3, 0x9f, 0x9f, 0x9f, 0x9f, 0x9f, 0x9f, 0xa6, 0xa6, 0x95, 0x1a, 0x75, 0x60,
    0x77, 0x94, 0x8e, 0x87, 0x8e, 0x94, 0x94, 0x9d, 0x8e, 0x94, 0x8e, 0x8e, 0x87, 0x20, 0x68, 0x77,
    0x6c, 0x75, 0x6c, 0x68, 0x2c, 0xce, 0xc9, 0xc6, 0xcc, 0xc9, 0x1e, 0x16, 0x0e, 0x0b, 0x12, 0x1d,
    0x7c, 0x7c, 0x7c, 0x7c, 0x7d, 0xf0, 0x7d, 0x7c, 0x7c, 0x7c, 0x79, 0x79, 0x79, 0x74, 0x79, 0x79,
    0x74, 0x79, 0x7c, 0x7c, 0x7c, 0x7c, 0x79, 0x79, 0x79, 0x79, 0x74, 0x74, 0x79, 0x7c, 0x7c, 0x7c,
    0x7c, 0x7c, 0x7d, 0x7d, 0x78, 0x78, 0x78, 0x78, 0x7d, 0x7d, 0xf0, 0xf0, 0xf0, 0xf0, 0x81, 0x83,
    0x83, 0x86, 0x83, 0x86, 0x81, 0x81, 0x81, 0x83, 0x83, 0x81, 0x83, 0x83, 0x86, 0x86, 0x8b, 0x8b,
    0x8b, 0x8b, 0x8b, 0x86, 0x86, 0x88, 0x86, 0x86, 0x86, 0x81, 0xf0, 0xf0, 0x83, 0x8c, 0x8b, 0x8c,
    0x8c, 0x8c, 0x8c, 0x86, 0x86, 0x86, 0x8c, 0x93, 0x9b, 0x97, 0x97, 0x93, 0x95, 0x93, 0x86, 0x86,
    0x83, 0x86, 0x86, 0x86, 0x86, 0x86, 0x83, 0x86, 0x86, 0x86, 0x86, 0x86, 0x86, 0x8c, 0x93, 0x97,
    0x9b, 0x9b, 0xa6, 0xac, 0xaf, 0xaf, 0xa6, 0x9c, 0x97, 0x97, 0x95, 0x97, 0x97, 0x97, 0x95, 0x99,
    0x9e, 0x9f, 0xa3, 0xa3, 0x9e, 0x9b, 0x95, 0x95, 0x95, 0x9b, 0x99, 0x9b, 0x9f, 0xa3, 0xa6, 0xa3,
    0xa3, 0xa3, 0xa3, 0xa6, 0xa3, 0xa3, 0xa3, 0xa1, 0xa3, 0x9f, 0x9f, 0x9e, 0x9b, 0x99, 0x99, 0x99,
    0x99, 0x99, 0x99, 0x99, 0x99, 0x9c, 0x9f, 0xa2, 0xa7, 0xa7, 0xa2, 0xa6, 0xa6, 0xa6, 0xa6, 0xa6,
    0xa6, 0xa6, 0xa6, 0xa6, 0xa6, 0xa6, 0xa6, 0xa6, 0xa6, 0xa6, 0xa2, 0xa2, 0x9c, 0x99, 0x99, 0x9c,
    0x9c, 0x9f, 0x9f, 0x9f, 0xa6, 0x9f, 0x9f, 0xa6, 0xa6, 0xa6, 0xa6, 0xa6, 0xa6, 0xa6, 0xa6, 0xa4,
    0xa4, 0xac, 0xa4, 0xac, 0xac, 0xae, 0xae, 0xae, 0xae, 0x9c, 0x79, 0x23, 0x0b, 0x5f, 0x68, 0x77,
    0x94, 0x87, 0x87, 0x87, 0x7f, 0x77, 0x94, 0x28, 0x19, 0x13, 0x1c, 0x8e, 0x77, 0x77, 0x7f, 0x0e,
    0x0e, 0x04, 0x68, 0x16, 0xc2, 0xc9, 0xbe, 0xc5, 0xc9, 0xc9, 0xcc, 0x38, 0xc9, 0x27, 0x5f, 0x0b,
    0x7c, 0x79, 0x79, 0x79, 0x79, 0x79, 0x7d, 0x7d, 0x79, 0x79, 0x79, 0x74, 0x74, 0x74, 0x74, 0x79,
    0x79, 0x79, 0x7c, 0x7c, 0x7c, 0x7c, 0x7c, 0x7c, 0x79, 0x7d, 0x79, 0x79, 0x78, 0x7c, 0x7d, 0xf0,
    0xf0, 0x7d, 0x7d, 0x7d, 0x7d, 0x7d, 0x78, 0x78, 0x78, 0x7d, 0x7d, 0xf0, 0x81, 0x81, 0x81, 0x83,
    0x83, 0x83, 0x83, 0x83, 0x83, 0x83, 0x83, 0x81, 0x83, 0x83, 0x83, 0x86, 0x83, 0x86, 0x86, 0x86,
    0x8b, 0x86, 0x8b, 0x8b, 0x86, 0x86, 0x8b, 0x86, 0x8c, 0x86, 0x83, 0x83, 0x83, 0x86, 0x93, 0x93,
    0x93, 0x8c, 0x8c, 0x8c, 0x86, 0x86, 0x86, 0x93, 0x9b, 0x9e, 0x9b, 0x9b, 0x95, 0x95, 0x86, 0x83,
    0x83, 0x83, 0x86, 0x86, 0x86, 0x83, 0x83, 0x86, 0x86, 0x86, 0x86, 0x86, 0x86, 0x86, 0x8b, 0x95,
    0x97, 0x9b, 0xa3, 0xac, 0xaf, 0xb4, 0xaf, 0xa3, 0x9f, 0x9e, 0x99, 0x99, 0x9c, 0x9f, 0x9f, 0x9f,
    0xa3, 0xac, 0xa9, 0xac, 0xa9, 0x9e, 0x95, 0x95, 0x97, 0x97, 0x9b, 0x9b, 0x99, 0x99, 0x9f, 0x9f,
    0x9f, 0x9f, 0x9f, 0x9f, 0xa3, 0xa3, 0xa3, 0xa1, 0xa3, 0x9f, 0x9f, 0x9f, 0x9b, 0x99, 0x95, 0x95,
    0x95, 0x95, 0x95, 0x99, 0x95, 0x99, 0x9c, 0xa2, 0xa6, 0xa6, 0xa6, 0xa7, 0xa7, 0xa7, 0xa2, 0xa6,
    0xa6, 0xa6, 0x9f, 0xa6, 0xa6, 0xa2, 0xa6, 0xa6, 0xa2, 0xa2, 0xa2, 0xa2, 0x9c, 0x99, 0x99, 0x9c,
    0x9c, 0x9f, 0xa6, 0xa6, 0xa6, 0xa6, 0x9f, 0xae, 0xae, 0xae, 0xb4, 0xaf, 0xaf, 0xac, 0xaf, 0xac,
    0xa4, 0xac, 0xa8, 0xb4, 0x9e, 0x31, 0x27, 0x23, 0x12, 0x0f, 0x20, 0x20, 0x68, 0x65, 0x75, 0x8e,
    0x98, 0x94, 0x8e, 0x7f, 0x77, 0x77, 0x21, 0x42, 0xc9, 0x4e, 0x15, 0x0b, 0x18, 0x1f, 0x11, 0x40,
    0x2a, 0x0b, 0x08, 0xa8, 0xb0, 0xb8, 0xc2, 0xc9, 0xc6, 0xc6, 0xc9, 0x42, 0xcb, 0x40, 0xa1, 0xbe,
    0x79, 0x79, 0x79, 0x79, 0x7c, 0x7c, 0x7d, 0x7d, 0x7c, 0x74, 0x74, 0x74, 0x74, 0x79, 0x79, 0x79,
    0x78, 0x79, 0x79, 0x79, 0x79, 0x79, 0x7c, 0x7c, 0x7c, 0x7c, 0x79, 0x78, 0x79, 0x79, 0x7c, 0x7d,
    0x7d, 0x7c, 0x7d, 0x78, 0x78, 0x78, 0x78, 0x78, 0x78, 0x78, 0xf0, 0xf0, 0x81, 0x81, 0x83, 0x86,
    0x84, 0x86, 0x83, 0x81, 0x83, 0x81, 0x83, 0x83, 0x83, 0x86, 0x86, 0x86, 0x86, 0x86, 0x86, 0x8b,
    0x8b, 0x86, 0x86, 0x86, 0x86, 0x86, 0x86, 0x86, 0x86, 0x8b, 0x8b, 0x86, 0x86, 0x8b, 0x93, 0x95,
    0x95, 0x86, 0x8b, 0x8c, 0x86, 0x86, 0x88, 0x8b, 0x95, 0x9e, 0x9f, 0x9f, 0x9b, 0x95, 0x8b, 0x83,
    0x83, 0x83, 0x86, 0x86, 0x86, 0x83, 0x83, 0x86, 0x86, 0x86, 0x8b, 0x86, 0x86, 0x86, 0x86, 0x8b,
    0x95, 0x97, 0x9b, 0x99, 0x9f, 0xac, 0xac, 0xa6, 0xa3, 0x9f, 0x9c, 0x9f, 0x9f, 0xa3, 0xac, 0xac,
    0xac, 0xac, 0xac, 0xac, 0xa9, 0x9e, 0x97, 0x93, 0x95, 0x97, 0x97, 0x97, 0x9b, 0x9b, 0x9b, 0x9f,
    0xa3, 0x9f, 0xa3, 0xa3, 0xa3, 0xa3, 0xa6, 0xa3, 0xa3, 0xa3, 0x9f, 0x9e, 0x9b, 0x99, 0x95, 0x95,
    0x99, 0x95, 0x95, 0x99, 0x99, 0x99, 0x99, 0x9c, 0x9f, 0xa6, 0xa7, 0xae, 0xa7, 0xa7, 0xa2, 0xa2,
    0xa6, 0xa6, 0xa2, 0xa2, 0xa2, 0xa6, 0xa6, 0xa6, 0xa2, 0xa2, 0xa7, 0xa2, 0x9c, 0xf9, 0x9c, 0x9c,
    0x9c, 0x9c, 0xa2, 0xa6, 0x9f, 0xa6, 0x9f, 0x27, 0x31, 0xa3, 0xaf, 0xae, 0xb4, 0xaf, 0xb4, 0xaf,
    0xaf, 0xaf, 0xb4, 0x9e, 0x0a, 0x61, 0x65, 0x67, 0x6c, 0x6c, 0x68, 0x29, 0x75, 0x2f, 0x7f, 0x82,
    0x82, 0x87, 0x6f, 0x6f, 0x6f, 0x16, 0x4a, 0x45, 0x45, 0x47, 0x40, 0x13, 0x13, 0x06, 0x4a, 0x42,
    0x2c, 0x16, 0x36, 0xa1, 0xa4, 0xcc, 0xc2, 0xc6, 0xcb, 0xc9, 0xbe, 0xc2, 0xc2, 0x31, 0xb2, 0xbe,
    0x74, 0x79, 0x79, 0x79, 0x79, 0x78, 0x78, 0x79, 0x79, 0x78, 0x74, 0x74, 0x79, 0x79, 0x79, 0x74,
    0x79, 0x78, 0x79, 0x74, 0x74, 0x74, 0x79, 0x7c, 0x7c, 0x7c, 0x79, 0x79, 0x74, 0x74, 0x79, 0x78,
    0x7c, 0x7d, 0x78, 0x78, 0x78, 0x78, 0x78, 0x78, 0x76, 0x78, 0x7d, 0xf0, 0x81, 0x81, 0x81, 0x83,
    0x86, 0x86, 0x83, 0x83, 0x83, 0x83, 0x83, 0x83, 0x83, 0x86, 0x86, 0x86, 0x83, 0x86, 0x86, 0x86,
    0x86, 0x86, 0x86, 0x86, 0x86, 0x86, 0x86, 0x83, 0x83, 0x86, 0x86, 0x88, 0x86, 0x86, 0x83, 0x86,
    0x86, 0x86, 0x8b, 0x86, 0x86, 0x86, 0x86, 0x86, 0x8b, 0x95, 0xa1, 0xa4, 0xa4, 0xa3, 0x95, 0x8b,
    0x86, 0x86, 0x86, 0x86, 0x86, 0x86, 0x83, 0x83, 0x83, 0x86, 0x8b, 0x8b, 0x86, 0x88, 0x86, 0x86,
    0x8b, 0x93, 0x8b, 0x93, 0x97, 0x9b, 0x9f, 0xa3, 0x9f, 0x9f, 0x9e, 0x9f, 0x9f, 0xa3, 0xac, 0xaf,
    0xaf, 0xaf, 0xac, 0xac, 0xa3, 0xa3, 0xa3, 0xa3, 0x9b, 0x9b, 0x97, 0x97, 0x97, 0x95, 0x9b, 0x9b,
    0x9e, 0x9f, 0x9f, 0x9f, 0x9f, 0x9f, 0x9e, 0x9c, 0x9f, 0x9f, 0x9e, 0x9e, 0x9b, 0x95, 0x93, 0x92,
    0x92, 0x92, 0x95, 0x95, 0x99, 0x99, 0x9c, 0x9c, 0x99, 0x9c, 0xa6, 0xa7, 0xa7, 0xa7, 0xa6, 0xa2,
    0x9c, 0x9c, 0xa2, 0xa2, 0xa2, 0xa2, 0xa2, 0xa2, 0xa2, 0xa2, 0xa6, 0xa2, 0xa2, 0x9c, 0x9f, 0x9c,
    0x9c, 0x9c, 0x99, 0xa2, 0xa6, 0xa7, 0x86, 0xa6, 0x9c, 0x9f, 0xa6, 0xa6, 0xac, 0xae, 0xae, 0xac,
    0xa4, 0xa4, 0xb5, 0x1a, 0x8a, 0x8a, 0x7b, 0x7b, 0x6c, 0x60, 0x60, 0x75, 0x77, 0x87, 0x87, 0x75,
    0x87, 0x7f, 0x7f, 0x75, 0x21, 0x42, 0x40, 0x3b, 0x42, 0x42, 0x40, 0x32, 0x11, 0x13, 0x08, 0x25,
    0x3b, 0x42, 0x3d, 0xa8, 0xa8, 0xb8, 0xb5, 0xc9, 0xc9, 0x3b, 0x3b, 0xc9, 0xb2, 0xa1, 0xb2, 0x19,
    0x74, 0x74, 0x74, 0x79, 0x74, 0x74, 0x74, 0x79, 0x7d, 0x79, 0x74, 0x74, 0x74, 0x79, 0x79, 0x79,
    0x79, 0x79, 0x79, 0x79, 0x74, 0x79, 0x79, 0x78, 0x7d, 0x7c, 0x79, 0x79, 0x7c, 0x79, 0x79, 0x79,
    0x78, 0x7d, 0x78, 0x78, 0x78, 0x78, 0x78, 0x78, 0x76, 0x76, 0x78, 0x7d, 0x7d, 0x7d, 0x81, 0x83,
    0x86, 0x86, 0x86, 0x84, 0x83, 0x83, 0x83, 0x83, 0x83, 0x86, 0x86, 0x86, 0x86, 0x86, 0x86, 0x86,
    0x8b, 0x8b, 0x8b, 0x8b, 0x86, 0x86, 0x86, 0x86, 0x83, 0x86, 0x86, 0x86, 0x86, 0x86, 0x86, 0x86,
    0x8b, 0x8b, 0x86, 0x86, 0x86, 0x8c, 0x88, 0x86, 0x86, 0x92, 0x9b, 0xa3, 0xa4, 0xa3, 0x9e, 0x92,
    0x86, 0x86, 0x86, 0x86, 0x86, 0x86, 0x86, 0x86, 0x81, 0x86, 0x86, 0x93, 0x8b, 0x86, 0x86, 0x8c,
    0x93, 0x93, 0x95, 0x93, 0x8b, 0x93, 0x97, 0x97, 0x97, 0x97, 0x9b, 0x9b, 0x9c, 0x9f, 0xa6, 0xac,
    0xac, 0xa3, 0xa6, 0xa6, 0xa6, 0xa9, 0xaf, 0xac, 0xa3, 0x9e, 0x95, 0x95, 0x97, 0x97, 0x9e, 0x9e,
    0x9b, 0x9e, 0x9f, 0x9f, 0x9b, 0x9b, 0x9b, 0x97, 0x99, 0x9b, 0x9c, 0x9f, 0x9b, 0x99, 0x95, 0x95,
    0x92, 0x92, 0x93, 0x99, 0x99, 0x9c, 0xa6, 0x9f, 0x9c, 0x9c, 0xa2, 0xa6, 0xae, 0xae, 0xae, 0xa6,
    0xa6, 0xa2, 0xa2, 0xa2, 0xa2, 0xa2, 0xa2, 0xa2, 0xa2, 0xa2, 0xa2, 0xa2, 0xa2, 0x9f, 0x9c, 0x9c,
    0x9c, 0x86, 0x27, 0x95, 0xa6, 0xa6, 0xa6, 0xa6, 0xa6, 0xa6, 0xae, 0xaf, 0xaf, 0xb4, 0xaf, 0xb4,
    0x9e, 0x95, 0x1d, 0x68, 0x91, 0x85, 0x85, 0x7b, 0x7b, 0x77, 0x6a, 0x71, 0x1a, 0x1c, 0x7a, 0x2f,
    0x7f, 0x7f, 0x7f, 0x1e, 0x40, 0x42, 0x32, 0x3b, 0x33, 0x38, 0x3d, 0x40, 0x0e, 0x16, 0x19, 0x0c,
    0x15, 0x19, 0x19, 0x2a, 0x2c, 0x3d, 0xbe, 0xbe, 0x18, 0x32, 0xc6, 0xba, 0xa8, 0x31, 0x0c, 0xc9,
    0x74, 0x74, 0x74, 0x74, 0x74, 0x74, 0x79, 0x78, 0x79, 0x79, 0x79, 0x74, 0x74, 0x74, 0x79, 0x74,
    0x74, 0x79, 0x79, 0x79, 0x79, 0x79, 0x79, 0x79, 0x79, 0x79, 0x79, 0x79, 0x79, 0x74, 0x79, 0x78,
    0x7d, 0x7c, 0x79, 0x7d, 0x7d, 0x7d, 0x7d, 0x78, 0x78, 0x78, 0x78, 0x7d, 0x7d, 0xf0, 0x81, 0x86,
    0x86, 0x86, 0x8b, 0x86, 0x86, 0x83, 0x81, 0x81, 0x83, 0x86, 0x86, 0x86, 0x86, 0x86, 0x86, 0x8c,
    0x95, 0x92, 0x95, 0x93, 0x86, 0x86, 0x86, 0x86, 0x86, 0x86, 0x86, 0x86, 0x8b, 0x86, 0x8b, 0x93,
    0x8b, 0x8b, 0x86, 0x86, 0x83, 0x83, 0x88, 0x86, 0x86, 0x8c, 0x95, 0x95, 0x9e, 0x9f, 0x9e, 0x95,
    0x8b, 0x86, 0x86, 0x83, 0x86, 0x86, 0x86, 0x86, 0x83, 0x86, 0x86, 0x8b, 0x93, 0x8b, 0x8b, 0x8c,
    0x8c, 0x93, 0x93, 0x93, 0x93, 0x8b, 0x8b, 0x8c, 0x93, 0x95, 0x97, 0x97, 0x97, 0x9b, 0x9b, 0x9e,
    0x9c, 0x99, 0x9c, 0xa3, 0xa9, 0xac, 0xac, 0xac, 0xa3, 0x9e, 0x99, 0x97, 0x97, 0x95, 0x9b, 0x9e,
    0x9e, 0x9e, 0x9e, 0x9f, 0x9e, 0x9e, 0x9f, 0x99, 0x95, 0x95, 0x95, 0x9b, 0x99, 0x99, 0x95, 0x93,
    0x92, 0x92, 0x95, 0x99, 0x99, 0x9f, 0x9f, 0xa6, 0x9f, 0x9f, 0x9f, 0xa6, 0xae, 0xae, 0xae, 0xae,
    0xa7, 0xa6, 0xa2, 0xa2, 0xa2, 0xa2, 0xa2, 0xa2, 0x9f, 0xa2, 0xa2, 0xa2, 0xa2, 0x9c, 0x9f, 0x9f,
    0x9f, 0x9f, 0xa6, 0x9f, 0x9c, 0xa6, 0xa6, 0x9b, 0x95, 0x9e, 0x9f, 0x9e, 0x31, 0x95, 0xa1, 0xa3,
    0x9b, 0xbb, 0x09, 0x1a, 0x62, 0x6f, 0x71, 0x71, 0x6c, 0x6c, 0x71, 0x1d, 0x21, 0x2a, 0x26, 0x0e,
    0x20, 0x75, 0x19, 0x32, 0x35, 0x32, 0x3d, 0x3b, 0x3b, 0x42, 0x42, 0x42, 0x19, 0x0e, 0x13, 0x26,
    0x2a, 0x1b, 0x19, 0x1e, 0x40, 0xc9, 0xb2, 0x18, 0x1e, 0xc9, 0xb5, 0xa8, 0x31, 0x0c, 0xba, 0xc6,
    0x74, 0x78, 0x74, 0x74, 0x78, 0x74, 0x74, 0x74, 0x79, 0x79, 0x78, 0x79, 0x79, 0x74, 0x79, 0x74,
    0x74, 0x79, 0x79, 0x7c, 0x7c, 0x79, 0x79, 0x79, 0x74, 0x79, 0x79, 0x7c, 0x74, 0x74, 0x79, 0x78,
    0x7d, 0x78, 0x78, 0x7d, 0x7d, 0x7d, 0x7d, 0x78, 0x78, 0x78, 0x78, 0x7d, 0x7d, 0xf0, 0x81, 0x84,
    0x86, 0x86, 0x86, 0x86, 0x86, 0x83, 0x81, 0x83, 0x81, 0x83, 0x83, 0x83, 0x86, 0x86, 0x86, 0x86,
    0x93, 0x95, 0x93, 0x8b, 0x86, 0x83, 0x83, 0x86, 0x86, 0x86, 0x86, 0x83, 0x83, 0x83, 0x86, 0x8b,
    0x86, 0x86, 0x86, 0x81, 0xf0, 0xf0, 0x83, 0x86, 0x8b, 0x8c, 0x86, 0x86, 0x8b, 0x92, 0x92, 0x92,
    0x86, 0x86, 0x86, 0x83, 0x86, 0x8b, 0x86, 0x86, 0x86, 0x86, 0x86, 0x86, 0x8c, 0x8c, 0x86, 0x88,
    0x83, 0x86, 0x86, 0x93, 0x93, 0x8c, 0x8c, 0x86, 0x86, 0x93, 0x95, 0x92, 0x95, 0x97, 0x95, 0x99,
    0x99, 0x99, 0x9c, 0x9f, 0xac, 0xac, 0xac, 0xa9, 0xa1, 0xa3, 0x9b, 0x95, 0x95, 0x95, 0x97, 0x9b,
    0x9e, 0x9e, 0x9b, 0x9b, 0x9b, 0x9b, 0x9b, 0x99, 0x99, 0x95, 0x8b, 0x92, 0x95, 0x95, 0x99, 0x99,
    0x95, 0x92, 0x95, 0x95, 0x99, 0x99, 0x9c, 0x9c, 0x9f, 0x9f, 0xa2, 0xa2, 0xa2, 0xa7, 0xa7, 0xa7,
    0xa7, 0xa6, 0xa2, 0xa2, 0xa2, 0xa2, 0xa2, 0xa2, 0xa2, 0xa2, 0xa7, 0xa6, 0xa6, 0xa6, 0x9f, 0x9f,
    0x9f, 0xa6, 0x9f, 0x9f, 0xae, 0x9f, 0xae, 0x9f, 0x9b, 0x31, 0x9b, 0xa6, 0xa6, 0xac, 0x26, 0x26,
    0xa4, 0x12, 0x20, 0x94, 0x7b, 0x77, 0x71, 0x6a, 0x6a, 0x67, 0x1c, 0x3d, 0x33, 0x0e, 0x12, 0x1c,
    0x04, 0x16, 0x26, 0x2c, 0x26, 0x32, 0x3b, 0x40, 0x45, 0xc6, 0x38, 0x11, 0x06, 0x0e, 0x10, 0x19,
    0x19, 0x24, 0x25, 0x35, 0x38, 0x24, 0x1a, 0x09, 0xcf, 0xbe, 0x3b, 0x20, 0x0e, 0xa9, 0xcb, 0xc2,
    0x74, 0x74, 0x74, 0x74, 0x74, 0x74, 0x74, 0x74, 0x79, 0x78, 0x79, 0x79, 0x79, 0x74, 0x74, 0x74,
    0x74, 0x79, 0x79, 0x79, 0x79, 0x79, 0x79, 0x74, 0x79, 0x79, 0x79, 0x79, 0x74, 0x74, 0x78, 0x7d,
    0x7d, 0x7d, 0x7d, 0x7d, 0x78, 0x7d, 0x7d, 0x78, 0x78, 0x78, 0x78, 0x78, 0x7d, 0xf0, 0x81, 0x81,
    0x81, 0x86, 0x86, 0x86, 0x86, 0x86, 0x86, 0x83, 0x81, 0x83, 0x83, 0x86, 0x86, 0x86, 0x86, 0x86,
    0x8c, 0x8b, 0x8b, 0x8b, 0x86, 0x86, 0x83, 0x83, 0x86, 0x86, 0x86, 0x83, 0x83, 0xf0, 0x81, 0x86,
    0x86, 0x86, 0x83, 0x83, 0xf0, 0x78, 0xf0, 0x83, 0x83, 0x88, 0x88, 0x83, 0x83, 0x86, 0x86, 0x86,
    0x86, 0x83, 0x83, 0x86, 0x86, 0x86, 0x83, 0x83, 0x81, 0x83, 0x86, 0x86, 0x86, 0x86, 0x8b, 0x8b,
    0x86, 0x83, 0x86, 0x8b, 0x92, 0x97, 0x95, 0x92, 0x8b, 0x8b, 0x8b, 0x93, 0x93, 0x95, 0x95, 0x95,
    0x9b, 0x9b, 0x9b, 0x9e, 0x9f, 0xa3, 0xa4, 0xa3, 0x9f, 0x9f, 0x9e, 0x9b, 0x97, 0x93, 0x95, 0x95,
    0x97, 0x95, 0x95, 0x95, 0x9b, 0x9b, 0x9b, 0x9b, 0x9b, 0x95, 0x93, 0x92, 0x92, 0x92, 0x95, 0x99,
    0x93, 0x92, 0x92, 0x92, 0x9c, 0x9c, 0x9c, 0xa6, 0xa7, 0xa6, 0xa6, 0xa7, 0xa7, 0xa7, 0xa7, 0xae,
    0xa7, 0xa7, 0xa7, 0xa6, 0xa2, 0xa2, 0xa2, 0xa2, 0xa2, 0xa2, 0xa2, 0xa6, 0xa6, 0xa7, 0xa7, 0xa6,
    0xa6, 0x83, 0x86, 0xa6, 0x14, 0x1a, 0x1d, 0x2d, 0x13, 0x27, 0xae, 0x36, 0x23, 0x2d, 0x31, 0xb7,
    0x5f, 0x17, 0x2f, 0x8e, 0x87, 0x77, 0x71, 0x77, 0x6c, 0x17, 0x40, 0x2a, 0x11, 0x14, 0x09, 0x14,
    0x18, 0x08, 0x18, 0x1e, 0x38, 0x33, 0x38, 0x3d, 0x45, 0x25, 0x11, 0x3d, 0x42, 0x24, 0x02, 0x04,
    0x1e, 0x32, 0x2c, 0x32, 0x38, 0x1c, 0x09, 0x3b, 0x36, 0x2c, 0x0e, 0x1c, 0x3d, 0xc9, 0xc6, 0xc2,
    0x74, 0x73, 0x74, 0x74, 0x74, 0x74, 0x73, 0x74, 0x74, 0x79, 0x79, 0x79, 0x79, 0x79, 0x79, 0x74,
    0x74, 0x78, 0x78, 0x79, 0x79, 0x79, 0x79, 0x74, 0x74, 0x79, 0x79, 0x79, 0x78, 0x79, 0x78, 0x78,
    0x7c, 0x7d, 0x7d, 0x7d, 0x7d, 0x78, 0x7d, 0x78, 0x7d, 0x78, 0x78, 0x78, 0x7d, 0x7d, 0xf0, 0x81,
    0x81, 0x83, 0x86, 0x86, 0x86, 0x86, 0x86, 0x86, 0x81, 0x83, 0x83, 0x83, 0x86, 0x86, 0x86, 0x8b,
    0x8b, 0x8b, 0x8b, 0x8b, 0x86, 0x8b, 0x86, 0x83, 0x83, 0x86, 0x8b, 0x86, 0x83, 0x83, 0x83, 0x83,
    0x83, 0x86, 0x83, 0x86, 0x81, 0xf0, 0x78, 0xf0, 0x81, 0x86, 0x86, 0x83, 0xf0, 0xf0, 0xf0, 0xf0,
    0x81, 0x81, 0x81, 0x83, 0x83, 0x83, 0xf0, 0x81, 0xf0, 0x81, 0x83, 0x83, 0x86, 0x8b, 0x8c, 0x8b,
    0x8c, 0x86, 0x86, 0x86, 0x93, 0x97, 0x97, 0x97, 0x95, 0x93, 0x8b, 0x92, 0x95, 0x95, 0x95, 0x95,
    0x97, 0x9e, 0x9b, 0x9b, 0x9e, 0x9e, 0x9f, 0x9f, 0x9f, 0x9f, 0x9b, 0x97, 0x95, 0x93, 0x95, 0x93,
    0x93, 0x93, 0x95, 0x93, 0x95, 0x9b, 0x9b, 0x9e, 0x9b, 0x95, 0x95, 0x92, 0x92, 0x95, 0x93, 0x95,
    0x92, 0x92, 0x8b, 0x92, 0x99, 0x9c, 0x9c, 0xa2, 0xa6, 0xa6, 0xa7, 0xae, 0xae, 0xae, 0xae, 0xae,
    0xa7, 0xa7, 0xa7, 0xa7, 0xa7, 0xa7, 0xa6, 0xa6, 0xa6, 0xa6, 0xa6, 0xa6, 0xa6, 0xa7, 0xa6, 0x95,
    0x9c, 0xa6, 0xac, 0xac, 0xb4, 0xb4, 0xbb, 0xb4, 0xb4, 0xb7, 0x93, 0xb4, 0xbb, 0xbb, 0xc0, 0x14,
    0x12, 0x6c, 0x7b, 0x7b, 0x85, 0x77, 0x67, 0x6c, 0x14, 0x19, 0x35, 0x38, 0x05, 0x13, 0x13, 0x0b,
    0x14, 0x13, 0x09, 0x0f, 0x21, 0x2c, 0x39, 0x3d, 0x1b, 0x1f, 0x4a, 0x45, 0x08, 0x18, 0x13, 0x21,
    0x19, 0x08, 0x11, 0x11, 0x1c, 0x32, 0xb0, 0xa9, 0xa1, 0x19, 0xc9, 0xcb, 0xcb, 0xc2, 0xc2, 0xbe,
    0x74, 0x73, 0x73, 0x73, 0x73, 0x73, 0x73, 0x73, 0x73, 0x74, 0x74, 0x74, 0x79, 0x79, 0x79, 0x74,
    0x74, 0x74, 0x78, 0x78, 0x78, 0x79, 0x74, 0x74, 0x74, 0x74, 0x79, 0x79, 0x79, 0x7d, 0x78, 0x78,
    0x7d, 0x7d, 0x7d, 0x7d, 0x7d, 0x78, 0x7d, 0x7d, 0x7d, 0x7d, 0xf0, 0x7d, 0x7d, 0x7d, 0xf0, 0x81,
    0xf0, 0x83, 0x86, 0x83, 0x83, 0x86, 0x86, 0x86, 0x83, 0x83, 0x83, 0x83, 0x83, 0x86, 0x86, 0x8b,
    0x92, 0x8b, 0x8b, 0x86, 0x8c, 0x86, 0x86, 0x83, 0x83, 0x83, 0x86, 0x86, 0x86, 0x83, 0x81, 0x83,
    0x81, 0x83, 0x83, 0x81, 0x81, 0xf0, 0x78, 0x78, 0xf0, 0x86, 0x86, 0x86, 0x81, 0x78, 0x7d, 0x7d,
    0x78, 0x7d, 0xf0, 0xf0, 0x80, 0x83, 0xf0, 0x81, 0xf0, 0x81, 0x83, 0x83, 0x86, 0x8b, 0x86, 0x86,
    0x86, 0x86, 0x83, 0x86, 0x92, 0x97, 0x97, 0x9b, 0x9b, 0x95, 0x95, 0x92, 0x92, 0x93, 0x8b, 0x8c,
    0x93, 0x97, 0x97, 0x97, 0x9b, 0x99, 0x99, 0x9c, 0x9b, 0x9b, 0x95, 0x93, 0x8b, 0x86, 0x8b, 0x8b,
    0x93, 0x93, 0x95, 0x95, 0x95, 0x95, 0x95, 0x97, 0x9b, 0x95, 0x95, 0x95, 0x8b, 0x93, 0x95, 0x93,
    0x92, 0x92, 0x92, 0x92, 0x95, 0x9c, 0x9c, 0x9c, 0xa2, 0xa2, 0xa7, 0xa7, 0xa7, 0xa7, 0xa7, 0xa7,
    0xa7, 0xa7, 0xa7, 0xae, 0x86, 0x86, 0xa7, 0xa7, 0xa6, 0xa6, 0xa6, 0xa6, 0x99, 0x2d, 0x79, 0x8b,
    0xac, 0xa6, 0xaf, 0xac, 0xaf, 0xa9, 0x1a, 0x27, 0x31, 0x36, 0x95, 0x14, 0x1c, 0x23, 0x23, 0x0d,
    0x1a, 0x29, 0x8e, 0x7f, 0x6c, 0x63, 0x63, 0x0e, 0x2a, 0x39, 0x45, 0x47, 0x0c, 0x08, 0x0d, 0x0b,
    0x08, 0x0f, 0x1c, 0x13, 0x16, 0x32, 0x25, 0x11, 0x19, 0x1c, 0x38, 0x45, 0x38, 0x06, 0x13, 0x0c,
    0x16, 0x2a, 0x3b, 0x40, 0x40, 0x40, 0xa9, 0xa1, 0x26, 0x3b, 0xc9, 0xc6, 0xc6, 0xb2, 0xc6, 0xb8,
    0x73, 0x6e, 0x6e, 0x73, 0x73, 0x73, 0x73, 0x73, 0x74, 0x74, 0x74, 0x74, 0x79, 0x79, 0x79, 0x79,
    0x74, 0x79, 0x74, 0x74, 0x74, 0x74, 0x74, 0x74, 0x73, 0x74, 0x74, 0x74, 0x78, 0x78, 0x79, 0x74,
    0x78, 0x79, 0x7d, 0x7d, 0x7d, 0xf0, 0x7d, 0x7d, 0xf0, 0xf0, 0xf0, 0x81, 0xf0, 0x7d, 0xf0, 0xf0,
    0x81, 0x81, 0x83, 0x83, 0x86, 0x86, 0x86, 0x86, 0x86, 0x86, 0x86, 0x83, 0x83, 0x86, 0x86, 0x8b,
    0x8b, 0x8b, 0x8b, 0x86, 0x83, 0x83, 0x83, 0x81, 0xf0, 0x81, 0xf0, 0x81, 0x83, 0x83, 0x83, 0x81,
    0x83, 0xf0, 0x7d, 0x7d, 0xf0, 0xf0, 0xf0, 0x7d, 0xf0, 0x83, 0x86, 0x86, 0x86, 0x81, 0x7d, 0x7d,
    0x7d, 0x7d, 0x7d, 0x81, 0x80, 0x80, 0x81, 0x86, 0x83, 0x83, 0x83, 0x83, 0x86, 0x8b, 0x86, 0x83,
    0x83, 0x86, 0x8b, 0x8b, 0x97, 0x99, 0x9e, 0xa6, 0xa3, 0x9b, 0x97, 0x97, 0x95, 0x93, 0x95, 0x93,
    0x93, 0x93, 0x95, 0x95, 0x95, 0x95, 0x95, 0x95, 0x99, 0x9b, 0x95, 0x93, 0x8c, 0x86, 0x86, 0x86,
    0x86, 0x86, 0x8b, 0x95, 0x95, 0x95, 0x95, 0x95, 0x95, 0x93, 0x95, 0x99, 0x92, 0x95, 0x93, 0x95,
    0x92, 0x8b, 0x99, 0x95, 0x95, 0x99, 0x9c, 0xa6, 0xa2, 0xa6, 0xa7, 0xae, 0xa7, 0xa7, 0xa7, 0xa7,
    0xa7, 0xa7, 0xa7, 0xa7, 0xae, 0xae, 0xa7, 0xa6, 0xa6, 0xa6, 0x9f, 0xae, 0xb4, 0xb4, 0xae, 0xae,
    0xb4, 0xb4, 0xac, 0xa6, 0xb4, 0xb7, 0xbb, 0xb7, 0xbb, 0xbb, 0xbb, 0xbb, 0xc3, 0xc7, 0x0b, 0x77,
    0x94, 0x8e, 0x8e, 0x75, 0x6c, 0x63, 0x1e, 0x2a, 0x41, 0x42, 0x45, 0x24, 0x13, 0x18, 0x0e, 0x0f,
    0x16, 0x16, 0x13, 0x16, 0x24, 0x25, 0x0c, 0x45, 0x2c, 0x13, 0x17, 0x28, 0x38, 0x18, 0x13, 0x13,
    0x10, 0x13, 0x19, 0x19, 0x2a, 0x38, 0x38, 0x38, 0x16, 0xc9, 0xbe, 0xc9, 0xb8, 0xa9, 0xc9, 0xa4,
    0x73, 0x6e, 0x73, 0x6e, 0x6e, 0x73, 0x73, 0x73, 0x73, 0x73, 0x74, 0x74, 0x74, 0x79, 0x74, 0x79,
    0x79, 0x74, 0x74, 0x74, 0x74, 0x74, 0x74, 0x74, 0x74, 0x74, 0x74, 0x74, 0x79, 0x74, 0x78, 0x78,
    0x78, 0x78, 0x78, 0x7d, 0x7d, 0x7d, 0x7d, 0x7d, 0xf0, 0x81, 0x81, 0x81, 0x81, 0x81, 0xf0, 0xf0,
    0x81, 0x83, 0x86, 0x83, 0x81, 0x81, 0x84, 0x86, 0x86, 0x86, 0x86, 0x86, 0x83, 0x83, 0x83, 0x86,
    0x92, 0x95, 0x93, 0x8b, 0x86, 0x83, 0x86, 0x86, 0x83, 0x81, 0x81, 0x81, 0x83, 0x86, 0x86, 0x86,
    0x86, 0x86, 0x81, 0xf0, 0xf0, 0x81, 0x83, 0x83, 0x83, 0x81, 0x83, 0x86, 0x86, 0x86, 0x81, 0x7d,
    0x7d, 0x78, 0x78, 0x7d, 0x78, 0x7d, 0xf0, 0x81, 0x86, 0x86, 0x86, 0x86, 0x86, 0x86, 0x86, 0x83,
    0x86, 0x86, 0x8c, 0x8c, 0x8b, 0x8b, 0x9c, 0x9f, 0x9f, 0x9e, 0x9b, 0x99, 0x99, 0x97, 0x93, 0x8b,
    0x8c, 0x93, 0x92, 0x92, 0x95, 0x95, 0x95, 0x95, 0x95, 0x95, 0x93, 0x8b, 0x8b, 0x86, 0x83, 0x83,
    0x83, 0x83, 0x86, 0x8c, 0x93, 0x8b, 0x86, 0x8b, 0x8b, 0x92, 0x93, 0x92, 0x92, 0x92, 0x95, 0x95,
    0x92, 0x92, 0x92, 0x92, 0x92, 0x92, 0x99, 0x9c, 0xa6, 0xa6, 0xa6, 0xa6, 0xa7, 0xa7, 0xa7, 0xa6,
    0xa6, 0xa7, 0xa7, 0xa7, 0xa7, 0xae, 0xa7, 0xa7, 0xa6, 0xa6, 0xae, 0x65, 0x1d, 0x31, 0x36, 0x31,
    0x95, 0x9f, 0xaf, 0xae, 0xaf, 0xb4, 0x9f, 0x23, 0x79, 0x27, 0x24, 0x13, 0x0e, 0x0b, 0x87, 0x98,
    0x94, 0x8e, 0x7f, 0x77, 0x1d, 0x13, 0x2a, 0x47, 0x47, 0x40, 0x28, 0x06, 0x0b, 0x08, 0x03, 0x0b,
    0x1e, 0x18, 0x11, 0x16, 0x26, 0x15, 0x4a, 0x3d, 0x3d, 0x26, 0x16, 0x13, 0x18, 0x21, 0x24, 0x13,
    0x0b, 0x0a, 0x16, 0x1c, 0x24, 0x32, 0x38, 0x16, 0x3b, 0xb8, 0xb2, 0xb8, 0xa9, 0x9e, 0xbe, 0x97,
    0x73, 0x6e, 0x73, 0x73, 0x74, 0x73, 0x73, 0x73, 0x73, 0x74, 0x74, 0x74, 0x74, 0x74, 0x74, 0x74,
    0x79, 0x74, 0x74, 0x74, 0x74, 0x74, 0x74, 0x74, 0x74, 0x74, 0x74, 0x74, 0x74, 0x74, 0x76, 0x78,
    0x78, 0x78, 0x78, 0x7d, 0x7d, 0x7d, 0x7d, 0x7d, 0xf0, 0xf0, 0x81, 0x81, 0x83, 0x81, 0x83, 0x83,
    0x86, 0x83, 0x86, 0x83, 0x81, 0xf0, 0x81, 0x83, 0x86, 0x86, 0x8b, 0x86, 0x86, 0x83, 0x84, 0x86,
    0x92, 0x9c, 0x9b, 0x95, 0x8b, 0x86, 0x86, 0x86, 0x86, 0x83, 0x81, 0x81, 0x81, 0x83, 0x86, 0x86,
    0x86, 0x86, 0x86, 0xf0, 0x7d, 0xf0, 0x83, 0x86, 0x86, 0x81, 0x80, 0x86, 0x86, 0x86, 0x86, 0x7d,
    0x7d, 0x7d, 0x7d, 0x78, 0x78, 0x78, 0x7d, 0xf0, 0x81, 0x86, 0x86, 0x86, 0x86, 0x86, 0x81, 0x83,
    0x83, 0x86, 0x83, 0x86, 0x86, 0x8b, 0x97, 0x9b, 0x9e, 0x9f, 0x9b, 0x9b, 0x9b, 0x99, 0x97, 0x93,
    0x8c, 0x92, 0x86, 0x86, 0x92, 0x95, 0x97, 0x95, 0x95, 0x95, 0x93, 0x8b, 0x86, 0x86, 0x86, 0x83,
    0x81, 0x81, 0x83, 0x86, 0x86, 0x86, 0x86, 0x86, 0x86, 0x8b, 0x8b, 0x8b, 0x92, 0x93, 0x92, 0x93,
    0x95, 0x92, 0x92, 0x95, 0x99, 0x99, 0x9c, 0xa2, 0xa7, 0xa7, 0xa7, 0xa7, 0xa6, 0xa2, 0xa2, 0xa2,
    0xa2, 0xa6, 0xa6, 0xa6, 0xa7, 0xa6, 0xa6, 0xae, 0xa7, 0xa6, 0xa7, 0xac, 0xa6, 0xb4, 0xae, 0xaf,
    0xa6, 0xa4, 0xa3, 0x9e, 0xa3, 0xb4, 0x31, 0x9b, 0xa3, 0xc3, 0xc0, 0xa3, 0x0f, 0x85, 0x8e, 0x94,
    0x8e, 0x8e, 0x8e, 0x21, 0x26, 0x1c, 0x40, 0x42, 0x35, 0x31, 0x09, 0x13, 0x33, 0x4a, 0x50, 0x19,
    0x1c, 0x32, 0x2c, 0x2c, 0x11, 0x3b, 0x45, 0x3b, 0x42, 0x40, 0x1f, 0x1c, 0x1c, 0x0e, 0x1c, 0x18,
    0x16, 0x16, 0x1e, 0x21, 0x2a, 0x2c, 0x32, 0x1b, 0xbe, 0x38, 0xa8, 0x36, 0xa8, 0x97, 0xb2, 0xbe,
    0x73, 0x6e, 0x6e, 0x73, 0x73, 0x73, 0x73, 0x73, 0x73, 0x74, 0x73, 0x73, 0x73, 0x73, 0x74, 0x74,
    0x74, 0x74, 0x79, 0x79, 0x74, 0x79, 0x79, 0x79, 0x79, 0x79, 0x79, 0x74, 0x74, 0x74, 0x78, 0x78,
    0x78, 0x78, 0x78, 0x78, 0x7d, 0x7d, 0x7d, 0x7d, 0xf0, 0x81, 0x81, 0x81, 0x81, 0x83, 0x83, 0x86,
    0x86, 0x86, 0x86, 0x86, 0x83, 0x83, 0x83, 0x83, 0x86, 0x86, 0x92, 0x8b, 0x86, 0x83, 0x86, 0x86,
    0x8b, 0x99, 0x9f, 0x9b, 0x8b, 0x86, 0x86, 0x86, 0x83, 0x83, 0x81, 0x81, 0xf0, 0xf0, 0xf0, 0x81,
    0x83, 0x83, 0x83, 0xf0, 0x7d, 0xf0, 0xf0, 0x83, 0x86, 0x83, 0x83, 0x81, 0xf0, 0x81, 0x81, 0x81,
    0x81, 0xf0, 0xf0, 0x7d, 0x7d, 0x7d, 0x7d, 0xf0, 0xf0, 0xf0, 0x83, 0x86, 0x8b, 0x8b, 0x86, 0x83,
    0x83, 0x86, 0x86, 0x86, 0x86, 0x93, 0x95, 0x9b, 0x9f, 0x9f, 0x9f, 0x9b, 0x9b, 0x9b, 0x9b, 0x97,
    0x8c, 0x8c, 0x8b, 0x8b, 0x8b, 0x93, 0x92, 0x95, 0x93, 0x93, 0x95, 0x8b, 0x86, 0x83, 0x83, 0x83,
    0x81, 0x81, 0x83, 0x83, 0x83, 0x83, 0x83, 0x86, 0x83, 0x86, 0x86, 0x86, 0x86, 0x8b, 0x8b, 0x92,
    0x92, 0x92, 0x99, 0x99, 0x99, 0x9c, 0xa2, 0xa2, 0xa7, 0xa7, 0xa7, 0xa7, 0xa2, 0xa2, 0xa2, 0xa2,
    0xa2, 0x9c, 0x92, 0x9c, 0x9c, 0x9f, 0x9f, 0x9f, 0xa6, 0xa6, 0x9f, 0xac, 0xa4, 0xac, 0xb7, 0xbb,
    0xb4, 0xac, 0xb7, 0xa6, 0xaf, 0xb8, 0x36, 0x2d, 0x9b, 0xa4, 0xa4, 0x10, 0x6f, 0x7b, 0x85, 0x7b,
    0x87, 0x77, 0x6c, 0x42, 0x3b, 0x2c, 0x3b, 0x42, 0x3b, 0x14, 0x29, 0x48, 0x4a, 0x48, 0x45, 0x24,
    0x16, 0x08, 0x1e, 0x16, 0x32, 0x42, 0x42, 0x42, 0x40, 0x45, 0x40, 0x1b, 0x1c, 0x0e, 0x09, 0x16,
    0x0c, 0x0b, 0x13, 0x1f, 0x25, 0x2a, 0x06, 0x45, 0xa9, 0x36, 0x36, 0xc6, 0xc6, 0x9b, 0x2c, 0xc9,
    0x73, 0x74, 0x73, 0x73, 0x6e, 0x73, 0x73, 0x73, 0x73, 0x74, 0x73, 0x73, 0x73, 0x73, 0x73, 0x73,
    0x73, 0x74, 0x74, 0x79, 0x7c, 0x79, 0x79, 0x7c, 0x79, 0x79, 0x79, 0x79, 0x74, 0x74, 0x76, 0x76,
    0x78, 0x78, 0x7d, 0x78, 0x7d, 0x7d, 0x7d, 0xf0, 0xf0, 0x81, 0x81, 0x81, 0x81, 0x83, 0x86, 0x86,
    0x86, 0x86, 0x8b, 0x8b, 0x8b, 0x86, 0x86, 0x83, 0x86, 0x86, 0x8b, 0x92, 0x92, 0x8c, 0x86, 0x86,
    0x8b, 0x93, 0x95, 0x95, 0x92, 0x95, 0x8c, 0x86, 0x8b, 0x8b, 0x8b, 0x83, 0x83, 0x81, 0x81, 0x81,
    0x83, 0x83, 0x83, 0x81, 0xf0, 0x7d, 0xf0, 0x83, 0x88, 0x86, 0x83, 0xf0, 0xf0, 0xf0, 0xf0, 0xf0,
    0xf0, 0xf0, 0xf0, 0x81, 0x7d, 0xf0, 0xf0, 0xf0, 0xf0, 0x81, 0x83, 0x8c, 0x8c, 0x8c, 0x8c, 0x8c,
    0x8c, 0x8c, 0x8b, 0x86, 0x8c, 0x93, 0x95, 0x97, 0x9b, 0x9f, 0x9b, 0x9c, 0x9c, 0x97, 0x97, 0x95,
    0x95, 0x93, 0x93, 0x8b, 0x8b, 0x93, 0x95, 0x93, 0x97, 0x95, 0x93, 0x8b, 0x86, 0x83, 0x83, 0x83,
    0xf0, 0xf0, 0xf0, 0x81, 0x83, 0x83, 0x86, 0x86, 0x86, 0x83, 0x81, 0x83, 0x84, 0x86, 0x86, 0x86,
    0x8b, 0x92, 0x92, 0x8b, 0x99, 0x99, 0x9c, 0xa7, 0xa6, 0xa7, 0xa7, 0xa7, 0xa7, 0xa6, 0xa6, 0xa2,
    0x9f, 0x9c, 0x9c, 0x9f, 0x9f, 0xa6, 0xa6, 0xa6, 0xae, 0xb4, 0xa6, 0xaf, 0xaf, 0xb4, 0xaf, 0xb7,
    0xb7, 0xb4, 0xb4, 0xaf, 0xc3, 0xbb, 0xc0, 0xbb, 0xbb, 0xa3, 0xa1, 0x17, 0x77, 0x8a, 0x68, 0x20,
    0x6f, 0x75, 0x68, 0x20, 0x2c, 0x25, 0x3b, 0x21, 0x1c, 0x3b, 0x48, 0x42, 0x39, 0x48, 0x45, 0x24,
    0x26, 0x13, 0x0b, 0x3c, 0x3b, 0x3b, 0x35, 0x11, 0x11, 0x1b, 0x2a, 0x45, 0x1b, 0x1f, 0x21, 0x06,
    0x05, 0x08, 0x0c, 0x11, 0x21, 0x06, 0x2a, 0xa9, 0x38, 0xb2, 0xa1, 0xb2, 0xb5, 0x16, 0x9e, 0xba,
    0x74, 0x74, 0x74, 0x74, 0x73, 0x73, 0x73, 0x73, 0x73, 0x73, 0x73, 0x73, 0x6e, 0x73, 0x73, 0x73,
    0x73, 0x74, 0x74, 0x79, 0x79, 0x79, 0x7c, 0x79, 0x79, 0x79, 0x74, 0x79, 0x79, 0x78, 0x78, 0x78,
    0x7d, 0x7d, 0x78, 0x78, 0x7d, 0x7d, 0x7d, 0xf0, 0xf0, 0xf0, 0x81, 0x86, 0x83, 0x83, 0x86, 0x86,
    0x86, 0x86, 0x8b, 0x8b, 0x92, 0x8b, 0x8b, 0x86, 0x86, 0x86, 0x8b, 0x92, 0x93, 0x8b, 0x86, 0x86,
    0x8b, 0x86, 0x8b, 0x8b, 0x93, 0x93, 0x93, 0x93, 0x8b, 0x8b, 0x86, 0x86, 0x83, 0x81, 0xf0, 0xf0,
    0x81, 0x83, 0x81, 0x81, 0xf0, 0xf0, 0x81, 0x83, 0x83, 0x83, 0xf0, 0x7d, 0x7d, 0x7d, 0x7d, 0x78,
    0x78, 0x78, 0x78, 0x78, 0x7d, 0x7d, 0xf0, 0xf0, 0x81, 0x81, 0x86, 0x88, 0x86, 0x86, 0x8c, 0x97,
    0x97, 0x95, 0x93, 0x95, 0x93, 0x93, 0x95, 0x97, 0x9b, 0x9b, 0x9c, 0x9f, 0x9b, 0x97, 0x97, 0x97,
    0x93, 0x95, 0x92, 0x8b, 0x8b, 0x93, 0x93, 0x95, 0x95, 0x93, 0x95, 0x93, 0x8b, 0x86, 0x83, 0x83,
    0x81, 0x83, 0x83, 0x81, 0x83, 0x83, 0x86, 0x86, 0x86, 0x86, 0x86, 0x86, 0x86, 0x86, 0x86, 0x8b,
    0x8b, 0x92, 0x92, 0x92, 0x95, 0x99, 0x9c, 0xa2, 0xa2, 0xa6, 0xa6, 0xa6, 0xa6, 0xa6, 0xa6, 0xa2,
    0xa2, 0x9f, 0x9f, 0xa6, 0xa6, 0xa6, 0xa6, 0xac, 0xae, 0xae, 0xb4, 0xb4, 0xb7, 0xb7, 0xb7, 0xb7,
    0xbb, 0xb7, 0xb7, 0xb7, 0xbb, 0xb4, 0xbb, 0xbe, 0xac, 0xb7, 0xc0, 0x65, 0x8a, 0x8e, 0x8e, 0x77,
    0x75, 0x6c, 0x67, 0x6f, 0x19, 0x35, 0x19, 0x2c, 0x3c, 0x42, 0x42, 0x40, 0x42, 0x4a, 0x1f, 0x16,
    0x17, 0x17, 0x13, 0x03, 0x19, 0x21, 0x1e, 0x40, 0x2c, 0x21, 0x16, 0x18, 0x28, 0x25, 0x25, 0x32,
    0x35, 0x2c, 0x35, 0x3b, 0x24, 0x1b, 0x36, 0x36, 0x36, 0xb5, 0x36, 0x31, 0x21, 0x16, 0xa1, 0xa8,
    0x74, 0x74, 0x74, 0x73, 0x73, 0x73, 0x73, 0x73, 0x6e, 0x6e, 0x6e, 0x6e, 0x6e, 0x73, 0x73, 0x72,
    0x73, 0x73, 0x74, 0x79, 0x79, 0x7c, 0x7c, 0x7d, 0x79, 0x79, 0x78, 0x79, 0x79, 0x7d, 0x7d, 0x78,
    0x78, 0x7d, 0x78, 0x7d, 0x7d, 0x7d, 0x7d, 0xf0, 0xf0, 0x81, 0x83, 0x83, 0x86, 0x86, 0x86, 0x86,
    0x86, 0x86, 0x86, 0x92, 0x95, 0x97, 0x92, 0x8b, 0x86, 0x86, 0x8b, 0x93, 0x93, 0x95, 0x93, 0x8c,
    0x86, 0x86, 0x86, 0x86, 0x86, 0x86, 0x8b, 0x8b, 0x8b, 0x86, 0x86, 0x86, 0x81, 0x81, 0xf0, 0x7d,
    0xf0, 0xf0, 0xf0, 0xf0, 0xf0, 0x81, 0x83, 0x83, 0x81, 0x81, 0xf0, 0x7d, 0x78, 0x7d, 0x7d, 0x78,
    0x76, 0x78, 0x76, 0x76, 0x78, 0x78, 0xf0, 0xf0, 0x81, 0x83, 0x83, 0x83, 0x83, 0x83, 0x8c, 0x95,
    0x97, 0x9b, 0x97, 0x97, 0x97, 0x97, 0x97, 0x97, 0x9b, 0x9b, 0x9b, 0x9b, 0x9b, 0x97, 0x97, 0x97,
    0x95, 0x93, 0x95, 0x93, 0x95, 0x95, 0x95, 0x95, 0x93, 0x95, 0x95, 0x93, 0x95, 0x8b, 0x86, 0x83,
    0x81, 0x86, 0x86, 0x83, 0x83, 0x86, 0x86, 0x86, 0x86, 0x86, 0x83, 0x86, 0x86, 0x86, 0x86, 0x86,
    0x86, 0x86, 0x8b, 0x92, 0x99, 0x99, 0x9c, 0x9c, 0x9f, 0x9f, 0x9f, 0xa2, 0xa6, 0xa7, 0xa2, 0x9c,
    0xa2, 0x9f, 0x9f, 0xa6, 0xa7, 0xa6, 0x9f, 0xb4, 0x17, 0x5f, 0x17, 0x23, 0x27, 0xb7, 0xbb, 0xb7,
    0xbb, 0xc2, 0xc2, 0xbb, 0xbe, 0xbb, 0xbb, 0xc3, 0xb7, 0xb7, 0xc0, 0x5f, 0x17, 0x6f, 0x75, 0x67,
    0x6c, 0x75, 0x61, 0x2c, 0x45, 0x39, 0x39, 0x37, 0x39, 0x39, 0x24, 0x37, 0x39, 0x2a, 0x32, 0x26,
    0x09, 0x19, 0x17, 0x0f, 0x09, 0x2a, 0x45, 0x40, 0x18, 0x04, 0x06, 0x0e, 0x1e, 0x2a, 0x25, 0x1b,
    0x09, 0x13, 0x19, 0x26, 0x33, 0x32, 0x2c, 0x2c, 0xb0, 0x9b, 0x1d, 0x14, 0x0e, 0x31, 0x3b, 0x3b,
    0x74, 0x74, 0x74, 0x74, 0x73, 0x73, 0x73, 0x73, 0x73, 0x73, 0x73, 0x6e, 0x73, 0x6e, 0x73, 0x6e,
    0x73, 0x73, 0x74, 0x74, 0x79, 0x7c, 0x7d, 0x7c, 0x80, 0x80, 0x79, 0x7c, 0x78, 0x7d, 0x7d, 0x7d,
    0x78, 0x7d, 0x7d, 0x7d, 0x7d, 0x7d, 0x7d, 0x7d, 0xf0, 0xf0, 0x83, 0x86, 0x86, 0x86, 0x86, 0x86,
    0x86, 0x86, 0x86, 0x8b, 0x95, 0x97, 0x97, 0x92, 0x8b, 0x8b, 0x8b, 0x8b, 0x92, 0x95, 0x93, 0x92,
    0x86, 0x86, 0x83, 0x83, 0x86, 0x86, 0x86, 0x8b, 0x92, 0x8c, 0x86, 0x86, 0x83, 0x81, 0x81, 0x81,
    0xf0, 0x7d, 0x7d, 0x7d, 0xf0, 0xf0, 0x81, 0x81, 0x81, 0x81, 0x83, 0xf0, 0xf0, 0x81, 0x81, 0x81,
    0xf0, 0x7d, 0x78, 0x78, 0x78, 0x7d, 0xf0, 0x83, 0x86, 0x86, 0x86, 0x83, 0x83, 0x81, 0x86, 0x8b,
    0x93, 0x97, 0x97, 0x9b, 0x9b, 0x9b, 0x9b, 0x97, 0x97, 0x97, 0x97, 0x9b, 0x9c, 0x9b, 0x9b, 0x9b,
    0x95, 0x99, 0x95, 0x95, 0x93, 0x95, 0x93, 0x93, 0x95, 0x97, 0x93, 0x95, 0x92, 0x8b, 0x86, 0x83,
    0x83, 0x83, 0x86, 0x86, 0x86, 0x86, 0x86, 0x86, 0x8b, 0x86, 0x81, 0xf0, 0x81, 0x81, 0x81, 0x84,
    0x86, 0x86, 0x86, 0x8d, 0x92, 0x99, 0x99, 0x9c, 0x9c, 0x9f, 0xa6, 0xa6, 0xa7, 0xa6, 0xa6, 0xa2,
    0xa7, 0xa2, 0xa2, 0xa7, 0xb4, 0xb4, 0xbb, 0x12, 0x85, 0xb3, 0xb6, 0x6f, 0x61, 0x17, 0xa8, 0xc3,
    0xbe, 0xc2, 0xc2, 0xbb, 0xb7, 0xc0, 0xbb, 0xc0, 0xc3, 0xc7, 0x5f, 0x61, 0x12, 0x75, 0x91, 0x8a,
    0x87, 0x87, 0x8e, 0x7f, 0x7f, 0x2c, 0x16, 0x08, 0x13, 0x1e, 0x33, 0x26, 0x1c, 0x18, 0x16, 0x26,
    0x39, 0x37, 0x1c, 0x0e, 0x0e, 0x16, 0x2a, 0x24, 0x19, 0x48, 0x2a, 0x06, 0x0c, 0x1e, 0x2a, 0x2a,
    0x21, 0x1c, 0x2a, 0x32, 0x35, 0x2a, 0x32, 0x32, 0x1e, 0x16, 0x13, 0x21, 0x3d, 0xa4, 0xa9, 0x31,
    0x73, 0x74, 0x74, 0x74, 0x74, 0x74, 0x74, 0x73, 0x73, 0x73, 0x72, 0x6e, 0x6e, 0x73, 0x6e, 0x73,
    0x6e, 0x6e, 0x74, 0x74, 0x79, 0x7c, 0x7c, 0x80, 0x81, 0x7c, 0x7c, 0x79, 0x78, 0x7d, 0x7d, 0x7d,
    0x7d, 0x7d, 0x7d, 0x7d, 0xf0, 0xf0, 0x7d, 0x7d, 0x7d, 0xf0, 0x81, 0x81, 0x86, 0x86, 0x8b, 0x8b,
    0x86, 0x86, 0x86, 0x86, 0x8b, 0x8b, 0x92, 0x93, 0x92, 0x8b, 0x8b, 0x8b, 0x95, 0x99, 0x95, 0x95,
    0x8b, 0x8b, 0x8b, 0x8b, 0x92, 0x92, 0x92, 0x92, 0x8b, 0x8b, 0x8c, 0x86, 0x86, 0x83, 0x83, 0x83,
    0xf0, 0x7d, 0x78, 0x78, 0x7d, 0x7d, 0x7d, 0x7d, 0xf0, 0x81, 0x81, 0x81, 0xf0, 0xf0, 0xf0, 0xf0,
    0xf0, 0x7d, 0x7d, 0x78, 0x78, 0x78, 0xf0, 0x83, 0x86, 0x86, 0x86, 0x86, 0x83, 0x86, 0x86, 0x8b,
    0x95, 0x93, 0x97, 0x95, 0x97, 0x97, 0x93, 0x95, 0x8b, 0x8b, 0x95, 0x95, 0x99, 0x9f, 0x9b, 0x95,
    0x95, 0x95, 0x95, 0x95, 0x95, 0x97, 0x95, 0x95, 0x93, 0x95, 0x95, 0x93, 0x93, 0x92, 0x86, 0x86,
    0x86, 0x83, 0x83, 0x81, 0x81, 0x83, 0x83, 0x86, 0x86, 0x86, 0x83, 0x81, 0x81, 0x81, 0x81, 0x84,
    0x84, 0x86, 0x8b, 0xf6, 0xf6, 0xf9, 0xa2, 0x9c, 0x9c, 0x9c, 0xa2, 0xa2, 0xa6, 0xa7, 0xa7, 0xae,
    0xa7, 0xa6, 0xa7, 0x81, 0x31, 0x31, 0x17, 0x6a, 0xa0, 0xb3, 0xa0, 0x85, 0x60, 0x0f, 0x0d, 0x27,
    0xcb, 0xc3, 0xc3, 0xc0, 0xbb, 0xbb, 0xc2, 0xc0, 0xc9, 0x18, 0x60, 0x6c, 0x6c, 0x7f, 0x2f, 0x87,
    0x7f, 0x7f, 0x7f, 0x6f, 0x29, 0x32, 0x48, 0x33, 0x0b, 0x16, 0x3c, 0x39, 0x2c, 0x14, 0x14, 0x13,
    0x1c, 0x39, 0x2a, 0x13, 0x13, 0x1c, 0x1e, 0x19, 0x45, 0x42, 0x33, 0x06, 0x0e, 0x01, 0x18, 0x26,
    0x1e, 0x1b, 0x0c, 0x16, 0x19, 0x2e, 0x2c, 0x19, 0x32, 0x2c, 0x3d, 0x40, 0x40, 0x32, 0x24, 0x28,
    0x6e, 0x73, 0x73, 0x74, 0x74, 0x79, 0x74, 0x73, 0x73, 0x6e, 0x6e, 0x73, 0x6e, 0x6e, 0x6e, 0x6e,
    0x72, 0x73, 0x74, 0x74, 0x78, 0x7c, 0x80, 0x80, 0x80, 0x7c, 0x79, 0x79, 0x7d, 0x7d, 0x78, 0x7d,
    0x7d, 0x7d, 0xf0, 0x7d, 0x7d, 0xf0, 0x81, 0xf0, 0xf0, 0x81, 0x81, 0x81, 0x81, 0x83, 0x86, 0x86,
    0x86, 0x86, 0x86, 0x86, 0x86, 0x86, 0x86, 0x8b, 0x92, 0x93, 0x8b, 0x8b, 0x92, 0x95, 0x99, 0x95,
    0x92, 0x8b, 0x8b, 0x8b, 0x8b, 0x8b, 0x8b, 0x8b, 0x86, 0x86, 0x86, 0x86, 0x83, 0x83, 0x81, 0x81,
    0xf0, 0x7d, 0x78, 0x78, 0x78, 0x78, 0x78, 0x7d, 0xf0, 0xf0, 0xf0, 0xf0, 0x7d, 0x7d, 0x7d, 0x7d,
    0xf0, 0xf0, 0xf0, 0x7d, 0x7d, 0x7d, 0xf0, 0x83, 0x83, 0x86, 0x86, 0x8b, 0x8b, 0x93, 0x95, 0x97,
    0x97, 0x97, 0x97, 0x97, 0x97, 0x97, 0x97, 0x95, 0x8b, 0x8c, 0x95, 0x95, 0x99, 0x9b, 0x99, 0x95,
    0x95, 0x95, 0x95, 0x93, 0x95, 0x93, 0x97, 0x95, 0x93, 0x95, 0x93, 0x95, 0x95, 0x92, 0x8b, 0x86,
    0x83, 0x83, 0x81, 0xf0, 0x83, 0x83, 0x83, 0x86, 0x86, 0x86, 0x86, 0x86, 0x83, 0x81, 0x84, 0x81,
    0x84, 0x86, 0x8b, 0x8d, 0xf6, 0x99, 0x9c, 0x9c, 0x9c, 0x9f, 0x9f, 0x8b, 0x27, 0x27, 0x2d, 0x86,
    0x92, 0x86, 0x31, 0x23, 0x1a, 0x08, 0x5f, 0x7b, 0x9a, 0x91, 0x67, 0x6a, 0x7b, 0x7f, 0x68, 0x0f,
    0x17, 0x17, 0x5e, 0x17, 0x27, 0x27, 0x74, 0x1d, 0x0d, 0x17, 0x5e, 0x6c, 0x94, 0x94, 0x98, 0x98,
    0x87, 0x68, 0x28, 0x17, 0x35, 0x4c, 0x38, 0x28, 0x0e, 0x1c, 0x06, 0x1e, 0x1e, 0x13, 0x0a, 0x0a,
    0x12, 0x1c, 0x25, 0x2a, 0x21, 0x15, 0x21, 0x48, 0x40, 0x3d, 0x3d, 0x1e, 0x06, 0x0b, 0x02, 0x1e,
    0x47, 0x45, 0x40, 0x13, 0x08, 0x03, 0x1e, 0x3b, 0x33, 0x1e, 0x16, 0x16, 0x13, 0x2c, 0x2d, 0x2d,
    0x6e, 0x6e, 0x72, 0x73, 0x73, 0x74, 0x74, 0x73, 0x73, 0x6e, 0x73, 0x6e, 0x6e, 0x6e, 0x73, 0x6e,
    0x73, 0x73, 0x73, 0x78, 0x79, 0x80, 0x80, 0x83, 0x83, 0x80, 0x80, 0x7c, 0x7d, 0x7d, 0x7d, 0x80,
    0x7d, 0xf0, 0x81, 0xf0, 0xf0, 0xf0, 0x80, 0x81, 0x81, 0x81, 0x83, 0x83, 0x83, 0x81, 0x83, 0x86,
    0x86, 0x8b, 0x86, 0x86, 0x86, 0x86, 0x86, 0x8b, 0x8b, 0x8b, 0x8b, 0x8b, 0x92, 0x93, 0x95, 0x95,
    0x95, 0x8b, 0x8b, 0x8b, 0x8b, 0x86, 0x86, 0x8b, 0x86, 0x86, 0x86, 0x83, 0x83, 0x83, 0x81, 0xf0,
    0xf0, 0x81, 0xf0, 0x7d, 0x7d, 0x78, 0x78, 0x7d, 0x7d, 0xf0, 0x7d, 0x7d, 0x7d, 0x7d, 0x7d, 0x78,
    0x7d, 0xf0, 0xf0, 0xf0, 0x7d, 0x7d, 0xf0, 0x81, 0x83, 0x86, 0x86, 0x8b, 0x95, 0x95, 0x97, 0x9b,
    0x9e, 0x9b, 0x97, 0x97, 0x97, 0x97, 0x97, 0x97, 0x95, 0x93, 0x93, 0x95, 0x9b, 0x95, 0x97, 0x95,
    0x95, 0x93, 0x93, 0x95, 0x97, 0x92, 0x97, 0x93, 0x93, 0x8b, 0x93, 0x93, 0x92, 0x8b, 0x8b, 0x86,
    0x83, 0x81, 0xf0, 0x7d, 0xf0, 0x81, 0x81, 0x83, 0x83, 0x86, 0x86, 0x86, 0x86, 0x83, 0x81, 0x81,
    0x81, 0x84, 0x86, 0x86, 0x92, 0x99, 0x9c, 0xa2, 0xa2, 0xa6, 0xa6, 0xa6, 0xa7, 0xa6, 0x9b, 0xb4,
    0x95, 0x23, 0x27, 0x1a, 0x0a, 0x5f, 0x61, 0x62, 0x62, 0x61, 0x61, 0x6a, 0x71, 0x77, 0x71, 0x12,
    0x5f, 0x62, 0x61, 0x62, 0x63, 0x61, 0x65, 0x1a, 0x5f, 0x68, 0x62, 0x7f, 0x8e, 0x98, 0x9d, 0x9d,
    0x94, 0x98, 0x29, 0x2e, 0x4a, 0x42, 0x3d, 0x45, 0x24, 0x0b, 0x24, 0x13, 0x1c, 0x1c, 0x21, 0x2a,
    0x2a, 0x21, 0x37, 0x32, 0x19, 0x35, 0x45, 0x3b, 0x26, 0x19, 0x24, 0x38, 0x16, 0x08, 0x3b, 0x40,
    0x33, 0x32, 0x38, 0x16, 0x08, 0x0b, 0x03, 0x21, 0x2c, 0x11, 0x1e, 0x21, 0x32, 0x28, 0x2c, 0x1c,
    0x6e, 0x73, 0x6e, 0x73, 0x73, 0x73, 0x74, 0x74, 0x73, 0x73, 0x73, 0x72, 0x6e, 0x73, 0x6e, 0x73,
    0x74, 0x73, 0x74, 0x79, 0x7c, 0x7c, 0x80, 0x80, 0x80, 0x80, 0x80, 0x7c, 0x7c, 0x7d, 0x7d, 0x7d,
    0xf0, 0x81, 0x81, 0xf0, 0x81, 0x83, 0x81, 0x83, 0x83, 0x83, 0x86, 0x86, 0x83, 0x83, 0x86, 0x86,
    0x8b, 0x8b, 0x86, 0x86, 0x86, 0x86, 0x8b, 0x8b, 0x8b, 0x8b, 0x8b, 0x8c, 0x8b, 0x8b, 0x92, 0x93,
    0x95, 0x8b, 0x8b, 0x8b, 0x8b, 0x86, 0x86, 0x86, 0x86, 0x86, 0x86, 0x83, 0x83, 0x86, 0x86, 0xf0,
    0xf0, 0xf0, 0xf0, 0xf0, 0xf0, 0x7d, 0x78, 0x78, 0x7d, 0xf0, 0x7d, 0x7d, 0x7d, 0x7d, 0x78, 0x76,
    0x78, 0xf0, 0x83, 0x81, 0x81, 0xf0, 0xf0, 0xf0, 0x83, 0x86, 0x8c, 0x86, 0x86, 0x8b, 0x92, 0x97,
    0x9b, 0x9b, 0x97, 0x97, 0x9b, 0x97, 0x9b, 0x9b, 0x97, 0x93, 0x95, 0x95, 0x95, 0x95, 0x93, 0x93,
    0x93, 0x95, 0x95, 0x97, 0x97, 0x95, 0x97, 0x97, 0x92, 0x8b, 0x8c, 0x8b, 0x86, 0x86, 0x86, 0x83,
    0x81, 0x81, 0xf0, 0x7d, 0xf0, 0x7d, 0xf0, 0x83, 0x86, 0x86, 0x83, 0x86, 0x86, 0x86, 0x86, 0x86,
    0x84, 0x86, 0x86, 0x8b, 0x92, 0x9c, 0xa6, 0xa7, 0xa7, 0xa7, 0xae, 0x8b, 0x8b, 0xa6, 0xa6, 0x95,
    0x31, 0x27, 0x83, 0x1d, 0xb3, 0xa0, 0x9a, 0x7b, 0x6c, 0x67, 0x67, 0x67, 0x75, 0x77, 0x77, 0x61,
    0x60, 0x65, 0x6f, 0x71, 0x7b, 0x7b, 0x85, 0x7b, 0x8a, 0x87, 0x94, 0x94, 0x94, 0x8e, 0x7f, 0x7f,
    0x68, 0x2f, 0x19, 0x47, 0x41, 0x41, 0x48, 0x4a, 0x1d, 0x0e, 0x16, 0x1c, 0x1e, 0x26, 0x26, 0x32,
    0x38, 0x2c, 0x1b, 0x0c, 0x45, 0x24, 0x1c, 0x13, 0x1c, 0x42, 0x47, 0x21, 0x0c, 0x3d, 0x33, 0x33,
    0x3b, 0x42, 0x3d, 0x19, 0x11, 0x1c, 0x17, 0x03, 0x01, 0x25, 0x2c, 0x29, 0x1e, 0x16, 0x31, 0x31,
    0x6e, 0x6e, 0x6e, 0x73, 0x73, 0x73, 0x73, 0x74, 0x74, 0x73, 0x73, 0x73, 0x73, 0x73, 0x73, 0x73,
    0x73, 0x74, 0x79, 0x79, 0x7c, 0x7c, 0x7c, 0x80, 0x80, 0x80, 0x80, 0x7c, 0x7d, 0x7d, 0x7d, 0xf0,
    0xf0, 0x81, 0x81, 0x81, 0x81, 0x81, 0x81, 0x83, 0x86, 0x86, 0x86, 0x86, 0x86, 0x86, 0x83, 0x86,
    0x86, 0x86, 0x86, 0x86, 0x86, 0x86, 0x8b, 0x92, 0x92, 0x8b, 0x8b, 0x8b, 0x8b, 0x8b, 0x8b, 0x8b,
    0x8b, 0x8b, 0x8b, 0x8c, 0x8b, 0x86, 0x83, 0x83, 0x86, 0x86, 0x86, 0x8b, 0x83, 0xf0, 0x81, 0xf0,
    0xf0, 0x7d, 0x7d, 0x7d, 0x78, 0x7d, 0x7d, 0x78, 0x7d, 0xf0, 0x7d, 0x7d, 0x7d, 0x7d, 0x78, 0x78,
    0x78, 0xf0, 0x81, 0x81, 0x83, 0x83, 0x83, 0x86, 0x86, 0x86, 0x86, 0x86, 0x86, 0x8b, 0x92, 0x93,
    0x95, 0x97, 0x9b, 0x9b, 0x9b, 0x97, 0x97, 0x97, 0x97, 0x97, 0x93, 0x93, 0x95, 0x8b, 0x93, 0x92,
    0x95, 0x93, 0x93, 0x95, 0x93, 0x93, 0x97, 0x9b, 0x95, 0x92, 0x8b, 0x8b, 0x86, 0x8b, 0x86, 0x86,
    0x83, 0x81, 0x81, 0x81, 0x83, 0x83, 0x86, 0x86, 0x86, 0x86, 0x8b, 0x8b, 0x92, 0x8b, 0x86, 0x86,
    0x86, 0x8b, 0x92, 0x92, 0x92, 0x99, 0xa2, 0xa6, 0xa7, 0x6e, 0x80, 0x92, 0xa6, 0xae, 0xa6, 0x95,
    0x95, 0xa8, 0x12, 0x7b, 0x8a, 0xa0, 0x98, 0x91, 0x94, 0x6c, 0x1d, 0x6f, 0x77, 0x65, 0x1a, 0x60,
    0x61, 0x62, 0x67, 0x71, 0x6a, 0x77, 0x6c, 0x77, 0x77, 0x8e, 0x8e, 0x9d, 0x94, 0x87, 0x63, 0x6c,
    0x77, 0x18, 0x2a, 0x48, 0x3f, 0x47, 0x4a, 0x3d, 0x12, 0x06, 0x18, 0x13, 0x0f, 0x18, 0x1d, 0x68,
    0x6f, 0x29, 0x75, 0x32, 0x19, 0x32, 0x2d, 0x1e, 0x24, 0x33, 0x06, 0x21, 0x45, 0x32, 0x2a, 0x28,
    0x18, 0x18, 0x21, 0x18, 0x16, 0x13, 0x32, 0x21, 0x09, 0x01, 0x13, 0x0c, 0x21, 0x2a, 0x36, 0x36,
    0x6e, 0x6e, 0x6e, 0x6e, 0x6e, 0x6e, 0x6e, 0x73, 0x74, 0x73, 0x73, 0x74, 0x74, 0x73, 0x74, 0x74,
    0x74, 0x79, 0x7c, 0x7c, 0x7c, 0x7c, 0x7c, 0x80, 0x80, 0x83, 0x80, 0xf0, 0x80, 0xf0, 0x7d, 0x81,
    0x80, 0x81, 0x81, 0x83, 0x83, 0x81, 0x81, 0x83, 0x86, 0x86, 0x86, 0x86, 0x86, 0x86, 0x86, 0x86,
    0x86, 0x86, 0x86, 0x86, 0x86, 0x8b, 0x8b, 0x92, 0x97, 0x92, 0x8b, 0x8b, 0x8b, 0x8b, 0x8c, 0x8b,
    0x8b, 0x93, 0x93, 0x8c, 0x86, 0x86, 0x83, 0x81, 0x81, 0x83, 0x86, 0x86, 0x83, 0x81, 0xf0, 0xf0,
    0xf0, 0xf0, 0xf0, 0xf0, 0xf0, 0x7d, 0x78, 0x7d, 0x81, 0xf0, 0x81, 0xf0, 0x7d, 0x78, 0x78, 0x78,
    0x7d, 0xf0, 0xf0, 0x81, 0x83, 0x88, 0x8c, 0x8b, 0x8b, 0x8b, 0x8b, 0x8b, 0x8b, 0x8b, 0x93, 0x93,
    0x95, 0x97, 0x9b, 0x9b, 0x9e, 0x9b, 0x9b, 0x97, 0x97, 0x97, 0x95, 0x92, 0x92, 0x93, 0x93, 0x95,
    0x93, 0x95, 0x95, 0x95, 0x97, 0x95, 0x95, 0x99, 0x9b, 0x95, 0x95, 0x95, 0x86, 0x86, 0x86, 0x86,
    0x86, 0x83, 0x81, 0x81, 0x81, 0x81, 0x83, 0x86, 0x86, 0x86, 0x86, 0x8b, 0x8b, 0x8b, 0x86, 0x86,
    0x84, 0x78, 0x8d, 0x92, 0x99, 0x99, 0x9c, 0xa7, 0xa6, 0x2d, 0x80, 0x93, 0x27, 0x23, 0x27, 0x9e,
    0xb7, 0x23, 0x20, 0x75, 0x77, 0x8e, 0x87, 0x1a, 0x61, 0x20, 0x5f, 0x17, 0x7f, 0x7f, 0x7f, 0x6f,
    0x77, 0x71, 0x67, 0x6a, 0x62, 0x13, 0x65, 0x67, 0x87, 0x8e, 0x71, 0x8e, 0x94, 0x6f, 0x7f, 0x6f,
    0x14, 0x32, 0x1b, 0x3c, 0x41, 0x48, 0x4a, 0x28, 0x21, 0x48, 0x21, 0x1e, 0x0b, 0x06, 0x0d, 0x18,
    0x24, 0x17, 0x18, 0x1e, 0x42, 0x47, 0x24, 0x1e, 0x11, 0x13, 0x40, 0x40, 0x3d, 0x3b, 0x11, 0x09,
    0x06, 0x16, 0x17, 0x04, 0x0f, 0x13, 0x13, 0x1c, 0x17, 0x13, 0x04, 0x24, 0x2a, 0x36, 0x2d, 0x1c,
    0x6e, 0x6e, 0x6e, 0x6e, 0x73, 0x6e, 0x73, 0x6e, 0x73, 0x73, 0x73, 0x74, 0x73, 0x74, 0x79, 0x79,
    0x79, 0x7d, 0x7c, 0x7c, 0x80, 0x80, 0x7c, 0x7c, 0x7c, 0xf0, 0xf0, 0x80, 0x80, 0x80, 0x80, 0xf0,
    0x81, 0x83, 0x81, 0x83, 0x86, 0x86, 0x83, 0x83, 0x86, 0x86, 0x86, 0x86, 0x86, 0x86, 0x86, 0x86,
    0x86, 0x86, 0x86, 0x86, 0x86, 0x86, 0x8b, 0x8b, 0x95, 0x97, 0x92, 0x92, 0x8b, 0x8b, 0x8b, 0x8b,
    0x93, 0x95, 0x95, 0x93, 0x86, 0x86, 0x83, 0xf0, 0xf0, 0xf0, 0xf0, 0xf0, 0x81, 0x81, 0x81, 0x81,
    0xf0, 0x81, 0x81, 0x81, 0x83, 0xf0, 0x7d, 0xf0, 0x83, 0x81, 0xf0, 0xf0, 0x78, 0x78, 0x76, 0x76,
    0xf0, 0xf0, 0x7d, 0xf0, 0x81, 0x86, 0x8c, 0x93, 0x8b, 0x93, 0x95, 0x93, 0x8b, 0x92, 0x92, 0x95,
    0x95, 0x93, 0x95, 0x9b, 0x9e, 0x9c, 0x97, 0x97, 0x97, 0x97, 0x93, 0x92, 0x8b, 0x92, 0x95, 0x93,
    0x95, 0x95, 0x93, 0x93, 0x95, 0x95, 0x95, 0x95, 0x9b, 0x95, 0x95, 0x99, 0x93, 0x8b, 0x86, 0x86,
    0x86, 0x86, 0x86, 0x86, 0x83, 0x86, 0x86, 0x8b, 0x8b, 0x8b, 0x8b, 0x92, 0x92, 0x8b, 0x86, 0x8b,
    0x8b, 0x8b, 0x92, 0x92, 0x92, 0x86, 0x27, 0x99, 0xa7, 0xae, 0xae, 0xaf, 0xb4, 0x31, 0x95, 0xbb,
    0xc3, 0x13, 0xaa, 0xad, 0x98, 0x8e, 0x37, 0x0f, 0x12, 0x75, 0x68, 0x20, 0x0a, 0x0e, 0x77, 0x7b,
    0x7b, 0x7f, 0x77, 0x18, 0x33, 0x36, 0x09, 0x1a, 0x6c, 0x77, 0x87, 0x77, 0x75, 0x8e, 0x87, 0x1d,
    0x38, 0x32, 0x28, 0x1e, 0x41, 0x47, 0x40, 0x37, 0x48, 0x4c, 0x3b, 0x09, 0x0b, 0x0a, 0x0b, 0x18,
    0x29, 0x63, 0x63, 0x75, 0x39, 0x2a, 0x2a, 0x24, 0x45, 0x48, 0x42, 0x40, 0x38, 0x1b, 0x3d, 0x39,
    0x16, 0x06, 0x07, 0x05, 0x05, 0x0d, 0x0e, 0x05, 0x0f, 0x0e, 0x0b, 0x03, 0x0e, 0x24, 0x31, 0x31,
    0x6e, 0x6e, 0x6e, 0x6e, 0x6e, 0x6e, 0x6e, 0x6e, 0x73, 0x73, 0x6e, 0x73, 0x73, 0x73, 0x74, 0x74,
    0x79, 0x7d, 0xf0, 0x7c, 0x80, 0x80, 0x7c, 0x7c, 0x7c, 0x7d, 0x7c, 0x80, 0x80, 0x80, 0x80, 0x81,
    0x83, 0x83, 0x83, 0x83, 0x83, 0x83, 0x83, 0x83, 0x83, 0x86, 0x86, 0x86, 0x86, 0x86, 0x86, 0x86,
    0x86, 0x86, 0x86, 0x86, 0x86, 0x86, 0x86, 0x8b, 0x92, 0x95, 0x95, 0x93, 0x8b, 0x86, 0x8b, 0x8b,
    0x93, 0x95, 0x95, 0x95, 0x93, 0x8b, 0x86, 0x81, 0xf0, 0xf0, 0xf0, 0xf0, 0xf0, 0x81, 0x81, 0x81,
    0xf0, 0xf0, 0x81, 0x81, 0xf0, 0x81, 0xf0, 0x78, 0x7d, 0xf0, 0x7d, 0xec, 0x78, 0x76, 0x78, 0x7d,
    0x7d, 0x7d, 0x7d, 0xf0, 0xf0, 0x83, 0x86, 0x8c, 0x93, 0x95, 0x97, 0x95, 0x92, 0x93, 0x93, 0x8b,
    0x95, 0x95, 0x93, 0x92, 0x97, 0x99, 0x95, 0x97, 0x92, 0x92, 0x92, 0x8b, 0x8b, 0x8b, 0x8b, 0x93,
    0x93, 0x95, 0x95, 0x92, 0x95, 0x93, 0x8b, 0x92, 0x92, 0x92, 0x95, 0x95, 0x92, 0x8b, 0x8b, 0x8b,
    0x8b, 0x92, 0x8b, 0x8b, 0x8b, 0x8b, 0x8b, 0x95, 0x92, 0x95, 0x95, 0x95, 0x9c, 0x95, 0x92, 0x92,
    0x92, 0x92, 0x92, 0x99, 0x9c, 0xa6, 0xa6, 0xa6, 0xa6, 0xa6, 0xac, 0xae, 0xbb, 0xc0, 0xbb, 0xc7,
    0x18, 0x82, 0x9d, 0xb3, 0x91, 0x7b, 0x2f, 0x62, 0x75, 0x65, 0x60, 0x82, 0x90, 0x6c, 0x05, 0x1a,
    0x77, 0x7f, 0x1e, 0x40, 0x50, 0x0f, 0x0a, 0x02, 0x5f, 0x6c, 0x94, 0x94, 0x87, 0x13, 0x13, 0x05,
    0x48, 0x19, 0x13, 0x18, 0x2e, 0x3c, 0x39, 0x41, 0x42, 0x42, 0x38, 0x62, 0x60, 0x5e, 0x62, 0x7f,
    0x6c, 0x62, 0x63, 0x62, 0x67, 0x68, 0x61, 0x29, 0x2c, 0x3b, 0x3b, 0x25, 0x1f, 0x2c, 0x2a, 0x0e,
    0x09, 0x13, 0x0d, 0x0c, 0x0d, 0x0a, 0x0a, 0x14, 0x03, 0x05, 0x0d, 0x0a, 0x0b, 0x16, 0x32, 0x1e,
    0x6e, 0x6b, 0x6e, 0x6e, 0x6e, 0x73, 0x6e, 0x73, 0x73, 0x73, 0x73, 0x73, 0x73, 0x74, 0x79, 0x79,
    0x7c, 0x79, 0x7c, 0x80, 0x80, 0x80, 0x80, 0x7c, 0x7d, 0x80, 0x7c, 0x80, 0x81, 0x83, 0x81, 0x81,
    0x83, 0x83, 0x83, 0x83, 0x83, 0x83, 0x83, 0x86, 0x86, 0x86, 0x86, 0x86, 0x86, 0x86, 0x86, 0x86,
    0x86, 0x86, 0x86, 0x86, 0x86, 0x86, 0x86, 0x86, 0x86, 0x8b, 0x8b, 0x93, 0x86, 0x84, 0x86, 0x86,
    0x92, 0x95, 0x97, 0x97, 0x95, 0x95, 0x8b, 0x83, 0x81, 0x81, 0xf0, 0xf0, 0xf0, 0xf0, 0xf0, 0x81,
    0x83, 0x83, 0x83, 0x83, 0x83, 0x81, 0xf0, 0xf0, 0xf0, 0xf0, 0xf0, 0x78, 0x7d, 0x7d, 0x7d, 0x7d,
    0x7d, 0x7d, 0x7d, 0xf0, 0xf0, 0xf0, 0x83, 0x88, 0x92, 0x93, 0x95, 0x93, 0x92, 0x92, 0x95, 0x97,
    0x9b, 0x99, 0x9b, 0x97, 0x97, 0x97, 0x9b, 0x97, 0x97, 0x95, 0x8b, 0x8b, 0x8b, 0x86, 0x8b, 0x8b,
    0x8b, 0x8b, 0x92, 0x95, 0x95, 0x99, 0x95, 0x95, 0x92, 0x92, 0x92, 0x8b, 0x8b, 0x8b, 0x8b, 0x92,
    0x92, 0x92, 0x8b, 0x93, 0x8b, 0x8b, 0x8b, 0x92, 0x92, 0x92, 0x95, 0x95, 0x95, 0x92, 0x95, 0x95,
    0x92, 0x99, 0x9c, 0x9f, 0xa6, 0xa7, 0x9f, 0xa6, 0x9c, 0xb4, 0xb4, 0xb7, 0xc0, 0xc2, 0xc3, 0x16,
    0x89, 0xb3, 0xad, 0x37, 0x20, 0x28, 0x90, 0x6f, 0x7f, 0x68, 0x5e, 0x6c, 0x68, 0x61, 0x0f, 0x0a,
    0x75, 0x19, 0x3d, 0x4c, 0x4c, 0x18, 0x06, 0x1a, 0x16, 0x65, 0x61, 0x26, 0x2e, 0x54, 0x32, 0x0f,
    0x0e, 0x13, 0x13, 0x13, 0x1e, 0x26, 0x2f, 0x28, 0x68, 0x6f, 0x77, 0x87, 0x7f, 0x71, 0x63, 0x60,
    0x61, 0x63, 0x6c, 0x71, 0x77, 0x67, 0x17, 0x26, 0x2c, 0x40, 0x3b, 0x3d, 0x19, 0x13, 0x0e, 0x26,
    0x24, 0x1c, 0x29, 0x31, 0x16, 0x36, 0x1d, 0x04, 0x0b, 0x16, 0x07, 0x0d, 0x0e, 0x21, 0x40, 0x32,
    0x6b, 0x6b, 0x6b, 0x6e, 0x6e, 0x6e, 0x6e, 0x73, 0x73, 0x73, 0x73, 0x73, 0x74, 0x74, 0x79, 0x79,
    0x79, 0x79, 0x7c, 0x7c, 0x80, 0x80, 0x80, 0x7c, 0x80, 0x80, 0x7d, 0xf0, 0xf0, 0x81, 0x80, 0x81,
    0x83, 0x83, 0x83, 0x86, 0x83, 0x86, 0x86, 0x86, 0x86, 0x86, 0x86, 0x86, 0x86, 0x84, 0x84, 0x86,
    0x86, 0x86, 0x8b, 0x8b, 0x86, 0x86, 0x86, 0x83, 0x81, 0x86, 0x86, 0x86, 0x86, 0x81, 0x83, 0x86,
    0x8c, 0x8b, 0x95, 0x95, 0x93, 0x95, 0x8b, 0x86, 0x81, 0x81, 0xf0, 0x7d, 0x7d, 0x78, 0x7d, 0xf0,
    0xf0, 0x81, 0x81, 0x83, 0x81, 0x83, 0x83, 0x81, 0x83, 0x81, 0x81, 0xf0, 0xf0, 0xf0, 0xf0, 0xf0,
    0xf0, 0xf0, 0xf0, 0xf0, 0x81, 0x81, 0x83, 0x86, 0x8c, 0x93, 0x93, 0x8c, 0x92, 0x95, 0x97, 0x99,
    0x9c, 0x9e, 0x9e, 0x9b, 0x97, 0x97, 0x99, 0x9b, 0x9e, 0x9b, 0x99, 0x95, 0x92, 0x8b, 0x8b, 0x8b,
    0x8b, 0x8b, 0x93, 0x95, 0x9c, 0x99, 0x9b, 0x95, 0x93, 0x92, 0x92, 0x8b, 0x8b, 0x86, 0x8b, 0x92,
    0x93, 0x8b, 0x8b, 0x8b, 0x8b, 0x8b, 0x92, 0x92, 0x99, 0x99, 0x99, 0x9c, 0x99, 0x9c, 0x92, 0x9c,
    0x9c, 0x9c, 0x9f, 0xa6, 0xa7, 0xae, 0xac, 0xac, 0xb7, 0xb7, 0xaf, 0xbe, 0xc2, 0xcb, 0x21, 0x18,
    0x2f, 0x89, 0x94, 0x98, 0x7f, 0x20, 0x1a, 0x62, 0x75, 0x68, 0x5f, 0x05, 0x03, 0x05, 0x0b, 0x1e,
    0x0a, 0x8e, 0x3f, 0x25, 0x33, 0x13, 0x0a, 0x29, 0x37, 0x65, 0x6c, 0x3a, 0x4e, 0x4c, 0x4c, 0x13,
    0x12, 0x1d, 0x1a, 0x17, 0x68, 0x17, 0x5d, 0x6c, 0x6f, 0x68, 0x75, 0x75, 0x77, 0x77, 0x71, 0x6a,
    0x71, 0x77, 0x77, 0x77, 0x77, 0x67, 0x1d, 0x32, 0x2c, 0x24, 0x2c, 0x1c, 0x42, 0x2c, 0x38, 0x2c,
    0x32, 0x40, 0x24, 0x18, 0x23, 0x0e, 0x32, 0x21, 0x14, 0x0e, 0x1c, 0x13, 0x16, 0x16, 0x15, 0x08,
    0x6b, 0x6b, 0x6b, 0x6b, 0x6b, 0x6e, 0x73, 0x6e, 0x6e, 0x72, 0x73, 0x73, 0x74, 0x74, 0x74, 0x79,
    0x79, 0x79, 0x7c, 0x80, 0x80, 0x80, 0x80, 0x80, 0x80, 0x7c, 0x7c, 0x7d, 0xf0, 0x80, 0x80, 0x83,
    0x83, 0x86, 0x83, 0x86, 0x86, 0x86, 0x86, 0x86, 0x86, 0x86, 0x86, 0x86, 0x86, 0x84, 0x86, 0x84,
    0x84, 0x86, 0x8b, 0x8b, 0x86, 0x86, 0x86, 0x86, 0x83, 0x81, 0x83, 0x86, 0x86, 0x86, 0x86, 0x86,
    0x86, 0x86, 0x8b, 0x8b, 0x95, 0x95, 0x93, 0x86, 0x83, 0x81, 0xf0, 0xf0, 0x78, 0x78, 0x7d, 0xf0,
    0xf0, 0xf0, 0x83, 0x83, 0x83, 0x86, 0x86, 0x86, 0x86, 0x83, 0x86, 0x86, 0xf0, 0x81, 0x81, 0x83,
    0x83, 0xf0, 0xf0, 0x83, 0x83, 0x86, 0x86, 0x86, 0x8c, 0x8b, 0x93, 0x93, 0x93, 0x93, 0x9b, 0xa3,
    0xa3, 0xa6, 0xa3, 0x9f, 0x9b, 0x9b, 0x97, 0x9b, 0x9f, 0xa3, 0x9c, 0x97, 0x95, 0x8b, 0x8b, 0x8b,
    0x8b, 0x8b, 0x95, 0x99, 0x9b, 0x9b, 0x95, 0x95, 0x8b, 0x8b, 0x8b, 0x8b, 0x86, 0x86, 0x83, 0x83,
    0x8b, 0x8b, 0x8b, 0x8b, 0x92, 0x8b, 0x92, 0x92, 0x99, 0x99, 0x99, 0x9c, 0xa2, 0xa2, 0xa2, 0xa2,
    0xa2, 0xa6, 0xa6, 0x95, 0xa6, 0xae, 0xb7, 0xb4, 0xbb, 0xbb, 0xc2, 0xc3, 0xcb, 0x38, 0x18, 0x8e,
    0x9d, 0x9d, 0xad, 0x8a, 0x8e, 0x0d, 0x0a, 0x75, 0x39, 0x5f, 0x08, 0x65, 0x5f, 0x12, 0x0f, 0xad,
    0x28, 0x0f, 0x12, 0x1d, 0x12, 0x8e, 0x1a, 0x12, 0x1a, 0x6c, 0x26, 0x4a, 0x3f, 0x41, 0x39, 0x1d,
    0x16, 0x0a, 0x14, 0x14, 0x62, 0x63, 0x67, 0x6c, 0x63, 0x5f, 0x60, 0x12, 0x17, 0x08, 0x07, 0x62,
    0x5f, 0x61, 0x77, 0x77, 0x7f, 0x6c, 0x62, 0x19, 0x13, 0x1e, 0x32, 0x42, 0x40, 0x42, 0x40, 0x38,
    0x2a, 0x1c, 0x40, 0x0b, 0x0b, 0x36, 0x26, 0x16, 0x1c, 0x33, 0x21, 0x09, 0x01, 0x02, 0x01, 0x06,
    0x6e, 0x6e, 0x6e, 0x6b, 0x6e, 0x6e, 0x6e, 0x6e, 0x73, 0x73, 0x74, 0x73, 0x74, 0x74, 0x79, 0x79,
    0x7d, 0x7d, 0x80, 0x80, 0x80, 0x80, 0x80, 0x80, 0x80, 0x80, 0x7c, 0x7d, 0x7d, 0x80, 0x80, 0x81,
    0x81, 0x86, 0x86, 0x86, 0x86, 0x86, 0x8c, 0x86, 0x86, 0x86, 0x86, 0x86, 0x86, 0x86, 0x86, 0x86,
    0x86, 0x86, 0x86, 0x86, 0x86, 0x84, 0x86, 0x86, 0x83, 0x83, 0x83, 0x83, 0x83, 0x86, 0x86, 0x83,
    0x86, 0x81, 0x86, 0x8b, 0x93, 0x92, 0x92, 0x8b, 0x86, 0x86, 0x83, 0xf0, 0x7d, 0x7d, 0x7d, 0x7d,
    0x81, 0xf0, 0x81, 0x83, 0x83, 0x86, 0x86, 0x86, 0x8b, 0x8c, 0x86, 0x8b, 0x8c, 0x8b, 0x83, 0x83,
    0x83, 0x83, 0x83, 0x83, 0x86, 0x86, 0x8b, 0x86, 0x8b, 0x86, 0x86, 0x86, 0x93, 0x92, 0x97, 0x9f,
    0xa3, 0xa3, 0x9f, 0x9e, 0x9e, 0x9b, 0x99, 0x9b, 0x9e, 0x9c, 0x9b, 0x97, 0x95, 0x93, 0x93, 0x8b,
    0x8b, 0x86, 0x95, 0x95, 0x9b, 0x9c, 0x99, 0x9b, 0x9b, 0x97, 0x92, 0x8b, 0x8b, 0x86, 0x86, 0x86,
    0x92, 0x8b, 0x8b, 0x8b, 0x92, 0x92, 0x8b, 0x92, 0x92, 0x99, 0x9c, 0x9c, 0x9c, 0x9c, 0xa2, 0xa2,
    0xa6, 0xa6, 0xae, 0xb4, 0xb4, 0xb7, 0xb4, 0xbb, 0xc3, 0xc9, 0xc7, 0xbe, 0x38, 0x2f, 0x98, 0x9d,
    0x98, 0x9d, 0xb3, 0xad, 0xb6, 0x7f, 0x08, 0x2f, 0x65, 0x0b, 0x20, 0x2f, 0x0a, 0x03, 0x6c, 0x14,
    0x0f, 0x05, 0x6f, 0x94, 0x68, 0x98, 0x75, 0x06, 0x62, 0x5f, 0x21, 0x48, 0x3f, 0x39, 0x28, 0x4a,
    0x41, 0x16, 0x1c, 0x61, 0x60, 0x6c, 0x62, 0x6c, 0x12, 0x06, 0x68, 0x75, 0x14, 0x6c, 0x0b, 0x5f,
    0x18, 0x18, 0x12, 0x77, 0x7f, 0x7f, 0x68, 0x28, 0x24, 0x24, 0x26, 0x24, 0x25, 0x1e, 0x19, 0x28,
    0x3d, 0x40, 0x2d, 0x0d, 0x03, 0x12, 0x18, 0x18, 0x19, 0x03, 0x14, 0x28, 0x3b, 0x2c, 0x2a, 0x38,
    0x6b, 0x6b, 0x6e, 0x6b, 0x6e, 0x6e, 0x73, 0x6e, 0x6e, 0x6e, 0x73, 0x74, 0x74, 0x79, 0x79, 0x7c,
    0x79, 0x7c, 0x7c, 0xf0, 0x80, 0x80, 0x80, 0xf0, 0xf0, 0x7c, 0x7c, 0x81, 0xf0, 0x80, 0x81, 0x83,
    0x83, 0x86, 0x86, 0x86, 0x86, 0x86, 0x86, 0x86, 0x86, 0x86, 0x86, 0x86, 0x86, 0x86, 0x86, 0x86,
    0x86, 0x86, 0x86, 0x86, 0x86, 0x86, 0x86, 0x86, 0x83, 0x83, 0x83, 0x83, 0x83, 0x83, 0x86, 0x86,
    0x83, 0x83, 0x83, 0x86, 0x92, 0x8b, 0x8b, 0x8b, 0x92, 0x8b, 0x86, 0x81, 0xf0, 0x7d, 0x78, 0x78,
    0x7d, 0xf0, 0x81, 0x83, 0x83, 0x86, 0x8b, 0x8c, 0x8b, 0x93, 0x95, 0x97, 0x99, 0x95, 0x8b, 0x86,
    0x81, 0x86, 0x86, 0x8c, 0x8b, 0x86, 0x86, 0x86, 0x86, 0x86, 0x83, 0x83, 0x86, 0x93, 0x95, 0x97,
    0x9b, 0x9b, 0x9b, 0x9b, 0x9b, 0x95, 0x95, 0x97, 0x9b, 0x99, 0x99, 0x9c, 0x9e, 0x97, 0x95, 0x93,
    0x92, 0x92, 0x99, 0x9c, 0x9f, 0x9f, 0x9f, 0x9f, 0x9f, 0x9e, 0x9b, 0x92, 0x86, 0x86, 0x86, 0x86,
    0x8b, 0x8b, 0x8b, 0x8b, 0x92, 0x92, 0x99, 0x99, 0x9c, 0xa6, 0xa6, 0xa6, 0xa6, 0xa7, 0xa6, 0xa7,
    0xae, 0xb4, 0xb7, 0xb7, 0xb4, 0xaf, 0xb4, 0xc0, 0xcb, 0x21, 0x0f, 0x20, 0xaa, 0xbc, 0xb3, 0xad,
    0xbc, 0xb3, 0xb3, 0xad, 0x94, 0x87, 0x12, 0x75, 0x29, 0x0b, 0xa5, 0x68, 0x14, 0x62, 0x61, 0x28,
    0x0b, 0x0a, 0x87, 0x17, 0x94, 0x82, 0x1a, 0x04, 0x0f, 0x60, 0x65, 0x18, 0x65, 0x65, 0x68, 0x2f,
    0x7f, 0x68, 0x67, 0x6f, 0x77, 0x6f, 0x6f, 0x12, 0x2f, 0x75, 0x0a, 0x04, 0x17, 0x5f, 0x07, 0x03,
    0x1e, 0x65, 0x04, 0x20, 0x6f, 0x6f, 0x6f, 0x2a, 0x29, 0x29, 0x65, 0x2c, 0x32, 0x1c, 0x32, 0x40,
    0x40, 0x38, 0x28, 0x17, 0x03, 0x05, 0x13, 0x13, 0x3b, 0x29, 0x08, 0x05, 0x1c, 0x1c, 0x18, 0x21,
    0x69, 0x6b, 0x6b, 0x6b, 0x6e, 0x6e, 0x6e, 0x6e, 0x73, 0x6e, 0x73, 0x74, 0x74, 0x78, 0x78, 0x7d,
    0x7c, 0x7c, 0x7c, 0x7c, 0x80, 0x80, 0x80, 0x80, 0xf0, 0x80, 0x80, 0x81, 0x83, 0x83, 0x83, 0x86,
    0x86, 0x86, 0x86, 0x86, 0x86, 0x86, 0x86, 0x86, 0x86, 0x86, 0x86, 0x86, 0x86, 0x86, 0x86, 0x86,
    0x86, 0x83, 0x86, 0x86, 0x86, 0x86, 0x83, 0x83, 0x83, 0x83, 0x81, 0x81, 0x81, 0x81, 0x83, 0x83,
    0x83, 0x83, 0x83, 0x86, 0x8b, 0x86, 0x8c, 0x8b, 0x8b, 0x86, 0x86, 0x81, 0xf0, 0x7d, 0x78, 0x78,
    0x78, 0x7d, 0xf0, 0x81, 0x83, 0x86, 0x8b, 0x8b, 0x8c, 0x93, 0x97, 0x97, 0x99, 0x9b, 0x93, 0x8c,
    0x86, 0x8b, 0x93, 0x95, 0x95, 0x92, 0x8c, 0x8b, 0x92, 0x86, 0x84, 0x86, 0x86, 0x86, 0x8b, 0x95,
    0x95, 0x97, 0x97, 0x95, 0x92, 0x95, 0x93, 0x95, 0x92, 0x95, 0x97, 0x9b, 0x9f, 0x9b, 0x99, 0x92,
    0x92, 0x8b, 0x92, 0x95, 0x9e, 0x9f, 0xa3, 0xa6, 0xa6, 0xa3, 0x9f, 0x95, 0x8b, 0x86, 0x86, 0x8b,
    0x8b, 0x8b, 0x8b, 0x8b, 0x8b, 0x95, 0x9c, 0x99, 0x9f, 0xa6, 0xa6, 0xa7, 0xa7, 0xae, 0xb4, 0xb4,
    0xb4, 0xb7, 0xb4, 0xb7, 0xaf, 0xb4, 0xa7, 0xbb, 0x23, 0x2f, 0x9a, 0xc4, 0xb3, 0xb3, 0xad, 0x9d,
    0x98, 0x98, 0x98, 0x8e, 0x67, 0x7b, 0x2f, 0x07, 0x12, 0x12, 0x6f, 0x68, 0x68, 0x7f, 0x6f, 0x68,
    0x1a, 0x04, 0x29, 0xa5, 0x47, 0x5e, 0x14, 0x0f, 0x0b, 0x61, 0x0d, 0x0b, 0x61, 0x5e, 0x60, 0x60,
    0x67, 0x6c, 0x6f, 0x6c, 0x7f, 0x6f, 0x6f, 0x0b, 0x75, 0x75, 0x12, 0x0d, 0x6c, 0x17, 0x0d, 0x20,
    0x36, 0x5f, 0x0a, 0x04, 0x04, 0x60, 0x5f, 0x61, 0x31, 0x16, 0x13, 0x13, 0x19, 0x3b, 0x42, 0x3d,
    0x3b, 0x3b, 0x2c, 0x1e, 0x05, 0x01, 0x16, 0x3d, 0x33, 0x2c, 0x13, 0x0d, 0x08, 0x09, 0x1c, 0x1c,
    0x69, 0x69, 0x6b, 0x6b, 0x6b, 0x6e, 0x6e, 0x6e, 0x6e, 0x6e, 0x73, 0x74, 0x74, 0x74, 0x79, 0x7c,
    0x7d, 0x80, 0x80, 0xf0, 0x80, 0x80, 0x80, 0x80, 0x80, 0x80, 0x81, 0x83, 0x83, 0x83, 0x83, 0x83,
    0x86, 0x86, 0x86, 0x86, 0x86, 0x86, 0x86, 0x86, 0x86, 0x86, 0x8b, 0x8b, 0x86, 0x86, 0x86, 0x86,
    0x86, 0x86, 0x86, 0x86, 0x86, 0x86, 0x84, 0x83, 0x83, 0x81, 0x81, 0xf0, 0xf0, 0xf0, 0x81, 0x83,
    0x83, 0x86, 0x86, 0x86, 0x86, 0x86, 0x86, 0x86, 0x86, 0x86, 0x83, 0x81, 0x81, 0xf0, 0x7d, 0x78,
    0x78, 0x78, 0x7d, 0xf0, 0x81, 0x86, 0x8c, 0x93, 0x8c, 0x93, 0x95, 0x95, 0x97, 0x95, 0x95, 0x93,
    0x93, 0x95, 0x95, 0x97, 0x9b, 0x97, 0x97, 0x95, 0x95, 0x8b, 0x86, 0x86, 0x86, 0x86, 0x86, 0x8b,
    0x95, 0x93, 0x95, 0x92, 0x8b, 0x86, 0x8b, 0x92, 0x93, 0x95, 0x92, 0x95, 0x99, 0x99, 0x99, 0x95,
    0x8b, 0x86, 0x8b, 0x8b, 0x95, 0x9c, 0x9f, 0xa6, 0xa6, 0xac, 0xa6, 0x9f, 0x99, 0x92, 0x92, 0x95,
    0x92, 0x92, 0x92, 0x95, 0x92, 0x95, 0x9c, 0x9f, 0x9f, 0xa6, 0xa7, 0xae, 0xae, 0xb4, 0xb4, 0xae,
    0xae, 0xb4, 0xbb, 0xc0, 0xb7, 0xb7, 0xb7, 0xc7, 0x10, 0xb3, 0xa0, 0xc4, 0xb6, 0xb6, 0x37, 0x89,
    0xa5, 0x6f, 0x7f, 0x7f, 0x75, 0x7f, 0x77, 0x65, 0x14, 0x12, 0x1a, 0x0f, 0x17, 0x37, 0x1d, 0x12,
    0x0f, 0x0a, 0x1d, 0x75, 0x40, 0x5f, 0x8e, 0x0f, 0x07, 0x05, 0x89, 0x14, 0x12, 0x1d, 0x1d, 0x68,
    0x6f, 0x77, 0x63, 0x8e, 0x7f, 0x6f, 0x06, 0x20, 0x7f, 0x60, 0x04, 0x75, 0x5f, 0x0f, 0x03, 0x14,
    0x1a, 0x03, 0x07, 0x5f, 0x12, 0x0b, 0x5e, 0x5f, 0x11, 0x45, 0x3d, 0x27, 0x31, 0x45, 0x2a, 0x2a,
    0x3b, 0x1c, 0x38, 0x32, 0x03, 0x13, 0x3b, 0x32, 0x2c, 0x28, 0x13, 0x08, 0x09, 0x13, 0x06, 0x03,
    0x66, 0x69, 0x69, 0x69, 0x6b, 0x6b, 0x6e, 0x72, 0x6e, 0x72, 0x72, 0x74, 0x74, 0x79, 0x79, 0x7d,
    0x7c, 0x7d, 0x80, 0x80, 0x80, 0x80, 0x80, 0x80, 0x81, 0x81, 0x83, 0x86, 0x83, 0x83, 0x83, 0x83,
    0x86, 0x86, 0x86, 0x86, 0x86, 0x86, 0x86, 0x86, 0x86, 0x86, 0x86, 0x86, 0x8b, 0x86, 0x83, 0x83,
    0x86, 0x86, 0x86, 0x83, 0x86, 0x86, 0x86, 0x83, 0x81, 0x83, 0x81, 0x81, 0xf0, 0xf0, 0x81, 0x83,
    0x86, 0x86, 0x8b, 0x8b, 0x8b, 0x8c, 0x8c, 0x86, 0x83, 0x83, 0x83, 0x83, 0x81, 0xf0, 0xf0, 0x7d,
    0x7d, 0x7d, 0x7d, 0x78, 0x81, 0x83, 0x83, 0x86, 0x86, 0x8b, 0x93, 0x8b, 0x92, 0x92, 0x99, 0x92,
    0x93, 0x93, 0x93, 0x97, 0x99, 0x95, 0x95, 0x97, 0x92, 0x8b, 0x86, 0x86, 0x86, 0x86, 0x86, 0x86,
    0x8c, 0x95, 0x99, 0x95, 0x8b, 0x86, 0x86, 0x8b, 0x95, 0x93, 0x95, 0x95, 0x99, 0x9c, 0x9f, 0x9f,
    0x9c, 0x95, 0x92, 0x92, 0x95, 0x99, 0x9f, 0xa6, 0xac, 0xa6, 0xa6, 0xa6, 0xa6, 0x9f, 0x9c, 0x9c,
    0x95, 0x99, 0x99, 0x99, 0x9c, 0x99, 0x9c, 0xa6, 0xa6, 0xa6, 0xae, 0xae, 0xae, 0xb4, 0xb4, 0xb4,
    0xaf, 0xb4, 0xbb, 0xbb, 0xbb, 0xbb, 0xc3, 0x0f, 0x89, 0xb6, 0xb3, 0x7b, 0x85, 0xa5, 0xa5, 0x33,
    0xb7, 0x17, 0x61, 0x61, 0x17, 0x67, 0x6f, 0x67, 0x75, 0x0f, 0x03, 0x05, 0x07, 0x0d, 0x0b, 0x0d,
    0x12, 0x02, 0x1a, 0x17, 0x17, 0x12, 0x0f, 0x04, 0x0b, 0x0d, 0x75, 0x0f, 0x0a, 0x5f, 0x1a, 0x75,
    0x7f, 0x75, 0x77, 0x77, 0x77, 0x65, 0x12, 0x62, 0x6f, 0x12, 0x14, 0x6c, 0x07, 0x0d, 0x75, 0x07,
    0x1a, 0x0b, 0x12, 0x0f, 0x0f, 0x06, 0x60, 0x0a, 0xb0, 0x28, 0x2c, 0x1e, 0x1c, 0x16, 0x33, 0x3b,
    0x3b, 0x38, 0x13, 0x04, 0x1c, 0x2c, 0x16, 0x18, 0x2c, 0x28, 0x18, 0x0e, 0x13, 0x0c, 0x1c, 0x13,
    0x66, 0x66, 0x69, 0x69, 0x69, 0x6b, 0x6e, 0x6e, 0x72, 0x6e, 0x72, 0x74, 0x74, 0x79, 0x79, 0x79,
    0x79, 0x7c, 0x80, 0x80, 0x80, 0x80, 0x80, 0x81, 0x83, 0x81, 0x83, 0x83, 0x86, 0x83, 0x86, 0x86,
    0x86, 0x86, 0x86, 0x86, 0x86, 0x86, 0x86, 0x86, 0x86, 0x86, 0x86, 0x86, 0x86, 0x86, 0x86, 0x81,
    0x83, 0x86, 0x86, 0x86, 0x83, 0x86, 0x83, 0x83, 0x81, 0x81, 0x81, 0x83, 0x81, 0x81, 0x81, 0x81,
    0x83, 0x86, 0x92, 0x8b, 0x8b, 0x8b, 0x86, 0x83, 0x83, 0x81, 0x83, 0x83, 0x83, 0xf0, 0xf0, 0xf0,
    0xf0, 0x7d, 0xf0, 0xf0, 0x81, 0x88, 0x86, 0x8b, 0x8b, 0x95, 0x93, 0x95, 0x93, 0x95, 0x92, 0x93,
    0x93, 0x8b, 0x97, 0x99, 0x99, 0x99, 0x93, 0x97, 0x92, 0x8b, 0x86, 0x86, 0x86, 0x86, 0x86, 0x86,
    0x86, 0x8b, 0x95, 0x92, 0x93, 0x8b, 0x8b, 0x8b, 0x8b, 0x93, 0x93, 0x95, 0x99, 0x9e, 0x9c, 0xa3,
    0x9f, 0x95, 0x95, 0x95, 0x95, 0x95, 0x99, 0x9c, 0xa6, 0xa6, 0x9f, 0x9f, 0x9f, 0x9f, 0x9f, 0x9c,
    0x9c, 0x9c, 0x99, 0x9c, 0xa2, 0xa2, 0x9c, 0xa7, 0xa6, 0xa7, 0xae, 0xb4, 0xb4, 0xb4, 0xb4, 0xae,
    0xb4, 0xb7, 0xbb, 0xbb, 0xc0, 0xcc, 0x13, 0x17, 0x2f, 0xad, 0x90, 0x98, 0x87, 0x68, 0xd0, 0x1e,
    0x37, 0x31, 0xa5, 0x2c, 0x77, 0x5e, 0x68, 0x6c, 0x71, 0x77, 0x6f, 0x0b, 0x13, 0x5f, 0x04, 0x0a,
    0x0a, 0x14, 0x0f, 0x07, 0x03, 0x08, 0x07, 0x12, 0x0f, 0x5f, 0x82, 0x12, 0x08, 0x17, 0x1a, 0x68,
    0x87, 0x7f, 0x75, 0x7f, 0x7f, 0x7f, 0x18, 0x12, 0x0d, 0x07, 0x0a, 0x0a, 0x07, 0x68, 0x61, 0x12,
    0x0b, 0x2f, 0x75, 0x65, 0x1a, 0x02, 0x0f, 0x5f, 0x28, 0x29, 0x32, 0x47, 0x3b, 0x06, 0x0e, 0x24,
    0x18, 0x1c, 0x3b, 0x40, 0x21, 0x0c, 0x19, 0x0b, 0x03, 0x0e, 0x1e, 0x08, 0x13, 0x18, 0x09, 0x18,
    0x66, 0x69, 0x69, 0x69, 0x69, 0x69, 0x6b, 0x6e, 0x6e, 0x73, 0x73, 0x74, 0x74, 0x74, 0x78, 0x78,
    0x7d, 0x7d, 0x80, 0x80, 0x80, 0x80, 0x80, 0x81, 0x83, 0x83, 0x83, 0x83, 0x86, 0x86, 0x86, 0x86,
    0x83, 0x86, 0x86, 0x86, 0x86, 0x86, 0x86, 0x86, 0x86, 0x86, 0x86, 0x86, 0x86, 0x86, 0x86, 0x86,
    0x86, 0x86, 0x86, 0x86, 0x86, 0x83, 0x83, 0x83, 0x83, 0x83, 0x83, 0x86, 0x86, 0x86, 0x86, 0x86,
    0x86, 0x86, 0x92, 0x8b, 0x8b, 0x8b, 0x86, 0x83, 0x81, 0xf0, 0xf0, 0x81, 0x83, 0x81, 0xf0, 0xf0,
    0xf0, 0xf0, 0xf0, 0xf0, 0x83, 0x88, 0x86, 0x8c, 0x8b, 0x93, 0x95, 0x95, 0x97, 0x93, 0x92, 0x8b,
    0x92, 0x95, 0x97, 0x9e, 0x9b, 0x99, 0x95, 0x92, 0x92, 0x93, 0x8b, 0x8b, 0x8b, 0x8b, 0x86, 0x86,
    0x86, 0x86, 0x8b, 0x93, 0x95, 0x95, 0x92, 0x8b, 0x8b, 0x93, 0x93, 0x93, 0x95, 0x99, 0x9b, 0x9c,
    0x9f, 0x9f, 0x9b, 0x95, 0x95, 0x95, 0x95, 0x9b, 0x9f, 0xa3, 0x9f, 0x9c, 0x99, 0x9f, 0xa6, 0x9f,
    0x9c, 0x9c, 0x9c, 0x99, 0x9f, 0x9c, 0x9c, 0xa2, 0xa6, 0xa7, 0xae, 0xb4, 0xb4, 0xb4, 0xbb, 0xb7,
    0xb7, 0xb7, 0xb4, 0xbb, 0xbb, 0x1d, 0xa5, 0x89, 0x89, 0xad, 0x89, 0x90, 0x67, 0x12, 0x75, 0x61,
    0xc0, 0x75, 0xb0, 0x61, 0x67, 0x5f, 0x71, 0x67, 0x7f, 0x7f, 0x77, 0x6c, 0x28, 0x20, 0x5f, 0x16,
    0x68, 0x65, 0x68, 0x75, 0x18, 0x1a, 0x20, 0x17, 0x5f, 0x0c, 0x0f, 0x0d, 0x0b, 0x68, 0x75, 0x77,
    0x6f, 0x63, 0x63, 0x67, 0x67, 0x6c, 0x62, 0x5e, 0x0a, 0x0f, 0x0a, 0x05, 0x12, 0x6f, 0x12, 0x5f,
    0x08, 0x31, 0x28, 0x36, 0x17, 0x0d, 0x07, 0x17, 0x26, 0x38, 0x3d, 0x28, 0x13, 0x18, 0x13, 0x08,
    0x29, 0x2a, 0x42, 0x21, 0x13, 0x2c, 0x18, 0x0a, 0x0b, 0x06, 0x02, 0x16, 0x1e, 0x16, 0x16, 0x09,
    0x66, 0x69, 0x69, 0x69, 0x69, 0x6b, 0x6b, 0x6b, 0x6e, 0x72, 0x72, 0x72, 0x76, 0x74, 0x74, 0x78,
    0x79, 0x7d, 0x7c, 0x80, 0x80, 0xf0, 0xf0, 0x80, 0x81, 0x83, 0x83, 0x86, 0x86, 0x86, 0x86, 0x86,
    0x86, 0x86, 0x86, 0x86, 0x86, 0x83, 0x83, 0x83, 0x83, 0x83, 0x86, 0x83, 0x83, 0x83, 0x86, 0x83,
    0x83, 0x81, 0x83, 0x83, 0x83, 0x81, 0x81, 0x81, 0x83, 0x83, 0x83, 0x86, 0x86, 0x86, 0x86, 0x86,
    0x86, 0x86, 0x86, 0x86, 0x86, 0x86, 0x86, 0x84, 0x81, 0xf0, 0x7d, 0x7d, 0xf0, 0xf0, 0xf0, 0x7d,
    0x7d, 0x7d, 0x78, 0xf0, 0xf0, 0x83, 0x83, 0x83, 0x83, 0x88, 0x8c, 0x8b, 0x92, 0x92, 0x8b, 0x93,
    0x92, 0x93, 0x93, 0x99, 0x97, 0x97, 0x95, 0x92, 0x8b, 0x8b, 0x93, 0x92, 0x92, 0x86, 0x86, 0x86,
    0x86, 0x83, 0x86, 0x92, 0x95, 0x95, 0x95, 0x93, 0x95, 0x95, 0x95, 0x95, 0x92, 0x97, 0x9b, 0x9c,
    0x9f, 0x9f, 0xa6, 0x9f, 0x99, 0x9c, 0x9e, 0x9f, 0xac, 0xa6, 0xa6, 0xac, 0xa6, 0xa3, 0xa6, 0xa6,
    0xa6, 0xa2, 0xa6, 0xa6, 0xae, 0xa6, 0xa2, 0xa2, 0xa7, 0xa7, 0xb4, 0xb4, 0xb7, 0xb7, 0xb4, 0xbb,
    0xc0, 0xbb, 0xc3, 0xa3, 0x08, 0x77, 0x77, 0x7b, 0x90, 0x89, 0x98, 0x09, 0x6c, 0x60, 0x1a, 0x12,
    0x7f, 0x68, 0x38, 0xba, 0x67, 0x14, 0x62, 0x67, 0x7f, 0x89, 0x98, 0x98, 0x7f, 0x6c, 0x62, 0x75,
    0x75, 0x75, 0x82, 0x75, 0x7f, 0x7f, 0x6c, 0x6f, 0x65, 0x75, 0x61, 0x61, 0x75, 0x6f, 0x77, 0x87,
    0x77, 0x71, 0x6f, 0x6a, 0x75, 0x77, 0x75, 0x68, 0x6c, 0x61, 0x63, 0x0b, 0x62, 0x60, 0x0a, 0x62,
    0x20, 0x0a, 0x0a, 0x1a, 0x12, 0x08, 0x0a, 0x14, 0x5f, 0x18, 0x19, 0x32, 0x42, 0x08, 0x0a, 0x16,
    0x06, 0xb0, 0x21, 0x2a, 0x3d, 0x3b, 0x13, 0x0e, 0x0f, 0x07, 0x04, 0x07, 0x5f, 0x18, 0x0e, 0x0e,
    0x66, 0x69, 0x6b, 0x69, 0x69, 0x69, 0x6b, 0x6b, 0x6d, 0x6e, 0x72, 0x72, 0x74, 0x74, 0x74, 0x76,
    0x78, 0x79, 0x7c, 0xf0, 0x7c, 0xf0, 0x80, 0x80, 0x81, 0x83, 0x83, 0x83, 0x86, 0x86, 0x83, 0x83,
    0x86, 0x86, 0x83, 0x83, 0x83, 0x83, 0x83, 0x83, 0x83, 0x83, 0x83, 0x83, 0x83, 0x83, 0x83, 0x81,
    0x81, 0x81, 0xf0, 0xf0, 0x81, 0x81, 0x83, 0x83, 0x83, 0x86, 0x86, 0x86, 0x86, 0x86, 0x86, 0x86,
    0x86, 0x86, 0x83, 0x83, 0x83, 0x86, 0x86, 0x83, 0x83, 0xf0, 0x78, 0x7d, 0x81, 0x83, 0x81, 0xf0,
    0xf0, 0x7d, 0x7d, 0x7d, 0xf0, 0x81, 0x83, 0x86, 0x86, 0x8c, 0x8b, 0x8b, 0x95, 0x93, 0x95, 0x95,
    0x95, 0x95, 0x95, 0x95, 0x95, 0x97, 0x97, 0x95, 0x93, 0x93, 0x8b, 0x97, 0x95, 0x95, 0x95, 0x95,
    0x8b, 0x86, 0x8b, 0x95, 0x9b, 0x9c, 0x99, 0x9b, 0x9b, 0x97, 0x95, 0x9b, 0x95, 0x95, 0x9b, 0x9c,
    0x9f, 0xa3, 0xa3, 0xa6, 0xa6, 0xa3, 0xa3, 0xa6, 0xa6, 0xa6, 0xa6, 0xa6, 0xa6, 0xa6, 0xa6, 0xae,
    0xa7, 0xa6, 0xa7, 0xae, 0xae, 0xae, 0xb4, 0xb4, 0xae, 0xb4, 0xb4, 0xb7, 0xb7, 0xbb, 0xbb, 0xbb,
    0xbb, 0xc3, 0x86, 0x13, 0x68, 0x62, 0x68, 0x75, 0x89, 0x85, 0x29, 0x98, 0x14, 0x75, 0x20, 0x6c,
    0x5f, 0x5d, 0x31, 0x42, 0x61, 0x67, 0x68, 0x89, 0x98, 0x7f, 0x89, 0x9d, 0x98, 0x7b, 0x67, 0x89,
    0x9d, 0x98, 0xad, 0x48, 0xb3, 0xb3, 0xa5, 0x98, 0x8e, 0x7f, 0x71, 0x87, 0x7f, 0x6f, 0x87, 0x87,
    0x7b, 0x7b, 0x7b, 0x7b, 0x7f, 0x6f, 0x65, 0x6c, 0x77, 0x6c, 0x12, 0x0d, 0x65, 0x6f, 0x5e, 0x0d,
    0x07, 0x02, 0x07, 0x0f, 0x0a, 0x18, 0x1d, 0x5f, 0x16, 0x2c, 0x45, 0x31, 0x3d, 0x3d, 0x08, 0x0d,
    0x0e, 0x02, 0x21, 0x45, 0xb0, 0x3d, 0x1c, 0x16, 0x0e, 0x21, 0x40, 0x0c, 0x08, 0x12, 0x14, 0x07,
    0x69, 0x69, 0x69, 0x6b, 0x6b, 0x69, 0x6b, 0x6e, 0x6e, 0x6e, 0x72, 0x74, 0x74, 0x74, 0x79, 0x78,
    0x7d, 0x7c, 0x7c, 0x7d, 0xf0, 0xf0, 0x80, 0x80, 0x80, 0x83, 0x81, 0x83, 0x83, 0x83, 0x83, 0x83,
    0x86, 0x83, 0x83, 0x83, 0x83, 0x81, 0x81, 0x83, 0x83, 0x83, 0x83, 0x83, 0x83, 0x83, 0x81, 0x81,
    0x81, 0x81, 0x81, 0x81, 0x83, 0x83, 0x84, 0x83, 0x83, 0x84, 0x83, 0x83, 0x86, 0x86, 0x86, 0x86,
    0x86, 0x86, 0x81, 0x83, 0x83, 0x88, 0x86, 0x86, 0x83, 0xf0, 0xf0, 0xf0, 0x81, 0x83, 0x81, 0x83,
    0xf0, 0xf0, 0xf0, 0xf0, 0xf0, 0x83, 0x83, 0x86, 0x86, 0x8c, 0x8c, 0x8c, 0x93, 0x95, 0x97, 0x93,
    0x97, 0x93, 0x95, 0x93, 0x95, 0x95, 0x93, 0x95, 0x95, 0x95, 0x92, 0x95, 0x99, 0x9f, 0x9f, 0x9e,
    0x97, 0x92, 0x8c, 0x92, 0x99, 0x99, 0x99, 0x97, 0x95, 0x8b, 0x92, 0x93, 0x95, 0x95, 0x95, 0x9b,
    0xa3, 0xa3, 0xa3, 0xa6, 0xac, 0xac, 0xac, 0xac, 0xac, 0xa6, 0xac, 0xac, 0xa6, 0xa6, 0xa6, 0x9f,
    0xa7, 0xae, 0xae, 0xae, 0xb4, 0xb7, 0xae, 0xb4, 0xb4, 0xaf, 0xb4, 0xb7, 0xbb, 0xc0, 0xc3, 0xbb,
    0xc0, 0x31, 0x0b, 0x17, 0x6f, 0x68, 0x6c, 0x75, 0x75, 0x6f, 0x94, 0x98, 0x6f, 0x94, 0x98, 0x63,
    0x62, 0x47, 0x3b, 0x6f, 0x5f, 0x6c, 0x94, 0x90, 0xa5, 0x98, 0x7f, 0xa5, 0x90, 0x77, 0x87, 0xb3,
    0xc8, 0x54, 0x43, 0x52, 0x57, 0x54, 0xc4, 0xb3, 0x9d, 0x94, 0x8e, 0x8e, 0x77, 0x77, 0x7f, 0x71,
    0x71, 0x6f, 0x71, 0x7f, 0x7f, 0x7f, 0x7f, 0x7f, 0x75, 0x6f, 0x6f, 0x14, 0x60, 0x60, 0x5e, 0x0f,
    0x0a, 0x0f, 0x0b, 0x06, 0x07, 0x12, 0x14, 0x0d, 0x3d, 0x39, 0x33, 0x05, 0x0d, 0x21, 0x26, 0x0a,
    0x0f, 0x13, 0x01, 0x08, 0x1e, 0x21, 0x21, 0x0e, 0x28, 0x3b, 0x11, 0x21, 0x06, 0x0a, 0x07, 0x0d,
    0x66, 0x69, 0x6b, 0x6b, 0x6b, 0x6b, 0x6b, 0x6e, 0x6e, 0x6e, 0x74, 0x74, 0x74, 0x74, 0x7d, 0x79,
    0x7d, 0x7d, 0x7c, 0x80, 0x7c, 0xf0, 0x80, 0xf0, 0x81, 0x83, 0x83, 0x83, 0x83, 0x83, 0x83, 0x83,
    0x83, 0x81, 0x83, 0x83, 0x81, 0xf0, 0x81, 0x81, 0x83, 0x83, 0x83, 0x83, 0x83, 0x83, 0x83, 0x81,
    0x81, 0x83, 0x83, 0x86, 0x86, 0x86, 0x86, 0x83, 0x81, 0x81, 0xf0, 0x81, 0x83, 0x86, 0x86, 0x86,
    0x86, 0x86, 0x86, 0x83, 0x86, 0x86, 0x86, 0x86, 0x83, 0x81, 0xf0, 0xf0, 0xf0, 0xf0, 0xf0, 0xf0,
    0x81, 0xf0, 0xf0, 0xf0, 0xf0, 0x81, 0x83, 0x83, 0x86, 0x8c, 0x8c, 0x8c, 0x95, 0x97, 0x99, 0x99,
    0x97, 0x99, 0x99, 0x99, 0x95, 0x92, 0x97, 0x99, 0x99, 0x93, 0x8b, 0x8b, 0x95, 0x9c, 0xa3, 0xa3,
    0x9f, 0x97, 0x8b, 0x92, 0x92, 0x95, 0x99, 0x95, 0x8b, 0x8b, 0x8b, 0x95, 0x95, 0x95, 0x95, 0x9f,
    0x9f, 0x9f, 0xa6, 0xac, 0xaf, 0xac, 0xac, 0xaf, 0xaf, 0xaf, 0xac, 0xb4, 0xac, 0xac, 0xa6, 0xa6,
    0xae, 0xb7, 0xb7, 0xb4, 0xb7, 0xaf, 0xb4, 0xa7, 0xb4, 0xbb, 0xbb, 0xb7, 0xbb, 0xc3, 0xc3, 0xc3,
    0x87, 0x68, 0x2f, 0x89, 0x6f, 0x6f, 0x7b, 0x77, 0x75, 0x61, 0x71, 0x0f, 0x17, 0x77, 0x12, 0x60,
    0x68, 0x38, 0x28, 0x7f, 0x6c, 0x77, 0x7b, 0x90, 0x94, 0xa5, 0x7b, 0x7f, 0x77, 0x77, 0xad, 0x58,
    0x57, 0x3d, 0xd6, 0x0e, 0x5c, 0x5a, 0x54, 0x4a, 0x9d, 0x8e, 0x71, 0x6a, 0x6a, 0x71, 0x7b, 0x85,
    0x77, 0x7b, 0x85, 0x85, 0x7b, 0x77, 0x7b, 0x6a, 0x77, 0x6c, 0x75, 0x7f, 0x68, 0x0a, 0x0a, 0x12,
    0x08, 0x14, 0x5f, 0x18, 0x62, 0x61, 0x0f, 0x24, 0x39, 0x2c, 0x24, 0x18, 0x04, 0x0b, 0x14, 0x0b,
    0x07, 0x0d, 0x1d, 0x3d, 0x31, 0x16, 0x03, 0x1c, 0x3b, 0x32, 0x31, 0x04, 0x0a, 0x08, 0x08, 0x0e,
    0x66, 0x69, 0x6b, 0x6b, 0x6b, 0x6b, 0x6b, 0x6d, 0x6e, 0x72, 0x73, 0x74, 0x74, 0x79, 0x79, 0x7c,
    0x7d, 0x7d, 0x7c, 0xf0, 0xf0, 0x80, 0x80, 0x80, 0x81, 0x83, 0x83, 0x83, 0x83, 0x83, 0x81, 0x83,
    0x83, 0x81, 0x81, 0x80, 0x81, 0x81, 0x81, 0x81, 0x81, 0x81, 0x83, 0x83, 0x86, 0x86, 0x83, 0x83,
    0x83, 0x83, 0x83, 0x83, 0x86, 0x86, 0x86, 0x83, 0x81, 0xf0, 0xf0, 0xf0, 0xf0, 0x83, 0x86, 0x86,
    0x83, 0x83, 0x83, 0x83, 0x83, 0x86, 0x81, 0xf0, 0xf0, 0x7d, 0x7d, 0x78, 0x76, 0x78, 0x78, 0x7d,
    0xf0, 0xf0, 0xf0, 0x81, 0x81, 0xf0, 0xf0, 0x83, 0x86, 0x86, 0x8b, 0x92, 0x95, 0x99, 0x9c, 0x9c,
    0x99, 0x99, 0x9f, 0x99, 0x9f, 0x99, 0x97, 0x9b, 0x9f, 0x99, 0x95, 0x95, 0x99, 0x99, 0x9e, 0xac,
    0xac, 0xa6, 0x9e, 0x99, 0x99, 0x9c, 0x9f, 0x9e, 0x9e, 0x9b, 0x99, 0x95, 0x9b, 0xa3, 0x9f, 0x9f,
    0x9c, 0xa6, 0xac, 0xaf, 0xb4, 0xaf, 0xb8, 0xb5, 0xb4, 0xb4, 0xaf, 0xb4, 0xaf, 0xb4, 0xa4, 0xac,
    0xaf, 0xb4, 0xb4, 0xb4, 0xb4, 0xb7, 0xb4, 0xb4, 0xbb, 0xbb, 0xbb, 0xc0, 0xc3, 0xb4, 0x6c, 0x68,
    0x17, 0x20, 0x6f, 0x71, 0x6c, 0x67, 0x60, 0x6c, 0x17, 0x0d, 0x12, 0x8e, 0x65, 0x0a, 0x77, 0x2c,
    0x5f, 0x5f, 0x62, 0x98, 0xa5, 0x9d, 0xa0, 0x9a, 0x89, 0x7f, 0x91, 0x7b, 0x7e, 0x9d, 0x45, 0x42,
    0x35, 0x2c, 0x15, 0x02, 0x32, 0x37, 0x4c, 0x57, 0xb6, 0x8a, 0x7b, 0x71, 0x71, 0x63, 0x62, 0x67,
    0x63, 0x6f, 0x7b, 0x85, 0x7b, 0x77, 0x71, 0x71, 0x7b, 0x87, 0x7f, 0x77, 0x6c, 0x67, 0x0b, 0x65,
    0x62, 0x61, 0x60, 0x5f, 0x14, 0x18, 0x0e, 0x82, 0x29, 0x21, 0x2c, 0x1a, 0x0b, 0x05, 0x0a, 0x14,
    0x18, 0x05, 0x0a, 0x0e, 0x27, 0x38, 0x3d, 0x1c, 0x03, 0x0e, 0x24, 0x0b, 0x02, 0x19, 0x38, 0x38,
    0x66, 0x69, 0x69, 0x6b, 0x6b, 0x6b, 0x6b, 0x6e, 0x6e, 0x6e, 0x74, 0x74, 0x78, 0x79, 0x7d, 0x7c,
    0x7d, 0x7d, 0x78, 0x7c, 0x7d, 0xf0, 0x80, 0x80, 0xf0, 0x81, 0x80, 0x80, 0x81, 0x80, 0x83, 0x83,
    0x83, 0x83, 0x81, 0x80, 0x81, 0x81, 0x81, 0x81, 0xf0, 0x81, 0x81, 0x81, 0x81, 0x84, 0x83, 0x83,
    0x86, 0x86, 0x86, 0x86, 0x84, 0x83, 0x81, 0xf0, 0xf0, 0xf0, 0x7d, 0x78, 0x78, 0x7d, 0xf0, 0x81,
    0x83, 0x83, 0x86, 0x86, 0x83, 0x86, 0x83, 0xf0, 0x81, 0xf0, 0xf0, 0x7d, 0xf0, 0x7d, 0xf0, 0x81,
    0x84, 0x83, 0x86, 0x86, 0x83, 0x83, 0x83, 0x83, 0x83, 0x86, 0x8b, 0x95, 0x99, 0x9b, 0x97, 0x97,
    0x92, 0x97, 0x99, 0x9f, 0x9f, 0x9f, 0x9f, 0x9b, 0x9b, 0x99, 0x99, 0x95, 0x92, 0x95, 0x95, 0x9f,
    0xa6, 0xac, 0xa6, 0x99, 0x95, 0x99, 0x9c, 0x9f, 0xa3, 0x9e, 0x9b, 0x9c, 0x9f, 0x9f, 0xa3, 0xa3,
    0xa3, 0xa9, 0xaf, 0xb4, 0xb5, 0xb5, 0xaf, 0xb5, 0xb8, 0xb7, 0xaf, 0xaf, 0xae, 0xb4, 0xaf, 0xb7,
    0xb7, 0xb4, 0xb7, 0xb7, 0xb4, 0xb4, 0xb4, 0xaf, 0xbb, 0xc0, 0x9b, 0x23, 0x1a, 0x77, 0x85, 0x6f,
    0x6f, 0x68, 0x6a, 0x6c, 0x63, 0x5e, 0x63, 0x7f, 0x62, 0xaa, 0x98, 0xa0, 0x98, 0x71, 0x71, 0x67,
    0x6c, 0x77, 0x98, 0xa5, 0xa5, 0xa5, 0x89, 0x94, 0x8e, 0x9a, 0x8a, 0x89, 0x98, 0x9d, 0x40, 0x5a,
    0x4e, 0x24, 0x1e, 0x13, 0x43, 0x4d, 0x13, 0x5a, 0xb3, 0xa5, 0x77, 0x77, 0x85, 0x77, 0x1a, 0x07,
    0x0a, 0x60, 0x0a, 0x77, 0x7f, 0x71, 0x6a, 0x6a, 0x6a, 0x77, 0x87, 0x85, 0x7b, 0x6a, 0x71, 0x71,
    0x6f, 0x6f, 0x67, 0x60, 0x65, 0x15, 0x37, 0x28, 0x13, 0x13, 0x18, 0x18, 0x0f, 0x0a, 0x05, 0x0a,
    0x12, 0x17, 0x1e, 0x36, 0x09, 0x08, 0x0d, 0x14, 0x1a, 0x09, 0x03, 0x03, 0x2c, 0x33, 0x2c, 0x26,
    0x69, 0x69, 0x69, 0x69, 0x6b, 0x6b, 0x6b, 0x6b, 0x6e, 0x73, 0x74, 0x79, 0x78, 0x7d, 0xf0, 0x7c,
    0x7c, 0x7d, 0x7d, 0x7c, 0x7c, 0xf0, 0x80, 0x7d, 0x7d, 0xf0, 0x7d, 0x7d, 0x7d, 0xf0, 0x80, 0x81,
    0x81, 0x80, 0xf0, 0xf0, 0x81, 0x81, 0xf0, 0xf0, 0x7d, 0x7d, 0xf0, 0xf0, 0xf0, 0x83, 0x83, 0x83,
    0x86, 0x86, 0x86, 0x86, 0x83, 0x81, 0xf0, 0xf0, 0x81, 0x81, 0xf0, 0x7d, 0x76, 0x78, 0x78, 0x81,
    0x86, 0x83, 0x83, 0x83, 0x83, 0x86, 0x83, 0x81, 0x81, 0x81, 0xf0, 0x7d, 0xf0, 0x7d, 0xf0, 0x84,
    0x83, 0x83, 0x84, 0x86, 0x83, 0x83, 0x86, 0x86, 0x83, 0x86, 0x86, 0x95, 0x99, 0x9c, 0x9f, 0x99,
    0x99, 0x99, 0x99, 0x99, 0x99, 0x9c, 0x9c, 0x99, 0x99, 0x9b, 0x9b, 0x99, 0x95, 0x95, 0x99, 0x99,
    0xa3, 0xac, 0xac, 0xa3, 0x9b, 0x95, 0x9e, 0x9f, 0x9f, 0x9b, 0x9e, 0xa6, 0xa4, 0xac, 0xa3, 0xa3,
    0xac, 0xac, 0xb4, 0xb2, 0xb8, 0xba, 0xb8, 0xb7, 0xb7, 0xb5, 0xb5, 0xb4, 0xaf, 0xb4, 0xb7, 0xb4,
    0xb4, 0xb4, 0xb7, 0xb7, 0xb4, 0xb4, 0xbb, 0xbb, 0xa4, 0x0b, 0x60, 0x7b, 0x7b, 0x85, 0x7b, 0x63,
    0x67, 0x62, 0x60, 0x62, 0x67, 0x5e, 0x61, 0x62, 0x68, 0x67, 0x60, 0x5f, 0x12, 0x63, 0x07, 0x5f,
    0x98, 0x9d, 0xa5, 0xbc, 0xad, 0xad, 0xaa, 0x90, 0x8e, 0x8e, 0x8a, 0x85, 0x87, 0x12, 0x13, 0x19,
    0x1c, 0x1b, 0x2e, 0x1f, 0x2e, 0x19, 0x0e, 0xb0, 0xc4, 0x9d, 0x87, 0x77, 0x14, 0x6f, 0x0d, 0x31,
    0x29, 0x12, 0x20, 0x0a, 0x67, 0x6a, 0x6a, 0x77, 0x7b, 0x71, 0x77, 0x7f, 0x6a, 0x61, 0x61, 0x5f,
    0x0f, 0x04, 0x62, 0x62, 0x13, 0x37, 0x26, 0x21, 0x2c, 0x28, 0x0e, 0x04, 0x0b, 0x0d, 0x0a, 0x04,
    0x07, 0x14, 0x2c, 0x1d, 0x12, 0x0e, 0x04, 0x02, 0x03, 0x13, 0x21, 0x19, 0x0c, 0x0e, 0x1e, 0x13,
    0x69, 0x69, 0x69, 0x69, 0x6b, 0x6b, 0x6b, 0x6e, 0x6e, 0x72, 0x74, 0x74, 0x79, 0x7c, 0x7c, 0x7c,
    0x80, 0x7c, 0x7c, 0x7c, 0x7c, 0x7c, 0x80, 0xf0, 0x7d, 0x7d, 0x7d, 0x7d, 0xf0, 0xf0, 0xf0, 0x81,
    0x81, 0xf0, 0x7d, 0x7d, 0xf0, 0x7d, 0xf0, 0x81, 0xf0, 0xf0, 0xf0, 0xf0, 0xf0, 0x81, 0x81, 0x83,
    0x86, 0x86, 0x86, 0x86, 0x86, 0x83, 0x81, 0x83, 0x84, 0x81, 0x81, 0x81, 0x7d, 0x78, 0x78, 0x81,
    0x83, 0x83, 0x81, 0x81, 0x81, 0x81, 0xf0, 0xf0, 0xf0, 0x7d, 0x7d, 0x7d, 0x7d, 0x78, 0x7d, 0xf0,
    0xf0, 0x81, 0x84, 0x84, 0x83, 0x83, 0x83, 0x86, 0x86, 0x86, 0x86, 0x93, 0x99, 0xa6, 0xa9, 0x9c,
    0x9c, 0x99, 0x97, 0x97, 0x97, 0x9e, 0x9f, 0x9f, 0x9e, 0x9c, 0x9c, 0x9f, 0x9c, 0x9f, 0x9c, 0x9f,
    0xa6, 0xaf, 0xb5, 0xaf, 0xa3, 0x99, 0x9e, 0x9e, 0x9f, 0x9f, 0xa3, 0xa4, 0xac, 0xac, 0xaf, 0xaf,
    0xb4, 0xb5, 0xb5, 0xba, 0xc0, 0xba, 0xba, 0xbb, 0xb7, 0xb7, 0xb7, 0xb7, 0xb7, 0xb7, 0xbb, 0xbb,
    0xb4, 0xb4, 0xb4, 0xb4, 0xb4, 0xc0, 0xcb, 0x2d, 0x06, 0x5f, 0x6c, 0x85, 0x91, 0x85, 0x77, 0x6a,
    0x6c, 0x67, 0x61, 0x0a, 0x5e, 0x71, 0x16, 0x65, 0x12, 0x0d, 0x60, 0x6f, 0x5e, 0x5f, 0x68, 0x82,
    0x94, 0xb6, 0xa5, 0x90, 0x89, 0x90, 0x90, 0x89, 0x89, 0x89, 0x8e, 0x87, 0xb3, 0x36, 0x4b, 0x21,
    0x3f, 0x3a, 0x43, 0x16, 0x1f, 0x0e, 0x1c, 0x48, 0xc4, 0xa5, 0x94, 0x5f, 0x20, 0x17, 0x05, 0x94,
    0x8e, 0x87, 0x6f, 0x1a, 0x0d, 0x62, 0x63, 0x67, 0x6c, 0x61, 0x63, 0x62, 0x60, 0x60, 0x0f, 0x18,
    0x2c, 0x0e, 0x01, 0x0a, 0x29, 0x21, 0x38, 0x3d, 0x37, 0x3d, 0x2c, 0x08, 0x02, 0x07, 0x0b, 0x14,
    0x0f, 0x0b, 0x08, 0x0f, 0x0e, 0x09, 0x09, 0x13, 0x17, 0x0b, 0x08, 0x13, 0x29, 0x2c, 0x38, 0x3b,
    0x66, 0x66, 0x69, 0x69, 0x6b, 0x6b, 0x6b, 0x6e, 0x6e, 0x6e, 0x72, 0x74, 0x78, 0x7c, 0x7c, 0x80,
    0xf0, 0xf0, 0xf0, 0xf0, 0x7d, 0x7c, 0x80, 0x80, 0x80, 0xf0, 0xf0, 0xf0, 0xf0, 0xf0, 0xf0, 0x80,
    0xf0, 0x7d, 0x7d, 0x7d, 0x7d, 0x7d, 0x7d, 0xf0, 0xf0, 0xf0, 0x7d, 0x7d, 0xf0, 0xf0, 0x81, 0xf0,
    0x83, 0x86, 0x86, 0x86, 0x83, 0x81, 0x81, 0x81, 0x81, 0x81, 0x84, 0x81, 0xf0, 0xef, 0x78, 0x7d,
    0x7d, 0xf0, 0x81, 0xf0, 0x81, 0x81, 0x84, 0x83, 0x81, 0xf0, 0xf0, 0xf0, 0xf0, 0x7d, 0x7d, 0xf0,
    0xf0, 0x83, 0x84, 0x83, 0x83, 0x84, 0x86, 0x8b, 0x8b, 0x8b, 0x8b, 0x8b, 0x93, 0x99, 0xa1, 0x9f,
    0x9c, 0x99, 0x97, 0x95, 0x92, 0x95, 0x99, 0x99, 0x99, 0x9c, 0x9c, 0x9c, 0x9f, 0x9f, 0x9f, 0x9f,
    0xa6, 0xac, 0xb4, 0xaf, 0xac, 0x9f, 0x9f, 0x9c, 0xa3, 0xa6, 0xaf, 0xaf, 0xb4, 0xb5, 0xb7, 0xb7,
    0xb7, 0xbe, 0xbe, 0xc2, 0xc3, 0xc7, 0xc7, 0xc7, 0xc0, 0xc0, 0xb4, 0xbb, 0xbb, 0xbb, 0xc0, 0xc0,
    0xbb, 0xb4, 0xb4, 0xb7, 0xbb, 0xb4, 0x17, 0x13, 0x1d, 0x61, 0x61, 0x65, 0x67, 0x6c, 0x71, 0x77,
    0x08, 0x5f, 0x61, 0x0d, 0x5f, 0x7f, 0x6f, 0x63, 0x60, 0x94, 0x63, 0x63, 0x62, 0x8e, 0xad, 0xb6,
    0xb6, 0xbc, 0x98, 0x7b, 0x98, 0xa5, 0x2f, 0x90, 0x2f, 0x6c, 0x67, 0x71, 0x9d, 0x31, 0x4d, 0x2c,
    0x16, 0x0e, 0x2e, 0x13, 0x25, 0x16, 0x0f, 0x48, 0x40, 0x94, 0x7f, 0x1a, 0x75, 0x08, 0x0a, 0x6f,
    0x12, 0x7f, 0x62, 0x14, 0x05, 0x67, 0x6f, 0x6a, 0x6c, 0x67, 0x67, 0x63, 0x5f, 0x13, 0x42, 0x45,
    0x40, 0x33, 0x0d, 0x01, 0x04, 0x18, 0x09, 0x13, 0x39, 0x2c, 0x24, 0x1d, 0x05, 0x04, 0x0b, 0x13,
    0x26, 0x2c, 0x32, 0x0e, 0x18, 0x42, 0x2c, 0x13, 0x06, 0x0f, 0x07, 0x07, 0x0d, 0x21, 0x1c, 0x18,
    0x66, 0x66, 0x69, 0x69, 0x6b, 0x6b, 0x6b, 0x6e, 0x6e, 0x72, 0x72, 0x76, 0x78, 0x7c, 0x7c, 0x7d,
    0x7d, 0x7d, 0xf0, 0x80, 0x7d, 0x7c, 0x7d, 0x80, 0x80, 0x81, 0xf0, 0xf0, 0xf0, 0x7d, 0xf0, 0x7d,
    0x7d, 0x7d, 0x78, 0x78, 0x78, 0x7d, 0x7d, 0xf0, 0xf0, 0x7d, 0xf0, 0x81, 0x81, 0x7d, 0xf0, 0xf0,
    0x81, 0x83, 0x86, 0x86, 0x86, 0x86, 0x83, 0x81, 0x81, 0x81, 0x81, 0x81, 0xf0, 0x7d, 0x7d, 0x7d,
    0x7d, 0xf0, 0xf0, 0xf0, 0xf0, 0xf0, 0x81, 0x81, 0x81, 0xf0, 0xf0, 0xf0, 0x7d, 0x7d, 0x7d, 0xf0,
    0x81, 0x84, 0x83, 0x86, 0x86, 0x86, 0x8b, 0x92, 0x97, 0x99, 0x95, 0x95, 0x92, 0x92, 0x9c, 0x9c,
    0x9c, 0x99, 0x99, 0x99, 0x95, 0x93, 0x95, 0x95, 0x95, 0x99, 0x99, 0x9c, 0x9c, 0x9f, 0xa3, 0xa6,
    0xa6, 0xa3, 0xaf, 0xaf, 0xac, 0xa4, 0x9f, 0x9f, 0x9f, 0xac, 0xaf, 0xb4, 0xb5, 0xb5, 0xb5, 0xb8,
    0xbe, 0xbe, 0xc2, 0xc0, 0xc2, 0xbb, 0xc3, 0xc3, 0xc3, 0xc7, 0xc2, 0xc3, 0xc2, 0xc3, 0xc2, 0xbb,
    0xc3, 0xc0, 0xc3, 0xc3, 0x23, 0x12, 0x62, 0x6c, 0x85, 0x91, 0x8a, 0x7b, 0x61, 0x62, 0x61, 0x6c,
    0x61, 0x5f, 0x62, 0x12, 0x61, 0x5e, 0x5e, 0x14, 0x5e, 0x63, 0x61, 0x5f, 0x14, 0x6c, 0x98, 0x82,
    0x89, 0x37, 0x82, 0xa5, 0x9a, 0x9a, 0x8a, 0x71, 0x85, 0x71, 0x6c, 0x6f, 0x9d, 0xc8, 0x32, 0x46,
    0x49, 0x21, 0x1f, 0x1e, 0x1c, 0x2a, 0x0d, 0xc8, 0x3d, 0x2d, 0x1d, 0x1a, 0x82, 0x65, 0x05, 0x12,
    0x12, 0x31, 0x87, 0x5e, 0x05, 0x63, 0x63, 0x67, 0x67, 0x13, 0x03, 0x14, 0x1c, 0x42, 0x31, 0x2c,
    0x3b, 0x42, 0x18, 0x0b, 0x04, 0x3b, 0x39, 0x0b, 0x0b, 0x0f, 0x17, 0x12, 0x0a, 0x0a, 0x40, 0x27,
    0x07, 0x06, 0x09, 0x40, 0x42, 0x33, 0x16, 0x07, 0x0f, 0x0c, 0x0b, 0x07, 0x08, 0x16, 0x18, 0x19,
    0x66, 0x66, 0x66, 0x69, 0x69, 0x69, 0x6b, 0x6e, 0x6e, 0x6e, 0x72, 0x73, 0x76, 0x74, 0x74, 0x79,
    0x79, 0x7d, 0x80, 0xf0, 0x7d, 0x7d, 0x7d, 0x7d, 0xf0, 0xf0, 0xf0, 0xf0, 0x7d, 0x7d, 0x7d, 0x7d,
    0x7d, 0x78, 0x78, 0x78, 0x78, 0x78, 0x78, 0x7d, 0x7d, 0x7d, 0xf0, 0x81, 0x81, 0xf0, 0x81, 0xf0,
    0x81, 0x81, 0x83, 0x86, 0x86, 0x86, 0x84, 0x83, 0x83, 0x81, 0x81, 0x81, 0x81, 0xf0, 0x7d, 0x7d,
    0x7d, 0xf0, 0xf0, 0xf0, 0xf0, 0xf0, 0xf0, 0x81, 0x81, 0x81, 0xf0, 0xf0, 0x7d, 0x7d, 0x7d, 0x78,
    0xf0, 0x81, 0x81, 0x83, 0x86, 0x86, 0x8b, 0x92, 0x95, 0x99, 0x99, 0x93, 0x93, 0x8b, 0x95, 0x97,
    0x99, 0x99, 0x97, 0x95, 0x93, 0x95, 0x93, 0x8b, 0x92, 0x99, 0x9c, 0x9c, 0x9c, 0x9f, 0xa6, 0xa6,
    0xa6, 0xa3, 0xac, 0xb5, 0xb5, 0xb2, 0xac, 0x9f, 0x9f, 0xac, 0xac, 0xb5, 0xba, 0xb7, 0xb4, 0xa4,
    0xbb, 0xbb, 0xc0, 0xc2, 0xc2, 0xc2, 0xc2, 0xc3, 0xcb, 0xcb, 0xc7, 0xc7, 0xc3, 0xc0, 0xbb, 0xc3,
    0xc3, 0xa3, 0x12, 0x0d, 0x5f, 0x6f, 0x6f, 0x6c, 0x67, 0x71, 0x6f, 0x68, 0x1a, 0x6f, 0x14, 0x6f,
    0x7f, 0x5e, 0x65, 0x0f, 0x0a, 0x14, 0x67, 0x9a, 0x63, 0x5e, 0x5e, 0x63, 0x8a, 0x7b, 0x63, 0x7f,
    0x82, 0x9a, 0x91, 0x90, 0x7b, 0x77, 0x77, 0x71, 0x77, 0x77, 0x85, 0x85, 0xa0, 0xc8, 0x32, 0x16,
    0x19, 0x13, 0x25, 0x0c, 0x15, 0x13, 0x1d, 0x4a, 0x94, 0x18, 0x20, 0x7f, 0x6c, 0x62, 0x12, 0x04,
    0x75, 0x94, 0x29, 0x14, 0x07, 0x75, 0x68, 0x68, 0x13, 0x29, 0x38, 0x02, 0x26, 0x18, 0x1c, 0x3d,
    0x40, 0x3b, 0x24, 0x12, 0x05, 0x33, 0x37, 0x1d, 0x07, 0x04, 0x03, 0x0d, 0x24, 0x26, 0x29, 0x18,
    0x06, 0x19, 0x3b, 0x1c, 0x0c, 0x3d, 0x2c, 0x0b, 0x08, 0x0d, 0x06, 0x0a, 0x18, 0x13, 0x05, 0x06,
    0x66, 0x66, 0x69, 0x69, 0x69, 0x69, 0x6b, 0x6b, 0x6e, 0x6e, 0x72, 0x72, 0x72, 0x76, 0x76, 0x78,
    0x78, 0x78, 0xf0, 0xf0, 0x80, 0xf0, 0x7d, 0x7d, 0xf0, 0xf0, 0xf0, 0x7d, 0x7d, 0x7d, 0xf0, 0x7d,
    0x7d, 0x7d, 0x7d, 0x78, 0x78, 0x76, 0x78, 0x78, 0x78, 0x78, 0x7d, 0x7d, 0xf0, 0xf0, 0x81, 0xf0,
    0xf0, 0xf0, 0x81, 0x83, 0x83, 0x83, 0x83, 0x84, 0x86, 0x83, 0x81, 0x81, 0x81, 0xf0, 0xf0, 0xf0,
    0xf0, 0x7d, 0xf0, 0xf0, 0xf0, 0xf0, 0xf0, 0xf0, 0x84, 0x81, 0xf0, 0xf0, 0x7d, 0x7d, 0x7d, 0x7d,
    0x7d, 0xf0, 0xf0, 0xf0, 0x83, 0x86, 0x8b, 0x92, 0x92, 0x97, 0x99, 0x99, 0x93, 0x95, 0x97, 0x95,
    0x97, 0x97, 0x97, 0x93, 0x95, 0x95, 0x95, 0x95, 0x97, 0x99, 0x9c, 0xa3, 0x9f, 0x9f, 0xa3, 0xa3,
    0xa3, 0xac, 0xaf, 0xb5, 0xb8, 0xba, 0xac, 0xa4, 0xac, 0xac, 0xb5, 0xb5, 0xb5, 0xb8, 0xbf, 0xbe,
    0xbe, 0xc3, 0xbb, 0xc0, 0xc3, 0xc0, 0xc0, 0xc3, 0xc3, 0xc7, 0xc7, 0xc9, 0xc3, 0xbb, 0xc0, 0xc3,
    0x7f, 0x0f, 0x71, 0x8e, 0x62, 0x6c, 0x77, 0x63, 0x61, 0x62, 0x62, 0x60, 0x61, 0x61, 0x6c, 0xa0,
    0x8e, 0x60, 0x94, 0x6a, 0x87, 0x91, 0x68, 0x75, 0x62, 0x77, 0x7b, 0x77, 0x7b, 0x8a, 0x90, 0x9d,
    0x98, 0x89, 0x90, 0x9a, 0xa0, 0x91, 0x8a, 0x8a, 0x9a, 0xa0, 0x91, 0x7b, 0x91, 0xbc, 0x42, 0x47,
    0x26, 0x04, 0x05, 0x06, 0x1c, 0x1e, 0x12, 0x3d, 0x2d, 0x1a, 0x65, 0x2f, 0x62, 0x60, 0x0d, 0x02,
    0x03, 0x18, 0x0d, 0x0d, 0x08, 0x5f, 0x20, 0x16, 0x32, 0x42, 0x33, 0x12, 0x06, 0x17, 0x32, 0x38,
    0x29, 0x3d, 0x3b, 0x0e, 0x0b, 0x16, 0x26, 0x26, 0x0f, 0x12, 0x0b, 0x0b, 0x13, 0x13, 0x06, 0x0e,
    0x3d, 0x38, 0x0e, 0x17, 0x23, 0x05, 0x0a, 0x0d, 0x0b, 0x0a, 0x0a, 0x13, 0x2d, 0xbe, 0x1c, 0x17,
    0xfc, 0x64, 0x66, 0x66, 0x69, 0x69, 0x69, 0x6b, 0x6d, 0x6e, 0x6e, 0x72, 0x72, 0x72, 0x74, 0x78,
    0x78, 0x78, 0x78, 0x78, 0x7d, 0x7d, 0x7d, 0x7d, 0x7d, 0xf0, 0xf0, 0xf0, 0x81, 0xf0, 0x81, 0xf0,
    0x7d, 0x7d, 0x7d, 0x7d, 0x78, 0x78, 0x78, 0x78, 0x7d, 0x7d, 0x7d, 0x7d, 0xf0, 0x81, 0x83, 0x83,
    0x83, 0x83, 0x81, 0x83, 0x83, 0x83, 0x83, 0x83, 0x83, 0x81, 0x81, 0x81, 0x81, 0xf0, 0x7d, 0x7d,
    0x7d, 0x7d, 0xf0, 0x81, 0xf0, 0xf0, 0xf0, 0xf0, 0xf0, 0xf0, 0x7d, 0x7d, 0x78, 0x78, 0x78, 0x78,
    0x78, 0x7d, 0x7d, 0xf0, 0x81, 0x86, 0x8b, 0x8b, 0x92, 0x95, 0x99, 0x99, 0x97, 0x99, 0x95, 0x99,
    0x95, 0x99, 0x99, 0x99, 0x95, 0x99, 0x9c, 0x99, 0x99, 0x9c, 0x9f, 0x9f, 0xa3, 0xa3, 0x9f, 0xa3,
    0xa6, 0xac, 0xb4, 0xb5, 0xb5, 0xb8, 0xb5, 0xb5, 0xb5, 0xb5, 0xb5, 0xb5, 0xb5, 0xb7, 0xb5, 0xb5,
    0xb5, 0xbe, 0xc2, 0xbe, 0xb4, 0xb7, 0xbb, 0xc0, 0xc3, 0xc7, 0xc7, 0xc3, 0xc3, 0xcb, 0xc3, 0x14,
    0x0e, 0x68, 0x85, 0x8a, 0x8a, 0x71, 0x5f, 0x67, 0x63, 0x63, 0x6a, 0x61, 0x12, 0x77, 0x62, 0x62,
    0x5f, 0x5e, 0x12, 0x0f, 0x61, 0x6a, 0x77, 0x77, 0x98, 0xad, 0x98, 0x71, 0x89, 0x85, 0x8a, 0x91,
    0x98, 0xa0, 0xa0, 0xa0, 0x9a, 0x77, 0x71, 0x7b, 0x85, 0x85, 0x85, 0x8a, 0x8a, 0x75, 0xad, 0x59,
    0x5b, 0x3a, 0x4d, 0x18, 0x5a, 0x8e, 0x18, 0x20, 0x1d, 0x0b, 0x12, 0x0f, 0x5e, 0x6c, 0x5e, 0x5f,
    0x07, 0x0d, 0x0b, 0x03, 0x0d, 0x62, 0x1e, 0x3d, 0x48, 0x39, 0x29, 0x14, 0x0f, 0x12, 0x21, 0x1c,
    0x3d, 0x47, 0x42, 0x0e, 0x0a, 0x05, 0x12, 0x26, 0x16, 0x0e, 0x18, 0x16, 0x13, 0x28, 0x29, 0x21,
    0x16, 0x1c, 0x1e, 0x3b, 0x38, 0x17, 0x08, 0x04, 0x04, 0x06, 0x31, 0xbe, 0xa8, 0x9e, 0x2d, 0x0b,
    0xfc, 0xfc, 0x64, 0x66, 0x69, 0x69, 0x6b, 0x6b, 0x6b, 0x6d, 0x6e, 0x72, 0x72, 0x72, 0x76, 0x76,
    0x78, 0x78, 0x76, 0x74, 0x78, 0x7d, 0x78, 0x7d, 0x7d, 0x7d, 0xf0, 0xf0, 0xf0, 0xf0, 0x81, 0x81,
    0xf0, 0x7d, 0x7d, 0x7d, 0x7d, 0x78, 0x78, 0x78, 0x7d, 0x7d, 0x7d, 0x7d, 0xf0, 0x81, 0x81, 0x83,
    0x86, 0x83, 0x83, 0x83, 0x83, 0x83, 0x81, 0x81, 0x81, 0x83, 0x81, 0x81, 0x83, 0x83, 0xf0, 0xf0,
    0xf0, 0xf0, 0x83, 0x83, 0xf0, 0xf0, 0xf0, 0xf0, 0xf0, 0xf0, 0x7d, 0x78, 0x7d, 0x78, 0x7d, 0x78,
    0x78, 0x78, 0x7d, 0xf0, 0xf0, 0x81, 0x86, 0x8b, 0x8b, 0x92, 0x99, 0x95, 0x99, 0x99, 0x99, 0x9b,
    0x97, 0x99, 0x99, 0x9b, 0x99, 0x99, 0x9c, 0x9b, 0x9e, 0x9f, 0x9e, 0x9f, 0x9e, 0x9f, 0x9f, 0xa6,
    0xa3, 0xa6, 0xaf, 0xb4, 0xb5, 0xba, 0xbe, 0xbe, 0xbe, 0xbe, 0xb8, 0xba, 0xb7, 0xb8, 0xba, 0xbe,
    0xbe, 0xba, 0xc7, 0xc3, 0xb7, 0xc0, 0xc3, 0xbb, 0xc7, 0xcb, 0xc3, 0xc9, 0xcb, 0x8f, 0x0b, 0x6a,
    0x8a, 0xb6, 0xb6, 0x85, 0x77, 0x6c, 0x14, 0x6c, 0x5e, 0x12, 0x6c, 0x98, 0x17, 0x61, 0x1a, 0x5f,
    0x7a, 0x62, 0x87, 0x9a, 0x12, 0x0f, 0x6f, 0x87, 0x75, 0x71, 0x7f, 0x71, 0x7b, 0x77, 0x77, 0x77,
    0x71, 0x71, 0x85, 0x8a, 0x91, 0x85, 0x8a, 0x91, 0x7b, 0x63, 0x6f, 0x71, 0x12, 0x26, 0x1c, 0x40,
    0x57, 0x1c, 0x2a, 0x0b, 0x4c, 0x24, 0x75, 0x17, 0x1d, 0x65, 0x29, 0x0f, 0x0b, 0x5e, 0x5e, 0x12,
    0x12, 0x07, 0x04, 0x5f, 0x17, 0x17, 0x42, 0x42, 0x40, 0x42, 0x29, 0x16, 0x1a, 0x16, 0x2a, 0x33,
    0x26, 0x40, 0x29, 0x24, 0x0b, 0x0f, 0x06, 0x05, 0x0a, 0x13, 0x13, 0x0e, 0x0b, 0x09, 0x13, 0x16,
    0x13, 0x21, 0xb2, 0x36, 0xb8, 0x1e, 0x5f, 0x0b, 0x17, 0x2d, 0xb5, 0xa4, 0x31, 0x9e, 0x2b, 0x0a,
    0xfc, 0xfc, 0xfc, 0x64, 0x66, 0x66, 0x69, 0x69, 0x69, 0x6b, 0x6d, 0x72, 0x72, 0x72, 0x76, 0x76,
    0x76, 0x78, 0x76, 0x78, 0x78, 0x78, 0xf0, 0x7d, 0x7d, 0x7d, 0x7d, 0x81, 0xf0, 0x81, 0x81, 0x81,
    0x7d, 0x7d, 0x7d, 0x78, 0x78, 0x78, 0x78, 0x78, 0x78, 0x78, 0x7d, 0x7d, 0xf0, 0xf0, 0x81, 0x81,
    0x83, 0x83, 0x83, 0x83, 0x84, 0x83, 0x81, 0x81, 0x81, 0x83, 0x83, 0x83, 0x81, 0x83, 0x81, 0xf0,
    0xf0, 0xf0, 0xf0, 0x83, 0xf0, 0x81, 0x83, 0x81, 0x83, 0x81, 0xf0, 0xf0, 0x7d, 0x7d, 0xf0, 0xf0,
    0x7d, 0x7d, 0x7d, 0xf0, 0xf0, 0x81, 0x84, 0x86, 0x8b, 0x93, 0x92, 0x99, 0x92, 0x99, 0x99, 0x9b,
    0x99, 0x97, 0x99, 0x99, 0x99, 0x9b, 0x9c, 0x9f, 0x9f, 0x9f, 0x9f, 0x9f, 0xa3, 0xa3, 0x9f, 0x9f,
    0xa3, 0xac, 0xac, 0xa6, 0xac, 0xb5, 0xb5, 0xba, 0xba, 0xb5, 0xba, 0xb7, 0xb8, 0xbe, 0xc3, 0xb7,
    0xc2, 0xb5, 0xbe, 0xc2, 0xc7, 0xbb, 0xc3, 0xbb, 0xcb, 0xce, 0xc7, 0xa1, 0x17, 0x5f, 0x6c, 0x75,
    0x9a, 0x8a, 0x89, 0x85, 0x7b, 0x7f, 0x77, 0x75, 0x71, 0x05, 0x6f, 0xaa, 0x61, 0x0b, 0x77, 0x60,
    0x5e, 0x62, 0x7f, 0x67, 0x6a, 0x7b, 0x7b, 0x7b, 0x9d, 0x8a, 0x8a, 0x71, 0x71, 0x75, 0x77, 0x7e,
    0x6c, 0x75, 0x75, 0x77, 0x75, 0x68, 0x62, 0x06, 0x0f, 0x7b, 0x63, 0x0b, 0x1a, 0x94, 0x94, 0x2c,
    0xcd, 0x2a, 0x19, 0x3d, 0x17, 0x5f, 0x75, 0x12, 0x20, 0x82, 0x31, 0x5e, 0x0a, 0x14, 0x0f, 0x1a,
    0x0b, 0x07, 0x0b, 0x12, 0x17, 0x5f, 0x1d, 0x26, 0x3b, 0x2c, 0x1e, 0x1c, 0x2c, 0x33, 0x37, 0x29,
    0x1c, 0x2c, 0x42, 0x42, 0x24, 0x13, 0x1e, 0x17, 0x21, 0x24, 0x3c, 0x28, 0x07, 0x0b, 0x21, 0x2c,
    0x13, 0xb0, 0x38, 0xc9, 0x31, 0x31, 0x0b, 0x0b, 0x0b, 0x17, 0x28, 0x79, 0xac, 0xa8, 0x9e, 0x31,
    0xfc, 0xfc, 0x66, 0xfc, 0x66, 0x69, 0x69, 0x6b, 0x6b, 0x6b, 0x6d, 0x6d, 0x72, 0x72, 0x76, 0x76,
    0x76, 0x76, 0x76, 0x78, 0x78, 0x78, 0x78, 0x78, 0x76, 0x78, 0x7d, 0x7d, 0x7d, 0x81, 0x81, 0xf0,
    0x7d, 0x78, 0x7d, 0x78, 0x78, 0x78, 0x78, 0x78, 0x78, 0x78, 0x78, 0x7d, 0x7d, 0xf0, 0xf0, 0xf0,
    0x81, 0x81, 0x83, 0x83, 0x81, 0x81, 0x81, 0xf0, 0xf0, 0x81, 0x81, 0x81, 0x81, 0xf0, 0xf0, 0xf0,
    0xf0, 0xf0, 0xf0, 0x81, 0x81, 0xf0, 0xf0, 0x81, 0x81, 0x83, 0x83, 0xf0, 0x7d, 0x7d, 0x81, 0xf0,
    0x81, 0xf0, 0xf0, 0x83, 0x81, 0x81, 0x83, 0x86, 0x8b, 0x8b, 0x8b, 0x92, 0x8b, 0x92, 0x95, 0x95,
    0x95, 0x97, 0x92, 0x92, 0x99, 0x99, 0x99, 0x9f, 0x9f, 0x9f, 0x9f, 0xa3, 0xa3, 0xa6, 0xac, 0xa4,
    0xac, 0xaf, 0xaf, 0xaf, 0xac, 0xaf, 0xac, 0xb8, 0xbe, 0xba, 0xb7, 0xb5, 0xb7, 0xb7, 0xb5, 0xb4,
    0xc0, 0xc0, 0xba, 0xc0, 0xc7, 0xcb, 0xc3, 0xcc, 0xc3, 0x27, 0x18, 0x12, 0x5f, 0x1d, 0x2f, 0x90,
    0x91, 0x85, 0x7b, 0x77, 0x5f, 0x5e, 0x04, 0x04, 0x61, 0x5e, 0xa0, 0x60, 0x60, 0x5f, 0x5f, 0x62,
    0x5e, 0x60, 0x0f, 0x77, 0x89, 0xa5, 0xa0, 0x8a, 0xa0, 0x8a, 0x77, 0x77, 0x7b, 0x0f, 0x68, 0x6c,
    0x6c, 0x6c, 0x6f, 0x62, 0x0d, 0x6c, 0x0f, 0x61, 0x5e, 0x17, 0x0b, 0x1a, 0x1d, 0x28, 0x2f, 0x75,
    0x18, 0x9d, 0x40, 0x20, 0x0d, 0x1a, 0x17, 0x2f, 0x6c, 0x0b, 0x0f, 0x62, 0x12, 0x0f, 0x12, 0x0a,
    0x1d, 0x5f, 0x1d, 0x5e, 0x60, 0x5f, 0x61, 0x5f, 0x0f, 0x5f, 0x2a, 0x21, 0x29, 0x82, 0x37, 0x13,
    0x12, 0x40, 0x45, 0xbe, 0x45, 0x26, 0x16, 0x13, 0x2c, 0x2c, 0x28, 0x28, 0x33, 0x40, 0x3b, 0x19,
    0x38, 0x3b, 0xc6, 0xc2, 0xc2, 0x1e, 0x27, 0x14, 0x5f, 0x95, 0xb2, 0xbe, 0xa4, 0xba, 0xbe, 0x31,
    0xfc, 0x66, 0xfc, 0xfc, 0x66, 0x69, 0x69, 0x6b, 0x6b, 0x6b, 0x6b, 0x6d, 0x72, 0x72, 0x76, 0x76,
    0x76, 0x76, 0x76, 0x78, 0x78, 0x78, 0x78, 0x78, 0x76, 0x78, 0x7d, 0x7d, 0x7d, 0x7d, 0x7d, 0x7d,
    0x7d, 0x78, 0x78, 0x78, 0x78, 0x78, 0x78, 0x78, 0x78, 0x78, 0x78, 0x78, 0x7d, 0x7d, 0x7d, 0x7d,
    0x7d, 0xf0, 0xf0, 0x81, 0xf0, 0xf0, 0x81, 0xf0, 0xf0, 0x81, 0x81, 0xf0, 0x81, 0x83, 0x81, 0xf0,
    0xf0, 0xf0, 0xf0, 0xf0, 0x7d, 0x7d, 0xf0, 0xf0, 0x7d, 0xf0, 0xf0, 0xf0, 0x78, 0x78, 0x78, 0x7d,
    0x7d, 0xf0, 0x81, 0x83, 0x81, 0x86, 0x86, 0x86, 0x8b, 0x92, 0x95, 0x92, 0x95, 0x92, 0x8b, 0x8b,
    0x92, 0x92, 0x8b, 0x93, 0x95, 0x95, 0x99, 0x99, 0x9c, 0x9c, 0xa3, 0xa6, 0xac, 0xb4, 0xb4, 0xb5,
    0xa8, 0xa4, 0xa8, 0xb0, 0xb5, 0xb5, 0xb8, 0xb8, 0xbe, 0xc2, 0xbe, 0xba, 0xb4, 0xc0, 0xc3, 0xce,
    0xc9, 0xc9, 0xcb, 0xcb, 0xc9, 0xc7, 0x9b, 0x09, 0x0d, 0x6f, 0x8a, 0x9d, 0x89, 0x90, 0x89, 0x7b,
    0x89, 0x89, 0x8a, 0x65, 0x6a, 0x14, 0x77, 0x06, 0x68, 0x5e, 0x5f, 0x5f, 0x20, 0x17, 0x0b, 0x5e,
    0x0d, 0x6a, 0x77, 0x98, 0x8a, 0xa5, 0x98, 0x71, 0x75, 0x75, 0x75, 0x6a, 0x61, 0x1d, 0x12, 0x0d,
    0x0b, 0x05, 0x12, 0x18, 0x20, 0x05, 0x5f, 0x6c, 0x0f, 0x0b, 0x6f, 0x6c, 0x14, 0x0f, 0x0f, 0x0e,
    0x26, 0x5f, 0x14, 0x5e, 0x0b, 0x03, 0x5f, 0x68, 0x21, 0xd0, 0x2c, 0x12, 0x0b, 0x0f, 0x0b, 0x20,
    0x06, 0x0b, 0x0a, 0x60, 0x63, 0x60, 0x07, 0x18, 0x2d, 0x08, 0x0c, 0x33, 0x2a, 0x26, 0x21, 0x29,
    0x39, 0x37, 0x39, 0x42, 0x38, 0x38, 0x28, 0x2c, 0x28, 0x28, 0x18, 0x26, 0x1c, 0x1c, 0x14, 0x6e,
    0x2d, 0x3d, 0xc9, 0xb8, 0xb8, 0x31, 0x18, 0x31, 0x07, 0x0f, 0xb2, 0x8c, 0x31, 0x97, 0xc2, 0x31,
    0x64, 0x64, 0xe5, 0x64, 0x64, 0x66, 0x69, 0x6b, 0x6b, 0x6b, 0x72, 0x72, 0x72, 0x76, 0x76, 0x76,
    0x78, 0x78, 0x78, 0x78, 0x78, 0x7d, 0x7d, 0x78, 0x78, 0x78, 0x78, 0x78, 0x78, 0x7d, 0x7d, 0x7d,
    0x78, 0x78, 0x76, 0x76, 0x76, 0x76, 0x78, 0x76, 0x76, 0x78, 0x78, 0x78, 0x78, 0x7d, 0x7d, 0x7d,
    0x78, 0x7d, 0xf0, 0xf0, 0xf0, 0xf0, 0xf0, 0xf0, 0xf0, 0xf0, 0xf0, 0xf0, 0xf0, 0xf0, 0xf0, 0xf0,
    0xf0, 0xf0, 0xf0, 0xf0, 0x7d, 0x7d, 0x7d, 0xf0, 0x7d, 0xf0, 0xf0, 0xf0, 0xf0, 0x7d, 0x7d, 0x7d,
    0x7d, 0xf0, 0x83, 0x83, 0x86, 0x86, 0x86, 0x86, 0x8b, 0x92, 0x95, 0x92, 0x92, 0x92, 0x8b, 0x86,
    0x86, 0x86, 0x86, 0x8b, 0x92, 0x95, 0x99, 0x99, 0x99, 0x9c, 0x9f, 0xac, 0xac, 0xaf, 0xaf, 0xb5,
    0xb5, 0xac, 0xb5, 0xb0, 0xb0, 0xb8, 0xa8, 0xaf, 0xbe, 0xc0, 0xbe, 0xc6, 0xbe, 0xc9, 0xcc, 0xce,
    0xce, 0xcc, 0xc9, 0xcb, 0xcc, 0x9b, 0x17, 0xa0, 0x8a, 0x9d, 0xaa, 0xaa, 0x91, 0x91, 0xa5, 0x9a,
    0x7f, 0x75, 0x6f, 0x0f, 0x63, 0x1d, 0x9a, 0x6c, 0xb6, 0x77, 0x12, 0x98, 0x77, 0x62, 0x0f, 0x6f,
    0x77, 0x89, 0x89, 0x89, 0x9d, 0x98, 0x8a, 0x8a, 0x85, 0x8a, 0x85, 0x5f, 0x13, 0x82, 0x2f, 0x29,
    0x68, 0x17, 0x0f, 0x37, 0x90, 0x82, 0x17, 0x0d, 0x0f, 0x6f, 0x65, 0x2f, 0x24, 0x14, 0x16, 0x54,
    0xd4, 0x13, 0x05, 0x12, 0x14, 0x0a, 0x0f, 0x65, 0x2a, 0x2e, 0x42, 0x06, 0x0d, 0x12, 0x29, 0xc6,
    0xd0, 0x31, 0x0f, 0x04, 0x03, 0x0f, 0xa4, 0xd0, 0xd0, 0x26, 0x0a, 0x01, 0x12, 0x40, 0x48, 0x3c,
    0x33, 0x42, 0x19, 0x16, 0xbe, 0x16, 0x06, 0x24, 0x2c, 0x13, 0x0d, 0x04, 0x1c, 0xc7, 0x31, 0x31,
    0x1e, 0xc2, 0xc9, 0x38, 0xc2, 0xba, 0x13, 0x16, 0x1a, 0x14, 0x1a, 0x31, 0xb5, 0x9e, 0xba, 0xbe,
    0x64, 0xfc, 0x64, 0xe5, 0xfc, 0x66, 0x66, 0x69, 0x6d, 0x72, 0x72, 0x72, 0x72, 0x72, 0x76, 0x78,
    0x78, 0x78, 0x78, 0x7d, 0x78, 0x78, 0x78, 0x78, 0x78, 0x76, 0x76, 0x76, 0x76, 0x76, 0x76, 0x78,
    0x78, 0x76, 0x76, 0x76, 0x76, 0x76, 0x76, 0x76, 0x76, 0x76, 0x78, 0x78, 0x78, 0x78, 0x78, 0x78,
    0x78, 0x78, 0x78, 0x7d, 0x7d, 0x7d, 0x7d, 0x7d, 0x7d, 0x7d, 0xf0, 0xf0, 0xf0, 0xf0, 0xf0, 0xf0,
    0x81, 0xf0, 0xf0, 0xf0, 0xf0, 0xf0, 0xf0, 0x7d, 0xf0, 0xf0, 0xf0, 0xf0, 0xf0, 0x81, 0x81, 0x81,
    0x81, 0x81, 0x81, 0x83, 0x86, 0x86, 0x86, 0x8b, 0x8b, 0x8b, 0x92, 0x8b, 0x86, 0x86, 0x86, 0x83,
    0x86, 0x86, 0x86, 0x83, 0x86, 0x92, 0x95, 0x99, 0x99, 0x9c, 0x99, 0x9f, 0xac, 0xaf, 0xb4, 0xbb,
    0xb5, 0xbe, 0xba, 0xbe, 0xbe, 0xbb, 0xbe, 0xbb, 0xc0, 0xbb, 0xc3, 0xcb, 0xc3, 0xc7, 0xc7, 0xc7,
    0xcc, 0xcf, 0xce, 0xcf, 0xbe, 0x1d, 0x8a, 0x85, 0xa0, 0xa0, 0x8e, 0x90, 0x9d, 0x9d, 0x8a, 0x65,
    0x63, 0x67, 0x60, 0x6f, 0x0f, 0x60, 0x5f, 0x5f, 0x0f, 0x63, 0x12, 0x62, 0x63, 0x67, 0x98, 0x98,
    0xa5, 0xa5, 0xad, 0x91, 0x9a, 0xb3, 0x91, 0x7b, 0x63, 0x6f, 0x0f, 0x65, 0x7f, 0x6f, 0x6c, 0x6f,
    0x28, 0x61, 0x0f, 0x20, 0x37, 0x20, 0x5f, 0x5f, 0x1d, 0x68, 0x37, 0x29, 0x82, 0x13, 0x50, 0xd2,
    0xd0, 0xd2, 0x08, 0x12, 0x0a, 0x14, 0x3d, 0x18, 0x3d, 0xd1, 0xd0, 0x38, 0x09, 0x45, 0xd2, 0xd0,
    0xce, 0xb0, 0x65, 0x1d, 0x31, 0xbe, 0xcf, 0xce, 0xce, 0x2c, 0x31, 0x1a, 0x05, 0x04, 0x13, 0x0e,
    0x29, 0x19, 0xba, 0xcf, 0xc9, 0xba, 0x40, 0x0e, 0x31, 0xcc, 0x80, 0x2c, 0xc6, 0xc6, 0x38, 0xc9,
    0xc9, 0xc6, 0xba, 0xa8, 0xc2, 0xbe, 0x23, 0x0f, 0x0d, 0x18, 0xa1, 0xb5, 0xb5, 0xba, 0xb8, 0xb2,
    0xe5, 0x64, 0xfc, 0xfc, 0x64, 0x66, 0x66, 0x69, 0x6d, 0x72, 0x72, 0x72, 0x72, 0x72, 0x72, 0x76,
    0x78, 0x78, 0x7d, 0x7d, 0x7d, 0x78, 0x78, 0x78, 0x78, 0x76, 0x76, 0x72, 0x72, 0x72, 0x76, 0x76,
    0x76, 0x76, 0x76, 0x76, 0x72, 0x72, 0x72, 0x72, 0x72, 0x76, 0x76, 0x76, 0x76, 0x76, 0x78, 0x76,
    0x76, 0x76, 0x76, 0x76, 0x76, 0x76, 0x76, 0x78, 0x78, 0x78, 0x78, 0x7d, 0x7d, 0x78, 0xf0, 0xf0,
    0xf0, 0xf0, 0xf0, 0xf0, 0xf0, 0xf0, 0xf0, 0xf0, 0xf0, 0x7d, 0xf0, 0xf0, 0xf0, 0x81, 0x83, 0x86,
    0x86, 0x83, 0x81, 0x83, 0x8b, 0x8b, 0x8b, 0x8b, 0x8b, 0x8b, 0x8b, 0x86, 0x83, 0x86, 0x86, 0x86,
    0x84, 0x83, 0x84, 0x86, 0x86, 0x8b, 0x8b, 0x95, 0x99, 0x9c, 0x9c, 0x9c, 0xac, 0xb4, 0xb4, 0xbb,
    0xbe, 0xc3, 0xc0, 0xc3, 0xc3, 0xc3, 0xc3, 0xc0, 0xb7, 0xc2, 0xbb, 0xc3, 0xc9, 0xcc, 0xcb, 0xcb,
    0xd0, 0x21, 0xb5, 0xc0, 0x17, 0xa0, 0xb3, 0x94, 0x61, 0x77, 0x67, 0x6f, 0x20, 0x75, 0x65, 0x7b,
    0x6c, 0x5f, 0x63, 0xa0, 0x5f, 0x5e, 0x0f, 0x60, 0x75, 0x6c, 0x77, 0x8a, 0x7b, 0x98, 0xaa, 0xa0,
    0xa0, 0xa0, 0xaa, 0xaa, 0xa0, 0x9a, 0x85, 0x7b, 0x7b, 0x71, 0x0b, 0x82, 0x7a, 0x2f, 0x89, 0x82,
    0x62, 0x5e, 0x12, 0x0a, 0x12, 0x0f, 0x65, 0x12, 0x0f, 0x0b, 0x5d, 0x0f, 0x02, 0x4a, 0x54, 0xd0,
    0x53, 0xcf, 0x5a, 0x24, 0x0e, 0x4c, 0x47, 0x31, 0xa4, 0x48, 0xce, 0xd0, 0x38, 0x26, 0x26, 0x50,
    0xce, 0xc9, 0x38, 0x31, 0xba, 0xce, 0xcc, 0xcc, 0xcf, 0x2c, 0x36, 0x31, 0x36, 0xc6, 0x0e, 0x05,
    0x13, 0xcc, 0xce, 0xcb, 0xc2, 0x31, 0xbe, 0xcc, 0xcb, 0xb5, 0x16, 0xcb, 0x1e, 0x1c, 0xc2, 0xc6,
    0xc2, 0xc5, 0x2d, 0xbe, 0xbe, 0xa4, 0x17, 0x06, 0x14, 0x9e, 0xbe, 0xa8, 0xa9, 0xbe, 0x9b, 0x0a,
    0x64, 0x64, 0xe5, 0x64, 0xfc, 0x66, 0x69, 0x69, 0x6d, 0x72, 0x72, 0x76, 0x72, 0x72, 0x72, 0x76,
    0x78, 0x78, 0x78, 0x7d, 0x7d, 0x7d, 0x7d, 0x78, 0x78, 0x78, 0x76, 0x72, 0x72, 0x72, 0x72, 0x76,
    0x76, 0x76, 0x76, 0x76, 0x76, 0x72, 0x72, 0x72, 0x72, 0x76, 0x76, 0x76, 0x76, 0x76, 0x76, 0x76,
    0x76, 0x76, 0x72, 0x76, 0x72, 0x76, 0x78, 0x76, 0x76, 0x76, 0x76, 0x78, 0x78, 0x78, 0x7d, 0x7d,
    0xf0, 0xf0, 0xf0, 0xf0, 0xf0, 0x81, 0xf0, 0xf0, 0xf0, 0x81, 0xf0, 0xf0, 0xf0, 0xf0, 0x81, 0x83,
    0x84, 0x86, 0x86, 0x86, 0x86, 0x8b, 0x8b, 0x8b, 0x8b, 0x8b, 0x86, 0x86, 0x86, 0x86, 0x86, 0x84,
    0x86, 0x84, 0x84, 0x86, 0x86, 0x8b, 0x92, 0x99, 0x9c, 0xa3, 0xac, 0xa3, 0xa6, 0xbb, 0xba, 0xbe,
    0xb7, 0xbe, 0xc2, 0xc3, 0xc3, 0xbb, 0xc3, 0xbb, 0xc0, 0xc7, 0xc3, 0xc0, 0xcb, 0xbe, 0xa8, 0x1e,
    0x31, 0xb5, 0xc6, 0x26, 0xb3, 0xa5, 0x85, 0x2c, 0x29, 0x87, 0x1a, 0x6f, 0x5f, 0x5e, 0x62, 0x0f,
    0x67, 0xa0, 0x9a, 0x8e, 0x67, 0x77, 0x6c, 0x71, 0x6a, 0x6f, 0x85, 0x9a, 0x8a, 0x89, 0x89, 0x9a,
    0x91, 0x90, 0x82, 0x89, 0x7f, 0x85, 0x7b, 0x6f, 0x6c, 0x75, 0x05, 0x1a, 0x20, 0x82, 0x9d, 0x39,
    0x17, 0x1a, 0x0b, 0x0f, 0x13, 0x0d, 0x24, 0x6f, 0x39, 0x2f, 0x12, 0x06, 0x13, 0xcd, 0x50, 0x4e,
    0x4e, 0xd1, 0x53, 0x26, 0x4e, 0x48, 0xd0, 0xce, 0x3b, 0xb0, 0xc2, 0xd0, 0x3b, 0x31, 0x42, 0x2c,
    0xce, 0xc9, 0x47, 0xbe, 0x42, 0x45, 0xce, 0xcf, 0xc9, 0x23, 0x1e, 0xa4, 0xc6, 0xcc, 0x3d, 0x42,
    0xcf, 0xcb, 0xcc, 0xcb, 0xc9, 0xb0, 0xc2, 0xc6, 0xcc, 0x1e, 0xbe, 0xc9, 0x31, 0x12, 0x9b, 0xbe,
    0xbe, 0xc6, 0x2c, 0xc2, 0xbe, 0x95, 0x12, 0x2d, 0x0e, 0xa1, 0xa8, 0x93, 0xbe, 0xaf, 0x0f, 0x1d,
    0x00, 0x00, 0x22, 0x00, 0x44, 0x04, 0x45, 0x04, 0x65, 0x04, 0x86, 0x08, 0x67, 0x04, 0xa6, 0x08,
    0x88, 0x04, 0xa9, 0x08, 0xc7, 0x0c, 0xc8, 0x0c, 0xac, 0x08, 0xe8, 0x10, 0xeb, 0x0c, 0x09, 0x11,
    0x0a, 0x11, 0xce, 0x08, 0x29, 0x15, 0x0c, 0x11, 0x2b, 0x15, 0x0f, 0x0d, 0x2d, 0x11, 0x4b, 0x19,
    0x4c, 0x19, 0x2f, 0x11, 0x6c, 0x1d, 0x51, 0x11, 0x6e, 0x19, 0x8d, 0x21, 0x6f, 0x19, 0x51, 0x15,
    0xad, 0x1d, 0x8f, 0x1d, 0x72, 0x15, 0xad, 0x29, 0xaf, 0x21, 0x92, 0x1d, 0xcf, 0x21, 0xae, 0x2d,
    0xcf, 0x25, 0xf0, 0x21, 0xd2, 0x1d, 0xce, 0x2d, 0xf1, 0x25, 0xef, 0x2d, 0xd4, 0x21, 0x11, 0x26,
    0x9a, 0x11, 0xf0, 0x31, 0xf3, 0x25, 0x32, 0x26, 0xd6, 0x1d, 0x14, 0x2a, 0x11, 0x36, 0x53, 0x2a,
    0x32, 0x32, 0x53, 0x2a, 0x36, 0x2a, 0x33, 0x36, 0x74, 0x2e, 0x53, 0x36, 0x57, 0x2e, 0x75, 0x2e,
    0x73, 0x3a, 0x95, 0x32, 0x75, 0x3a, 0x78, 0x2e, 0x97, 0x32, 0x95, 0x3e, 0xb7, 0x36, 0xb6, 0x3e,
    0xb6, 0x42, 0xd8, 0x3a, 0xd7, 0x42, 0xf9, 0x3e, 0xd7, 0x46, 0xf9, 0x42, 0xf7, 0x4a, 0xfa, 0x42,
    0xf7, 0x4e, 0x18, 0x4b, 0x1a, 0x47, 0x18, 0x53, 0x39, 0x57, 0x3b, 0x4b, 0x39, 0x5b, 0x5a, 0x53,
    0x3a, 0x5b, 0x5b, 0x5b, 0x7b, 0x5f, 0x7b, 0x63, 0x9c, 0x67, 0x49, 0x15, 0x4a, 0x19, 0x6b, 0x19,
    0x8a, 0x1d, 0xab, 0x1d, 0xcb, 0x21, 0xec, 0x21, 0x8a, 0x31, 0xcd, 0x21, 0x8b, 0x31, 0xec, 0x25,
    0xce, 0x21, 0xab, 0x31, 0x2c, 0x22, 0xab, 0x35, 0xed, 0x25, 0xcb, 0x35, 0xac, 0x35, 0x0e, 0x26,
    0xcc, 0x35, 0x2d, 0x26, 0xcc, 0x39, 0xcd, 0x35, 0xcd, 0x39, 0x0f, 0x26, 0xcc, 0x39, 0x4d, 0x26,
    0xec, 0x39, 0xcd, 0x39, 0x2f, 0x2a, 0x6e, 0x26, 0xed, 0x39, 0xed, 0x3d, 0x6e, 0x2a, 0x50, 0x2a,
    0xee, 0x3d, 0x0d, 0x3e, 0x51, 0x26, 0x0e, 0x3e, 0x0d, 0x42, 0x8f, 0x2a, 0x0e, 0x3e, 0x50, 0x2e,
    0x0f, 0x3e, 0x71, 0x2a, 0x90, 0x2e, 0x2e, 0x42, 0x0f, 0x42, 0x2d, 0x46, 0x70, 0x32, 0x2f, 0x3e,
    0x92, 0x2a, 0xb0, 0x2e, 0x2e, 0x46, 0x2f, 0x42, 0x71, 0x32, 0x2f, 0x42, 0x2f, 0x46, 0x30, 0x46,
    0x92, 0x32, 0x4e, 0x46, 0xb1, 0x2e, 0x30, 0x46, 0x4f, 0x4a, 0x92, 0x32, 0x50, 0x46, 0x4f, 0x46,
    0xd2, 0x32, 0x51, 0x46, 0x6e, 0x4e, 0x50, 0x46, 0x71, 0x46, 0xb3, 0x32, 0x70, 0x4a, 0x6f, 0x4e,
    0x72, 0x46, 0x51, 0x4a, 0xd3, 0x36, 0x8e, 0x52, 0x71, 0x4a, 0xd4, 0x36, 0x8f, 0x4e, 0x71, 0x4a,
    0x92, 0x46, 0xae, 0x52, 0x72, 0x4e, 0xf4, 0x36, 0x90, 0x52, 0x92, 0x4e, 0xf4, 0x3a, 0x91, 0x52,
    0x93, 0x4e, 0xb0, 0x52, 0x93, 0x4e, 0xb1, 0x52, 0xf5, 0x3e, 0xd0, 0x56, 0x93, 0x52, 0xb4, 0x52,
    0xb3, 0x52, 0x16, 0x3f, 0xb4, 0x52, 0xd3, 0x56, 0x16, 0x43, 0xd4, 0x56, 0xd5, 0x52, 0xd4, 0x5a,
    0x37, 0x43, 0xd5, 0x56, 0xf4, 0x5a, 0xf6, 0x5a, 0xf6, 0x5a, 0x58, 0x4b, 0x17, 0x5b, 0x17, 0x5f,
    0x38, 0x63, 0x38, 0x63, 0x59, 0x67, 0x7a, 0x67, 0x9c, 0x67, 0xbd, 0x6f, 0xbd, 0x6f, 0x06, 0x21,
    0x07, 0x25, 0x27, 0x25, 0x28, 0x25, 0x47, 0x29, 0x48, 0x29, 0x48, 0x29, 0x47, 0x31, 0x49, 0x2d,
    0x68, 0x31, 0x69, 0x2d, 0x68, 0x35, 0x69, 0x31, 0x88, 0x39, 0x89, 0x35, 0xa9, 0x39, 0xa9, 0x39,
    0xca, 0x39, 0xca, 0x3d, 0xca, 0x3d, 0xcb, 0x3d, 0xeb, 0x3d, 0xea, 0x41, 0xeb, 0x41, 0xec, 0x3d,
    0xed, 0x3d, 0x0b, 0x46, 0x0b, 0x46, 0x2b, 0x4a, 0x2c, 0x46, 0x2c, 0x4a, 0x2d, 0x4a, 0x4c, 0x4e,
    0x4d, 0x4a, 0x4d, 0x4e, 0x6d, 0x4e, 0x8e, 0x52, 0x8a, 0x31, 0x0c, 0x42, 0x0c, 0x42, 0xde, 0x77,
};

// unreferenced; needed for the data layout (stripped by the linker)
static int s_unused1;

static const dss::Vector2<int> s_bridge1Block[4] = {
    dss::Vector2<int>(13, 9), dss::Vector2<int>(14, 9), dss::Vector2<int>(13, 10), dss::Vector2<int>(14, 10)
};

static const dss::Vector2<int> s_bridge2Block[4] = {
    dss::Vector2<int>(13, 11), dss::Vector2<int>(14, 11), dss::Vector2<int>(13, 12), dss::Vector2<int>(14, 12)
};

static const dss::Vector2<int> s_magmaBlock[4] = {
    dss::Vector2<int>(23, 5), dss::Vector2<int>(24, 5), dss::Vector2<int>(23, 6), dss::Vector2<int>(24, 6)
};

static const dss::Vector2<int> s_treeBlock[4] = {
    dss::Vector2<int>(28, 17), dss::Vector2<int>(29, 17), dss::Vector2<int>(28, 18), dss::Vector2<int>(29, 18)
};

static void* unkfunc_0212c878()
{
    return (void*)s_texture_0214e0a8;
}

ARM UnkFieldMapSprite_0212c884::UnkFieldMapSprite_0212c884()
{
}

ARM UnkFieldMapSprite_0212c884::~UnkFieldMapSprite_0212c884()
{
}

ARM void UnkFieldMapSprite_0212c884::unkfunc_0212c8c4(FieldSystem* system)
{
    system_ = system;
    unkfunc_0212c8f8();
}

ARM void UnkFieldMapSprite_0212c884::unkfunc_0212c8d4()
{
    unk_54.unkfunc_02057e34();
    unk_04.unkfunc_02057e34();
    system_ = NULL;
}

ARM void UnkFieldMapSprite_0212c884::unkfunc_0212c8f8()
{
    char path[0x80];
    unk_04.unkfunc_02057ea8(0, 0, 0x20, 0x20);
    unk_54.unkfunc_02057d88(unkfunc_0212c878());
    unk_54.unkfunc_02057e58(&system_->render_);
    unk_54.unkfunc_02057ee8();
    unk_54.unkfunc_02057f18(0x3e);
    unk_54.unkfunc_02057f30(0x10);
    unk_54.unkfunc_02057f00(0);
    dss::sprintf_s(path, sizeof(path), "data/field/2d/point.tex");
    unk_04.unkfunc_02057d60(path, 0);
    unk_04.unkfunc_02057e58(&system_->render_);
    unk_04.unkfunc_02057ee8();
    unk_04.unkfunc_02057f18(0x34);
    unk_04.unkfunc_02057f30(0x40);
    unk_04.unkfunc_02057f00(0);
    unk_04.unkfunc_02057ed4(1);
    unk_04.unkfunc_02057d1c();
    unk_54.unkfunc_02057d1c();
}

ARM int UnkFieldMapSprite_0212c884::unkfunc_0212c9e4(int x, int y, void* buffer)
{
    if (status::g_Story.chapter_ >= 5) {
        if (g_AreaFlag.check(0x1e5)) {
            for (int i = 0; i < 4; i++) {
                if (x == s_surechigaiBlock[i].vx && y == s_surechigaiBlock[i].vy) {
                    dss::g_File.unk_4c = i << 10;
                    dss::g_File.unkfunc_0207eac0("data/field/large/surechigai4.bin", buffer, 0);
                    return 1;
                }
            }
        } else if (g_AreaFlag.check(0x1e4)) {
            for (int i = 0; i < 4; i++) {
                if (x == s_surechigaiBlock[i].vx && y == s_surechigaiBlock[i].vy) {
                    dss::g_File.unk_4c = i << 10;
                    dss::g_File.unkfunc_0207eac0("data/field/large/surechigai3.bin", buffer, 0);
                    return 1;
                }
            }
        } else if (g_AreaFlag.check(0x1e2)) {
            for (int i = 0; i < 4; i++) {
                if (x == s_surechigaiBlock[i].vx && y == s_surechigaiBlock[i].vy) {
                    dss::g_File.unk_4c = i << 10;
                    dss::g_File.unkfunc_0207eac0("data/field/large/surechigai2.bin", buffer, 0);
                    return 1;
                }
            }
        } else {
            for (int i = 0; i < 4; i++) {
                if (x == s_surechigaiBlock[i].vx && y == s_surechigaiBlock[i].vy) {
                    dss::g_File.unk_4c = i << 10;
                    dss::g_File.unkfunc_0207eac0("data/field/large/surechigai1.bin", buffer, 0);
                    return 1;
                }
            }
        }
    }
    if (g_AreaFlag.check(0x8d)) {
        for (int i = 0; i < 4; i++) {
            if (x == s_bridge1Block[i].vx && y == s_bridge1Block[i].vy) {
                dss::g_File.unk_4c = i << 10;
                dss::g_File.unkfunc_0207eac0("data/field/large/brigde1.bin", buffer, 0);
                return 1;
            }
        }
        for (int i = 0; i < 4; i++) {
            if (x == s_bridge2Block[i].vx && y == s_bridge2Block[i].vy) {
                dss::g_File.unk_4c = i << 10;
                dss::g_File.unkfunc_0207eac0("data/field/large/brigde2.bin", buffer, 0);
                return 1;
            }
        }
    }
    if (g_AreaFlag.check(0x154)) {
        for (int i = 0; i < 4; i++) {
            if (x == s_magmaBlock[i].vx && y == s_magmaBlock[i].vy) {
                dss::g_File.unk_4c = i << 10;
                dss::g_File.unkfunc_0207eac0("data/field/large/magma.bin", buffer, 0);
                return 1;
            }
        }
    }
    if (g_AreaFlag.check(0x173)) {
        for (int i = 0; i < 4; i++) {
            if (x == s_treeBlock[i].vx && y == s_treeBlock[i].vy) {
                dss::g_File.unk_4c = i << 10;
                dss::g_File.unkfunc_0207eac0("data/field/large/tree.bin", buffer, 0);
                return 1;
            }
        }
    }
    return 0;
}

ARM void UnkFieldMapSprite_0212c884::unkfunc_0212cd58(int x, int y)
{
    char* src[8];
    void* buffer[8];
    char* dst = (char*)unk_54.unkfunc_02057d50();
    for (int i = 0; i < 8; i++) {
        buffer[i] = func_0207f834(&data_0211a60c, 0x400, 0x20);
    }
    for (int j = 0; j < 6; j++) {
        int bx;
        int by = y + j;
        if (by < 0) {
            by += 0x20;
        }
        if (by >= 0x20) {
            by -= 0x20;
        }
        for (int i = 0; i < 8; i++) {
            bx = x + i;
            if (bx < 0) {
                bx += 0x20;
            }
            if (bx >= 0x20) {
                bx -= 0x20;
            }
            dss::g_File.unk_50 = 0x400;
            void* buf = buffer[i];
            if (unkfunc_0212c9e4(bx, by, buf) == 0) {
                dss::g_File.unk_4c = (bx << 10) + (by << 15);
                dss::g_File.unkfunc_0207eac0("data/field/large/largemap.bin", buf, 0);
            }
            src[i] = (char*)buf;
        }
        for (int k = 0; k < 0x20; k++) {
            for (int i = 0; i < 8; i++) {
                dss::memcpy(dst, src[i], 0x20);
                dst += 0x20;
                src[i] += 0x20;
            }
        }
    }
    DC_CleanAll();
    for (int i = 0; i < 8; i++) {
        func_0207f840(&data_0211a60c, buffer[i]);
    }
}

ARM void UnkFieldMapSprite_0212c884::unkfunc_0212cee0()
{
    dss::Fix32Vector3 pos = FieldPlayerManager::getSingleton()->getPosition();
    int x = (pos.vx.value + 0x40000) / 0x80000 - 4;
    int y = (pos.vy.value + 0x40000) / 0x80000 - 3;
    unkfunc_0212cd58(x, y);
    OS_Wait();
    unk_54.unkfunc_02057d40();
    unk_54.unkfunc_02057d2c();
    int px = (pos.vx.value - (x << 19)) / 0x4000;
    int py = (pos.vy.value - (y << 19)) / 0x4000;
    unk_04.unkfunc_02057d40();
    unk_04.unkfunc_02057d2c();
    unk_04.unkfunc_02057e98(0x20, 0x20);
    unk_04.unkfunc_02057e88(px, py - 0x20);
}

ARM void UnkFieldMapSprite_0212c884::unkfunc_0212cfb8()
{
    unk_04.unkfunc_02057d1c();
    unk_54.unkfunc_02057d1c();
}

ARM void UnkFieldMapSprite_0212c884::unkfunc_0212cfd4(unsigned char alpha)
{
    unk_54.unkfunc_02057f00(alpha);
    unk_04.unkfunc_02057f00(alpha);
}
